AdmissionID,PatientID,DoctorID,DepartmentID,AdmissionDate,DischargeDate,LengthOfStay,AdmissionType,Diagnosis,Outcome
A100001,P12022,21,5,2025-07-20,2025-07-22,2,Referral,ENT Infection,Recovered
A100002,P12677,26,6,2025-10-28,2025-11-07,10,Referral,ENT Infection,Recovered
A100003,P11541,3,1,2024-03-31,2024-04-04,4,Emergency,Hypertension,Deceased
A100004,P12937,13,3,2024-12-04,2024-12-09,5,Referral,Infection,Recovered
A100005,P13107,38,8,2025-09-29,2025-09-30,1,Emergency,Fracture,Follow-up Required
A100006,P10784,28,6,2024-06-17,2024-06-20,3,Referral,ENT Infection,Recovered
A100007,P10671,14,3,2024-05-18,2024-05-20,2,Scheduled,Fracture,Follow-up Required
A100008,P12770,1,1,2025-05-31,2025-06-04,4,Scheduled,Heart Disease,Recovered
A100009,P12574,28,6,2025-07-31,2025-08-05,5,Emergency,Migraine,Recovered
A100010,P12585,36,8,2025-09-14,2025-09-20,6,Emergency,Asthma,Recovered
A100011,P14943,50,10,2024-07-02,2024-07-10,8,Emergency,Heart Disease,Recovered
A100012,P11278,11,3,2024-06-18,2024-06-22,4,Referral,Cancer,Follow-up Required
A100013,P13044,43,9,2024-12-27,2024-12-29,2,Scheduled,Diabetes,Follow-up Required
A100014,P13173,40,8,2024-08-31,2024-09-03,3,Scheduled,Infection,Recovered
A100015,P13783,4,1,2024-05-17,2024-05-25,8,Referral,Hypertension,Recovered
A100016,P10178,34,7,2024-01-28,2024-01-30,2,Emergency,Skin Disorder,Recovered
A100017,P10276,1,1,2025-06-02,2025-06-07,5,Scheduled,Skin Disorder,Recovered
A100018,P12360,10,2,2025-02-01,2025-02-02,1,Scheduled,Migraine,Recovered
A100019,P13482,17,4,2024-11-28,2024-12-01,3,Emergency,Diabetes,Recovered
A100020,P14887,7,2,2024-11-12,2024-11-17,5,Referral,Asthma,Recovered
A100021,P13360,39,8,2025-07-16,2025-07-20,4,Scheduled,ENT Infection,Transferred
A100022,P11425,13,3,2025-03-01,2025-03-05,4,Emergency,Migraine,Recovered
A100023,P14123,22,5,2024-05-15,2024-05-21,6,Scheduled,Fracture,Recovered
A100024,P12961,1,1,2025-11-20,2025-11-22,2,Referral,Diabetes,Follow-up Required
A100025,P12470,28,6,2025-10-02,2025-10-05,3,Emergency,Migraine,Recovered
A100026,P13086,33,7,2025-12-09,2025-12-15,6,Scheduled,Cancer,Recovered
A100027,P12373,13,3,2024-09-23,2024-09-28,5,Referral,Diabetes,Recovered
A100028,P14069,1,1,2024-04-16,2024-04-17,1,Referral,Infection,Recovered
A100029,P11591,38,8,2025-07-13,2025-07-19,6,Scheduled,Heart Disease,Recovered
A100030,P14381,25,5,2024-05-17,2024-05-22,5,Emergency,Asthma,Recovered
A100031,P11113,42,9,2025-09-06,2025-09-07,1,Scheduled,Fracture,Recovered
A100032,P11069,21,5,2024-02-16,2024-02-22,6,Scheduled,Asthma,Recovered
A100033,P12546,33,7,2025-10-26,2025-10-30,4,Emergency,Diabetes,Follow-up Required
A100034,P13650,37,8,2025-01-02,2025-01-04,2,Scheduled,ENT Infection,Recovered
A100035,P11815,34,7,2024-01-06,2024-01-11,5,Scheduled,Migraine,Recovered
A100036,P13908,3,1,2025-06-06,2025-06-11,5,Referral,Diabetes,Recovered
A100037,P13732,30,6,2025-06-12,2025-06-22,10,Emergency,Cancer,Recovered
A100038,P12193,3,1,2025-10-16,2025-10-22,6,Emergency,Skin Disorder,Follow-up Required
A100039,P10082,18,4,2024-09-28,2024-10-01,3,Scheduled,Cancer,Recovered
A100040,P13707,23,5,2024-03-06,2024-03-08,2,Scheduled,Hypertension,Follow-up Required
A100041,P13177,8,2,2025-02-23,2025-03-03,8,Scheduled,Migraine,Recovered
A100042,P11826,9,2,2024-12-04,2024-12-12,8,Emergency,Fracture,Recovered
A100043,P10082,2,1,2025-05-12,2025-05-14,2,Emergency,Fracture,Recovered
A100044,P10094,2,1,2025-04-13,2025-04-14,1,Scheduled,Infection,Recovered
A100045,P10343,27,6,2024-11-26,2024-12-02,6,Referral,ENT Infection,Transferred
A100046,P12409,48,10,2025-09-30,2025-10-06,6,Scheduled,ENT Infection,Transferred
A100047,P11855,39,8,2024-05-10,2024-05-12,2,Scheduled,Fracture,Recovered
A100048,P14000,36,8,2025-06-13,2025-06-19,6,Referral,Hypertension,Recovered
A100049,P11090,5,1,2025-12-19,2025-12-22,3,Scheduled,Heart Disease,Recovered
A100050,P10624,1,1,2025-08-23,2025-08-26,3,Scheduled,Cancer,Transferred
A100051,P10868,22,5,2025-03-13,2025-03-16,3,Emergency,ENT Infection,Follow-up Required
A100052,P12477,10,2,2024-08-30,2024-09-03,4,Referral,Infection,Recovered
A100053,P13473,45,9,2025-04-07,2025-04-14,7,Scheduled,Diabetes,Follow-up Required
A100054,P10171,24,5,2024-12-15,2024-12-19,4,Scheduled,Infection,Recovered
A100055,P11783,15,3,2024-01-17,2024-01-20,3,Emergency,Diabetes,Recovered
A100056,P10578,33,7,2025-04-10,2025-04-18,8,Scheduled,Asthma,Follow-up Required
A100057,P10068,50,10,2024-12-28,2024-12-29,1,Emergency,Cancer,Recovered
A100058,P11516,23,5,2024-07-28,2024-08-04,7,Emergency,Heart Disease,Recovered
A100059,P10001,14,3,2025-09-02,2025-09-09,7,Referral,Heart Disease,Recovered
A100060,P12199,18,4,2025-06-08,2025-06-11,3,Emergency,Cancer,Recovered
A100061,P10902,25,5,2025-11-29,2025-12-01,2,Scheduled,Cancer,Recovered
A100062,P14846,22,5,2025-02-23,2025-03-03,8,Emergency,ENT Infection,Recovered
A100063,P10795,44,9,2024-05-12,2024-05-17,5,Scheduled,Asthma,Recovered
A100064,P12067,44,9,2024-01-14,2024-01-15,1,Scheduled,Hypertension,Recovered
A100065,P11820,37,8,2024-02-13,2024-02-23,10,Emergency,Heart Disease,Recovered
A100066,P10371,7,2,2025-01-11,2025-01-14,3,Referral,ENT Infection,Transferred
A100067,P12539,26,6,2024-10-21,2024-10-24,3,Scheduled,Infection,Recovered
A100068,P13908,24,5,2025-01-30,2025-02-04,5,Referral,Diabetes,Recovered
A100069,P12055,13,3,2024-04-13,2024-04-19,6,Emergency,Skin Disorder,Deceased
A100070,P12597,41,9,2025-03-20,2025-03-23,3,Scheduled,Skin Disorder,Recovered
A100071,P14467,6,2,2024-03-02,2024-03-04,2,Referral,Diabetes,Follow-up Required
A100072,P11689,21,5,2025-07-18,2025-07-23,5,Referral,Asthma,Recovered
A100073,P14853,7,2,2025-02-15,2025-02-20,5,Referral,Diabetes,Follow-up Required
A100074,P13322,18,4,2025-09-21,2025-09-29,8,Scheduled,Hypertension,Recovered
A100075,P11139,15,3,2024-11-16,2024-11-20,4,Scheduled,ENT Infection,Deceased
A100076,P12622,8,2,2024-05-10,2024-05-15,5,Referral,Skin Disorder,Recovered
A100077,P12729,16,4,2024-07-17,2024-07-18,1,Emergency,Migraine,Recovered
A100078,P11166,49,10,2024-02-05,2024-02-15,10,Scheduled,Hypertension,Recovered
A100079,P11509,3,1,2024-08-03,2024-08-06,3,Referral,Infection,Follow-up Required
A100080,P13842,45,9,2025-08-08,2025-08-13,5,Emergency,Heart Disease,Recovered
A100081,P14559,9,2,2024-11-01,2024-11-11,10,Emergency,Asthma,Recovered
A100082,P14577,47,10,2025-07-20,2025-07-27,7,Emergency,Fracture,Recovered
A100083,P14919,26,6,2024-01-12,2024-01-17,5,Referral,Heart Disease,Recovered
A100084,P10524,26,6,2024-03-23,2024-03-29,6,Scheduled,Asthma,Recovered
A100085,P12259,30,6,2024-02-01,2024-02-11,10,Scheduled,Cancer,Recovered
A100086,P14340,27,6,2025-02-11,2025-02-18,7,Referral,Asthma,Follow-up Required
A100087,P10239,16,4,2024-03-26,2024-03-31,5,Scheduled,Asthma,Recovered
A100088,P11221,48,10,2025-02-14,2025-02-20,6,Referral,Migraine,Recovered
A100089,P10769,4,1,2025-12-13,2025-12-15,2,Emergency,Migraine,Recovered
A100090,P10235,19,4,2025-07-16,2025-07-20,4,Scheduled,Hypertension,Recovered
A100091,P12761,34,7,2024-09-12,2024-09-15,3,Emergency,Fracture,Recovered
A100092,P14593,6,2,2024-08-28,2024-09-01,4,Emergency,Cancer,Recovered
A100093,P11520,45,9,2025-12-17,2025-12-23,6,Emergency,Asthma,Recovered
A100094,P11904,15,3,2025-12-08,2025-12-10,2,Scheduled,Infection,Transferred
A100095,P12235,10,2,2025-03-27,2025-03-28,1,Referral,Skin Disorder,Recovered
A100096,P10936,42,9,2024-01-01,2024-01-05,4,Scheduled,Cancer,Follow-up Required
A100097,P11269,36,8,2025-08-23,2025-08-26,3,Emergency,Fracture,Follow-up Required
A100098,P10819,46,10,2024-10-08,2024-10-12,4,Referral,Infection,Recovered
A100099,P13568,40,8,2025-10-12,2025-10-24,12,Emergency,Heart Disease,Transferred
A100100,P14118,6,2,2025-08-21,2025-08-27,6,Referral,Migraine,Transferred
A100101,P12116,44,9,2025-05-28,2025-05-31,3,Referral,Heart Disease,Recovered
A100102,P12440,40,8,2025-11-10,2025-11-12,2,Scheduled,Infection,Recovered
A100103,P13388,6,2,2024-04-28,2024-05-03,5,Emergency,Heart Disease,Follow-up Required
A100104,P11089,15,3,2025-05-19,2025-05-25,6,Scheduled,Cancer,Recovered
A100105,P11828,29,6,2024-03-20,2024-03-24,4,Referral,ENT Infection,Follow-up Required
A100106,P14825,25,5,2025-09-14,2025-09-16,2,Scheduled,Cancer,Recovered
A100107,P12589,19,4,2025-11-07,2025-11-08,1,Emergency,Asthma,Recovered
A100108,P12616,14,3,2024-08-06,2024-08-09,3,Referral,Skin Disorder,Recovered
A100109,P11874,3,1,2025-05-31,2025-06-04,4,Scheduled,Diabetes,Recovered
A100110,P14308,50,10,2025-12-27,2026-01-03,7,Emergency,Asthma,Follow-up Required
A100111,P11774,42,9,2025-12-07,2025-12-15,8,Referral,Fracture,Recovered
A100112,P10200,46,10,2025-04-10,2025-04-14,4,Referral,Infection,Recovered
A100113,P10178,14,3,2025-06-01,2025-06-08,7,Scheduled,Hypertension,Recovered
A100114,P10931,39,8,2025-05-16,2025-06-05,20,Emergency,Fracture,Recovered
A100115,P13737,39,8,2024-02-27,2024-03-04,6,Scheduled,ENT Infection,Follow-up Required
A100116,P12037,21,5,2024-12-02,2024-12-08,6,Emergency,Fracture,Recovered
A100117,P11486,11,3,2025-05-24,2025-06-03,10,Emergency,Asthma,Transferred
A100118,P12092,50,10,2025-09-05,2025-09-08,3,Referral,ENT Infection,Recovered
A100119,P14264,10,2,2025-03-01,2025-03-02,1,Referral,Asthma,Recovered
A100120,P12385,15,3,2025-07-13,2025-08-02,20,Scheduled,Asthma,Deceased
A100121,P14089,30,6,2025-01-04,2025-01-08,4,Scheduled,Fracture,Recovered
A100122,P14682,44,9,2025-02-14,2025-02-21,7,Emergency,Migraine,Recovered
A100123,P11916,17,4,2025-11-05,2025-11-12,7,Scheduled,Cancer,Recovered
A100124,P10016,29,6,2025-03-07,2025-03-11,4,Emergency,Heart Disease,Recovered
A100125,P12935,17,4,2024-07-14,2024-07-19,5,Emergency,Asthma,Recovered
A100126,P10837,33,7,2025-01-11,2025-01-16,5,Scheduled,Hypertension,Recovered
A100127,P12158,38,8,2024-12-30,2025-01-01,2,Referral,ENT Infection,Transferred
A100128,P11577,21,5,2025-10-05,2025-10-07,2,Scheduled,Asthma,Follow-up Required
A100129,P10306,47,10,2025-02-08,2025-02-13,5,Scheduled,Skin Disorder,Recovered
A100130,P12054,14,3,2025-05-06,2025-05-08,2,Emergency,Cancer,Recovered
A100131,P12891,10,2,2024-03-06,2024-03-09,3,Scheduled,Migraine,Follow-up Required
A100132,P13345,42,9,2025-01-25,2025-01-27,2,Scheduled,Infection,Recovered
A100133,P14457,23,5,2024-03-23,2024-03-29,6,Emergency,Migraine,Recovered
A100134,P11209,39,8,2025-04-25,2025-05-03,8,Emergency,Heart Disease,Recovered
A100135,P11859,39,8,2024-08-16,2024-08-21,5,Emergency,Skin Disorder,Recovered
A100136,P12704,14,3,2025-12-31,2026-01-04,4,Scheduled,Infection,Recovered
A100137,P11972,47,10,2024-08-12,2024-09-01,20,Emergency,Cancer,Recovered
A100138,P11114,22,5,2024-04-22,2024-04-23,1,Referral,Infection,Recovered
A100139,P10984,41,9,2025-10-13,2025-10-16,3,Referral,Infection,Transferred
A100140,P13311,28,6,2024-07-03,2024-07-06,3,Emergency,Cancer,Recovered
A100141,P14002,47,10,2025-05-26,2025-05-29,3,Scheduled,Cancer,Follow-up Required
A100142,P12772,9,2,2024-06-21,2024-06-23,2,Scheduled,Asthma,Recovered
A100143,P13153,23,5,2025-06-06,2025-06-09,3,Referral,Fracture,Follow-up Required
A100144,P12163,7,2,2025-11-01,2025-11-04,3,Emergency,Migraine,Transferred
A100145,P12128,24,5,2024-07-23,2024-07-27,4,Scheduled,Asthma,Recovered
A100146,P13640,43,9,2025-06-21,2025-06-25,4,Emergency,Skin Disorder,Recovered
A100147,P14275,37,8,2024-11-14,2024-11-19,5,Scheduled,Migraine,Recovered
A100148,P10561,9,2,2024-06-07,2024-06-11,4,Emergency,Skin Disorder,Follow-up Required
A100149,P11810,38,8,2024-10-04,2024-10-06,2,Emergency,Skin Disorder,Follow-up Required
A100150,P14388,7,2,2024-05-27,2024-06-03,7,Emergency,Cancer,Recovered
A100151,P12933,23,5,2024-03-23,2024-03-27,4,Emergency,ENT Infection,Recovered
A100152,P10291,25,5,2025-02-22,2025-02-24,2,Emergency,Asthma,Recovered
A100153,P14638,46,10,2025-06-21,2025-06-23,2,Scheduled,Hypertension,Recovered
A100154,P11910,22,5,2025-08-05,2025-08-12,7,Scheduled,Migraine,Recovered
A100155,P14690,43,9,2025-07-02,2025-07-08,6,Scheduled,Heart Disease,Recovered
A100156,P11429,7,2,2025-01-26,2025-01-30,4,Emergency,Skin Disorder,Recovered
A100157,P10948,6,2,2024-05-12,2024-05-15,3,Emergency,Fracture,Transferred
A100158,P12528,36,8,2025-09-29,2025-10-03,4,Referral,Infection,Recovered
A100159,P11349,46,10,2025-09-18,2025-09-23,5,Emergency,Asthma,Recovered
A100160,P10381,22,5,2025-08-26,2025-09-03,8,Referral,Asthma,Recovered
A100161,P11705,35,7,2024-08-29,2024-09-03,5,Referral,Migraine,Transferred
A100162,P10310,49,10,2025-03-26,2025-03-29,3,Emergency,Hypertension,Follow-up Required
A100163,P13415,47,10,2024-07-18,2024-07-19,1,Referral,Heart Disease,Recovered
A100164,P11499,33,7,2025-12-19,2025-12-21,2,Scheduled,Migraine,Follow-up Required
A100165,P12895,21,5,2024-04-26,2024-05-02,6,Scheduled,Diabetes,Follow-up Required
A100166,P10661,11,3,2024-08-06,2024-08-08,2,Referral,Diabetes,Transferred
A100167,P13448,13,3,2024-10-31,2024-11-04,4,Scheduled,Fracture,Follow-up Required
A100168,P12274,3,1,2024-08-30,2024-09-05,6,Scheduled,Infection,Recovered
A100169,P11498,13,3,2024-10-18,2024-10-21,3,Scheduled,Hypertension,Recovered
A100170,P12073,50,10,2024-10-27,2024-11-02,6,Scheduled,Skin Disorder,Follow-up Required
A100171,P13437,41,9,2025-11-14,2025-11-19,5,Scheduled,Hypertension,Deceased
A100172,P12143,34,7,2025-01-22,2025-01-26,4,Emergency,Cancer,Recovered
A100173,P14661,28,6,2025-08-10,2025-08-20,10,Emergency,Asthma,Recovered
A100174,P11606,40,8,2024-07-27,2024-08-02,6,Referral,Hypertension,Recovered
A100175,P14740,34,7,2024-11-09,2024-11-12,3,Emergency,Infection,Recovered
A100176,P11432,32,7,2025-09-08,2025-09-15,7,Scheduled,Diabetes,Recovered
A100177,P11951,23,5,2024-01-26,2024-02-01,6,Scheduled,Hypertension,Recovered
A100178,P13923,24,5,2024-03-19,2024-03-26,7,Emergency,Cancer,Deceased
A100179,P10459,1,1,2024-05-07,2024-05-12,5,Emergency,Diabetes,Follow-up Required
A100180,P12949,24,5,2025-02-16,2025-02-19,3,Emergency,Skin Disorder,Follow-up Required
A100181,P10338,3,1,2024-05-16,2024-05-19,3,Scheduled,Asthma,Recovered
A100182,P13944,17,4,2024-11-29,2024-12-05,6,Referral,Hypertension,Follow-up Required
A100183,P12014,7,2,2025-07-01,2025-07-03,2,Scheduled,Cancer,Recovered
A100184,P14021,10,2,2025-01-22,2025-01-29,7,Scheduled,Infection,Recovered
A100185,P10345,19,4,2025-07-24,2025-07-27,3,Scheduled,Hypertension,Transferred
A100186,P14672,24,5,2024-08-17,2024-08-22,5,Referral,Cancer,Recovered
A100187,P10943,9,2,2025-02-24,2025-02-28,4,Scheduled,Diabetes,Recovered
A100188,P10346,50,10,2024-05-03,2024-05-07,4,Emergency,Cancer,Transferred
A100189,P13895,15,3,2024-03-28,2024-04-03,6,Scheduled,Skin Disorder,Deceased
A100190,P13320,49,10,2024-05-20,2024-05-25,5,Referral,Migraine,Follow-up Required
A100191,P13696,22,5,2024-02-20,2024-02-23,3,Scheduled,Migraine,Recovered
A100192,P10325,17,4,2025-07-20,2025-07-21,1,Referral,Infection,Recovered
A100193,P12139,19,4,2025-02-08,2025-02-16,8,Emergency,Hypertension,Recovered
A100194,P14390,9,2,2024-12-02,2024-12-10,8,Referral,Migraine,Recovered
A100195,P13613,38,8,2025-10-23,2025-10-25,2,Emergency,Hypertension,Deceased
A100196,P10524,19,4,2025-10-26,2025-10-29,3,Emergency,Cancer,Transferred
A100197,P12898,8,2,2025-12-31,2026-01-03,3,Scheduled,Cancer,Transferred
A100198,P13741,6,2,2025-12-31,2026-01-12,12,Emergency,Hypertension,Recovered
A100199,P10259,49,10,2024-12-31,2025-01-02,2,Scheduled,Diabetes,Follow-up Required
A100200,P11111,38,8,2024-09-14,2024-09-16,2,Referral,Infection,Follow-up Required
A100201,P10821,45,9,2025-01-22,2025-01-24,2,Referral,Infection,Recovered
A100202,P12789,21,5,2024-02-14,2024-02-20,6,Scheduled,Skin Disorder,Recovered
A100203,P14665,29,6,2024-09-25,2024-10-03,8,Scheduled,Heart Disease,Follow-up Required
A100204,P14605,34,7,2024-11-06,2024-11-10,4,Referral,Diabetes,Recovered
A100205,P11564,12,3,2025-11-02,2025-11-04,2,Scheduled,ENT Infection,Transferred
A100206,P14621,39,8,2024-10-04,2024-10-09,5,Referral,Cancer,Recovered
A100207,P11208,32,7,2025-04-19,2025-04-21,2,Referral,Infection,Recovered
A100208,P10309,6,2,2025-07-20,2025-07-21,1,Emergency,Heart Disease,Deceased
A100209,P11840,17,4,2024-05-24,2024-06-01,8,Emergency,Heart Disease,Deceased
A100210,P13353,32,7,2024-08-22,2024-08-30,8,Scheduled,Infection,Follow-up Required
A100211,P11384,8,2,2025-11-21,2025-12-05,14,Referral,Migraine,Follow-up Required
A100212,P12307,38,8,2025-12-20,2025-12-24,4,Referral,Skin Disorder,Transferred
A100213,P11181,29,6,2024-05-15,2024-05-18,3,Scheduled,ENT Infection,Transferred
A100214,P12473,31,7,2025-03-20,2025-03-27,7,Emergency,Infection,Recovered
A100215,P12687,19,4,2024-12-18,2024-12-20,2,Emergency,Hypertension,Follow-up Required
A100216,P12968,9,2,2025-01-28,2025-01-31,3,Referral,Hypertension,Recovered
A100217,P14446,28,6,2024-10-01,2024-10-04,3,Scheduled,Asthma,Recovered
A100218,P10961,48,10,2025-01-18,2025-01-30,12,Scheduled,Migraine,Follow-up Required
A100219,P13457,50,10,2024-11-18,2024-11-24,6,Referral,Migraine,Follow-up Required
A100220,P10438,39,8,2024-07-01,2024-07-03,2,Referral,Cancer,Follow-up Required
A100221,P10456,40,8,2025-07-26,2025-07-27,1,Scheduled,Cancer,Recovered
A100222,P13818,31,7,2025-03-15,2025-03-23,8,Scheduled,Skin Disorder,Recovered
A100223,P11570,19,4,2024-03-03,2024-03-10,7,Scheduled,Fracture,Recovered
A100224,P11104,33,7,2025-12-27,2026-01-02,6,Emergency,Migraine,Recovered
A100225,P11619,26,6,2025-10-12,2025-10-14,2,Scheduled,Infection,Recovered
A100226,P13613,45,9,2025-10-07,2025-10-11,4,Emergency,Heart Disease,Follow-up Required
A100227,P11513,1,1,2024-02-03,2024-02-08,5,Referral,Asthma,Recovered
A100228,P14739,11,3,2025-12-05,2025-12-17,12,Referral,Heart Disease,Recovered
A100229,P10392,2,1,2025-04-21,2025-04-23,2,Referral,Fracture,Transferred
A100230,P12622,35,7,2024-03-27,2024-03-31,4,Scheduled,ENT Infection,Transferred
A100231,P10921,13,3,2024-07-28,2024-07-30,2,Scheduled,Cancer,Recovered
A100232,P12458,39,8,2025-04-06,2025-04-10,4,Emergency,ENT Infection,Recovered
A100233,P13601,34,7,2024-03-21,2024-03-23,2,Emergency,Fracture,Recovered
A100234,P14509,34,7,2024-11-17,2024-11-25,8,Scheduled,Fracture,Follow-up Required
A100235,P11789,35,7,2025-02-18,2025-02-21,3,Scheduled,Infection,Recovered
A100236,P10261,32,7,2024-07-08,2024-07-12,4,Emergency,Heart Disease,Recovered
A100237,P12014,45,9,2024-08-20,2024-08-24,4,Scheduled,Heart Disease,Recovered
A100238,P11336,12,3,2025-01-26,2025-02-03,8,Scheduled,Hypertension,Recovered
A100239,P10335,33,7,2024-06-17,2024-06-24,7,Emergency,Infection,Recovered
A100240,P12780,18,4,2025-03-18,2025-03-19,1,Emergency,Fracture,Follow-up Required
A100241,P10804,5,1,2024-06-16,2024-06-17,1,Scheduled,Infection,Follow-up Required
A100242,P12438,19,4,2024-08-18,2024-08-23,5,Scheduled,Diabetes,Follow-up Required
A100243,P12808,31,7,2024-05-29,2024-06-02,4,Scheduled,Migraine,Transferred
A100244,P10941,27,6,2025-10-25,2025-10-28,3,Scheduled,Infection,Follow-up Required
A100245,P13164,42,9,2025-07-03,2025-07-10,7,Emergency,Skin Disorder,Recovered
A100246,P10903,38,8,2025-01-20,2025-01-22,2,Emergency,ENT Infection,Recovered
A100247,P13433,50,10,2025-01-15,2025-01-29,14,Emergency,Fracture,Follow-up Required
A100248,P11269,15,3,2024-10-01,2024-10-02,1,Emergency,Asthma,Recovered
A100249,P10024,46,10,2025-09-08,2025-09-10,2,Referral,Heart Disease,Recovered
A100250,P14653,48,10,2024-03-02,2024-03-05,3,Emergency,Diabetes,Recovered
A100251,P12749,4,1,2025-04-11,2025-04-15,4,Emergency,ENT Infection,Transferred
A100252,P12451,19,4,2025-06-11,2025-06-13,2,Emergency,Diabetes,Recovered
A100253,P11397,21,5,2024-05-29,2024-06-04,6,Scheduled,Migraine,Recovered
A100254,P13358,40,8,2024-05-21,2024-05-24,3,Emergency,Heart Disease,Transferred
A100255,P13905,1,1,2024-04-25,2024-04-26,1,Emergency,Diabetes,Recovered
A100256,P12489,20,4,2024-03-05,2024-03-13,8,Emergency,Diabetes,Recovered
A100257,P13667,22,5,2025-03-04,2025-03-16,12,Referral,Heart Disease,Follow-up Required
A100258,P11758,13,3,2024-11-05,2024-11-10,5,Referral,Hypertension,Recovered
A100259,P14978,41,9,2025-12-06,2025-12-13,7,Scheduled,Cancer,Follow-up Required
A100260,P11879,1,1,2025-03-05,2025-03-07,2,Emergency,Skin Disorder,Recovered
A100261,P12533,15,3,2024-06-09,2024-06-12,3,Emergency,Hypertension,Recovered
A100262,P13515,15,3,2024-11-01,2024-11-04,3,Scheduled,Migraine,Follow-up Required
A100263,P13774,14,3,2024-12-26,2025-01-09,14,Emergency,Cancer,Recovered
A100264,P12079,5,1,2024-10-04,2024-10-08,4,Scheduled,Diabetes,Recovered
A100265,P14662,49,10,2024-10-22,2024-10-23,1,Scheduled,Hypertension,Follow-up Required
A100266,P12058,6,2,2025-07-04,2025-07-07,3,Scheduled,Migraine,Recovered
A100267,P10678,41,9,2024-06-17,2024-06-18,1,Scheduled,Hypertension,Recovered
A100268,P14947,31,7,2025-04-03,2025-04-05,2,Emergency,Asthma,Deceased
A100269,P12975,26,6,2025-08-02,2025-08-06,4,Scheduled,Skin Disorder,Recovered
A100270,P10285,25,5,2024-01-07,2024-01-10,3,Scheduled,Cancer,Recovered
A100271,P12201,49,10,2025-08-19,2025-08-20,1,Scheduled,Asthma,Recovered
A100272,P14467,39,8,2025-12-11,2025-12-13,2,Scheduled,Fracture,Recovered
A100273,P11841,40,8,2024-05-11,2024-05-16,5,Scheduled,Infection,Recovered
A100274,P11879,15,3,2025-08-10,2025-08-16,6,Referral,Asthma,Recovered
A100275,P11611,6,2,2024-12-12,2024-12-16,4,Scheduled,Infection,Recovered
A100276,P13963,1,1,2025-12-21,2025-12-27,6,Scheduled,Diabetes,Recovered
A100277,P14237,41,9,2025-08-18,2025-08-20,2,Scheduled,Infection,Recovered
A100278,P13160,7,2,2024-09-09,2024-09-11,2,Scheduled,ENT Infection,Recovered
A100279,P13499,4,1,2025-02-13,2025-02-21,8,Referral,Fracture,Follow-up Required
A100280,P12132,1,1,2025-06-26,2025-06-29,3,Scheduled,Migraine,Recovered
A100281,P13315,41,9,2024-12-20,2024-12-24,4,Scheduled,Infection,Follow-up Required
A100282,P11379,2,1,2025-12-13,2025-12-25,12,Scheduled,ENT Infection,Recovered
A100283,P13078,48,10,2025-07-17,2025-07-21,4,Emergency,Diabetes,Deceased
A100284,P13015,34,7,2025-01-02,2025-01-03,1,Scheduled,Hypertension,Deceased
A100285,P13893,35,7,2025-08-06,2025-08-18,12,Emergency,Migraine,Follow-up Required
A100286,P11716,46,10,2025-05-25,2025-05-26,1,Scheduled,ENT Infection,Recovered
A100287,P10453,13,3,2025-06-16,2025-06-22,6,Scheduled,Hypertension,Transferred
A100288,P10342,17,4,2025-06-11,2025-06-14,3,Scheduled,Asthma,Deceased
A100289,P10393,10,2,2025-06-11,2025-06-15,4,Emergency,Diabetes,Recovered
A100290,P11270,3,1,2025-02-05,2025-02-10,5,Scheduled,Diabetes,Recovered
A100291,P13051,4,1,2024-06-23,2024-06-27,4,Emergency,Fracture,Recovered
A100292,P14060,25,5,2024-03-18,2024-03-25,7,Scheduled,ENT Infection,Recovered
A100293,P10971,37,8,2025-03-15,2025-03-27,12,Scheduled,Diabetes,Recovered
A100294,P12206,43,9,2025-07-02,2025-07-03,1,Referral,Skin Disorder,Recovered
A100295,P14795,38,8,2024-08-19,2024-08-26,7,Emergency,Heart Disease,Recovered
A100296,P10166,29,6,2025-02-03,2025-02-05,2,Emergency,Cancer,Recovered
A100297,P10255,1,1,2024-07-31,2024-08-01,1,Referral,Infection,Follow-up Required
A100298,P10302,30,6,2024-07-11,2024-07-23,12,Emergency,Infection,Recovered
A100299,P13104,39,8,2025-07-25,2025-07-29,4,Scheduled,Fracture,Recovered
A100300,P13841,10,2,2025-12-01,2025-12-03,2,Scheduled,Fracture,Recovered
A100301,P12557,29,6,2024-09-23,2024-09-28,5,Scheduled,Hypertension,Recovered
A100302,P11506,44,9,2024-05-05,2024-05-08,3,Scheduled,Cancer,Recovered
A100303,P11257,32,7,2025-12-15,2025-12-19,4,Emergency,Hypertension,Recovered
A100304,P12263,44,9,2025-01-16,2025-01-21,5,Referral,Fracture,Recovered
A100305,P14341,1,1,2025-06-27,2025-07-05,8,Emergency,Heart Disease,Follow-up Required
A100306,P10210,41,9,2025-05-16,2025-05-17,1,Emergency,Hypertension,Recovered
A100307,P13794,17,4,2025-02-06,2025-02-08,2,Scheduled,Infection,Recovered
A100308,P14522,12,3,2024-09-17,2024-09-18,1,Emergency,Infection,Recovered
A100309,P13048,2,1,2025-01-21,2025-01-22,1,Scheduled,Diabetes,Follow-up Required
A100310,P10981,9,2,2025-02-15,2025-02-27,12,Scheduled,ENT Infection,Follow-up Required
A100311,P12120,12,3,2024-12-11,2024-12-23,12,Emergency,Migraine,Recovered
A100312,P13746,25,5,2024-04-03,2024-04-09,6,Emergency,Cancer,Recovered
A100313,P10178,36,8,2024-11-23,2024-11-28,5,Emergency,Hypertension,Recovered
A100314,P11547,44,9,2024-04-09,2024-04-17,8,Emergency,Skin Disorder,Follow-up Required
A100315,P12035,50,10,2025-04-05,2025-04-06,1,Emergency,Infection,Recovered
A100316,P10299,35,7,2024-11-10,2024-11-12,2,Referral,Infection,Follow-up Required
A100317,P12568,22,5,2024-01-25,2024-01-28,3,Emergency,Diabetes,Transferred
A100318,P13567,33,7,2025-05-08,2025-05-16,8,Emergency,Cancer,Deceased
A100319,P14040,50,10,2024-12-18,2024-12-22,4,Emergency,Heart Disease,Follow-up Required
A100320,P10275,21,5,2024-04-26,2024-04-30,4,Scheduled,ENT Infection,Recovered
A100321,P12996,40,8,2024-07-17,2024-07-19,2,Scheduled,Infection,Recovered
A100322,P10053,22,5,2024-10-05,2024-10-10,5,Referral,Heart Disease,Recovered
A100323,P11424,28,6,2025-08-04,2025-08-12,8,Scheduled,Asthma,Recovered
A100324,P11628,4,1,2024-03-19,2024-03-22,3,Emergency,Hypertension,Recovered
A100325,P10489,26,6,2025-02-27,2025-03-04,5,Emergency,Fracture,Recovered
A100326,P12355,23,5,2024-12-19,2024-12-22,3,Emergency,Skin Disorder,Recovered
A100327,P10417,48,10,2025-06-09,2025-06-16,7,Scheduled,Infection,Transferred
A100328,P12557,49,10,2025-06-24,2025-06-28,4,Scheduled,Infection,Recovered
A100329,P10921,23,5,2025-10-17,2025-10-20,3,Emergency,Fracture,Recovered
A100330,P11554,41,9,2025-04-21,2025-04-25,4,Referral,ENT Infection,Recovered
A100331,P12686,8,2,2024-01-10,2024-01-11,1,Referral,Hypertension,Follow-up Required
A100332,P10666,32,7,2025-07-12,2025-07-20,8,Referral,Hypertension,Transferred
A100333,P14102,39,8,2025-05-17,2025-05-29,12,Emergency,Heart Disease,Recovered
A100334,P12470,44,9,2024-09-16,2024-09-20,4,Emergency,Infection,Recovered
A100335,P11475,1,1,2025-06-07,2025-06-09,2,Emergency,Infection,Recovered
A100336,P10338,30,6,2025-08-18,2025-08-24,6,Scheduled,Migraine,Follow-up Required
A100337,P13160,28,6,2024-01-06,2024-01-10,4,Scheduled,Skin Disorder,Recovered
A100338,P10269,17,4,2024-02-04,2024-02-07,3,Referral,Diabetes,Follow-up Required
A100339,P11088,23,5,2024-06-23,2024-06-24,1,Emergency,Skin Disorder,Follow-up Required
A100340,P11294,38,8,2025-03-17,2025-03-25,8,Scheduled,Skin Disorder,Recovered
A100341,P10657,24,5,2025-07-30,2025-08-06,7,Scheduled,Asthma,Follow-up Required
A100342,P12829,22,5,2024-05-26,2024-06-02,7,Emergency,Fracture,Follow-up Required
A100343,P13974,5,1,2025-07-22,2025-07-26,4,Emergency,Migraine,Recovered
A100344,P14958,25,5,2024-07-11,2024-07-18,7,Scheduled,Asthma,Recovered
A100345,P11337,7,2,2024-01-13,2024-01-18,5,Scheduled,Fracture,Recovered
A100346,P12357,22,5,2025-06-13,2025-06-16,3,Referral,Skin Disorder,Recovered
A100347,P11668,44,9,2024-09-02,2024-09-10,8,Referral,Diabetes,Transferred
A100348,P11826,37,8,2025-11-05,2025-11-25,20,Referral,Cancer,Recovered
A100349,P14031,34,7,2024-04-23,2024-05-03,10,Scheduled,Skin Disorder,Recovered
A100350,P11213,36,8,2024-08-20,2024-08-27,7,Emergency,Fracture,Recovered
A100351,P12769,49,10,2025-11-08,2025-11-14,6,Referral,Skin Disorder,Recovered
A100352,P14416,40,8,2024-11-17,2024-11-23,6,Referral,Diabetes,Recovered
A100353,P13059,20,4,2025-06-21,2025-06-29,8,Scheduled,Heart Disease,Recovered
A100354,P10445,37,8,2024-05-05,2024-05-09,4,Emergency,ENT Infection,Recovered
A100355,P11398,17,4,2024-11-08,2024-11-10,2,Scheduled,Migraine,Recovered
A100356,P14382,4,1,2025-05-25,2025-06-01,7,Referral,Fracture,Recovered
A100357,P12219,50,10,2025-04-28,2025-05-08,10,Emergency,Heart Disease,Follow-up Required
A100358,P13677,18,4,2024-10-07,2024-10-10,3,Scheduled,Fracture,Follow-up Required
A100359,P12311,28,6,2024-10-09,2024-10-16,7,Referral,Skin Disorder,Recovered
A100360,P14041,50,10,2025-10-12,2025-10-15,3,Scheduled,Skin Disorder,Recovered
A100361,P13607,16,4,2025-09-04,2025-09-16,12,Scheduled,Migraine,Recovered
A100362,P11828,43,9,2025-01-26,2025-02-01,6,Referral,Infection,Recovered
A100363,P13220,8,2,2025-06-06,2025-06-11,5,Emergency,Cancer,Recovered
A100364,P14689,44,9,2025-01-16,2025-01-23,7,Emergency,Diabetes,Recovered
A100365,P14512,18,4,2024-08-03,2024-08-10,7,Emergency,Skin Disorder,Recovered
A100366,P12073,50,10,2025-06-25,2025-07-05,10,Emergency,Skin Disorder,Recovered
A100367,P14190,29,6,2025-08-28,2025-09-07,10,Scheduled,Diabetes,Recovered
A100368,P12331,40,8,2024-04-25,2024-04-26,1,Emergency,Asthma,Recovered
A100369,P10686,16,4,2025-05-23,2025-05-25,2,Scheduled,Fracture,Recovered
A100370,P14959,30,6,2025-05-14,2025-05-21,7,Scheduled,Hypertension,Recovered
A100371,P10685,49,10,2024-09-27,2024-10-09,12,Scheduled,Migraine,Recovered
A100372,P12938,34,7,2025-03-15,2025-03-18,3,Emergency,Heart Disease,Recovered
A100373,P13712,30,6,2024-10-17,2024-10-18,1,Emergency,Hypertension,Recovered
A100374,P10341,21,5,2024-02-08,2024-02-11,3,Emergency,Diabetes,Recovered
A100375,P14700,22,5,2024-01-24,2024-01-27,3,Emergency,Infection,Recovered
A100376,P10734,47,10,2024-02-12,2024-02-19,7,Emergency,Hypertension,Recovered
A100377,P11497,25,5,2024-06-18,2024-06-19,1,Emergency,Heart Disease,Follow-up Required
A100378,P13894,22,5,2024-12-05,2024-12-07,2,Scheduled,Hypertension,Recovered
A100379,P12955,28,6,2024-06-17,2024-06-27,10,Emergency,Hypertension,Recovered
A100380,P11132,39,8,2025-06-21,2025-06-23,2,Emergency,Cancer,Recovered
A100381,P14636,33,7,2025-11-22,2025-11-29,7,Emergency,Asthma,Recovered
A100382,P11733,2,1,2025-04-16,2025-04-19,3,Referral,Fracture,Recovered
A100383,P13036,4,1,2025-10-23,2025-10-29,6,Emergency,Cancer,Recovered
A100384,P12714,16,4,2025-10-06,2025-10-07,1,Emergency,Infection,Recovered
A100385,P12480,12,3,2024-05-22,2024-05-25,3,Scheduled,Skin Disorder,Recovered
A100386,P11420,17,4,2025-11-06,2025-11-10,4,Scheduled,Hypertension,Recovered
A100387,P11990,36,8,2024-04-10,2024-04-18,8,Scheduled,ENT Infection,Follow-up Required
A100388,P14711,16,4,2025-07-28,2025-08-02,5,Scheduled,Migraine,Follow-up Required
A100389,P10488,39,8,2025-08-27,2025-08-28,1,Scheduled,Asthma,Recovered
A100390,P13820,23,5,2025-12-19,2025-12-26,7,Scheduled,Asthma,Follow-up Required
A100391,P11442,8,2,2025-04-19,2025-04-20,1,Emergency,ENT Infection,Transferred
A100392,P12391,9,2,2024-11-06,2024-11-18,12,Emergency,Infection,Recovered
A100393,P11385,14,3,2025-08-06,2025-08-08,2,Referral,Migraine,Recovered
A100394,P12157,9,2,2024-02-29,2024-03-04,4,Scheduled,Migraine,Follow-up Required
A100395,P14945,47,10,2024-01-29,2024-01-30,1,Scheduled,Hypertension,Follow-up Required
A100396,P14397,26,6,2025-06-14,2025-06-19,5,Emergency,ENT Infection,Recovered
A100397,P11392,36,8,2024-03-13,2024-03-17,4,Referral,Migraine,Transferred
A100398,P14801,3,1,2025-01-28,2025-02-01,4,Emergency,ENT Infection,Recovered
A100399,P13143,10,2,2025-01-28,2025-01-29,1,Emergency,Hypertension,Recovered
A100400,P10269,25,5,2025-04-25,2025-05-03,8,Scheduled,ENT Infection,Recovered
A100401,P13918,4,1,2025-04-17,2025-04-24,7,Scheduled,Diabetes,Recovered
A100402,P11525,30,6,2024-11-08,2024-11-13,5,Referral,Hypertension,Recovered
A100403,P10478,50,10,2025-03-13,2025-03-18,5,Emergency,Cancer,Recovered
A100404,P14272,11,3,2024-11-19,2024-11-25,6,Scheduled,Cancer,Recovered
A100405,P10239,19,4,2024-03-27,2024-03-29,2,Emergency,Cancer,Recovered
A100406,P10610,50,10,2024-12-24,2025-01-05,12,Scheduled,ENT Infection,Recovered
A100407,P14588,13,3,2025-11-25,2025-11-28,3,Scheduled,ENT Infection,Recovered
A100408,P14425,36,8,2024-07-15,2024-07-21,6,Scheduled,Hypertension,Recovered
A100409,P13398,3,1,2025-01-19,2025-01-24,5,Emergency,Fracture,Recovered
A100410,P14541,48,10,2024-04-27,2024-05-02,5,Scheduled,Hypertension,Recovered
A100411,P14538,14,3,2025-05-12,2025-05-20,8,Scheduled,Fracture,Recovered
A100412,P14891,10,2,2025-04-06,2025-04-09,3,Scheduled,Infection,Recovered
A100413,P11832,38,8,2025-05-10,2025-05-16,6,Scheduled,ENT Infection,Recovered
A100414,P14987,40,8,2025-08-16,2025-08-21,5,Scheduled,Infection,Recovered
A100415,P11155,27,6,2024-09-03,2024-09-04,1,Referral,Hypertension,Transferred
A100416,P11752,24,5,2024-08-21,2024-08-25,4,Scheduled,ENT Infection,Recovered
A100417,P13599,16,4,2025-02-20,2025-02-28,8,Referral,Diabetes,Follow-up Required
A100418,P12486,10,2,2025-04-11,2025-04-14,3,Emergency,Asthma,Recovered
A100419,P13339,27,6,2025-04-26,2025-04-30,4,Emergency,Asthma,Recovered
A100420,P12334,7,2,2024-12-30,2025-01-03,4,Scheduled,Hypertension,Recovered
A100421,P14387,28,6,2024-06-01,2024-06-06,5,Emergency,Fracture,Follow-up Required
A100422,P14464,26,6,2024-09-28,2024-10-06,8,Scheduled,Skin Disorder,Recovered
A100423,P14582,18,4,2025-01-26,2025-01-28,2,Emergency,Cancer,Recovered
A100424,P10168,13,3,2025-06-30,2025-07-04,4,Referral,Fracture,Recovered
A100425,P13543,8,2,2025-12-25,2025-12-29,4,Scheduled,Heart Disease,Deceased
A100426,P14010,27,6,2025-12-23,2025-12-26,3,Scheduled,Cancer,Recovered
A100427,P10078,14,3,2025-03-05,2025-03-15,10,Scheduled,Skin Disorder,Recovered
A100428,P12899,41,9,2025-10-12,2025-10-13,1,Emergency,Hypertension,Recovered
A100429,P11109,44,9,2024-07-07,2024-07-09,2,Referral,ENT Infection,Recovered
A100430,P10892,6,2,2024-09-08,2024-09-14,6,Scheduled,Cancer,Recovered
A100431,P14757,20,4,2025-01-29,2025-02-01,3,Emergency,Migraine,Follow-up Required
A100432,P11225,28,6,2025-10-23,2025-10-29,6,Referral,Heart Disease,Recovered
A100433,P14685,23,5,2024-08-06,2024-08-14,8,Scheduled,ENT Infection,Recovered
A100434,P10565,12,3,2025-08-16,2025-08-19,3,Scheduled,Migraine,Deceased
A100435,P12860,24,5,2024-07-08,2024-07-10,2,Referral,ENT Infection,Recovered
A100436,P10302,44,9,2024-08-21,2024-08-23,2,Referral,Fracture,Follow-up Required
A100437,P14390,22,5,2025-11-18,2025-11-20,2,Referral,Hypertension,Recovered
A100438,P10109,26,6,2024-08-19,2024-08-22,3,Scheduled,Cancer,Recovered
A100439,P12413,22,5,2024-12-23,2024-12-31,8,Scheduled,Infection,Recovered
A100440,P12648,7,2,2025-04-22,2025-04-29,7,Emergency,Fracture,Follow-up Required
A100441,P12726,15,3,2025-07-28,2025-07-29,1,Referral,Fracture,Transferred
A100442,P13339,48,10,2025-03-04,2025-03-12,8,Emergency,Migraine,Recovered
A100443,P12141,30,6,2024-08-24,2024-08-25,1,Scheduled,Hypertension,Follow-up Required
A100444,P14524,4,1,2024-02-02,2024-02-08,6,Referral,Fracture,Recovered
A100445,P14734,6,2,2024-07-31,2024-08-02,2,Referral,Migraine,Recovered
A100446,P13814,48,10,2025-07-25,2025-07-26,1,Referral,Cancer,Transferred
A100447,P14201,47,10,2025-01-13,2025-01-20,7,Scheduled,Hypertension,Recovered
A100448,P12257,2,1,2024-01-02,2024-01-06,4,Emergency,Fracture,Recovered
A100449,P13646,31,7,2025-03-25,2025-03-30,5,Referral,ENT Infection,Follow-up Required
A100450,P13060,24,5,2025-07-22,2025-07-26,4,Scheduled,ENT Infection,Recovered
A100451,P12522,35,7,2025-03-02,2025-03-03,1,Referral,Infection,Recovered
A100452,P13418,47,10,2025-10-11,2025-10-17,6,Scheduled,Migraine,Follow-up Required
A100453,P10012,31,7,2024-10-05,2024-10-12,7,Referral,Hypertension,Recovered
A100454,P14745,25,5,2024-08-01,2024-08-02,1,Scheduled,Infection,Recovered
A100455,P13267,8,2,2024-10-11,2024-10-14,3,Referral,Hypertension,Deceased
A100456,P13146,12,3,2025-06-26,2025-07-01,5,Emergency,Diabetes,Recovered
A100457,P10875,2,1,2025-12-18,2025-12-23,5,Referral,Cancer,Recovered
A100458,P12434,15,3,2024-09-30,2024-10-05,5,Emergency,Skin Disorder,Recovered
A100459,P10884,40,8,2024-01-11,2024-01-17,6,Emergency,Cancer,Follow-up Required
A100460,P14651,32,7,2024-02-16,2024-03-01,14,Scheduled,Cancer,Transferred
A100461,P13986,11,3,2025-05-29,2025-06-02,4,Scheduled,Asthma,Recovered
A100462,P11580,17,4,2025-10-03,2025-10-08,5,Scheduled,Infection,Recovered
A100463,P13772,21,5,2025-03-13,2025-03-19,6,Emergency,Fracture,Follow-up Required
A100464,P10353,22,5,2025-08-06,2025-08-11,5,Scheduled,Migraine,Follow-up Required
A100465,P11507,33,7,2025-11-01,2025-11-04,3,Referral,Diabetes,Recovered
A100466,P13488,29,6,2025-03-02,2025-03-07,5,Scheduled,ENT Infection,Recovered
A100467,P12852,15,3,2025-03-07,2025-03-13,6,Scheduled,Fracture,Recovered
A100468,P12030,21,5,2024-05-09,2024-05-14,5,Scheduled,Infection,Follow-up Required
A100469,P11847,2,1,2024-01-22,2024-01-24,2,Referral,Fracture,Deceased
A100470,P12391,42,9,2025-01-23,2025-01-27,4,Referral,Asthma,Recovered
A100471,P14031,38,8,2024-05-14,2024-05-22,8,Emergency,Cancer,Recovered
A100472,P13439,3,1,2025-06-15,2025-06-23,8,Emergency,Migraine,Recovered
A100473,P12384,25,5,2024-08-07,2024-08-14,7,Emergency,Cancer,Transferred
A100474,P13368,13,3,2024-11-28,2024-12-04,6,Scheduled,Fracture,Recovered
A100475,P14981,24,5,2024-05-09,2024-05-11,2,Scheduled,Diabetes,Follow-up Required
A100476,P11466,31,7,2024-02-01,2024-02-05,4,Scheduled,Skin Disorder,Recovered
A100477,P12152,15,3,2025-08-24,2025-08-26,2,Scheduled,Diabetes,Follow-up Required
A100478,P13484,6,2,2025-02-28,2025-03-07,7,Scheduled,Infection,Recovered
A100479,P10574,41,9,2024-10-24,2024-10-27,3,Emergency,Asthma,Recovered
A100480,P10775,10,2,2025-05-18,2025-05-25,7,Scheduled,Diabetes,Transferred
A100481,P13366,9,2,2025-11-15,2025-11-22,7,Emergency,Heart Disease,Recovered
A100482,P14339,50,10,2024-12-22,2025-01-01,10,Referral,Infection,Recovered
A100483,P13931,41,9,2025-03-30,2025-04-06,7,Scheduled,Asthma,Recovered
A100484,P12681,50,10,2025-02-04,2025-02-09,5,Scheduled,Asthma,Recovered
A100485,P14961,41,9,2025-07-12,2025-07-17,5,Emergency,Infection,Deceased
A100486,P12221,5,1,2025-12-09,2025-12-12,3,Scheduled,Migraine,Recovered
A100487,P11440,45,9,2025-03-30,2025-04-01,2,Scheduled,Hypertension,Follow-up Required
A100488,P10714,44,9,2024-02-03,2024-02-05,2,Emergency,Migraine,Recovered
A100489,P10576,41,9,2024-09-04,2024-09-06,2,Scheduled,Skin Disorder,Recovered
A100490,P12982,19,4,2024-02-11,2024-02-23,12,Emergency,Diabetes,Follow-up Required
A100491,P10070,20,4,2024-05-02,2024-05-04,2,Scheduled,ENT Infection,Follow-up Required
A100492,P13765,33,7,2024-01-27,2024-02-02,6,Scheduled,Heart Disease,Recovered
A100493,P14939,43,9,2025-04-06,2025-04-08,2,Scheduled,Diabetes,Recovered
A100494,P12377,37,8,2025-07-24,2025-08-07,14,Scheduled,Migraine,Recovered
A100495,P12206,31,7,2024-05-26,2024-05-29,3,Emergency,Migraine,Recovered
A100496,P10918,39,8,2025-05-10,2025-05-14,4,Emergency,Migraine,Transferred
A100497,P12746,13,3,2025-09-18,2025-09-22,4,Emergency,Asthma,Recovered
A100498,P10743,38,8,2025-04-30,2025-05-07,7,Emergency,Heart Disease,Recovered
A100499,P14151,45,9,2025-04-04,2025-04-06,2,Scheduled,Cancer,Recovered
A100500,P12534,6,2,2025-12-11,2025-12-19,8,Scheduled,Heart Disease,Recovered
A100501,P11838,47,10,2024-05-07,2024-05-13,6,Scheduled,Diabetes,Recovered
A100502,P11377,8,2,2025-01-10,2025-01-12,2,Referral,Skin Disorder,Recovered
A100503,P10410,43,9,2025-10-26,2025-10-27,1,Scheduled,Asthma,Recovered
A100504,P13008,10,2,2024-03-23,2024-03-30,7,Scheduled,Infection,Follow-up Required
A100505,P12953,41,9,2025-06-18,2025-06-20,2,Emergency,Hypertension,Recovered
A100506,P14243,4,1,2025-06-06,2025-06-14,8,Scheduled,Heart Disease,Recovered
A100507,P11680,14,3,2025-11-29,2025-12-01,2,Emergency,Infection,Follow-up Required
A100508,P11715,4,1,2025-09-19,2025-09-24,5,Scheduled,Cancer,Recovered
A100509,P11198,24,5,2025-11-04,2025-11-10,6,Referral,Diabetes,Transferred
A100510,P12338,47,10,2024-04-12,2024-04-18,6,Scheduled,Migraine,Recovered
A100511,P13217,21,5,2025-06-02,2025-06-05,3,Emergency,Migraine,Recovered
A100512,P12957,10,2,2024-12-27,2025-01-04,8,Referral,Skin Disorder,Recovered
A100513,P13194,46,10,2025-11-14,2025-11-21,7,Emergency,Heart Disease,Deceased
A100514,P10027,25,5,2024-09-12,2024-09-16,4,Referral,Migraine,Recovered
A100515,P13138,6,2,2024-09-03,2024-09-08,5,Referral,Cancer,Recovered
A100516,P12974,16,4,2024-07-10,2024-07-15,5,Scheduled,Heart Disease,Follow-up Required
A100517,P13166,44,9,2025-09-17,2025-09-29,12,Emergency,Asthma,Transferred
A100518,P11091,28,6,2025-06-18,2025-06-28,10,Referral,Skin Disorder,Transferred
A100519,P10250,36,8,2024-11-09,2024-11-11,2,Scheduled,ENT Infection,Recovered
A100520,P10142,33,7,2024-10-02,2024-10-05,3,Emergency,Fracture,Recovered
A100521,P10267,30,6,2025-01-07,2025-01-21,14,Scheduled,Infection,Recovered
A100522,P14311,36,8,2025-03-19,2025-03-21,2,Scheduled,Cancer,Recovered
A100523,P10489,25,5,2025-10-09,2025-10-21,12,Emergency,Asthma,Recovered
A100524,P10496,13,3,2024-07-13,2024-07-18,5,Emergency,Hypertension,Follow-up Required
A100525,P10480,39,8,2024-09-14,2024-09-15,1,Emergency,Asthma,Recovered
A100526,P12691,15,3,2025-08-04,2025-08-07,3,Emergency,Fracture,Follow-up Required
A100527,P14097,38,8,2024-12-25,2024-12-29,4,Emergency,Heart Disease,Recovered
A100528,P13081,30,6,2025-07-01,2025-07-09,8,Emergency,Heart Disease,Recovered
A100529,P14937,14,3,2024-04-17,2024-04-20,3,Emergency,Heart Disease,Recovered
A100530,P12428,50,10,2024-01-24,2024-01-27,3,Emergency,Hypertension,Recovered
A100531,P10844,4,1,2025-10-13,2025-10-23,10,Referral,ENT Infection,Recovered
A100532,P13216,1,1,2025-04-09,2025-04-10,1,Scheduled,ENT Infection,Recovered
A100533,P13912,3,1,2024-01-22,2024-01-27,5,Scheduled,Hypertension,Transferred
A100534,P14078,45,9,2025-05-16,2025-05-20,4,Scheduled,Diabetes,Transferred
A100535,P12350,50,10,2025-12-16,2025-12-17,1,Emergency,Migraine,Recovered
A100536,P10650,36,8,2025-05-15,2025-05-16,1,Referral,Infection,Recovered
A100537,P11894,4,1,2025-08-15,2025-08-18,3,Scheduled,Migraine,Recovered
A100538,P12857,43,9,2025-02-10,2025-02-12,2,Scheduled,Heart Disease,Recovered
A100539,P13251,14,3,2024-11-25,2024-11-29,4,Referral,Migraine,Recovered
A100540,P12387,25,5,2025-12-03,2025-12-08,5,Scheduled,Asthma,Transferred
A100541,P11726,39,8,2024-10-12,2024-10-18,6,Emergency,Fracture,Transferred
A100542,P11355,3,1,2024-05-26,2024-05-31,5,Referral,Fracture,Recovered
A100543,P11294,7,2,2025-01-18,2025-01-21,3,Referral,Hypertension,Recovered
A100544,P13047,8,2,2024-01-11,2024-01-13,2,Referral,Infection,Recovered
A100545,P13259,44,9,2024-10-02,2024-10-05,3,Emergency,Cancer,Recovered
A100546,P12714,7,2,2025-07-21,2025-07-25,4,Referral,Fracture,Follow-up Required
A100547,P10404,48,10,2025-11-15,2025-11-25,10,Scheduled,Asthma,Recovered
A100548,P13973,25,5,2024-10-29,2024-10-31,2,Scheduled,Asthma,Recovered
A100549,P14033,17,4,2024-07-22,2024-07-26,4,Emergency,Hypertension,Transferred
A100550,P11547,26,6,2024-12-10,2024-12-16,6,Emergency,ENT Infection,Follow-up Required
A100551,P12607,4,1,2024-09-22,2024-09-28,6,Emergency,Fracture,Recovered
A100552,P12826,49,10,2024-01-22,2024-02-05,14,Scheduled,Asthma,Recovered
A100553,P11853,18,4,2025-06-19,2025-06-21,2,Emergency,Skin Disorder,Follow-up Required
A100554,P14207,4,1,2025-12-06,2025-12-07,1,Emergency,Fracture,Recovered
A100555,P10813,17,4,2024-04-05,2024-04-08,3,Referral,Skin Disorder,Recovered
A100556,P13375,47,10,2025-03-20,2025-03-22,2,Scheduled,Fracture,Follow-up Required
A100557,P10930,17,4,2024-09-19,2024-09-24,5,Scheduled,Infection,Recovered
A100558,P14982,45,9,2025-08-06,2025-08-16,10,Scheduled,Infection,Recovered
A100559,P14076,25,5,2025-01-17,2025-01-23,6,Scheduled,Cancer,Recovered
A100560,P13324,3,1,2025-07-03,2025-07-05,2,Emergency,Infection,Follow-up Required
A100561,P10175,12,3,2025-01-26,2025-01-28,2,Scheduled,Asthma,Follow-up Required
A100562,P11364,27,6,2025-08-23,2025-09-02,10,Scheduled,Heart Disease,Transferred
A100563,P12896,17,4,2025-06-23,2025-06-27,4,Emergency,ENT Infection,Recovered
A100564,P11038,22,5,2024-04-01,2024-04-11,10,Emergency,Infection,Recovered
A100565,P13012,39,8,2025-07-19,2025-07-25,6,Scheduled,Asthma,Recovered
A100566,P12091,39,8,2024-06-07,2024-06-27,20,Scheduled,ENT Infection,Transferred
A100567,P10461,43,9,2024-08-15,2024-08-23,8,Emergency,Cancer,Recovered
A100568,P12753,48,10,2025-04-17,2025-04-21,4,Scheduled,Fracture,Recovered
A100569,P10149,36,8,2025-01-06,2025-01-13,7,Emergency,Infection,Recovered
A100570,P14434,16,4,2025-01-10,2025-01-14,4,Scheduled,Infection,Recovered
A100571,P11134,37,8,2025-07-06,2025-07-08,2,Referral,Heart Disease,Recovered
A100572,P10354,29,6,2024-02-06,2024-02-09,3,Referral,Cancer,Recovered
A100573,P11108,14,3,2025-09-28,2025-10-02,4,Scheduled,ENT Infection,Recovered
A100574,P12603,7,2,2025-11-21,2025-11-23,2,Emergency,Diabetes,Follow-up Required
A100575,P12114,41,9,2024-02-06,2024-02-08,2,Scheduled,Heart Disease,Recovered
A100576,P14095,28,6,2024-04-10,2024-04-14,4,Scheduled,Hypertension,Recovered
A100577,P13686,13,3,2025-06-26,2025-07-08,12,Scheduled,Diabetes,Recovered
A100578,P13207,16,4,2024-07-08,2024-07-13,5,Referral,Hypertension,Follow-up Required
A100579,P11110,21,5,2025-05-26,2025-05-30,4,Emergency,Asthma,Recovered
A100580,P14180,4,1,2025-10-19,2025-10-22,3,Scheduled,Migraine,Transferred
A100581,P11978,39,8,2024-03-30,2024-04-01,2,Emergency,Asthma,Recovered
A100582,P10227,35,7,2024-01-06,2024-01-12,6,Emergency,Heart Disease,Transferred
A100583,P12940,15,3,2024-05-18,2024-05-26,8,Scheduled,Infection,Follow-up Required
A100584,P11013,26,6,2024-04-04,2024-04-08,4,Scheduled,Fracture,Recovered
A100585,P14116,46,10,2025-09-22,2025-09-27,5,Scheduled,Hypertension,Recovered
A100586,P13107,7,2,2025-09-23,2025-09-29,6,Scheduled,Heart Disease,Transferred
A100587,P13937,18,4,2025-01-20,2025-01-21,1,Scheduled,Migraine,Recovered
A100588,P12803,25,5,2024-05-02,2024-05-05,3,Referral,Infection,Follow-up Required
A100589,P11467,37,8,2024-10-11,2024-10-17,6,Scheduled,Skin Disorder,Follow-up Required
A100590,P12989,21,5,2024-12-31,2025-01-06,6,Referral,Migraine,Recovered
A100591,P10270,8,2,2025-11-21,2025-11-22,1,Scheduled,Hypertension,Transferred
A100592,P13807,20,4,2025-05-04,2025-05-06,2,Scheduled,Migraine,Recovered
A100593,P11532,18,4,2024-11-20,2024-11-26,6,Scheduled,Hypertension,Recovered
A100594,P10304,19,4,2025-02-10,2025-02-13,3,Scheduled,Infection,Transferred
A100595,P14906,3,1,2025-06-02,2025-06-09,7,Scheduled,Skin Disorder,Recovered
A100596,P11933,38,8,2025-09-30,2025-10-01,1,Scheduled,Asthma,Recovered
A100597,P12041,18,4,2024-03-17,2024-03-19,2,Scheduled,Fracture,Recovered
A100598,P14022,27,6,2024-08-21,2024-08-24,3,Referral,Asthma,Recovered
A100599,P10142,15,3,2025-08-08,2025-08-18,10,Emergency,Hypertension,Recovered
A100600,P10809,46,10,2025-04-28,2025-05-05,7,Scheduled,Fracture,Recovered
A100601,P10948,21,5,2025-04-08,2025-04-16,8,Scheduled,Asthma,Recovered
A100602,P13952,22,5,2024-09-27,2024-10-01,4,Emergency,Diabetes,Recovered
A100603,P13413,8,2,2025-04-11,2025-04-18,7,Referral,Heart Disease,Follow-up Required
A100604,P12293,11,3,2025-04-13,2025-04-21,8,Scheduled,Fracture,Recovered
A100605,P10766,43,9,2025-09-23,2025-09-27,4,Emergency,Asthma,Recovered
A100606,P12924,12,3,2025-06-30,2025-07-20,20,Scheduled,Heart Disease,Recovered
A100607,P10939,48,10,2025-12-19,2025-12-27,8,Scheduled,Hypertension,Transferred
A100608,P12497,39,8,2024-09-26,2024-10-10,14,Emergency,Asthma,Recovered
A100609,P13563,27,6,2025-08-27,2025-09-04,8,Scheduled,Cancer,Follow-up Required
A100610,P11263,35,7,2025-01-12,2025-01-19,7,Emergency,Cancer,Recovered
A100611,P10543,2,1,2024-06-25,2024-07-07,12,Referral,Fracture,Recovered
A100612,P12680,35,7,2024-09-30,2024-10-04,4,Scheduled,Asthma,Recovered
A100613,P12955,31,7,2025-11-21,2025-11-28,7,Emergency,Hypertension,Recovered
A100614,P12932,8,2,2025-10-02,2025-10-04,2,Referral,Asthma,Recovered
A100615,P12782,20,4,2025-09-28,2025-10-04,6,Referral,Hypertension,Recovered
A100616,P14240,8,2,2024-01-27,2024-02-03,7,Scheduled,Fracture,Recovered
A100617,P12992,4,1,2025-07-29,2025-08-04,6,Emergency,Skin Disorder,Follow-up Required
A100618,P12613,31,7,2024-02-29,2024-03-08,8,Scheduled,Asthma,Recovered
A100619,P13649,32,7,2025-12-31,2026-01-04,4,Emergency,Fracture,Recovered
A100620,P11200,13,3,2024-08-04,2024-08-09,5,Scheduled,ENT Infection,Recovered
A100621,P12118,22,5,2025-11-11,2025-11-12,1,Emergency,Fracture,Follow-up Required
A100622,P12681,26,6,2025-10-22,2025-10-24,2,Scheduled,Fracture,Recovered
A100623,P12849,17,4,2024-09-26,2024-10-01,5,Scheduled,ENT Infection,Recovered
A100624,P14689,29,6,2024-04-25,2024-04-30,5,Scheduled,Infection,Follow-up Required
A100625,P14663,27,6,2024-09-01,2024-09-03,2,Emergency,Skin Disorder,Recovered
A100626,P14787,22,5,2025-10-21,2025-10-24,3,Scheduled,Asthma,Recovered
A100627,P13682,18,4,2025-08-26,2025-08-29,3,Scheduled,Infection,Follow-up Required
A100628,P13496,5,1,2024-03-25,2024-03-31,6,Emergency,Fracture,Recovered
A100629,P10665,12,3,2025-08-21,2025-08-26,5,Scheduled,Migraine,Follow-up Required
A100630,P14502,2,1,2025-09-23,2025-09-24,1,Emergency,Skin Disorder,Recovered
A100631,P13163,42,9,2025-03-25,2025-04-01,7,Scheduled,Cancer,Recovered
A100632,P13366,7,2,2025-06-19,2025-06-22,3,Scheduled,ENT Infection,Recovered
A100633,P11417,47,10,2024-03-29,2024-04-04,6,Scheduled,Diabetes,Recovered
A100634,P13109,26,6,2025-07-02,2025-07-04,2,Emergency,Cancer,Follow-up Required
A100635,P10517,39,8,2025-05-21,2025-06-10,20,Emergency,Heart Disease,Recovered
A100636,P10850,15,3,2025-02-11,2025-02-12,1,Emergency,Diabetes,Recovered
A100637,P11902,48,10,2024-09-27,2024-10-03,6,Referral,Diabetes,Recovered
A100638,P10908,33,7,2025-06-07,2025-06-12,5,Scheduled,Fracture,Follow-up Required
A100639,P10316,47,10,2025-05-08,2025-05-09,1,Referral,Hypertension,Follow-up Required
A100640,P13244,3,1,2025-08-29,2025-08-30,1,Referral,Migraine,Recovered
A100641,P11508,42,9,2025-03-23,2025-03-26,3,Referral,Infection,Recovered
A100642,P14123,48,10,2025-06-26,2025-07-03,7,Scheduled,Diabetes,Recovered
A100643,P11519,2,1,2024-12-15,2024-12-16,1,Emergency,Migraine,Follow-up Required
A100644,P14151,17,4,2024-11-23,2024-11-29,6,Referral,Fracture,Recovered
A100645,P11935,1,1,2024-10-12,2024-10-18,6,Emergency,Asthma,Recovered
A100646,P14345,36,8,2024-02-04,2024-02-07,3,Scheduled,Hypertension,Recovered
A100647,P11802,43,9,2025-06-16,2025-06-17,1,Referral,Hypertension,Follow-up Required
A100648,P12623,17,4,2025-09-14,2025-09-24,10,Scheduled,Diabetes,Recovered
A100649,P10857,2,1,2025-05-02,2025-05-05,3,Emergency,Fracture,Recovered
A100650,P11877,33,7,2025-05-01,2025-05-03,2,Scheduled,Hypertension,Recovered
A100651,P11526,29,6,2024-05-24,2024-05-30,6,Referral,Migraine,Recovered
A100652,P11417,6,2,2025-06-07,2025-06-09,2,Referral,Asthma,Transferred
A100653,P13480,43,9,2024-05-25,2024-05-29,4,Scheduled,ENT Infection,Follow-up Required
A100654,P13872,36,8,2025-05-17,2025-05-18,1,Referral,Fracture,Follow-up Required
A100655,P11795,24,5,2025-08-26,2025-09-15,20,Emergency,Infection,Recovered
A100656,P13066,11,3,2025-09-18,2025-09-22,4,Emergency,Migraine,Recovered
A100657,P12721,5,1,2025-06-10,2025-06-30,20,Scheduled,Skin Disorder,Recovered
A100658,P14205,30,6,2024-09-28,2024-10-01,3,Emergency,Skin Disorder,Recovered
A100659,P13677,10,2,2025-06-17,2025-06-20,3,Scheduled,Fracture,Follow-up Required
A100660,P10353,37,8,2025-09-21,2025-10-01,10,Emergency,ENT Infection,Recovered
A100661,P13232,27,6,2024-04-04,2024-04-07,3,Scheduled,Asthma,Recovered
A100662,P11428,27,6,2025-03-22,2025-03-26,4,Emergency,Diabetes,Recovered
A100663,P12193,24,5,2025-02-18,2025-02-19,1,Emergency,Diabetes,Recovered
A100664,P11778,3,1,2024-09-13,2024-09-25,12,Referral,Heart Disease,Follow-up Required
A100665,P13537,38,8,2024-09-18,2024-09-19,1,Emergency,ENT Infection,Recovered
A100666,P11117,26,6,2024-03-27,2024-04-03,7,Emergency,Diabetes,Recovered
A100667,P12321,45,9,2025-03-11,2025-03-16,5,Emergency,Skin Disorder,Follow-up Required
A100668,P10534,48,10,2025-07-23,2025-07-24,1,Referral,Fracture,Follow-up Required
A100669,P11218,39,8,2024-04-17,2024-04-18,1,Scheduled,Migraine,Follow-up Required
A100670,P12989,18,4,2024-01-19,2024-01-31,12,Scheduled,Diabetes,Recovered
A100671,P12229,3,1,2024-12-30,2025-01-05,6,Emergency,Cancer,Recovered
A100672,P11980,38,8,2025-10-14,2025-10-20,6,Scheduled,Cancer,Recovered
A100673,P12077,42,9,2025-01-13,2025-01-17,4,Emergency,Infection,Recovered
A100674,P10532,48,10,2024-06-08,2024-06-10,2,Emergency,Infection,Recovered
A100675,P13077,25,5,2024-04-09,2024-04-15,6,Scheduled,Infection,Transferred
A100676,P11945,13,3,2024-09-21,2024-09-26,5,Referral,Cancer,Recovered
A100677,P14236,25,5,2024-02-18,2024-02-24,6,Emergency,Fracture,Follow-up Required
A100678,P13100,24,5,2025-11-07,2025-11-10,3,Scheduled,Asthma,Follow-up Required
A100679,P14358,41,9,2025-02-18,2025-03-10,20,Emergency,Cancer,Follow-up Required
A100680,P13830,16,4,2024-02-28,2024-02-29,1,Emergency,Cancer,Follow-up Required
A100681,P14115,43,9,2024-07-01,2024-07-02,1,Emergency,Fracture,Recovered
A100682,P12585,41,9,2025-10-20,2025-10-30,10,Referral,Hypertension,Follow-up Required
A100683,P11549,42,9,2025-03-22,2025-03-27,5,Emergency,Diabetes,Recovered
A100684,P11489,11,3,2024-10-27,2024-10-30,3,Scheduled,Fracture,Deceased
A100685,P13660,21,5,2025-08-30,2025-09-06,7,Emergency,Skin Disorder,Follow-up Required
A100686,P10228,31,7,2025-07-08,2025-07-12,4,Scheduled,Heart Disease,Recovered
A100687,P14472,15,3,2024-12-19,2024-12-20,1,Scheduled,Migraine,Transferred
A100688,P14832,45,9,2024-07-31,2024-08-06,6,Emergency,Hypertension,Recovered
A100689,P14353,49,10,2024-07-07,2024-07-10,3,Referral,Migraine,Recovered
A100690,P14929,36,8,2025-10-04,2025-10-06,2,Scheduled,Hypertension,Recovered
A100691,P14797,43,9,2024-12-12,2024-12-14,2,Emergency,Asthma,Transferred
A100692,P10699,1,1,2024-05-16,2024-05-20,4,Scheduled,Hypertension,Transferred
A100693,P10438,28,6,2024-01-30,2024-01-31,1,Scheduled,Diabetes,Recovered
A100694,P11685,33,7,2024-05-25,2024-06-02,8,Scheduled,Skin Disorder,Recovered
A100695,P12154,3,1,2025-04-12,2025-04-17,5,Scheduled,Heart Disease,Recovered
A100696,P14711,15,3,2025-09-08,2025-09-11,3,Emergency,Skin Disorder,Recovered
A100697,P12915,33,7,2025-05-17,2025-05-23,6,Referral,Fracture,Recovered
A100698,P13218,32,7,2024-07-09,2024-07-16,7,Emergency,Migraine,Recovered
A100699,P10960,23,5,2025-04-15,2025-04-20,5,Emergency,Infection,Recovered
A100700,P11840,26,6,2025-11-20,2025-11-22,2,Scheduled,Fracture,Follow-up Required
A100701,P10278,48,10,2024-12-10,2024-12-12,2,Emergency,ENT Infection,Recovered
A100702,P14221,17,4,2024-01-01,2024-01-09,8,Emergency,ENT Infection,Recovered
A100703,P13757,9,2,2024-04-19,2024-04-21,2,Emergency,Asthma,Recovered
A100704,P11344,5,1,2024-03-04,2024-03-05,1,Referral,Skin Disorder,Recovered
A100705,P14771,29,6,2024-02-22,2024-02-27,5,Emergency,Cancer,Recovered
A100706,P10715,6,2,2024-09-18,2024-09-20,2,Emergency,Hypertension,Recovered
A100707,P11506,47,10,2025-06-12,2025-07-02,20,Emergency,Asthma,Recovered
A100708,P13922,41,9,2024-10-28,2024-11-05,8,Scheduled,Skin Disorder,Follow-up Required
A100709,P12715,35,7,2024-08-21,2024-08-26,5,Scheduled,Heart Disease,Recovered
A100710,P11348,21,5,2024-03-13,2024-03-21,8,Scheduled,Heart Disease,Recovered
A100711,P12443,45,9,2024-12-22,2024-12-26,4,Scheduled,ENT Infection,Recovered
A100712,P14869,45,9,2025-08-25,2025-09-01,7,Scheduled,Migraine,Recovered
A100713,P13961,23,5,2025-04-28,2025-05-03,5,Scheduled,Skin Disorder,Recovered
A100714,P11753,35,7,2024-01-06,2024-01-07,1,Scheduled,Heart Disease,Recovered
A100715,P12506,46,10,2025-12-10,2025-12-22,12,Scheduled,Migraine,Recovered
A100716,P11738,2,1,2025-12-08,2025-12-16,8,Scheduled,Migraine,Recovered
A100717,P14170,42,9,2024-05-16,2024-05-28,12,Referral,Cancer,Recovered
A100718,P11109,9,2,2025-02-07,2025-02-13,6,Referral,Diabetes,Recovered
A100719,P12680,13,3,2025-09-19,2025-09-23,4,Scheduled,Cancer,Recovered
A100720,P11038,43,9,2025-07-08,2025-07-10,2,Referral,Hypertension,Follow-up Required
A100721,P10912,34,7,2025-07-23,2025-07-25,2,Scheduled,Migraine,Recovered
A100722,P14890,16,4,2024-07-24,2024-07-26,2,Emergency,Heart Disease,Recovered
A100723,P12097,5,1,2025-02-13,2025-02-15,2,Scheduled,Migraine,Recovered
A100724,P13014,1,1,2025-08-28,2025-09-02,5,Emergency,Skin Disorder,Transferred
A100725,P10359,40,8,2024-02-05,2024-02-11,6,Emergency,Hypertension,Recovered
A100726,P11077,22,5,2024-08-17,2024-08-20,3,Scheduled,Asthma,Recovered
A100727,P12104,48,10,2024-08-14,2024-08-19,5,Emergency,ENT Infection,Follow-up Required
A100728,P14975,46,10,2025-11-25,2025-11-28,3,Emergency,Asthma,Recovered
A100729,P13528,26,6,2024-09-18,2024-09-24,6,Scheduled,Infection,Transferred
A100730,P12303,34,7,2024-05-10,2024-05-30,20,Emergency,ENT Infection,Recovered
A100731,P14101,50,10,2025-07-30,2025-08-05,6,Emergency,ENT Infection,Recovered
A100732,P11605,21,5,2025-03-23,2025-03-24,1,Scheduled,Migraine,Recovered
A100733,P11076,7,2,2024-07-04,2024-07-08,4,Scheduled,Infection,Follow-up Required
A100734,P14049,25,5,2025-09-20,2025-09-27,7,Referral,Diabetes,Recovered
A100735,P10329,12,3,2024-07-04,2024-07-09,5,Referral,Diabetes,Recovered
A100736,P13233,31,7,2024-09-30,2024-10-12,12,Scheduled,ENT Infection,Recovered
A100737,P13478,47,10,2025-10-24,2025-10-25,1,Scheduled,Cancer,Recovered
A100738,P11003,27,6,2024-12-17,2024-12-20,3,Scheduled,Asthma,Recovered
A100739,P14879,22,5,2025-02-16,2025-02-18,2,Emergency,Migraine,Transferred
A100740,P10577,34,7,2024-05-30,2024-06-06,7,Scheduled,Heart Disease,Recovered
A100741,P10327,17,4,2025-01-18,2025-01-22,4,Scheduled,Fracture,Recovered
A100742,P11528,11,3,2024-02-05,2024-02-07,2,Scheduled,Cancer,Recovered
A100743,P12822,29,6,2024-11-21,2024-11-24,3,Scheduled,ENT Infection,Follow-up Required
A100744,P11466,34,7,2025-04-09,2025-04-13,4,Scheduled,Infection,Follow-up Required
A100745,P13226,37,8,2025-04-10,2025-04-30,20,Scheduled,Skin Disorder,Deceased
A100746,P12282,49,10,2024-04-04,2024-04-07,3,Emergency,Heart Disease,Recovered
A100747,P14748,48,10,2024-05-13,2024-05-15,2,Scheduled,Asthma,Recovered
A100748,P12381,26,6,2024-06-10,2024-06-14,4,Scheduled,Infection,Recovered
A100749,P10495,45,9,2025-07-09,2025-07-12,3,Scheduled,Diabetes,Recovered
A100750,P11139,45,9,2024-10-26,2024-10-31,5,Scheduled,Fracture,Recovered
A100751,P12417,45,9,2024-12-21,2024-12-25,4,Emergency,Hypertension,Follow-up Required
A100752,P11357,32,7,2024-08-27,2024-09-02,6,Emergency,Fracture,Recovered
A100753,P11154,37,8,2025-07-17,2025-07-27,10,Scheduled,Diabetes,Recovered
A100754,P13250,5,1,2025-08-08,2025-08-10,2,Scheduled,Infection,Follow-up Required
A100755,P12143,20,4,2024-06-15,2024-06-22,7,Emergency,Hypertension,Follow-up Required
A100756,P13389,7,2,2024-05-19,2024-05-31,12,Emergency,Asthma,Follow-up Required
A100757,P11125,43,9,2024-05-18,2024-05-21,3,Scheduled,Heart Disease,Recovered
A100758,P10802,23,5,2024-08-22,2024-08-24,2,Referral,Cancer,Transferred
A100759,P12043,1,1,2024-01-03,2024-01-10,7,Emergency,Cancer,Recovered
A100760,P10208,39,8,2024-09-12,2024-09-18,6,Scheduled,Infection,Follow-up Required
A100761,P12655,3,1,2025-01-05,2025-01-07,2,Referral,Infection,Recovered
A100762,P10473,45,9,2024-10-04,2024-10-08,4,Emergency,Hypertension,Recovered
A100763,P11639,3,1,2025-05-30,2025-06-04,5,Emergency,Skin Disorder,Recovered
A100764,P10136,6,2,2024-07-30,2024-08-01,2,Referral,Heart Disease,Deceased
A100765,P14357,31,7,2024-08-03,2024-08-09,6,Emergency,Cancer,Recovered
A100766,P11171,27,6,2024-09-26,2024-10-02,6,Scheduled,Diabetes,Follow-up Required
A100767,P10458,29,6,2025-04-20,2025-04-28,8,Scheduled,Hypertension,Recovered
A100768,P11437,15,3,2025-06-11,2025-06-16,5,Emergency,Hypertension,Recovered
A100769,P13572,36,8,2024-03-04,2024-03-09,5,Emergency,Cancer,Recovered
A100770,P12149,5,1,2025-04-04,2025-04-09,5,Scheduled,Skin Disorder,Recovered
A100771,P14243,3,1,2024-01-16,2024-01-19,3,Scheduled,Heart Disease,Follow-up Required
A100772,P14813,25,5,2025-07-17,2025-07-24,7,Emergency,Infection,Recovered
A100773,P10507,32,7,2024-01-19,2024-01-25,6,Scheduled,Diabetes,Follow-up Required
A100774,P12606,21,5,2024-11-20,2024-11-28,8,Scheduled,Cancer,Recovered
A100775,P12384,48,10,2024-04-02,2024-04-09,7,Scheduled,Heart Disease,Recovered
A100776,P10446,17,4,2024-01-17,2024-01-22,5,Scheduled,ENT Infection,Follow-up Required
A100777,P12782,9,2,2025-09-14,2025-09-16,2,Emergency,ENT Infection,Transferred
A100778,P10444,26,6,2025-05-02,2025-05-12,10,Scheduled,Migraine,Recovered
A100779,P10118,22,5,2024-04-03,2024-04-06,3,Scheduled,Infection,Recovered
A100780,P11541,41,9,2024-01-10,2024-01-24,14,Scheduled,Skin Disorder,Recovered
A100781,P12771,46,10,2025-12-24,2025-12-28,4,Scheduled,Hypertension,Recovered
A100782,P10567,23,5,2025-06-11,2025-06-13,2,Scheduled,Migraine,Recovered
A100783,P13603,11,3,2025-05-03,2025-05-11,8,Scheduled,Hypertension,Recovered
A100784,P11937,10,2,2024-05-23,2024-05-30,7,Scheduled,Diabetes,Recovered
A100785,P14184,23,5,2025-07-07,2025-07-14,7,Referral,ENT Infection,Recovered
A100786,P11653,5,1,2025-05-29,2025-05-30,1,Referral,Fracture,Recovered
A100787,P14572,26,6,2025-04-14,2025-04-22,8,Scheduled,ENT Infection,Recovered
A100788,P14391,4,1,2025-01-11,2025-01-16,5,Emergency,Heart Disease,Recovered
A100789,P14816,43,9,2025-10-29,2025-11-02,4,Scheduled,ENT Infection,Follow-up Required
A100790,P14782,27,6,2025-05-08,2025-05-18,10,Emergency,Migraine,Recovered
A100791,P12687,38,8,2025-11-15,2025-11-21,6,Scheduled,Asthma,Follow-up Required
A100792,P11204,34,7,2025-04-28,2025-04-30,2,Scheduled,Hypertension,Recovered
A100793,P12938,3,1,2025-03-27,2025-03-31,4,Referral,Skin Disorder,Recovered
A100794,P10406,50,10,2025-06-19,2025-06-24,5,Referral,ENT Infection,Recovered
A100795,P13908,32,7,2024-03-15,2024-03-25,10,Scheduled,Diabetes,Follow-up Required
A100796,P14215,26,6,2024-02-09,2024-02-12,3,Scheduled,Cancer,Recovered
A100797,P14080,18,4,2024-10-28,2024-11-04,7,Scheduled,Skin Disorder,Recovered
A100798,P10313,7,2,2025-07-05,2025-07-12,7,Emergency,Hypertension,Recovered
A100799,P10163,45,9,2024-03-02,2024-03-04,2,Referral,Diabetes,Recovered
A100800,P11529,13,3,2025-05-17,2025-05-18,1,Scheduled,Heart Disease,Follow-up Required
A100801,P14389,6,2,2024-09-01,2024-09-06,5,Scheduled,Skin Disorder,Recovered
A100802,P14786,35,7,2024-01-18,2024-01-25,7,Emergency,Heart Disease,Recovered
A100803,P11566,31,7,2025-10-13,2025-10-18,5,Scheduled,Asthma,Recovered
A100804,P14769,42,9,2025-02-01,2025-02-08,7,Scheduled,Skin Disorder,Recovered
A100805,P10399,37,8,2025-08-16,2025-08-21,5,Emergency,Infection,Deceased
A100806,P13587,43,9,2024-07-07,2024-07-13,6,Scheduled,ENT Infection,Recovered
A100807,P11048,4,1,2025-09-11,2025-09-12,1,Emergency,Asthma,Recovered
A100808,P11943,42,9,2024-04-13,2024-04-14,1,Referral,Diabetes,Recovered
A100809,P13131,4,1,2025-10-07,2025-10-13,6,Scheduled,Asthma,Follow-up Required
A100810,P12797,45,9,2024-12-09,2024-12-16,7,Scheduled,ENT Infection,Recovered
A100811,P10240,8,2,2025-01-05,2025-01-10,5,Emergency,Hypertension,Follow-up Required
A100812,P12359,38,8,2024-02-02,2024-02-07,5,Emergency,Infection,Recovered
A100813,P10672,11,3,2025-01-08,2025-01-13,5,Emergency,Asthma,Recovered
A100814,P12620,2,1,2024-06-26,2024-06-28,2,Scheduled,Cancer,Recovered
A100815,P12462,18,4,2024-01-12,2024-01-18,6,Referral,Diabetes,Transferred
A100816,P13394,18,4,2025-03-31,2025-04-04,4,Emergency,Hypertension,Recovered
A100817,P10402,22,5,2025-10-04,2025-10-09,5,Emergency,Skin Disorder,Recovered
A100818,P12107,12,3,2024-09-05,2024-09-10,5,Emergency,Skin Disorder,Recovered
A100819,P14149,17,4,2025-03-23,2025-03-30,7,Scheduled,ENT Infection,Recovered
A100820,P11088,17,4,2025-07-23,2025-07-26,3,Referral,Infection,Recovered
A100821,P11143,36,8,2024-01-04,2024-01-07,3,Scheduled,Hypertension,Follow-up Required
A100822,P14382,29,6,2024-08-23,2024-08-27,4,Scheduled,Diabetes,Recovered
A100823,P12066,49,10,2024-06-21,2024-06-28,7,Emergency,Skin Disorder,Recovered
A100824,P13909,16,4,2024-11-17,2024-11-21,4,Scheduled,Migraine,Recovered
A100825,P14256,41,9,2025-01-05,2025-01-07,2,Emergency,Diabetes,Recovered
A100826,P13960,11,3,2025-07-01,2025-07-15,14,Emergency,Migraine,Recovered
A100827,P10142,44,9,2024-10-22,2024-10-26,4,Emergency,Hypertension,Follow-up Required
A100828,P10397,43,9,2025-02-03,2025-02-05,2,Scheduled,ENT Infection,Recovered
A100829,P12628,45,9,2024-02-27,2024-03-04,6,Emergency,Migraine,Recovered
A100830,P14630,22,5,2025-06-13,2025-06-19,6,Scheduled,Infection,Deceased
A100831,P11556,30,6,2025-07-01,2025-07-05,4,Emergency,Cancer,Recovered
A100832,P12509,8,2,2025-02-11,2025-02-16,5,Referral,Heart Disease,Recovered
A100833,P14382,46,10,2025-10-02,2025-10-04,2,Referral,Fracture,Follow-up Required
A100834,P11029,18,4,2025-05-27,2025-05-30,3,Scheduled,Diabetes,Recovered
A100835,P12177,46,10,2024-03-04,2024-03-06,2,Emergency,Hypertension,Follow-up Required
A100836,P10671,16,4,2025-07-27,2025-07-30,3,Scheduled,ENT Infection,Recovered
A100837,P14595,47,10,2025-02-23,2025-02-28,5,Referral,Cancer,Follow-up Required
A100838,P11856,20,4,2024-05-25,2024-05-29,4,Emergency,Infection,Recovered
A100839,P13430,39,8,2024-09-28,2024-10-03,5,Referral,Cancer,Transferred
A100840,P12079,8,2,2024-01-17,2024-01-21,4,Scheduled,Migraine,Follow-up Required
A100841,P12007,30,6,2024-04-07,2024-04-10,3,Referral,Migraine,Recovered
A100842,P11689,38,8,2025-03-27,2025-03-29,2,Referral,Hypertension,Follow-up Required
A100843,P14432,29,6,2024-08-30,2024-09-02,3,Emergency,Skin Disorder,Recovered
A100844,P10570,13,3,2025-04-23,2025-04-25,2,Scheduled,Heart Disease,Recovered
A100845,P14695,17,4,2024-07-19,2024-07-25,6,Emergency,Hypertension,Recovered
A100846,P11147,40,8,2025-04-17,2025-04-24,7,Emergency,Fracture,Recovered
A100847,P13775,43,9,2024-06-27,2024-07-03,6,Scheduled,Fracture,Follow-up Required
A100848,P10865,17,4,2025-05-22,2025-05-27,5,Referral,Cancer,Recovered
A100849,P14901,9,2,2025-03-28,2025-03-31,3,Referral,ENT Infection,Recovered
A100850,P14410,2,1,2024-09-26,2024-10-02,6,Emergency,ENT Infection,Recovered
A100851,P10028,42,9,2024-08-21,2024-08-26,5,Emergency,Migraine,Follow-up Required
A100852,P11030,24,5,2025-09-15,2025-09-16,1,Scheduled,ENT Infection,Follow-up Required
A100853,P11997,21,5,2025-04-30,2025-05-10,10,Emergency,Migraine,Deceased
A100854,P11342,46,10,2025-07-31,2025-08-01,1,Emergency,Hypertension,Recovered
A100855,P11249,2,1,2024-12-03,2024-12-07,4,Referral,Fracture,Recovered
A100856,P12137,5,1,2025-03-23,2025-03-27,4,Referral,Cancer,Transferred
A100857,P12088,17,4,2025-08-06,2025-08-14,8,Referral,Cancer,Follow-up Required
A100858,P10681,24,5,2024-12-22,2025-01-01,10,Scheduled,Fracture,Recovered
A100859,P10375,8,2,2024-02-18,2024-03-01,12,Scheduled,Heart Disease,Deceased
A100860,P13370,30,6,2025-05-10,2025-05-15,5,Scheduled,Fracture,Follow-up Required
A100861,P13046,50,10,2024-12-11,2024-12-17,6,Emergency,Asthma,Recovered
A100862,P12338,22,5,2025-12-02,2025-12-03,1,Referral,Heart Disease,Follow-up Required
A100863,P10806,24,5,2024-10-19,2024-10-23,4,Emergency,Heart Disease,Follow-up Required
A100864,P13040,26,6,2025-11-19,2025-11-29,10,Scheduled,Skin Disorder,Recovered
A100865,P10279,8,2,2025-11-03,2025-11-07,4,Scheduled,Heart Disease,Recovered
A100866,P11406,12,3,2024-05-29,2024-05-30,1,Emergency,Hypertension,Deceased
A100867,P10788,14,3,2025-08-04,2025-08-06,2,Scheduled,Heart Disease,Recovered
A100868,P11333,30,6,2025-06-28,2025-07-02,4,Emergency,Cancer,Follow-up Required
A100869,P14373,35,7,2024-09-16,2024-09-18,2,Scheduled,Skin Disorder,Recovered
A100870,P13148,31,7,2024-11-17,2024-11-21,4,Scheduled,Fracture,Follow-up Required
A100871,P12346,28,6,2024-03-17,2024-03-20,3,Scheduled,Asthma,Recovered
A100872,P13450,46,10,2024-04-19,2024-04-22,3,Referral,ENT Infection,Recovered
A100873,P10433,27,6,2025-10-12,2025-10-13,1,Emergency,Cancer,Recovered
A100874,P11010,36,8,2025-06-30,2025-07-08,8,Scheduled,Infection,Follow-up Required
A100875,P13850,1,1,2025-02-26,2025-03-04,6,Referral,Cancer,Recovered
A100876,P10317,41,9,2025-01-28,2025-02-02,5,Scheduled,Heart Disease,Transferred
A100877,P14217,14,3,2024-08-22,2024-08-27,5,Referral,Fracture,Recovered
A100878,P11366,10,2,2024-11-25,2024-11-29,4,Scheduled,Hypertension,Recovered
A100879,P14400,50,10,2025-12-12,2025-12-19,7,Scheduled,Fracture,Transferred
A100880,P10936,42,9,2024-11-20,2024-12-02,12,Referral,Migraine,Recovered
A100881,P13519,7,2,2024-05-30,2024-05-31,1,Referral,Diabetes,Follow-up Required
A100882,P13788,40,8,2025-06-29,2025-06-30,1,Referral,Hypertension,Recovered
A100883,P12769,14,3,2025-09-27,2025-10-03,6,Emergency,Migraine,Deceased
A100884,P10496,36,8,2024-02-01,2024-02-03,2,Scheduled,Cancer,Recovered
A100885,P13593,27,6,2024-09-28,2024-10-08,10,Emergency,Cancer,Recovered
A100886,P12233,11,3,2025-09-27,2025-10-03,6,Emergency,Skin Disorder,Recovered
A100887,P14019,42,9,2025-01-02,2025-01-05,3,Scheduled,Cancer,Recovered
A100888,P12936,49,10,2025-05-06,2025-05-10,4,Referral,Infection,Recovered
A100889,P14809,37,8,2024-11-11,2024-11-17,6,Scheduled,Hypertension,Recovered
A100890,P14446,42,9,2025-08-12,2025-08-14,2,Referral,ENT Infection,Follow-up Required
A100891,P12368,10,2,2025-08-10,2025-08-18,8,Referral,Hypertension,Transferred
A100892,P12585,7,2,2025-07-25,2025-07-26,1,Emergency,Cancer,Follow-up Required
A100893,P10906,17,4,2025-08-19,2025-09-02,14,Emergency,Migraine,Recovered
A100894,P13228,12,3,2025-01-02,2025-01-04,2,Emergency,Asthma,Recovered
A100895,P11828,37,8,2024-03-20,2024-03-26,6,Scheduled,Fracture,Recovered
A100896,P13723,37,8,2024-06-20,2024-06-21,1,Emergency,Fracture,Recovered
A100897,P12581,36,8,2024-09-14,2024-09-18,4,Scheduled,ENT Infection,Recovered
A100898,P14598,7,2,2024-10-05,2024-10-10,5,Emergency,Skin Disorder,Follow-up Required
A100899,P11516,24,5,2025-05-18,2025-05-19,1,Emergency,Cancer,Recovered
A100900,P14623,34,7,2025-07-11,2025-07-15,4,Scheduled,Fracture,Deceased
A100901,P14807,1,1,2025-05-05,2025-05-08,3,Scheduled,Infection,Recovered
A100902,P13004,29,6,2025-08-07,2025-08-11,4,Referral,Cancer,Recovered
A100903,P10112,26,6,2025-07-19,2025-07-23,4,Referral,Infection,Recovered
A100904,P11673,10,2,2024-12-02,2024-12-09,7,Referral,Migraine,Recovered
A100905,P12303,1,1,2025-06-04,2025-06-06,2,Emergency,ENT Infection,Recovered
A100906,P11651,45,9,2024-11-21,2024-11-22,1,Scheduled,Hypertension,Recovered
A100907,P14396,17,4,2024-06-20,2024-06-24,4,Scheduled,Asthma,Recovered
A100908,P12475,41,9,2024-03-24,2024-04-01,8,Emergency,Cancer,Recovered
A100909,P13996,36,8,2025-06-07,2025-06-15,8,Scheduled,Asthma,Recovered
A100910,P11891,9,2,2025-04-25,2025-04-30,5,Scheduled,Cancer,Recovered
A100911,P10307,39,8,2025-06-27,2025-07-05,8,Emergency,Asthma,Recovered
A100912,P10121,23,5,2025-02-21,2025-02-28,7,Emergency,Diabetes,Recovered
A100913,P13102,29,6,2024-12-04,2024-12-07,3,Referral,Asthma,Recovered
A100914,P11278,2,1,2024-11-15,2024-11-17,2,Scheduled,Skin Disorder,Recovered
A100915,P11428,18,4,2024-10-30,2024-11-02,3,Emergency,Diabetes,Recovered
A100916,P13103,28,6,2024-09-28,2024-09-30,2,Referral,Heart Disease,Recovered
A100917,P11186,47,10,2025-11-20,2025-11-25,5,Referral,Skin Disorder,Recovered
A100918,P11456,42,9,2024-04-23,2024-04-28,5,Referral,Infection,Recovered
A100919,P11180,49,10,2025-02-10,2025-02-15,5,Scheduled,Hypertension,Follow-up Required
A100920,P11347,7,2,2024-01-26,2024-01-28,2,Scheduled,Fracture,Recovered
A100921,P10629,11,3,2024-08-24,2024-08-31,7,Scheduled,Fracture,Recovered
A100922,P11215,7,2,2024-11-05,2024-11-09,4,Scheduled,ENT Infection,Deceased
A100923,P11962,43,9,2025-11-14,2025-11-18,4,Referral,Migraine,Recovered
A100924,P12996,24,5,2024-08-20,2024-09-09,20,Scheduled,Infection,Follow-up Required
A100925,P14613,15,3,2025-07-02,2025-07-05,3,Emergency,Migraine,Recovered
A100926,P14941,31,7,2024-09-21,2024-09-25,4,Scheduled,ENT Infection,Follow-up Required
A100927,P11548,19,4,2024-01-13,2024-01-19,6,Scheduled,Asthma,Recovered
A100928,P14916,10,2,2025-05-10,2025-05-18,8,Referral,Skin Disorder,Recovered
A100929,P12859,48,10,2024-11-11,2024-11-13,2,Emergency,Diabetes,Recovered
A100930,P10762,8,2,2025-09-09,2025-09-15,6,Scheduled,Asthma,Follow-up Required
A100931,P12367,1,1,2025-09-29,2025-10-09,10,Emergency,Asthma,Follow-up Required
A100932,P14207,2,1,2025-01-18,2025-01-22,4,Emergency,Hypertension,Recovered
A100933,P11842,29,6,2025-10-03,2025-10-06,3,Scheduled,Asthma,Follow-up Required
A100934,P14903,42,9,2024-11-11,2024-11-17,6,Emergency,Infection,Recovered
A100935,P11497,10,2,2024-09-12,2024-09-15,3,Scheduled,Infection,Recovered
A100936,P13920,42,9,2025-03-16,2025-03-19,3,Emergency,Heart Disease,Recovered
A100937,P13089,9,2,2024-04-24,2024-05-04,10,Referral,Cancer,Recovered
A100938,P11244,50,10,2024-10-25,2024-10-30,5,Referral,Infection,Follow-up Required
A100939,P14583,31,7,2024-05-03,2024-05-04,1,Emergency,Fracture,Recovered
A100940,P14907,32,7,2024-09-12,2024-09-15,3,Scheduled,Fracture,Transferred
A100941,P12044,2,1,2025-10-12,2025-10-17,5,Emergency,ENT Infection,Follow-up Required
A100942,P13377,24,5,2025-12-18,2025-12-22,4,Scheduled,Infection,Recovered
A100943,P10517,37,8,2024-02-16,2024-02-22,6,Emergency,Diabetes,Follow-up Required
A100944,P10835,43,9,2025-12-29,2026-01-05,7,Emergency,Migraine,Follow-up Required
A100945,P10624,6,2,2025-04-07,2025-04-11,4,Referral,Asthma,Transferred
A100946,P11048,8,2,2024-12-15,2025-01-04,20,Emergency,Fracture,Recovered
A100947,P11565,40,8,2024-05-02,2024-05-12,10,Scheduled,Hypertension,Follow-up Required
A100948,P13983,25,5,2024-01-31,2024-02-01,1,Emergency,Hypertension,Recovered
A100949,P10497,42,9,2024-02-24,2024-02-27,3,Scheduled,Heart Disease,Recovered
A100950,P12430,43,9,2024-06-01,2024-06-04,3,Emergency,Skin Disorder,Recovered
A100951,P12264,25,5,2025-03-31,2025-04-02,2,Emergency,Diabetes,Transferred
A100952,P10543,46,10,2024-10-12,2024-10-15,3,Emergency,Migraine,Recovered
A100953,P10916,11,3,2024-02-05,2024-02-09,4,Emergency,Infection,Recovered
A100954,P11802,35,7,2024-09-12,2024-09-13,1,Referral,Diabetes,Recovered
A100955,P13083,1,1,2024-06-26,2024-06-28,2,Referral,Hypertension,Recovered
A100956,P10082,23,5,2025-07-01,2025-07-02,1,Referral,Infection,Recovered
A100957,P11180,3,1,2024-09-10,2024-09-11,1,Emergency,Migraine,Recovered
A100958,P10166,41,9,2025-05-22,2025-05-26,4,Emergency,Infection,Recovered
A100959,P12256,1,1,2025-11-04,2025-11-07,3,Scheduled,Hypertension,Recovered
A100960,P12072,44,9,2024-01-21,2024-02-02,12,Referral,Asthma,Recovered
A100961,P10807,12,3,2024-03-15,2024-03-17,2,Scheduled,Asthma,Recovered
A100962,P12739,38,8,2025-12-19,2025-12-29,10,Emergency,Infection,Follow-up Required
A100963,P10332,40,8,2025-04-04,2025-04-05,1,Referral,Cancer,Recovered
A100964,P13591,31,7,2024-06-26,2024-07-01,5,Emergency,Skin Disorder,Recovered
A100965,P11535,29,6,2025-01-16,2025-01-19,3,Referral,ENT Infection,Recovered
A100966,P10181,35,7,2024-02-06,2024-02-13,7,Referral,Migraine,Follow-up Required
A100967,P11317,28,6,2024-04-29,2024-04-30,1,Referral,Fracture,Recovered
A100968,P11107,21,5,2025-09-21,2025-10-03,12,Emergency,Migraine,Recovered
A100969,P11590,11,3,2024-01-01,2024-01-02,1,Scheduled,ENT Infection,Recovered
A100970,P12487,26,6,2025-12-21,2025-12-24,3,Scheduled,Migraine,Follow-up Required
A100971,P12591,11,3,2024-11-06,2024-11-10,4,Emergency,Skin Disorder,Transferred
A100972,P12241,5,1,2024-07-26,2024-08-02,7,Scheduled,Infection,Recovered
A100973,P10488,7,2,2024-06-02,2024-06-14,12,Scheduled,Diabetes,Follow-up Required
A100974,P10612,31,7,2025-11-13,2025-11-17,4,Emergency,Diabetes,Recovered
A100975,P13421,39,8,2024-11-10,2024-11-17,7,Emergency,Hypertension,Recovered
A100976,P13195,42,9,2024-11-02,2024-11-08,6,Emergency,Diabetes,Recovered
A100977,P11398,8,2,2025-05-18,2025-05-23,5,Referral,Diabetes,Transferred
A100978,P11457,27,6,2025-09-10,2025-09-16,6,Referral,Migraine,Follow-up Required
A100979,P12194,21,5,2025-10-16,2025-10-17,1,Scheduled,Skin Disorder,Recovered
A100980,P13075,30,6,2025-06-03,2025-06-07,4,Emergency,Infection,Recovered
A100981,P11338,14,3,2025-08-28,2025-09-04,7,Scheduled,Migraine,Recovered
A100982,P14423,1,1,2024-04-06,2024-04-10,4,Emergency,ENT Infection,Recovered
A100983,P12201,45,9,2025-05-04,2025-05-12,8,Scheduled,Fracture,Recovered
A100984,P14498,24,5,2024-01-07,2024-01-15,8,Scheduled,Asthma,Follow-up Required
A100985,P12868,6,2,2024-01-12,2024-01-20,8,Referral,Fracture,Recovered
A100986,P14584,6,2,2025-05-28,2025-05-30,2,Emergency,ENT Infection,Follow-up Required
A100987,P13883,5,1,2024-12-14,2024-12-17,3,Emergency,Infection,Recovered
A100988,P12115,35,7,2024-01-07,2024-01-08,1,Referral,Heart Disease,Recovered
A100989,P12137,44,9,2025-05-14,2025-05-28,14,Referral,Cancer,Transferred
A100990,P10079,15,3,2025-04-19,2025-04-21,2,Scheduled,Cancer,Transferred
A100991,P10378,35,7,2025-06-07,2025-06-10,3,Emergency,Heart Disease,Recovered
A100992,P10165,48,10,2024-02-26,2024-02-29,3,Scheduled,Infection,Recovered
A100993,P14845,50,10,2025-08-12,2025-08-13,1,Scheduled,Hypertension,Recovered
A100994,P11721,41,9,2025-08-08,2025-08-11,3,Referral,Migraine,Recovered
A100995,P12985,8,2,2024-08-20,2024-08-21,1,Scheduled,Skin Disorder,Follow-up Required
A100996,P10155,43,9,2024-01-30,2024-02-03,4,Emergency,Diabetes,Follow-up Required
A100997,P11147,35,7,2025-01-01,2025-01-15,14,Scheduled,Heart Disease,Follow-up Required
A100998,P11064,5,1,2025-08-29,2025-09-04,6,Emergency,Fracture,Recovered
A100999,P12217,31,7,2024-02-25,2024-03-02,6,Emergency,Diabetes,Follow-up Required
A101000,P12840,42,9,2024-01-10,2024-01-14,4,Scheduled,ENT Infection,Recovered
A101001,P11464,31,7,2024-05-26,2024-06-02,7,Emergency,Asthma,Recovered
A101002,P13471,37,8,2024-12-29,2025-01-08,10,Referral,Migraine,Recovered
A101003,P11517,8,2,2025-08-21,2025-09-04,14,Scheduled,Migraine,Recovered
A101004,P13051,6,2,2024-09-09,2024-09-10,1,Scheduled,Cancer,Recovered
A101005,P14424,23,5,2025-11-29,2025-12-07,8,Scheduled,Asthma,Follow-up Required
A101006,P11527,16,4,2024-09-09,2024-09-11,2,Referral,Hypertension,Recovered
A101007,P13611,44,9,2025-03-18,2025-03-22,4,Referral,Hypertension,Recovered
A101008,P12393,49,10,2024-12-05,2024-12-08,3,Referral,ENT Infection,Follow-up Required
A101009,P10789,8,2,2025-05-30,2025-06-05,6,Scheduled,ENT Infection,Recovered
A101010,P12549,4,1,2024-12-18,2024-12-23,5,Emergency,Migraine,Transferred
A101011,P14658,32,7,2025-09-15,2025-09-17,2,Scheduled,Heart Disease,Recovered
A101012,P14609,49,10,2025-12-05,2025-12-12,7,Scheduled,Cancer,Follow-up Required
A101013,P10516,3,1,2025-10-14,2025-10-18,4,Emergency,Diabetes,Transferred
A101014,P13063,50,10,2024-11-18,2024-11-19,1,Emergency,Migraine,Transferred
A101015,P14763,16,4,2024-05-19,2024-05-23,4,Scheduled,Asthma,Follow-up Required
A101016,P11568,34,7,2025-03-20,2025-03-24,4,Scheduled,Heart Disease,Follow-up Required
A101017,P11449,13,3,2024-04-04,2024-04-05,1,Scheduled,Cancer,Recovered
A101018,P10967,33,7,2025-07-06,2025-07-08,2,Scheduled,Cancer,Recovered
A101019,P10364,22,5,2025-02-23,2025-03-15,20,Scheduled,Asthma,Recovered
A101020,P10108,31,7,2025-05-28,2025-06-05,8,Emergency,Skin Disorder,Follow-up Required
A101021,P13095,24,5,2024-05-29,2024-05-31,2,Scheduled,Heart Disease,Follow-up Required
A101022,P10623,3,1,2025-07-06,2025-07-11,5,Referral,Heart Disease,Follow-up Required
A101023,P14417,33,7,2024-12-16,2024-12-19,3,Emergency,Cancer,Recovered
A101024,P10510,30,6,2024-04-25,2024-04-30,5,Scheduled,ENT Infection,Recovered
A101025,P11065,26,6,2025-09-23,2025-09-27,4,Emergency,Fracture,Transferred
A101026,P13866,34,7,2024-08-24,2024-08-25,1,Emergency,ENT Infection,Recovered
A101027,P10304,22,5,2024-09-26,2024-09-29,3,Scheduled,Hypertension,Recovered
A101028,P10969,30,6,2024-10-17,2024-10-19,2,Scheduled,Cancer,Deceased
A101029,P11439,35,7,2025-03-09,2025-03-13,4,Scheduled,Cancer,Recovered
A101030,P13522,25,5,2024-01-09,2024-01-19,10,Emergency,Migraine,Recovered
A101031,P13872,28,6,2025-09-21,2025-10-11,20,Scheduled,Diabetes,Follow-up Required
A101032,P13501,33,7,2025-04-19,2025-05-01,12,Emergency,Infection,Follow-up Required
A101033,P12200,23,5,2025-06-05,2025-06-25,20,Emergency,Fracture,Recovered
A101034,P14355,26,6,2025-06-20,2025-06-21,1,Emergency,Cancer,Recovered
A101035,P13902,9,2,2025-11-15,2025-11-21,6,Referral,ENT Infection,Follow-up Required
A101036,P12271,8,2,2024-01-11,2024-01-14,3,Emergency,Asthma,Follow-up Required
A101037,P10230,37,8,2025-09-04,2025-09-12,8,Emergency,Infection,Recovered
A101038,P12487,33,7,2024-11-22,2024-11-29,7,Scheduled,ENT Infection,Follow-up Required
A101039,P10150,15,3,2025-08-17,2025-08-21,4,Scheduled,Diabetes,Recovered
A101040,P10910,49,10,2024-10-02,2024-10-06,4,Scheduled,Migraine,Recovered
A101041,P13529,47,10,2025-01-04,2025-01-07,3,Scheduled,Fracture,Deceased
A101042,P10978,8,2,2025-05-04,2025-05-07,3,Scheduled,Heart Disease,Recovered
A101043,P10635,21,5,2024-12-10,2024-12-24,14,Emergency,Infection,Recovered
A101044,P14718,3,1,2025-01-02,2025-01-10,8,Referral,Hypertension,Recovered
A101045,P12191,9,2,2024-11-06,2024-11-08,2,Scheduled,Asthma,Recovered
A101046,P14150,14,3,2025-12-31,2026-01-03,3,Emergency,Heart Disease,Transferred
A101047,P14940,38,8,2025-08-23,2025-08-25,2,Scheduled,Infection,Recovered
A101048,P13475,27,6,2025-04-29,2025-05-19,20,Scheduled,Skin Disorder,Recovered
A101049,P13781,20,4,2024-01-15,2024-01-25,10,Emergency,Heart Disease,Follow-up Required
A101050,P11866,4,1,2025-11-18,2025-11-23,5,Referral,Hypertension,Recovered
A101051,P10299,24,5,2024-01-04,2024-01-10,6,Scheduled,Heart Disease,Follow-up Required
A101052,P12740,27,6,2025-01-10,2025-01-16,6,Scheduled,Skin Disorder,Recovered
A101053,P13726,12,3,2025-01-03,2025-01-05,2,Scheduled,ENT Infection,Recovered
A101054,P13392,28,6,2025-04-09,2025-04-21,12,Emergency,Fracture,Deceased
A101055,P14541,35,7,2025-06-16,2025-06-20,4,Referral,Heart Disease,Recovered
A101056,P10098,24,5,2025-12-20,2025-12-21,1,Scheduled,Infection,Follow-up Required
A101057,P13198,31,7,2024-05-16,2024-05-20,4,Scheduled,Infection,Follow-up Required
A101058,P12106,3,1,2024-12-28,2025-01-02,5,Scheduled,Fracture,Recovered
A101059,P14273,30,6,2024-08-03,2024-08-06,3,Referral,Skin Disorder,Recovered
A101060,P14815,27,6,2025-01-02,2025-01-08,6,Scheduled,Skin Disorder,Follow-up Required
A101061,P13523,17,4,2024-04-26,2024-05-04,8,Emergency,Diabetes,Recovered
A101062,P14419,6,2,2024-06-27,2024-07-04,7,Scheduled,Infection,Recovered
A101063,P10846,47,10,2024-09-02,2024-09-07,5,Scheduled,Cancer,Follow-up Required
A101064,P14186,43,9,2024-05-07,2024-05-11,4,Referral,Cancer,Follow-up Required
A101065,P14227,18,4,2024-12-23,2024-12-26,3,Scheduled,ENT Infection,Recovered
A101066,P13882,35,7,2024-03-18,2024-03-22,4,Emergency,Hypertension,Recovered
A101067,P11053,27,6,2024-10-19,2024-10-22,3,Emergency,Diabetes,Recovered
A101068,P13849,17,4,2024-03-22,2024-04-03,12,Scheduled,Cancer,Recovered
A101069,P13616,11,3,2024-12-07,2024-12-17,10,Scheduled,Infection,Transferred
A101070,P13158,38,8,2024-12-03,2024-12-05,2,Emergency,Infection,Follow-up Required
A101071,P12106,37,8,2025-07-31,2025-08-07,7,Scheduled,Hypertension,Recovered
A101072,P10994,42,9,2024-04-05,2024-04-11,6,Referral,Diabetes,Follow-up Required
A101073,P13097,34,7,2024-05-24,2024-06-07,14,Emergency,Diabetes,Follow-up Required
A101074,P10190,47,10,2025-07-30,2025-08-03,4,Scheduled,Heart Disease,Follow-up Required
A101075,P12124,32,7,2025-06-04,2025-06-10,6,Emergency,Heart Disease,Recovered
A101076,P12419,43,9,2025-01-31,2025-02-04,4,Emergency,Heart Disease,Follow-up Required
A101077,P14995,46,10,2024-12-22,2024-12-23,1,Emergency,Fracture,Follow-up Required
A101078,P12899,46,10,2024-07-04,2024-07-05,1,Scheduled,Fracture,Follow-up Required
A101079,P14602,35,7,2025-10-31,2025-11-02,2,Referral,Skin Disorder,Recovered
A101080,P11967,28,6,2025-06-26,2025-06-29,3,Scheduled,Heart Disease,Follow-up Required
A101081,P14279,22,5,2024-05-30,2024-06-02,3,Emergency,Heart Disease,Follow-up Required
A101082,P14250,16,4,2024-11-14,2024-11-20,6,Emergency,Skin Disorder,Recovered
A101083,P13412,46,10,2025-10-29,2025-11-04,6,Scheduled,Fracture,Recovered
A101084,P13947,42,9,2024-02-28,2024-03-13,14,Emergency,Asthma,Follow-up Required
A101085,P11047,40,8,2024-01-10,2024-01-13,3,Scheduled,ENT Infection,Recovered
A101086,P12574,12,3,2024-05-03,2024-05-15,12,Emergency,Migraine,Recovered
A101087,P10606,5,1,2024-12-21,2024-12-26,5,Emergency,ENT Infection,Recovered
A101088,P11367,26,6,2024-12-11,2024-12-15,4,Emergency,Heart Disease,Recovered
A101089,P12927,26,6,2024-08-24,2024-08-30,6,Scheduled,Cancer,Transferred
A101090,P11959,13,3,2024-11-28,2024-12-04,6,Emergency,Migraine,Follow-up Required
A101091,P11065,24,5,2024-01-17,2024-01-19,2,Emergency,Cancer,Recovered
A101092,P10518,44,9,2025-02-27,2025-03-06,7,Scheduled,Asthma,Recovered
A101093,P12455,3,1,2024-11-19,2024-11-25,6,Scheduled,Skin Disorder,Recovered
A101094,P14234,32,7,2024-01-23,2024-02-12,20,Referral,Diabetes,Recovered
A101095,P13808,23,5,2025-04-03,2025-04-13,10,Emergency,Infection,Recovered
A101096,P12590,49,10,2025-04-04,2025-04-10,6,Emergency,ENT Infection,Follow-up Required
A101097,P12273,37,8,2025-06-04,2025-06-10,6,Scheduled,Fracture,Follow-up Required
A101098,P12309,38,8,2025-12-19,2025-12-31,12,Emergency,ENT Infection,Follow-up Required
A101099,P11103,45,9,2025-07-10,2025-07-24,14,Scheduled,Infection,Follow-up Required
A101100,P14793,38,8,2025-02-24,2025-03-03,7,Emergency,Skin Disorder,Follow-up Required
A101101,P10811,13,3,2025-02-06,2025-02-13,7,Referral,ENT Infection,Recovered
A101102,P13764,15,3,2024-11-26,2024-11-28,2,Emergency,Hypertension,Transferred
A101103,P14569,2,1,2025-04-01,2025-04-09,8,Scheduled,Migraine,Follow-up Required
A101104,P10077,11,3,2025-04-27,2025-04-30,3,Referral,Asthma,Recovered
A101105,P12310,16,4,2025-05-12,2025-05-17,5,Referral,Fracture,Follow-up Required
A101106,P11026,18,4,2024-01-27,2024-01-31,4,Scheduled,ENT Infection,Recovered
A101107,P12065,34,7,2025-01-31,2025-02-03,3,Referral,Asthma,Transferred
A101108,P14440,10,2,2024-07-06,2024-07-09,3,Scheduled,Hypertension,Recovered
A101109,P12742,13,3,2024-05-19,2024-05-27,8,Emergency,Cancer,Recovered
A101110,P14942,32,7,2025-06-04,2025-06-11,7,Referral,Asthma,Recovered
A101111,P14000,8,2,2024-04-01,2024-04-05,4,Scheduled,ENT Infection,Follow-up Required
A101112,P13229,7,2,2024-03-17,2024-03-23,6,Emergency,Fracture,Transferred
A101113,P14270,48,10,2024-08-31,2024-09-14,14,Scheduled,Migraine,Recovered
A101114,P13559,17,4,2025-10-28,2025-11-01,4,Scheduled,Cancer,Follow-up Required
A101115,P10846,41,9,2025-12-30,2026-01-04,5,Referral,Diabetes,Recovered
A101116,P10693,27,6,2025-10-23,2025-10-28,5,Referral,Fracture,Recovered
A101117,P14049,8,2,2024-03-28,2024-04-09,12,Emergency,Infection,Recovered
A101118,P11333,29,6,2025-09-09,2025-09-12,3,Emergency,Diabetes,Recovered
A101119,P13038,37,8,2024-10-20,2024-11-09,20,Scheduled,Asthma,Recovered
A101120,P14333,27,6,2024-04-04,2024-04-07,3,Scheduled,Skin Disorder,Follow-up Required
A101121,P11275,37,8,2024-09-09,2024-09-11,2,Emergency,Diabetes,Recovered
A101122,P11245,24,5,2025-07-04,2025-07-06,2,Emergency,Fracture,Recovered
A101123,P10338,45,9,2025-02-02,2025-02-06,4,Emergency,ENT Infection,Recovered
A101124,P13295,16,4,2024-02-23,2024-02-28,5,Scheduled,ENT Infection,Recovered
A101125,P10337,26,6,2024-08-30,2024-09-03,4,Emergency,Migraine,Recovered
A101126,P11868,31,7,2024-04-19,2024-04-22,3,Emergency,ENT Infection,Recovered
A101127,P14006,27,6,2025-09-15,2025-09-20,5,Scheduled,Cancer,Recovered
A101128,P10495,26,6,2025-11-16,2025-11-24,8,Emergency,Migraine,Follow-up Required
A101129,P14643,43,9,2025-12-01,2025-12-09,8,Emergency,Migraine,Recovered
A101130,P13887,15,3,2024-08-08,2024-08-14,6,Referral,ENT Infection,Follow-up Required
A101131,P10161,49,10,2025-07-17,2025-07-29,12,Scheduled,Skin Disorder,Recovered
A101132,P12037,15,3,2024-06-10,2024-06-15,5,Emergency,ENT Infection,Recovered
A101133,P11742,23,5,2024-02-04,2024-02-05,1,Referral,Asthma,Follow-up Required
A101134,P11508,25,5,2024-02-06,2024-02-09,3,Emergency,Migraine,Recovered
A101135,P13561,44,9,2025-09-14,2025-09-17,3,Scheduled,Heart Disease,Transferred
A101136,P11376,4,1,2025-01-04,2025-01-09,5,Scheduled,Hypertension,Recovered
A101137,P11554,36,8,2024-06-25,2024-07-05,10,Scheduled,Asthma,Recovered
A101138,P12282,16,4,2025-06-04,2025-06-12,8,Scheduled,ENT Infection,Recovered
A101139,P11869,47,10,2024-10-01,2024-10-03,2,Emergency,Skin Disorder,Recovered
A101140,P11602,40,8,2025-09-24,2025-09-28,4,Scheduled,Fracture,Recovered
A101141,P13828,21,5,2024-04-14,2024-04-20,6,Scheduled,Cancer,Transferred
A101142,P13481,40,8,2024-06-04,2024-06-24,20,Scheduled,Diabetes,Recovered
A101143,P11300,43,9,2024-12-01,2024-12-02,1,Scheduled,Diabetes,Recovered
A101144,P10711,17,4,2024-01-26,2024-01-30,4,Scheduled,Fracture,Transferred
A101145,P14168,3,1,2024-10-22,2024-11-11,20,Scheduled,Diabetes,Recovered
A101146,P12047,7,2,2025-06-20,2025-07-04,14,Scheduled,Asthma,Recovered
A101147,P12882,12,3,2024-12-20,2024-12-23,3,Emergency,Cancer,Deceased
A101148,P11818,1,1,2024-03-09,2024-03-10,1,Referral,Heart Disease,Follow-up Required
A101149,P12199,43,9,2024-11-22,2024-11-27,5,Referral,Heart Disease,Transferred
A101150,P13333,37,8,2024-05-30,2024-06-07,8,Referral,Fracture,Recovered
A101151,P11104,6,2,2025-07-30,2025-08-02,3,Scheduled,Migraine,Recovered
A101152,P13178,46,10,2025-10-23,2025-11-04,12,Scheduled,Heart Disease,Recovered
A101153,P13595,49,10,2024-11-15,2024-11-18,3,Referral,Asthma,Follow-up Required
A101154,P13475,23,5,2025-03-27,2025-04-01,5,Emergency,Migraine,Transferred
A101155,P14816,25,5,2025-07-23,2025-07-29,6,Referral,Cancer,Recovered
A101156,P12178,25,5,2025-10-29,2025-11-01,3,Emergency,ENT Infection,Recovered
A101157,P11195,3,1,2024-04-21,2024-04-24,3,Emergency,Fracture,Recovered
A101158,P14502,4,1,2025-09-26,2025-09-30,4,Emergency,Asthma,Recovered
A101159,P10536,30,6,2025-04-06,2025-04-14,8,Scheduled,Skin Disorder,Recovered
A101160,P11070,33,7,2024-12-27,2024-12-29,2,Emergency,Asthma,Recovered
A101161,P14370,29,6,2024-07-21,2024-07-26,5,Emergency,ENT Infection,Recovered
A101162,P10133,4,1,2025-05-01,2025-05-07,6,Scheduled,Migraine,Transferred
A101163,P10264,14,3,2025-04-24,2025-04-29,5,Scheduled,Cancer,Recovered
A101164,P14463,21,5,2024-01-04,2024-01-16,12,Referral,Fracture,Recovered
A101165,P12053,7,2,2024-05-08,2024-05-13,5,Emergency,Asthma,Recovered
A101166,P14947,21,5,2024-01-26,2024-01-31,5,Emergency,Infection,Recovered
A101167,P14090,7,2,2024-01-27,2024-02-01,5,Emergency,ENT Infection,Recovered
A101168,P12848,1,1,2024-02-11,2024-02-17,6,Scheduled,Asthma,Follow-up Required
A101169,P10358,34,7,2025-08-05,2025-08-07,2,Scheduled,Cancer,Transferred
A101170,P14421,23,5,2024-03-04,2024-03-14,10,Emergency,Diabetes,Recovered
A101171,P10751,3,1,2024-01-25,2024-01-26,1,Scheduled,Migraine,Follow-up Required
A101172,P13251,18,4,2024-03-12,2024-03-17,5,Referral,Heart Disease,Recovered
A101173,P14352,43,9,2025-04-26,2025-05-01,5,Emergency,Fracture,Follow-up Required
A101174,P12259,12,3,2024-09-24,2024-09-26,2,Scheduled,ENT Infection,Recovered
A101175,P10911,14,3,2024-04-04,2024-04-05,1,Emergency,Cancer,Recovered
A101176,P13811,41,9,2025-01-29,2025-01-31,2,Emergency,Diabetes,Recovered
A101177,P10584,28,6,2024-12-29,2025-01-01,3,Emergency,Skin Disorder,Follow-up Required
A101178,P13439,42,9,2024-11-10,2024-11-18,8,Scheduled,Infection,Recovered
A101179,P10577,45,9,2024-04-26,2024-05-04,8,Scheduled,Hypertension,Recovered
A101180,P12577,24,5,2024-06-12,2024-06-13,1,Referral,Heart Disease,Follow-up Required
A101181,P11872,24,5,2025-07-30,2025-08-02,3,Referral,Cancer,Recovered
A101182,P11153,3,1,2024-11-01,2024-11-09,8,Scheduled,Diabetes,Follow-up Required
A101183,P14991,9,2,2024-07-18,2024-07-20,2,Emergency,ENT Infection,Recovered
A101184,P11784,24,5,2024-06-28,2024-07-18,20,Referral,Infection,Follow-up Required
A101185,P11094,2,1,2024-12-23,2024-12-26,3,Scheduled,Hypertension,Recovered
A101186,P12100,40,8,2024-09-08,2024-09-14,6,Scheduled,Heart Disease,Follow-up Required
A101187,P14533,28,6,2024-10-25,2024-10-29,4,Emergency,ENT Infection,Recovered
A101188,P12142,7,2,2025-03-05,2025-03-07,2,Scheduled,Diabetes,Follow-up Required
A101189,P12134,9,2,2024-01-04,2024-01-07,3,Referral,Diabetes,Recovered
A101190,P10518,45,9,2025-10-14,2025-10-20,6,Scheduled,ENT Infection,Recovered
A101191,P10742,39,8,2025-11-08,2025-11-11,3,Scheduled,Diabetes,Recovered
A101192,P12478,39,8,2024-09-10,2024-09-15,5,Scheduled,Fracture,Recovered
A101193,P14959,33,7,2025-10-26,2025-10-28,2,Scheduled,Asthma,Recovered
A101194,P12877,34,7,2025-08-01,2025-08-05,4,Referral,Hypertension,Follow-up Required
A101195,P10043,21,5,2025-07-20,2025-07-24,4,Scheduled,ENT Infection,Follow-up Required
A101196,P13442,29,6,2024-04-05,2024-04-09,4,Referral,Infection,Recovered
A101197,P10404,27,6,2024-06-15,2024-06-17,2,Referral,Infection,Recovered
A101198,P11327,17,4,2024-11-26,2024-11-30,4,Scheduled,Hypertension,Transferred
A101199,P12217,42,9,2024-03-02,2024-03-08,6,Emergency,ENT Infection,Transferred
A101200,P12150,47,10,2024-06-22,2024-07-06,14,Emergency,Skin Disorder,Recovered
A101201,P12394,48,10,2024-09-09,2024-09-16,7,Referral,Cancer,Recovered
A101202,P12651,23,5,2025-04-05,2025-04-07,2,Emergency,Diabetes,Recovered
A101203,P14538,45,9,2025-09-15,2025-09-18,3,Scheduled,Infection,Follow-up Required
A101204,P14346,21,5,2024-08-02,2024-08-03,1,Scheduled,Diabetes,Recovered
A101205,P10878,8,2,2024-08-26,2024-08-28,2,Emergency,Fracture,Deceased
A101206,P11887,9,2,2025-02-18,2025-02-21,3,Scheduled,Migraine,Recovered
A101207,P11304,33,7,2025-11-05,2025-11-07,2,Scheduled,ENT Infection,Recovered
A101208,P11741,4,1,2024-05-05,2024-05-07,2,Emergency,Heart Disease,Follow-up Required
A101209,P11113,18,4,2024-09-09,2024-09-11,2,Scheduled,Infection,Recovered
A101210,P13877,32,7,2025-12-11,2025-12-14,3,Scheduled,Infection,Recovered
A101211,P11899,30,6,2024-07-15,2024-07-17,2,Scheduled,Asthma,Recovered
A101212,P10248,25,5,2025-09-25,2025-09-28,3,Emergency,Infection,Recovered
A101213,P13261,33,7,2025-02-16,2025-02-22,6,Referral,Heart Disease,Transferred
A101214,P10568,35,7,2025-03-31,2025-04-02,2,Scheduled,Infection,Recovered
A101215,P13810,42,9,2024-02-23,2024-02-25,2,Scheduled,Infection,Recovered
A101216,P11189,34,7,2025-10-08,2025-10-09,1,Scheduled,Skin Disorder,Recovered
A101217,P12596,50,10,2024-12-04,2024-12-08,4,Referral,Diabetes,Recovered
A101218,P11354,2,1,2024-12-24,2025-01-01,8,Scheduled,Heart Disease,Recovered
A101219,P13613,13,3,2024-05-30,2024-05-31,1,Scheduled,Fracture,Recovered
A101220,P10981,41,9,2024-04-09,2024-04-14,5,Scheduled,Cancer,Recovered
A101221,P14966,23,5,2024-08-21,2024-08-27,6,Emergency,Hypertension,Recovered
A101222,P10169,23,5,2025-06-27,2025-07-02,5,Emergency,Diabetes,Recovered
A101223,P13165,31,7,2024-03-02,2024-03-10,8,Emergency,Diabetes,Recovered
A101224,P12672,2,1,2024-07-14,2024-07-22,8,Emergency,Diabetes,Recovered
A101225,P10379,2,1,2025-06-25,2025-06-26,1,Scheduled,Diabetes,Follow-up Required
A101226,P11933,5,1,2024-04-15,2024-04-18,3,Emergency,Infection,Follow-up Required
A101227,P10194,14,3,2024-10-21,2024-10-27,6,Referral,Asthma,Follow-up Required
A101228,P10264,23,5,2025-10-06,2025-10-18,12,Referral,Infection,Recovered
A101229,P11472,35,7,2025-03-26,2025-04-02,7,Scheduled,Asthma,Follow-up Required
A101230,P12016,46,10,2025-06-17,2025-06-19,2,Scheduled,ENT Infection,Recovered
A101231,P14617,1,1,2024-06-04,2024-06-07,3,Emergency,Hypertension,Recovered
A101232,P11301,41,9,2025-02-09,2025-02-16,7,Scheduled,Asthma,Recovered
A101233,P13201,48,10,2025-12-26,2025-12-30,4,Scheduled,Fracture,Recovered
A101234,P13374,49,10,2025-11-13,2025-11-18,5,Emergency,Skin Disorder,Recovered
A101235,P10574,40,8,2025-07-07,2025-07-12,5,Emergency,Asthma,Recovered
A101236,P11538,15,3,2025-07-25,2025-07-27,2,Scheduled,Skin Disorder,Transferred
A101237,P11384,30,6,2025-01-09,2025-01-17,8,Scheduled,Cancer,Recovered
A101238,P11381,21,5,2025-08-11,2025-08-19,8,Scheduled,Migraine,Recovered
A101239,P13538,8,2,2025-03-30,2025-04-03,4,Referral,ENT Infection,Recovered
A101240,P13160,7,2,2024-07-20,2024-07-25,5,Scheduled,Infection,Recovered
A101241,P11524,41,9,2025-03-27,2025-04-02,6,Emergency,Cancer,Recovered
A101242,P14992,34,7,2024-07-05,2024-07-07,2,Scheduled,Migraine,Recovered
A101243,P14613,42,9,2025-08-30,2025-09-01,2,Scheduled,Cancer,Recovered
A101244,P13933,37,8,2025-12-24,2025-12-25,1,Scheduled,ENT Infection,Follow-up Required
A101245,P13623,48,10,2025-01-02,2025-01-12,10,Referral,Skin Disorder,Recovered
A101246,P10896,32,7,2024-12-05,2024-12-08,3,Emergency,Migraine,Recovered
A101247,P13394,33,7,2024-09-18,2024-09-19,1,Emergency,Cancer,Transferred
A101248,P10465,6,2,2025-08-11,2025-08-15,4,Scheduled,Skin Disorder,Recovered
A101249,P11611,42,9,2025-06-26,2025-06-27,1,Emergency,Hypertension,Recovered
A101250,P10613,10,2,2025-07-04,2025-07-05,1,Scheduled,Infection,Recovered
A101251,P13213,26,6,2024-11-01,2024-11-05,4,Scheduled,Infection,Recovered
A101252,P10605,45,9,2025-12-26,2025-12-30,4,Emergency,Diabetes,Recovered
A101253,P10621,26,6,2025-09-29,2025-10-04,5,Scheduled,Diabetes,Follow-up Required
A101254,P12603,19,4,2024-06-13,2024-06-19,6,Scheduled,Cancer,Recovered
A101255,P12184,35,7,2025-09-12,2025-09-18,6,Emergency,Infection,Recovered
A101256,P13801,45,9,2024-03-28,2024-04-01,4,Scheduled,Heart Disease,Transferred
A101257,P10156,4,1,2024-07-18,2024-07-23,5,Scheduled,ENT Infection,Follow-up Required
A101258,P13354,25,5,2024-09-27,2024-09-30,3,Scheduled,Fracture,Recovered
A101259,P13912,8,2,2024-02-20,2024-02-24,4,Scheduled,Heart Disease,Recovered
A101260,P12918,12,3,2025-05-03,2025-05-07,4,Scheduled,Fracture,Follow-up Required
A101261,P13118,24,5,2024-07-16,2024-07-19,3,Emergency,ENT Infection,Follow-up Required
A101262,P12716,24,5,2024-01-23,2024-01-25,2,Scheduled,Migraine,Recovered
A101263,P14340,17,4,2025-10-26,2025-10-27,1,Scheduled,ENT Infection,Recovered
A101264,P10450,25,5,2024-08-10,2024-08-14,4,Scheduled,Hypertension,Recovered
A101265,P14850,33,7,2024-08-08,2024-08-13,5,Emergency,Asthma,Recovered
A101266,P14502,27,6,2025-10-24,2025-10-27,3,Emergency,Migraine,Transferred
A101267,P13962,2,1,2024-09-22,2024-10-06,14,Referral,Migraine,Recovered
A101268,P11070,9,2,2024-03-13,2024-03-18,5,Scheduled,Skin Disorder,Recovered
A101269,P14018,33,7,2024-03-17,2024-03-25,8,Scheduled,Heart Disease,Recovered
A101270,P14845,19,4,2025-06-27,2025-07-02,5,Scheduled,Heart Disease,Recovered
A101271,P13592,49,10,2025-03-10,2025-03-12,2,Scheduled,Skin Disorder,Recovered
A101272,P12820,5,1,2024-03-05,2024-03-19,14,Emergency,Cancer,Recovered
A101273,P12286,47,10,2024-12-22,2024-12-30,8,Emergency,Skin Disorder,Follow-up Required
A101274,P12036,20,4,2024-01-18,2024-01-22,4,Emergency,ENT Infection,Follow-up Required
A101275,P11191,24,5,2025-11-06,2025-11-09,3,Scheduled,ENT Infection,Recovered
A101276,P11400,31,7,2025-07-19,2025-07-21,2,Referral,Cancer,Follow-up Required
A101277,P13741,44,9,2025-07-28,2025-08-04,7,Scheduled,Infection,Recovered
A101278,P12249,4,1,2025-03-11,2025-03-12,1,Scheduled,Diabetes,Recovered
A101279,P12794,32,7,2025-03-16,2025-03-21,5,Emergency,Migraine,Deceased
A101280,P10724,47,10,2024-01-09,2024-01-14,5,Referral,ENT Infection,Recovered
A101281,P11442,35,7,2025-04-14,2025-04-16,2,Scheduled,Infection,Recovered
A101282,P14821,14,3,2025-09-23,2025-09-29,6,Scheduled,Migraine,Recovered
A101283,P10087,36,8,2024-12-13,2024-12-19,6,Scheduled,Hypertension,Transferred
A101284,P14150,6,2,2025-08-24,2025-08-27,3,Scheduled,ENT Infection,Recovered
A101285,P11752,17,4,2025-01-06,2025-01-10,4,Emergency,Asthma,Recovered
A101286,P13421,18,4,2024-06-23,2024-07-01,8,Emergency,Asthma,Recovered
A101287,P14838,8,2,2025-05-29,2025-06-02,4,Emergency,Asthma,Recovered
A101288,P12484,12,3,2024-05-09,2024-05-14,5,Scheduled,Heart Disease,Recovered
A101289,P13213,17,4,2025-07-19,2025-07-23,4,Referral,Hypertension,Recovered
A101290,P13923,31,7,2024-10-19,2024-10-21,2,Emergency,Infection,Recovered
A101291,P12490,1,1,2025-11-26,2025-12-16,20,Scheduled,Asthma,Recovered
A101292,P11487,11,3,2024-12-18,2024-12-23,5,Emergency,Migraine,Follow-up Required
A101293,P13528,42,9,2024-08-11,2024-08-14,3,Emergency,Heart Disease,Recovered
A101294,P10073,16,4,2025-06-07,2025-06-13,6,Scheduled,Asthma,Recovered
A101295,P10725,37,8,2025-12-07,2025-12-12,5,Scheduled,ENT Infection,Recovered
A101296,P13755,49,10,2025-05-23,2025-05-25,2,Emergency,Skin Disorder,Recovered
A101297,P12996,28,6,2025-01-02,2025-01-10,8,Scheduled,Cancer,Recovered
A101298,P14366,9,2,2025-10-27,2025-10-28,1,Emergency,Cancer,Follow-up Required
A101299,P10219,8,2,2025-08-12,2025-08-17,5,Scheduled,Cancer,Deceased
A101300,P10547,25,5,2025-10-13,2025-10-17,4,Scheduled,Hypertension,Recovered
A101301,P13730,10,2,2025-05-14,2025-05-17,3,Emergency,Infection,Follow-up Required
A101302,P11969,40,8,2024-03-30,2024-04-06,7,Scheduled,Hypertension,Follow-up Required
A101303,P14517,3,1,2025-10-17,2025-10-23,6,Emergency,Infection,Transferred
A101304,P11260,23,5,2024-03-12,2024-03-19,7,Emergency,Diabetes,Follow-up Required
A101305,P12934,23,5,2025-03-08,2025-03-12,4,Emergency,Heart Disease,Recovered
A101306,P12510,44,9,2025-11-19,2025-12-01,12,Scheduled,ENT Infection,Recovered
A101307,P14009,4,1,2024-12-13,2024-12-16,3,Emergency,Diabetes,Follow-up Required
A101308,P14073,50,10,2024-09-19,2024-09-24,5,Scheduled,ENT Infection,Recovered
A101309,P14681,23,5,2024-09-27,2024-10-09,12,Emergency,Hypertension,Recovered
A101310,P11563,9,2,2025-05-23,2025-05-24,1,Emergency,Migraine,Recovered
A101311,P12086,4,1,2025-05-22,2025-05-24,2,Referral,Cancer,Transferred
A101312,P11790,34,7,2025-09-08,2025-09-28,20,Scheduled,Asthma,Recovered
A101313,P13670,39,8,2025-02-23,2025-03-09,14,Emergency,Fracture,Recovered
A101314,P12482,18,4,2024-03-12,2024-03-19,7,Scheduled,ENT Infection,Recovered
A101315,P13431,34,7,2024-03-14,2024-03-18,4,Scheduled,Hypertension,Recovered
A101316,P10205,34,7,2025-10-16,2025-10-20,4,Emergency,ENT Infection,Recovered
A101317,P10742,42,9,2025-05-17,2025-05-20,3,Scheduled,Diabetes,Follow-up Required
A101318,P12889,3,1,2025-07-27,2025-07-31,4,Referral,Diabetes,Transferred
A101319,P13495,19,4,2024-05-25,2024-05-29,4,Scheduled,Heart Disease,Transferred
A101320,P14264,34,7,2024-02-15,2024-02-16,1,Scheduled,Diabetes,Recovered
A101321,P14738,26,6,2024-04-14,2024-04-18,4,Scheduled,Fracture,Recovered
A101322,P11106,35,7,2024-04-18,2024-04-22,4,Scheduled,Fracture,Transferred
A101323,P11824,41,9,2024-11-12,2024-11-18,6,Scheduled,Migraine,Follow-up Required
A101324,P12648,43,9,2024-04-30,2024-05-04,4,Scheduled,Skin Disorder,Follow-up Required
A101325,P14198,31,7,2025-05-13,2025-05-21,8,Scheduled,Heart Disease,Recovered
A101326,P10089,43,9,2024-02-12,2024-02-15,3,Emergency,Asthma,Recovered
A101327,P13382,27,6,2024-04-08,2024-04-12,4,Scheduled,ENT Infection,Follow-up Required
A101328,P14704,3,1,2025-12-06,2025-12-11,5,Scheduled,Fracture,Recovered
A101329,P13512,37,8,2024-11-06,2024-11-08,2,Emergency,Infection,Recovered
A101330,P12207,12,3,2024-08-01,2024-08-05,4,Scheduled,Fracture,Follow-up Required
A101331,P13186,47,10,2025-04-07,2025-04-13,6,Referral,Infection,Follow-up Required
A101332,P14382,23,5,2025-02-26,2025-03-02,4,Referral,Hypertension,Recovered
A101333,P10865,17,4,2025-01-23,2025-02-02,10,Scheduled,Skin Disorder,Recovered
A101334,P10055,16,4,2025-11-27,2025-12-02,5,Emergency,Hypertension,Follow-up Required
A101335,P14672,17,4,2024-04-21,2024-04-23,2,Scheduled,Migraine,Recovered
A101336,P12081,15,3,2024-09-28,2024-10-02,4,Emergency,Cancer,Transferred
A101337,P10558,26,6,2024-04-11,2024-04-18,7,Scheduled,Cancer,Follow-up Required
A101338,P14827,45,9,2024-07-28,2024-08-02,5,Scheduled,Asthma,Follow-up Required
A101339,P10993,2,1,2024-01-22,2024-01-30,8,Referral,Asthma,Recovered
A101340,P14897,17,4,2024-06-07,2024-06-13,6,Referral,Diabetes,Recovered
A101341,P14292,1,1,2024-12-08,2024-12-09,1,Emergency,Fracture,Recovered
A101342,P10448,30,6,2025-02-03,2025-02-05,2,Emergency,Cancer,Recovered
A101343,P11822,32,7,2025-03-29,2025-04-03,5,Referral,Diabetes,Recovered
A101344,P13820,30,6,2025-11-29,2025-12-01,2,Referral,Asthma,Recovered
A101345,P12973,42,9,2024-05-22,2024-05-27,5,Scheduled,Heart Disease,Recovered
A101346,P10092,4,1,2025-01-31,2025-02-07,7,Scheduled,Infection,Recovered
A101347,P10608,42,9,2025-06-19,2025-06-24,5,Scheduled,Skin Disorder,Recovered
A101348,P11252,44,9,2024-05-20,2024-05-24,4,Scheduled,Cancer,Recovered
A101349,P10286,32,7,2024-08-27,2024-09-01,5,Emergency,Cancer,Recovered
A101350,P12922,35,7,2024-10-18,2024-10-20,2,Scheduled,Skin Disorder,Transferred
A101351,P13307,1,1,2024-03-22,2024-03-28,6,Scheduled,Diabetes,Recovered
A101352,P10102,19,4,2025-07-13,2025-07-19,6,Emergency,Asthma,Recovered
A101353,P13836,33,7,2024-06-19,2024-06-23,4,Referral,Skin Disorder,Recovered
A101354,P14236,19,4,2025-08-02,2025-08-05,3,Emergency,Diabetes,Recovered
A101355,P14931,36,8,2025-06-09,2025-06-16,7,Scheduled,Skin Disorder,Recovered
A101356,P11679,27,6,2025-06-25,2025-06-29,4,Scheduled,Diabetes,Recovered
A101357,P13824,13,3,2024-04-19,2024-04-20,1,Scheduled,Skin Disorder,Deceased
A101358,P10535,27,6,2024-07-30,2024-08-09,10,Emergency,Hypertension,Recovered
A101359,P10016,46,10,2025-03-13,2025-03-20,7,Scheduled,Asthma,Follow-up Required
A101360,P10561,14,3,2024-11-17,2024-11-22,5,Emergency,Asthma,Transferred
A101361,P12926,24,5,2025-12-14,2025-12-18,4,Scheduled,Diabetes,Recovered
A101362,P12384,35,7,2024-03-24,2024-04-05,12,Emergency,Infection,Recovered
A101363,P10910,19,4,2025-01-10,2025-01-17,7,Emergency,ENT Infection,Recovered
A101364,P11414,25,5,2024-02-22,2024-02-27,5,Referral,Fracture,Follow-up Required
A101365,P10119,11,3,2025-05-10,2025-05-16,6,Scheduled,Fracture,Recovered
A101366,P14063,9,2,2024-09-12,2024-09-15,3,Emergency,Skin Disorder,Recovered
A101367,P13114,6,2,2025-08-08,2025-08-10,2,Referral,Diabetes,Follow-up Required
A101368,P13061,36,8,2024-08-07,2024-08-10,3,Emergency,Skin Disorder,Recovered
A101369,P11492,37,8,2025-10-16,2025-10-19,3,Emergency,Skin Disorder,Recovered
A101370,P12097,29,6,2024-04-09,2024-04-15,6,Emergency,Asthma,Recovered
A101371,P12255,9,2,2024-05-08,2024-05-10,2,Scheduled,ENT Infection,Recovered
A101372,P10514,33,7,2024-08-06,2024-08-13,7,Scheduled,Infection,Recovered
A101373,P11234,23,5,2025-04-21,2025-04-25,4,Emergency,Fracture,Recovered
A101374,P14133,15,3,2025-04-02,2025-04-05,3,Emergency,Hypertension,Recovered
A101375,P11480,11,3,2024-01-22,2024-01-25,3,Scheduled,Skin Disorder,Recovered
A101376,P13350,23,5,2025-11-20,2025-11-24,4,Scheduled,Skin Disorder,Deceased
A101377,P11541,26,6,2025-07-13,2025-07-16,3,Referral,Hypertension,Recovered
A101378,P10130,1,1,2025-09-20,2025-09-24,4,Scheduled,Fracture,Recovered
A101379,P13717,30,6,2024-11-24,2024-11-30,6,Scheduled,Infection,Recovered
A101380,P13744,17,4,2025-11-21,2025-11-26,5,Scheduled,Heart Disease,Transferred
A101381,P11772,47,10,2025-04-24,2025-04-30,6,Scheduled,Migraine,Recovered
A101382,P14455,46,10,2024-12-04,2024-12-10,6,Scheduled,Migraine,Recovered
A101383,P13076,41,9,2024-06-27,2024-07-04,7,Emergency,Cancer,Transferred
A101384,P10506,23,5,2025-02-24,2025-02-26,2,Scheduled,Skin Disorder,Transferred
A101385,P14914,36,8,2025-04-26,2025-05-16,20,Scheduled,Hypertension,Recovered
A101386,P14890,41,9,2024-02-18,2024-02-22,4,Emergency,Diabetes,Recovered
A101387,P10839,5,1,2024-01-30,2024-02-05,6,Scheduled,Migraine,Transferred
A101388,P13872,35,7,2024-03-25,2024-03-31,6,Scheduled,Hypertension,Recovered
A101389,P14719,50,10,2025-05-16,2025-05-21,5,Emergency,Asthma,Recovered
A101390,P12677,9,2,2025-06-29,2025-07-19,20,Emergency,Asthma,Follow-up Required
A101391,P10097,4,1,2024-11-24,2024-11-26,2,Emergency,Heart Disease,Recovered
A101392,P11964,7,2,2025-09-01,2025-09-05,4,Scheduled,Fracture,Recovered
A101393,P12867,1,1,2025-03-09,2025-03-11,2,Scheduled,Heart Disease,Recovered
A101394,P14027,16,4,2025-08-10,2025-08-12,2,Scheduled,Migraine,Follow-up Required
A101395,P10599,25,5,2025-11-17,2025-11-23,6,Emergency,Skin Disorder,Recovered
A101396,P12982,6,2,2024-09-05,2024-09-06,1,Scheduled,ENT Infection,Transferred
A101397,P13964,38,8,2024-05-13,2024-05-21,8,Emergency,Heart Disease,Recovered
A101398,P10429,14,3,2025-11-20,2025-11-25,5,Emergency,Diabetes,Recovered
A101399,P13782,37,8,2024-12-30,2025-01-03,4,Scheduled,Asthma,Recovered
A101400,P11325,11,3,2025-07-28,2025-07-31,3,Scheduled,ENT Infection,Recovered
A101401,P12591,1,1,2025-02-28,2025-03-02,2,Scheduled,Hypertension,Recovered
A101402,P12415,42,9,2025-02-18,2025-02-28,10,Emergency,Skin Disorder,Recovered
A101403,P11768,1,1,2025-10-17,2025-10-23,6,Scheduled,ENT Infection,Recovered
A101404,P11517,36,8,2025-05-26,2025-05-29,3,Scheduled,Heart Disease,Recovered
A101405,P11340,8,2,2025-01-19,2025-01-20,1,Scheduled,Heart Disease,Recovered
A101406,P14095,32,7,2025-01-22,2025-01-25,3,Emergency,Cancer,Recovered
A101407,P14660,33,7,2025-03-24,2025-03-26,2,Scheduled,Asthma,Recovered
A101408,P13404,8,2,2025-07-17,2025-07-24,7,Scheduled,Heart Disease,Recovered
A101409,P12547,14,3,2024-10-29,2024-11-04,6,Scheduled,Asthma,Recovered
A101410,P10977,24,5,2024-04-08,2024-04-12,4,Referral,Asthma,Recovered
A101411,P11615,49,10,2024-11-01,2024-11-09,8,Referral,Heart Disease,Recovered
A101412,P11585,41,9,2025-07-10,2025-07-12,2,Scheduled,Asthma,Recovered
A101413,P14062,29,6,2024-02-11,2024-02-15,4,Referral,ENT Infection,Recovered
A101414,P14652,25,5,2025-04-12,2025-04-18,6,Emergency,Cancer,Recovered
A101415,P11271,6,2,2025-03-15,2025-03-16,1,Emergency,Skin Disorder,Follow-up Required
A101416,P10219,1,1,2024-11-22,2024-11-25,3,Scheduled,Heart Disease,Follow-up Required
A101417,P10534,23,5,2025-07-22,2025-07-27,5,Referral,Diabetes,Recovered
A101418,P11496,41,9,2024-02-02,2024-02-05,3,Scheduled,ENT Infection,Recovered
A101419,P11374,33,7,2025-02-15,2025-02-19,4,Emergency,ENT Infection,Follow-up Required
A101420,P14140,14,3,2025-09-17,2025-09-22,5,Scheduled,Infection,Deceased
A101421,P13824,28,6,2024-04-23,2024-04-26,3,Emergency,Cancer,Recovered
A101422,P13950,29,6,2025-05-22,2025-05-24,2,Scheduled,Skin Disorder,Follow-up Required
A101423,P10065,43,9,2024-02-25,2024-02-27,2,Emergency,Hypertension,Recovered
A101424,P14342,40,8,2025-07-09,2025-07-13,4,Emergency,Hypertension,Recovered
A101425,P13143,23,5,2025-12-24,2025-12-26,2,Emergency,Hypertension,Recovered
A101426,P11725,44,9,2024-12-17,2024-12-25,8,Scheduled,Fracture,Recovered
A101427,P12206,38,8,2024-11-24,2024-12-02,8,Scheduled,Heart Disease,Recovered
A101428,P12986,49,10,2025-06-29,2025-07-02,3,Emergency,Infection,Recovered
A101429,P13914,43,9,2024-09-26,2024-10-04,8,Scheduled,Asthma,Follow-up Required
A101430,P11049,10,2,2024-07-14,2024-07-19,5,Scheduled,Heart Disease,Follow-up Required
A101431,P13655,27,6,2025-02-16,2025-02-18,2,Referral,Heart Disease,Recovered
A101432,P12873,8,2,2025-09-28,2025-10-03,5,Referral,Migraine,Recovered
A101433,P14256,44,9,2024-03-19,2024-03-25,6,Emergency,Fracture,Recovered
A101434,P11005,4,1,2025-10-18,2025-10-19,1,Emergency,Skin Disorder,Recovered
A101435,P12123,21,5,2024-03-23,2024-03-26,3,Emergency,Hypertension,Transferred
A101436,P14575,21,5,2024-05-16,2024-05-17,1,Scheduled,Hypertension,Recovered
A101437,P13982,30,6,2025-06-22,2025-06-25,3,Scheduled,Migraine,Recovered
A101438,P14483,13,3,2025-11-19,2025-11-22,3,Emergency,Cancer,Follow-up Required
A101439,P10472,3,1,2025-12-19,2025-12-24,5,Referral,Fracture,Follow-up Required
A101440,P13406,20,4,2024-11-01,2024-11-03,2,Scheduled,Skin Disorder,Recovered
A101441,P10309,36,8,2024-11-06,2024-11-07,1,Scheduled,Infection,Follow-up Required
A101442,P12935,40,8,2025-01-22,2025-01-25,3,Scheduled,Heart Disease,Transferred
A101443,P14797,5,1,2025-12-25,2026-01-01,7,Scheduled,Asthma,Recovered
A101444,P13048,22,5,2025-07-02,2025-07-06,4,Scheduled,Asthma,Recovered
A101445,P11922,2,1,2025-05-20,2025-05-24,4,Referral,Migraine,Recovered
A101446,P13000,25,5,2025-01-22,2025-01-26,4,Emergency,Cancer,Follow-up Required
A101447,P12018,40,8,2024-10-19,2024-10-26,7,Scheduled,Hypertension,Recovered
A101448,P14882,24,5,2024-06-27,2024-07-01,4,Emergency,ENT Infection,Recovered
A101449,P11479,5,1,2025-11-02,2025-11-03,1,Scheduled,Fracture,Recovered
A101450,P12353,16,4,2025-03-04,2025-03-06,2,Scheduled,Infection,Recovered
A101451,P14198,15,3,2025-06-07,2025-06-09,2,Emergency,Asthma,Follow-up Required
A101452,P14871,13,3,2025-11-11,2025-11-15,4,Emergency,Infection,Recovered
A101453,P13460,11,3,2024-11-07,2024-11-08,1,Emergency,Heart Disease,Follow-up Required
A101454,P13755,16,4,2024-03-20,2024-03-23,3,Scheduled,Heart Disease,Recovered
A101455,P11232,18,4,2024-01-14,2024-01-19,5,Scheduled,Hypertension,Deceased
A101456,P13121,25,5,2024-02-23,2024-02-26,3,Referral,Infection,Recovered
A101457,P10572,47,10,2025-03-22,2025-03-28,6,Emergency,Fracture,Recovered
A101458,P13590,38,8,2024-03-05,2024-03-09,4,Emergency,Skin Disorder,Follow-up Required
A101459,P10148,40,8,2025-01-06,2025-01-20,14,Scheduled,Migraine,Recovered
A101460,P13444,4,1,2025-05-17,2025-05-31,14,Emergency,Migraine,Recovered
A101461,P10597,48,10,2025-07-23,2025-07-30,7,Emergency,Skin Disorder,Transferred
A101462,P11071,21,5,2024-04-05,2024-04-17,12,Scheduled,Hypertension,Recovered
A101463,P13746,11,3,2025-06-16,2025-06-18,2,Referral,Asthma,Follow-up Required
A101464,P14251,34,7,2024-09-16,2024-09-23,7,Referral,Cancer,Recovered
A101465,P14326,30,6,2025-08-07,2025-08-10,3,Emergency,Hypertension,Follow-up Required
A101466,P13372,4,1,2024-09-04,2024-09-10,6,Emergency,ENT Infection,Recovered
A101467,P10158,14,3,2024-05-06,2024-05-09,3,Scheduled,Skin Disorder,Follow-up Required
A101468,P10923,11,3,2025-05-13,2025-05-16,3,Scheduled,Cancer,Recovered
A101469,P13319,4,1,2024-02-15,2024-02-27,12,Scheduled,Asthma,Recovered
A101470,P12347,26,6,2024-09-24,2024-09-26,2,Scheduled,Skin Disorder,Transferred
A101471,P14051,3,1,2025-10-01,2025-10-08,7,Emergency,Heart Disease,Recovered
A101472,P11247,37,8,2025-06-25,2025-07-01,6,Emergency,Fracture,Recovered
A101473,P10766,38,8,2024-04-03,2024-04-06,3,Referral,Heart Disease,Recovered
A101474,P13652,41,9,2024-11-11,2024-11-15,4,Scheduled,Migraine,Deceased
A101475,P12613,4,1,2025-09-03,2025-09-05,2,Scheduled,Hypertension,Recovered
A101476,P14563,26,6,2024-03-11,2024-03-21,10,Scheduled,Hypertension,Recovered
A101477,P13829,39,8,2025-08-15,2025-08-29,14,Scheduled,Diabetes,Follow-up Required
A101478,P14582,45,9,2025-03-24,2025-03-30,6,Emergency,Hypertension,Recovered
A101479,P10444,42,9,2025-01-01,2025-01-09,8,Scheduled,Heart Disease,Deceased
A101480,P10905,44,9,2025-09-11,2025-09-12,1,Scheduled,Diabetes,Recovered
A101481,P12911,42,9,2025-09-05,2025-09-08,3,Emergency,ENT Infection,Recovered
A101482,P13210,11,3,2025-02-13,2025-02-16,3,Emergency,Infection,Recovered
A101483,P11802,11,3,2024-03-31,2024-04-05,5,Scheduled,Cancer,Recovered
A101484,P10926,38,8,2025-05-23,2025-05-25,2,Scheduled,Diabetes,Follow-up Required
A101485,P13722,38,8,2025-06-11,2025-06-16,5,Scheduled,Fracture,Recovered
A101486,P14388,20,4,2024-04-19,2024-04-25,6,Scheduled,Cancer,Recovered
A101487,P10752,26,6,2025-11-02,2025-11-04,2,Scheduled,ENT Infection,Recovered
A101488,P11235,38,8,2024-03-29,2024-03-31,2,Scheduled,Hypertension,Recovered
A101489,P12923,12,3,2025-08-29,2025-08-30,1,Scheduled,Cancer,Recovered
A101490,P10663,29,6,2024-09-28,2024-10-05,7,Emergency,Cancer,Recovered
A101491,P13196,14,3,2024-09-03,2024-09-06,3,Emergency,Diabetes,Transferred
A101492,P11585,50,10,2024-12-26,2024-12-28,2,Scheduled,Heart Disease,Recovered
A101493,P10920,25,5,2025-01-12,2025-01-19,7,Scheduled,Skin Disorder,Transferred
A101494,P14220,42,9,2024-07-24,2024-07-26,2,Referral,ENT Infection,Transferred
A101495,P10068,42,9,2024-12-10,2024-12-14,4,Scheduled,Migraine,Recovered
A101496,P14571,39,8,2025-03-30,2025-04-05,6,Scheduled,Infection,Recovered
A101497,P14454,26,6,2024-03-07,2024-03-12,5,Emergency,Migraine,Recovered
A101498,P11767,10,2,2025-07-11,2025-07-16,5,Scheduled,ENT Infection,Deceased
A101499,P11954,14,3,2024-02-12,2024-02-14,2,Emergency,Diabetes,Transferred
A101500,P12569,5,1,2024-08-16,2024-08-18,2,Scheduled,Diabetes,Transferred
A101501,P13709,22,5,2025-03-19,2025-03-24,5,Emergency,Hypertension,Deceased
A101502,P14929,11,3,2024-08-21,2024-08-22,1,Emergency,Asthma,Recovered
A101503,P12672,29,6,2024-07-17,2024-07-25,8,Scheduled,Infection,Recovered
A101504,P13400,7,2,2025-05-11,2025-05-14,3,Emergency,Migraine,Follow-up Required
A101505,P11354,18,4,2024-02-01,2024-02-05,4,Scheduled,Heart Disease,Recovered
A101506,P10443,31,7,2024-09-20,2024-09-23,3,Scheduled,ENT Infection,Recovered
A101507,P10601,43,9,2024-04-22,2024-04-30,8,Scheduled,ENT Infection,Recovered
A101508,P13167,20,4,2025-04-03,2025-04-08,5,Emergency,Skin Disorder,Recovered
A101509,P13943,35,7,2024-10-02,2024-10-06,4,Emergency,Cancer,Recovered
A101510,P12810,7,2,2024-05-25,2024-05-30,5,Scheduled,Diabetes,Recovered
A101511,P13389,30,6,2024-12-22,2024-12-25,3,Emergency,Heart Disease,Recovered
A101512,P14583,4,1,2024-01-06,2024-01-10,4,Referral,Infection,Recovered
A101513,P12787,30,6,2024-12-05,2024-12-08,3,Emergency,Skin Disorder,Recovered
A101514,P12696,30,6,2025-05-08,2025-05-12,4,Scheduled,Diabetes,Follow-up Required
A101515,P13649,30,6,2024-04-17,2024-04-20,3,Emergency,ENT Infection,Follow-up Required
A101516,P12053,18,4,2024-03-11,2024-03-12,1,Scheduled,Infection,Recovered
A101517,P10632,43,9,2024-12-05,2024-12-06,1,Referral,Cancer,Recovered
A101518,P13443,46,10,2025-11-04,2025-11-06,2,Scheduled,Asthma,Recovered
A101519,P11755,10,2,2024-04-09,2024-04-12,3,Scheduled,Asthma,Follow-up Required
A101520,P13034,14,3,2024-11-22,2024-12-02,10,Emergency,Cancer,Recovered
A101521,P11579,36,8,2024-02-02,2024-02-07,5,Referral,Heart Disease,Recovered
A101522,P10026,23,5,2024-05-22,2024-06-03,12,Scheduled,Cancer,Recovered
A101523,P12210,12,3,2024-08-31,2024-09-03,3,Emergency,ENT Infection,Recovered
A101524,P12903,12,3,2025-12-26,2025-12-30,4,Emergency,Hypertension,Transferred
A101525,P11130,34,7,2025-09-23,2025-09-29,6,Emergency,Diabetes,Recovered
A101526,P14997,26,6,2025-11-10,2025-11-15,5,Emergency,Asthma,Recovered
A101527,P14105,6,2,2024-08-04,2024-08-08,4,Referral,Diabetes,Recovered
A101528,P14146,37,8,2025-03-09,2025-03-14,5,Scheduled,ENT Infection,Recovered
A101529,P10442,15,3,2025-12-29,2026-01-03,5,Emergency,Diabetes,Recovered
A101530,P13896,42,9,2024-02-23,2024-03-01,7,Scheduled,Heart Disease,Recovered
A101531,P14798,39,8,2025-12-20,2025-12-26,6,Scheduled,Heart Disease,Recovered
A101532,P14850,19,4,2025-08-14,2025-08-26,12,Emergency,Fracture,Recovered
A101533,P11829,40,8,2024-05-30,2024-06-11,12,Emergency,Skin Disorder,Follow-up Required
A101534,P11536,47,10,2024-02-24,2024-02-28,4,Emergency,Skin Disorder,Recovered
A101535,P14326,23,5,2025-05-31,2025-06-01,1,Scheduled,Diabetes,Recovered
A101536,P10560,36,8,2025-03-23,2025-03-24,1,Scheduled,Diabetes,Transferred
A101537,P11174,13,3,2024-02-04,2024-02-06,2,Referral,Asthma,Recovered
A101538,P11879,31,7,2024-04-28,2024-04-29,1,Scheduled,Migraine,Recovered
A101539,P12256,37,8,2024-07-15,2024-07-18,3,Scheduled,Migraine,Follow-up Required
A101540,P11085,26,6,2025-07-19,2025-07-20,1,Referral,Infection,Recovered
A101541,P13915,43,9,2025-05-28,2025-06-02,5,Scheduled,Skin Disorder,Transferred
A101542,P10239,48,10,2025-08-16,2025-08-18,2,Scheduled,Hypertension,Follow-up Required
A101543,P12915,18,4,2025-02-25,2025-03-01,4,Scheduled,Migraine,Recovered
A101544,P12096,47,10,2025-05-31,2025-06-02,2,Scheduled,Migraine,Recovered
A101545,P11472,33,7,2025-11-16,2025-11-23,7,Scheduled,Migraine,Recovered
A101546,P12046,40,8,2024-05-18,2024-05-25,7,Scheduled,Skin Disorder,Recovered
A101547,P14613,32,7,2025-12-05,2025-12-08,3,Scheduled,Asthma,Recovered
A101548,P13684,4,1,2025-10-11,2025-10-21,10,Scheduled,Cancer,Recovered
A101549,P10205,41,9,2025-09-19,2025-09-21,2,Referral,Cancer,Recovered
A101550,P13601,19,4,2024-02-13,2024-02-20,7,Scheduled,Asthma,Follow-up Required
A101551,P12138,7,2,2024-08-06,2024-08-11,5,Emergency,Asthma,Recovered
A101552,P11214,47,10,2025-07-21,2025-07-24,3,Scheduled,ENT Infection,Recovered
A101553,P13835,35,7,2024-09-14,2024-09-15,1,Referral,Cancer,Recovered
A101554,P13092,26,6,2025-05-27,2025-05-29,2,Scheduled,Hypertension,Follow-up Required
A101555,P11383,44,9,2025-01-11,2025-01-19,8,Emergency,Skin Disorder,Recovered
A101556,P13681,23,5,2024-10-15,2024-10-20,5,Referral,Skin Disorder,Recovered
A101557,P11680,34,7,2025-04-14,2025-04-16,2,Emergency,Cancer,Recovered
A101558,P10007,7,2,2024-04-12,2024-04-16,4,Referral,Fracture,Recovered
A101559,P11886,11,3,2024-05-28,2024-05-30,2,Emergency,Hypertension,Recovered
A101560,P13499,8,2,2024-03-24,2024-03-25,1,Referral,Diabetes,Recovered
A101561,P10296,13,3,2024-01-26,2024-02-05,10,Emergency,Hypertension,Recovered
A101562,P10264,32,7,2024-06-23,2024-06-27,4,Scheduled,Heart Disease,Recovered
A101563,P12138,41,9,2025-10-02,2025-10-05,3,Scheduled,Skin Disorder,Follow-up Required
A101564,P14949,34,7,2025-02-25,2025-03-09,12,Scheduled,Asthma,Recovered
A101565,P13866,18,4,2025-10-15,2025-10-19,4,Scheduled,Migraine,Follow-up Required
A101566,P14497,15,3,2024-12-11,2024-12-14,3,Scheduled,Cancer,Recovered
A101567,P14453,43,9,2024-10-28,2024-10-31,3,Emergency,ENT Infection,Follow-up Required
A101568,P12547,24,5,2024-10-24,2024-10-29,5,Scheduled,Heart Disease,Recovered
A101569,P14930,47,10,2024-05-14,2024-05-19,5,Scheduled,ENT Infection,Recovered
A101570,P14531,21,5,2024-02-24,2024-02-25,1,Scheduled,Heart Disease,Recovered
A101571,P10119,18,4,2024-02-25,2024-03-02,6,Emergency,Migraine,Follow-up Required
A101572,P12396,14,3,2025-01-08,2025-01-15,7,Emergency,Hypertension,Recovered
A101573,P13368,19,4,2025-08-10,2025-08-15,5,Scheduled,Infection,Follow-up Required
A101574,P11703,13,3,2024-12-04,2024-12-12,8,Scheduled,Heart Disease,Follow-up Required
A101575,P10530,16,4,2025-04-01,2025-04-04,3,Referral,Diabetes,Follow-up Required
A101576,P13675,2,1,2024-12-20,2024-12-22,2,Emergency,Infection,Follow-up Required
A101577,P10303,34,7,2024-05-11,2024-05-17,6,Referral,Hypertension,Recovered
A101578,P14068,49,10,2025-05-07,2025-05-09,2,Referral,Hypertension,Deceased
A101579,P14252,26,6,2025-07-07,2025-07-08,1,Emergency,Skin Disorder,Follow-up Required
A101580,P13969,22,5,2024-04-19,2024-04-20,1,Scheduled,Infection,Recovered
A101581,P10014,20,4,2025-08-04,2025-08-11,7,Scheduled,Heart Disease,Follow-up Required
A101582,P12804,29,6,2024-05-05,2024-05-06,1,Scheduled,Migraine,Follow-up Required
A101583,P10889,18,4,2024-10-22,2024-10-25,3,Scheduled,Diabetes,Follow-up Required
A101584,P13529,29,6,2024-06-27,2024-06-29,2,Scheduled,Migraine,Recovered
A101585,P11197,42,9,2024-07-15,2024-07-22,7,Emergency,Skin Disorder,Recovered
A101586,P14541,44,9,2024-04-10,2024-04-14,4,Emergency,ENT Infection,Follow-up Required
A101587,P12170,27,6,2025-07-26,2025-07-28,2,Emergency,Migraine,Follow-up Required
A101588,P13569,35,7,2024-07-01,2024-07-08,7,Scheduled,Hypertension,Recovered
A101589,P12232,29,6,2024-01-09,2024-01-16,7,Emergency,Cancer,Recovered
A101590,P11844,6,2,2025-02-16,2025-02-20,4,Referral,Asthma,Transferred
A101591,P13652,37,8,2025-12-18,2025-12-21,3,Scheduled,Diabetes,Recovered
A101592,P13877,25,5,2025-07-19,2025-07-24,5,Scheduled,Asthma,Follow-up Required
A101593,P12719,21,5,2025-11-22,2025-12-04,12,Referral,Skin Disorder,Recovered
A101594,P10049,31,7,2024-04-13,2024-04-14,1,Emergency,Heart Disease,Recovered
A101595,P10181,40,8,2024-05-05,2024-05-08,3,Emergency,Migraine,Recovered
A101596,P13879,50,10,2025-06-29,2025-07-02,3,Referral,Infection,Follow-up Required
A101597,P11418,16,4,2025-11-07,2025-11-12,5,Scheduled,ENT Infection,Deceased
A101598,P13465,14,3,2024-09-26,2024-10-02,6,Emergency,Diabetes,Recovered
A101599,P13420,6,2,2025-04-10,2025-04-12,2,Emergency,Hypertension,Follow-up Required
A101600,P10530,11,3,2024-04-27,2024-04-29,2,Referral,Migraine,Recovered
A101601,P14680,27,6,2024-04-01,2024-04-11,10,Scheduled,Fracture,Recovered
A101602,P11287,38,8,2025-09-03,2025-09-10,7,Emergency,Skin Disorder,Follow-up Required
A101603,P12191,5,1,2025-04-29,2025-05-11,12,Referral,ENT Infection,Recovered
A101604,P10707,15,3,2024-03-27,2024-04-03,7,Scheduled,Fracture,Follow-up Required
A101605,P13218,38,8,2024-08-21,2024-08-25,4,Referral,Infection,Recovered
A101606,P10294,16,4,2024-05-03,2024-05-05,2,Emergency,Migraine,Follow-up Required
A101607,P11562,18,4,2024-07-21,2024-07-26,5,Scheduled,Migraine,Recovered
A101608,P14518,33,7,2024-02-01,2024-02-04,3,Emergency,Asthma,Recovered
A101609,P12612,35,7,2024-12-22,2024-12-26,4,Scheduled,Cancer,Recovered
A101610,P10661,24,5,2025-04-07,2025-04-11,4,Emergency,Fracture,Recovered
A101611,P13179,35,7,2025-07-04,2025-07-16,12,Emergency,Skin Disorder,Recovered
A101612,P13390,7,2,2024-04-03,2024-04-04,1,Emergency,Asthma,Recovered
A101613,P12107,14,3,2025-06-05,2025-06-07,2,Emergency,Cancer,Recovered
A101614,P13064,50,10,2025-12-27,2026-01-01,5,Referral,Fracture,Recovered
A101615,P12841,30,6,2025-02-11,2025-02-19,8,Emergency,Skin Disorder,Follow-up Required
A101616,P13497,24,5,2024-04-09,2024-04-19,10,Scheduled,Skin Disorder,Transferred
A101617,P12579,15,3,2024-08-31,2024-09-05,5,Scheduled,Hypertension,Recovered
A101618,P12052,13,3,2024-02-27,2024-02-28,1,Scheduled,Hypertension,Recovered
A101619,P12410,19,4,2024-12-22,2024-12-25,3,Scheduled,Infection,Transferred
A101620,P12954,29,6,2025-05-05,2025-05-15,10,Scheduled,Heart Disease,Transferred
A101621,P10369,22,5,2024-11-15,2024-11-19,4,Referral,Infection,Recovered
A101622,P10539,2,1,2024-01-19,2024-01-25,6,Scheduled,Hypertension,Recovered
A101623,P12928,39,8,2024-12-22,2024-12-25,3,Referral,Hypertension,Follow-up Required
A101624,P12394,13,3,2024-04-26,2024-04-27,1,Scheduled,Infection,Follow-up Required
A101625,P10731,36,8,2024-05-15,2024-05-20,5,Scheduled,Fracture,Recovered
A101626,P10897,38,8,2024-10-22,2024-10-30,8,Scheduled,Diabetes,Recovered
A101627,P14660,18,4,2025-06-08,2025-06-28,20,Emergency,Migraine,Recovered
A101628,P12369,15,3,2024-04-10,2024-04-18,8,Emergency,Migraine,Follow-up Required
A101629,P14560,35,7,2025-01-14,2025-01-19,5,Scheduled,Fracture,Recovered
A101630,P12681,17,4,2024-06-03,2024-06-08,5,Emergency,Skin Disorder,Recovered
A101631,P12381,48,10,2025-08-16,2025-08-23,7,Scheduled,Diabetes,Recovered
A101632,P10015,13,3,2025-08-22,2025-08-23,1,Emergency,Fracture,Follow-up Required
A101633,P13129,22,5,2024-04-14,2024-04-26,12,Scheduled,Diabetes,Recovered
A101634,P11354,40,8,2025-10-03,2025-10-08,5,Referral,ENT Infection,Recovered
A101635,P13136,21,5,2025-06-09,2025-06-21,12,Scheduled,Fracture,Recovered
A101636,P12278,26,6,2024-05-07,2024-05-14,7,Emergency,Asthma,Follow-up Required
A101637,P10011,46,10,2025-02-04,2025-02-06,2,Emergency,Migraine,Follow-up Required
A101638,P11657,4,1,2025-07-25,2025-07-27,2,Referral,ENT Infection,Follow-up Required
A101639,P11248,7,2,2025-06-12,2025-06-15,3,Referral,ENT Infection,Recovered
A101640,P11661,10,2,2025-07-10,2025-07-13,3,Referral,Asthma,Recovered
A101641,P11764,15,3,2025-07-03,2025-07-07,4,Emergency,Diabetes,Recovered
A101642,P10542,26,6,2024-05-03,2024-05-08,5,Scheduled,Hypertension,Recovered
A101643,P11530,16,4,2024-12-25,2024-12-29,4,Referral,Migraine,Recovered
A101644,P11181,40,8,2024-03-04,2024-03-05,1,Emergency,Heart Disease,Follow-up Required
A101645,P12689,34,7,2025-09-15,2025-09-29,14,Emergency,Heart Disease,Recovered
A101646,P12618,17,4,2024-04-11,2024-04-15,4,Emergency,ENT Infection,Recovered
A101647,P12755,38,8,2025-07-14,2025-07-22,8,Referral,Migraine,Recovered
A101648,P10929,16,4,2024-10-03,2024-10-04,1,Scheduled,Heart Disease,Recovered
A101649,P11427,34,7,2024-08-14,2024-08-21,7,Referral,Asthma,Recovered
A101650,P13660,29,6,2024-01-23,2024-01-25,2,Emergency,Infection,Recovered
A101651,P12234,18,4,2025-11-27,2025-12-03,6,Scheduled,Asthma,Recovered
A101652,P13910,11,3,2024-03-04,2024-03-10,6,Emergency,ENT Infection,Recovered
A101653,P14991,12,3,2024-06-05,2024-06-15,10,Emergency,Cancer,Recovered
A101654,P12062,37,8,2025-01-24,2025-01-27,3,Scheduled,Fracture,Follow-up Required
A101655,P14098,2,1,2024-05-28,2024-05-30,2,Scheduled,Asthma,Follow-up Required
A101656,P12564,18,4,2024-12-28,2025-01-05,8,Scheduled,Heart Disease,Follow-up Required
A101657,P12804,38,8,2025-11-11,2025-11-14,3,Referral,ENT Infection,Transferred
A101658,P12294,33,7,2025-04-08,2025-04-10,2,Emergency,Infection,Recovered
A101659,P11626,9,2,2025-10-06,2025-10-10,4,Emergency,Asthma,Recovered
A101660,P10572,15,3,2025-02-02,2025-02-04,2,Scheduled,Asthma,Recovered
A101661,P14532,28,6,2025-02-08,2025-02-11,3,Referral,Heart Disease,Transferred
A101662,P12401,8,2,2024-05-11,2024-05-14,3,Scheduled,Hypertension,Recovered
A101663,P11712,46,10,2024-07-15,2024-07-18,3,Scheduled,Diabetes,Follow-up Required
A101664,P10383,36,8,2025-10-08,2025-10-12,4,Scheduled,ENT Infection,Recovered
A101665,P11084,39,8,2024-02-04,2024-02-07,3,Emergency,ENT Infection,Recovered
A101666,P11950,8,2,2025-02-23,2025-03-02,7,Emergency,Heart Disease,Follow-up Required
A101667,P12518,42,9,2025-01-11,2025-01-21,10,Scheduled,Hypertension,Recovered
A101668,P14170,50,10,2025-02-02,2025-02-04,2,Referral,Cancer,Recovered
A101669,P13498,50,10,2024-08-07,2024-08-14,7,Scheduled,Skin Disorder,Follow-up Required
A101670,P13315,19,4,2025-11-27,2025-12-09,12,Scheduled,Infection,Recovered
A101671,P14931,4,1,2025-05-31,2025-06-06,6,Scheduled,Infection,Recovered
A101672,P12676,27,6,2025-08-05,2025-08-25,20,Scheduled,Heart Disease,Recovered
A101673,P13395,13,3,2024-12-07,2024-12-10,3,Referral,Skin Disorder,Recovered
A101674,P11204,38,8,2025-02-19,2025-02-27,8,Scheduled,Skin Disorder,Recovered
A101675,P10774,21,5,2025-03-31,2025-04-06,6,Emergency,Migraine,Transferred
A101676,P13057,26,6,2024-10-23,2024-10-26,3,Scheduled,Infection,Recovered
A101677,P12314,45,9,2024-11-26,2024-12-02,6,Scheduled,Hypertension,Recovered
A101678,P12598,23,5,2025-12-05,2025-12-09,4,Scheduled,Asthma,Recovered
A101679,P11404,30,6,2025-11-10,2025-11-12,2,Referral,ENT Infection,Recovered
A101680,P14173,31,7,2024-12-04,2024-12-06,2,Emergency,Hypertension,Recovered
A101681,P13062,31,7,2024-10-24,2024-10-30,6,Scheduled,ENT Infection,Recovered
A101682,P13326,16,4,2025-11-07,2025-11-13,6,Scheduled,Asthma,Recovered
A101683,P11404,42,9,2024-11-07,2024-11-12,5,Emergency,Asthma,Follow-up Required
A101684,P13321,41,9,2025-08-05,2025-08-09,4,Referral,Infection,Recovered
A101685,P10870,7,2,2024-02-24,2024-02-26,2,Scheduled,Infection,Recovered
A101686,P11084,17,4,2025-11-24,2025-11-28,4,Scheduled,ENT Infection,Follow-up Required
A101687,P10974,24,5,2025-06-17,2025-06-25,8,Referral,Heart Disease,Follow-up Required
A101688,P11226,20,4,2024-04-14,2024-04-22,8,Emergency,Infection,Recovered
A101689,P11803,39,8,2024-06-23,2024-06-29,6,Scheduled,ENT Infection,Recovered
A101690,P12965,27,6,2024-10-20,2024-11-09,20,Scheduled,Diabetes,Recovered
A101691,P11189,2,1,2025-07-04,2025-07-14,10,Referral,Diabetes,Recovered
A101692,P13444,1,1,2025-01-09,2025-01-11,2,Scheduled,Hypertension,Recovered
A101693,P13935,34,7,2025-03-25,2025-03-29,4,Scheduled,Diabetes,Recovered
A101694,P14410,27,6,2025-03-20,2025-03-22,2,Emergency,Diabetes,Transferred
A101695,P11322,37,8,2024-02-29,2024-03-04,4,Referral,Skin Disorder,Follow-up Required
A101696,P12024,50,10,2025-01-26,2025-02-02,7,Scheduled,Heart Disease,Recovered
A101697,P14732,6,2,2025-01-24,2025-01-26,2,Scheduled,Hypertension,Recovered
A101698,P14513,38,8,2024-07-30,2024-08-07,8,Emergency,Diabetes,Recovered
A101699,P10439,27,6,2025-10-28,2025-11-02,5,Scheduled,ENT Infection,Recovered
A101700,P10165,48,10,2025-11-15,2025-11-21,6,Emergency,Cancer,Recovered
A101701,P13338,16,4,2025-06-18,2025-06-19,1,Referral,ENT Infection,Recovered
A101702,P13351,35,7,2024-08-27,2024-08-28,1,Referral,Diabetes,Transferred
A101703,P10988,27,6,2025-05-02,2025-05-07,5,Emergency,Fracture,Follow-up Required
A101704,P12530,35,7,2025-12-21,2025-12-29,8,Scheduled,Skin Disorder,Recovered
A101705,P14613,36,8,2024-05-01,2024-05-09,8,Scheduled,Skin Disorder,Recovered
A101706,P14178,38,8,2024-09-09,2024-09-15,6,Referral,Infection,Recovered
A101707,P14215,28,6,2024-05-20,2024-05-22,2,Scheduled,Hypertension,Recovered
A101708,P13846,3,1,2025-03-27,2025-03-29,2,Referral,ENT Infection,Follow-up Required
A101709,P11327,41,9,2024-06-01,2024-06-09,8,Scheduled,Migraine,Recovered
A101710,P13287,31,7,2025-12-26,2025-12-28,2,Emergency,Migraine,Recovered
A101711,P10028,3,1,2024-11-03,2024-11-09,6,Scheduled,Diabetes,Recovered
A101712,P12025,38,8,2025-07-13,2025-07-18,5,Scheduled,Infection,Recovered
A101713,P14594,24,5,2024-11-12,2024-11-16,4,Emergency,Hypertension,Recovered
A101714,P10194,26,6,2025-06-12,2025-06-16,4,Emergency,Hypertension,Transferred
A101715,P10592,41,9,2024-10-22,2024-11-03,12,Referral,ENT Infection,Recovered
A101716,P12490,47,10,2024-12-10,2024-12-18,8,Scheduled,Hypertension,Follow-up Required
A101717,P11858,28,6,2025-08-03,2025-08-11,8,Emergency,ENT Infection,Recovered
A101718,P10113,9,2,2025-08-19,2025-08-23,4,Referral,Infection,Recovered
A101719,P11318,37,8,2024-10-08,2024-10-10,2,Emergency,Fracture,Recovered
A101720,P11738,27,6,2024-07-26,2024-08-15,20,Emergency,Fracture,Recovered
A101721,P12062,48,10,2025-07-05,2025-07-07,2,Scheduled,Skin Disorder,Recovered
A101722,P11691,3,1,2024-04-05,2024-04-09,4,Referral,Fracture,Recovered
A101723,P13669,41,9,2025-03-27,2025-03-30,3,Scheduled,Cancer,Recovered
A101724,P11395,49,10,2025-01-07,2025-01-11,4,Scheduled,Hypertension,Recovered
A101725,P13169,28,6,2025-10-09,2025-10-12,3,Emergency,Heart Disease,Follow-up Required
A101726,P13560,32,7,2024-03-13,2024-03-23,10,Scheduled,Hypertension,Recovered
A101727,P12237,35,7,2025-11-11,2025-11-25,14,Scheduled,Hypertension,Follow-up Required
A101728,P13884,7,2,2024-11-28,2024-12-02,4,Referral,Heart Disease,Follow-up Required
A101729,P13252,7,2,2025-01-27,2025-01-28,1,Scheduled,Fracture,Recovered
A101730,P13933,21,5,2025-12-10,2025-12-16,6,Emergency,Asthma,Recovered
A101731,P13015,32,7,2024-04-15,2024-04-18,3,Scheduled,Heart Disease,Follow-up Required
A101732,P13487,38,8,2024-04-10,2024-04-30,20,Emergency,Cancer,Recovered
A101733,P11129,20,4,2024-12-24,2024-12-25,1,Referral,Cancer,Follow-up Required
A101734,P11697,8,2,2024-11-24,2024-11-26,2,Emergency,Heart Disease,Recovered
A101735,P10133,4,1,2025-09-09,2025-09-15,6,Emergency,Heart Disease,Recovered
A101736,P14666,26,6,2025-01-29,2025-02-05,7,Scheduled,Asthma,Recovered
A101737,P14221,15,3,2024-02-04,2024-02-08,4,Emergency,Hypertension,Deceased
A101738,P13540,6,2,2024-06-05,2024-06-08,3,Emergency,Hypertension,Recovered
A101739,P12989,48,10,2024-09-29,2024-10-02,3,Scheduled,Migraine,Follow-up Required
A101740,P14303,32,7,2025-01-30,2025-02-02,3,Scheduled,ENT Infection,Recovered
A101741,P13294,5,1,2024-07-25,2024-07-27,2,Scheduled,Infection,Recovered
A101742,P10312,44,9,2025-08-27,2025-09-04,8,Referral,Hypertension,Recovered
A101743,P12430,46,10,2025-09-12,2025-09-13,1,Scheduled,Diabetes,Recovered
A101744,P11786,6,2,2024-11-01,2024-11-05,4,Referral,Skin Disorder,Recovered
A101745,P14392,3,1,2025-09-17,2025-09-23,6,Emergency,Hypertension,Transferred
A101746,P10402,29,6,2025-06-19,2025-06-20,1,Emergency,Heart Disease,Follow-up Required
A101747,P11597,19,4,2025-04-06,2025-04-14,8,Scheduled,Cancer,Recovered
A101748,P10122,10,2,2024-09-08,2024-09-14,6,Emergency,Diabetes,Follow-up Required
A101749,P10751,7,2,2024-09-23,2024-09-24,1,Emergency,ENT Infection,Recovered
A101750,P10106,45,9,2024-07-27,2024-08-06,10,Referral,Infection,Deceased
A101751,P11060,1,1,2025-07-20,2025-07-24,4,Scheduled,Diabetes,Recovered
A101752,P14168,1,1,2025-06-22,2025-06-28,6,Emergency,Heart Disease,Recovered
A101753,P14664,17,4,2025-05-17,2025-05-25,8,Scheduled,ENT Infection,Recovered
A101754,P13239,22,5,2025-05-28,2025-06-05,8,Emergency,Skin Disorder,Follow-up Required
A101755,P11245,36,8,2025-08-02,2025-08-06,4,Scheduled,Fracture,Recovered
A101756,P10076,14,3,2024-05-27,2024-05-29,2,Emergency,Infection,Recovered
A101757,P11010,6,2,2025-10-03,2025-10-06,3,Emergency,Asthma,Transferred
A101758,P13283,30,6,2024-03-23,2024-03-30,7,Emergency,Infection,Recovered
A101759,P12276,46,10,2024-02-11,2024-02-21,10,Referral,Infection,Recovered
A101760,P13809,47,10,2024-06-04,2024-06-05,1,Emergency,Diabetes,Recovered
A101761,P10453,33,7,2025-10-30,2025-10-31,1,Scheduled,Hypertension,Recovered
A101762,P10766,20,4,2025-03-28,2025-04-04,7,Emergency,ENT Infection,Recovered
A101763,P14583,16,4,2025-09-10,2025-09-13,3,Scheduled,Asthma,Recovered
A101764,P12716,4,1,2024-10-10,2024-10-13,3,Scheduled,Infection,Deceased
A101765,P11498,34,7,2024-07-06,2024-07-08,2,Scheduled,Diabetes,Recovered
A101766,P13947,1,1,2025-09-08,2025-09-11,3,Scheduled,Diabetes,Recovered
A101767,P13733,13,3,2025-09-15,2025-09-29,14,Referral,Skin Disorder,Recovered
A101768,P14926,48,10,2025-04-18,2025-05-02,14,Emergency,Migraine,Recovered
A101769,P12839,8,2,2025-05-21,2025-05-24,3,Emergency,Infection,Recovered
A101770,P10490,22,5,2024-05-12,2024-05-26,14,Referral,Hypertension,Transferred
A101771,P12424,4,1,2024-09-27,2024-09-30,3,Referral,Fracture,Recovered
A101772,P11936,34,7,2025-09-13,2025-09-21,8,Scheduled,Diabetes,Follow-up Required
A101773,P12750,45,9,2024-03-13,2024-03-15,2,Scheduled,Migraine,Recovered
A101774,P13297,37,8,2025-03-11,2025-03-18,7,Emergency,Hypertension,Recovered
A101775,P14571,23,5,2024-10-19,2024-10-22,3,Scheduled,ENT Infection,Recovered
A101776,P13692,20,4,2025-10-16,2025-10-18,2,Emergency,Infection,Recovered
A101777,P11104,24,5,2025-03-12,2025-03-24,12,Referral,Diabetes,Recovered
A101778,P11600,27,6,2025-10-28,2025-10-30,2,Emergency,Heart Disease,Follow-up Required
A101779,P13282,13,3,2025-10-22,2025-11-11,20,Scheduled,Migraine,Follow-up Required
A101780,P13161,5,1,2024-02-29,2024-03-02,2,Scheduled,Skin Disorder,Follow-up Required
A101781,P13946,16,4,2025-08-20,2025-08-21,1,Emergency,ENT Infection,Follow-up Required
A101782,P10226,38,8,2025-12-04,2025-12-12,8,Scheduled,Fracture,Recovered
A101783,P14804,48,10,2024-11-22,2024-11-27,5,Referral,Cancer,Recovered
A101784,P11715,29,6,2024-06-30,2024-07-04,4,Scheduled,Cancer,Recovered
A101785,P14150,26,6,2025-03-09,2025-03-10,1,Referral,ENT Infection,Recovered
A101786,P12244,22,5,2025-06-02,2025-06-07,5,Emergency,Fracture,Recovered
A101787,P12893,24,5,2025-09-29,2025-10-03,4,Emergency,Fracture,Recovered
A101788,P12346,13,3,2024-03-23,2024-03-27,4,Referral,Diabetes,Follow-up Required
A101789,P10579,43,9,2024-01-28,2024-02-02,5,Emergency,Cancer,Recovered
A101790,P11699,21,5,2024-09-22,2024-09-27,5,Scheduled,Hypertension,Recovered
A101791,P14596,1,1,2024-10-09,2024-10-23,14,Scheduled,Migraine,Recovered
A101792,P12672,4,1,2025-01-31,2025-02-06,6,Scheduled,Cancer,Follow-up Required
A101793,P14302,3,1,2025-11-30,2025-12-03,3,Scheduled,Asthma,Transferred
A101794,P12928,50,10,2025-01-17,2025-01-20,3,Scheduled,ENT Infection,Recovered
A101795,P10279,23,5,2025-08-03,2025-08-07,4,Referral,Fracture,Follow-up Required
A101796,P11469,16,4,2024-11-14,2024-11-17,3,Emergency,Skin Disorder,Recovered
A101797,P14773,45,9,2025-09-02,2025-09-05,3,Scheduled,Heart Disease,Recovered
A101798,P10941,13,3,2024-07-11,2024-07-19,8,Emergency,Skin Disorder,Follow-up Required
A101799,P12319,39,8,2024-08-14,2024-08-22,8,Scheduled,Hypertension,Recovered
A101800,P14537,31,7,2025-03-26,2025-03-31,5,Emergency,Fracture,Follow-up Required
A101801,P11784,24,5,2024-06-30,2024-07-05,5,Scheduled,ENT Infection,Follow-up Required
A101802,P11876,47,10,2024-11-22,2024-11-26,4,Emergency,Heart Disease,Recovered
A101803,P14644,15,3,2025-08-27,2025-09-01,5,Emergency,Diabetes,Recovered
A101804,P13227,5,1,2025-10-16,2025-10-23,7,Scheduled,Fracture,Transferred
A101805,P13729,49,10,2024-07-21,2024-07-27,6,Emergency,Fracture,Follow-up Required
A101806,P10986,22,5,2025-02-05,2025-02-06,1,Scheduled,Skin Disorder,Transferred
A101807,P12820,22,5,2025-10-05,2025-10-11,6,Scheduled,ENT Infection,Recovered
A101808,P13971,11,3,2025-04-16,2025-04-22,6,Emergency,Asthma,Recovered
A101809,P12067,24,5,2025-10-07,2025-10-08,1,Scheduled,Asthma,Recovered
A101810,P10425,45,9,2024-06-27,2024-06-29,2,Referral,Asthma,Recovered
A101811,P12106,10,2,2025-11-28,2025-12-05,7,Referral,Asthma,Recovered
A101812,P12471,47,10,2024-01-18,2024-01-23,5,Scheduled,Cancer,Recovered
A101813,P13795,34,7,2025-04-07,2025-04-14,7,Emergency,Fracture,Recovered
A101814,P12892,11,3,2025-08-31,2025-09-02,2,Emergency,Hypertension,Recovered
A101815,P11684,43,9,2025-06-29,2025-06-30,1,Scheduled,Heart Disease,Recovered
A101816,P13174,29,6,2025-02-06,2025-02-08,2,Scheduled,Cancer,Transferred
A101817,P13148,22,5,2025-01-27,2025-01-31,4,Emergency,Hypertension,Follow-up Required
A101818,P14062,33,7,2024-10-26,2024-10-30,4,Scheduled,Migraine,Follow-up Required
A101819,P14052,8,2,2024-12-16,2024-12-24,8,Referral,Diabetes,Follow-up Required
A101820,P13652,49,10,2024-07-05,2024-07-11,6,Scheduled,ENT Infection,Recovered
A101821,P14162,32,7,2024-12-12,2025-01-01,20,Scheduled,Fracture,Recovered
A101822,P14911,40,8,2025-09-14,2025-09-15,1,Emergency,Heart Disease,Recovered
A101823,P11175,45,9,2025-02-12,2025-02-14,2,Scheduled,Hypertension,Recovered
A101824,P12950,23,5,2024-03-11,2024-03-12,1,Scheduled,Migraine,Follow-up Required
A101825,P11810,5,1,2024-11-22,2024-11-27,5,Scheduled,Skin Disorder,Recovered
A101826,P10437,31,7,2024-07-30,2024-08-02,3,Scheduled,Heart Disease,Transferred
A101827,P14886,29,6,2024-11-04,2024-11-10,6,Scheduled,Hypertension,Follow-up Required
A101828,P10235,6,2,2024-04-17,2024-04-19,2,Scheduled,Hypertension,Recovered
A101829,P14771,25,5,2024-06-25,2024-06-27,2,Emergency,Hypertension,Recovered
A101830,P12146,25,5,2025-03-02,2025-03-06,4,Referral,Fracture,Deceased
A101831,P13576,31,7,2025-06-14,2025-06-17,3,Referral,Migraine,Recovered
A101832,P14857,14,3,2025-02-21,2025-02-28,7,Scheduled,Cancer,Recovered
A101833,P13562,17,4,2024-09-04,2024-09-12,8,Emergency,ENT Infection,Recovered
A101834,P12475,16,4,2024-07-27,2024-07-29,2,Emergency,Infection,Recovered
A101835,P10227,28,6,2024-08-03,2024-08-10,7,Referral,ENT Infection,Follow-up Required
A101836,P12611,9,2,2025-12-13,2025-12-18,5,Referral,Fracture,Recovered
A101837,P12276,2,1,2025-03-13,2025-03-17,4,Emergency,Diabetes,Follow-up Required
A101838,P14802,4,1,2025-09-09,2025-09-10,1,Scheduled,Diabetes,Transferred
A101839,P11816,20,4,2024-11-06,2024-11-12,6,Scheduled,Diabetes,Follow-up Required
A101840,P13855,41,9,2025-01-17,2025-01-18,1,Emergency,Hypertension,Transferred
A101841,P13996,36,8,2024-09-27,2024-09-30,3,Scheduled,Asthma,Recovered
A101842,P11411,37,8,2024-04-30,2024-05-01,1,Scheduled,Fracture,Recovered
A101843,P14765,6,2,2025-02-10,2025-02-15,5,Emergency,Heart Disease,Recovered
A101844,P13380,1,1,2024-09-01,2024-09-06,5,Emergency,Hypertension,Follow-up Required
A101845,P11846,45,9,2024-03-06,2024-03-16,10,Emergency,Infection,Transferred
A101846,P11338,50,10,2024-08-15,2024-08-21,6,Referral,Skin Disorder,Recovered
A101847,P10118,3,1,2024-05-16,2024-05-30,14,Scheduled,Fracture,Recovered
A101848,P11869,37,8,2024-07-12,2024-07-19,7,Scheduled,Hypertension,Recovered
A101849,P12098,45,9,2025-12-06,2025-12-09,3,Scheduled,Heart Disease,Recovered
A101850,P11814,42,9,2025-10-19,2025-10-24,5,Referral,Skin Disorder,Recovered
A101851,P11588,3,1,2025-10-18,2025-10-22,4,Emergency,Hypertension,Follow-up Required
A101852,P13253,43,9,2025-05-03,2025-05-08,5,Emergency,Hypertension,Recovered
A101853,P10543,33,7,2025-08-06,2025-08-11,5,Emergency,Migraine,Recovered
A101854,P12375,15,3,2024-12-19,2024-12-25,6,Referral,Migraine,Recovered
A101855,P11527,4,1,2025-12-04,2025-12-05,1,Scheduled,Cancer,Recovered
A101856,P13568,15,3,2025-07-09,2025-07-15,6,Scheduled,Hypertension,Recovered
A101857,P11270,7,2,2024-06-05,2024-06-07,2,Emergency,Cancer,Recovered
A101858,P10602,47,10,2025-04-20,2025-04-21,1,Scheduled,Diabetes,Recovered
A101859,P13615,4,1,2024-01-16,2024-01-20,4,Emergency,Hypertension,Recovered
A101860,P12150,3,1,2024-03-18,2024-03-23,5,Scheduled,Cancer,Recovered
A101861,P13302,23,5,2024-02-21,2024-02-22,1,Emergency,ENT Infection,Transferred
A101862,P10388,14,3,2025-05-28,2025-06-01,4,Scheduled,Diabetes,Follow-up Required
A101863,P13681,6,2,2025-05-18,2025-05-23,5,Scheduled,Migraine,Recovered
A101864,P11603,33,7,2024-03-01,2024-03-02,1,Referral,ENT Infection,Recovered
A101865,P13283,9,2,2024-05-11,2024-05-17,6,Emergency,Asthma,Follow-up Required
A101866,P12697,12,3,2025-01-16,2025-01-18,2,Scheduled,Heart Disease,Recovered
A101867,P14435,50,10,2025-07-17,2025-07-24,7,Referral,Skin Disorder,Recovered
A101868,P14152,35,7,2025-11-22,2025-11-25,3,Emergency,Skin Disorder,Follow-up Required
A101869,P13834,31,7,2025-06-26,2025-06-30,4,Scheduled,Cancer,Recovered
A101870,P11306,3,1,2025-02-13,2025-02-23,10,Scheduled,Infection,Recovered
A101871,P10717,46,10,2024-06-03,2024-06-10,7,Emergency,Migraine,Follow-up Required
A101872,P13656,36,8,2025-09-24,2025-10-01,7,Emergency,ENT Infection,Follow-up Required
A101873,P12992,13,3,2024-02-20,2024-02-22,2,Emergency,Diabetes,Follow-up Required
A101874,P10314,13,3,2024-04-04,2024-04-05,1,Scheduled,Heart Disease,Recovered
A101875,P12281,34,7,2025-11-18,2025-11-23,5,Emergency,Migraine,Follow-up Required
A101876,P12623,21,5,2025-06-06,2025-06-10,4,Emergency,Cancer,Recovered
A101877,P10888,34,7,2025-06-07,2025-06-17,10,Scheduled,Hypertension,Recovered
A101878,P14343,42,9,2024-12-20,2024-12-23,3,Scheduled,Hypertension,Recovered
A101879,P12490,43,9,2024-02-14,2024-02-18,4,Emergency,Infection,Recovered
A101880,P11923,28,6,2024-07-23,2024-07-27,4,Scheduled,Hypertension,Follow-up Required
A101881,P14030,47,10,2025-12-31,2026-01-07,7,Referral,Heart Disease,Recovered
A101882,P13064,35,7,2025-03-06,2025-03-09,3,Emergency,Cancer,Recovered
A101883,P10161,14,3,2024-09-12,2024-09-24,12,Emergency,Skin Disorder,Recovered
A101884,P12188,18,4,2024-09-04,2024-09-09,5,Emergency,Migraine,Recovered
A101885,P12352,19,4,2025-06-16,2025-06-24,8,Emergency,Asthma,Recovered
A101886,P11484,19,4,2024-02-10,2024-02-14,4,Scheduled,Cancer,Recovered
A101887,P13893,33,7,2025-04-03,2025-04-10,7,Referral,Heart Disease,Follow-up Required
A101888,P11738,35,7,2024-10-03,2024-10-04,1,Scheduled,Hypertension,Follow-up Required
A101889,P14221,20,4,2024-07-13,2024-07-20,7,Scheduled,Skin Disorder,Recovered
A101890,P11909,29,6,2024-03-11,2024-03-15,4,Scheduled,Diabetes,Deceased
A101891,P11371,8,2,2024-09-26,2024-09-30,4,Emergency,Skin Disorder,Recovered
A101892,P11978,25,5,2024-11-30,2024-12-02,2,Emergency,Diabetes,Recovered
A101893,P13396,17,4,2025-08-07,2025-08-13,6,Scheduled,Cancer,Deceased
A101894,P12455,1,1,2024-11-03,2024-11-05,2,Scheduled,Heart Disease,Recovered
A101895,P14260,38,8,2025-03-02,2025-03-04,2,Emergency,Skin Disorder,Recovered
A101896,P14958,49,10,2024-07-17,2024-07-19,2,Emergency,ENT Infection,Recovered
A101897,P12288,30,6,2024-03-16,2024-03-17,1,Scheduled,Fracture,Follow-up Required
A101898,P11237,28,6,2025-10-19,2025-10-25,6,Scheduled,Cancer,Recovered
A101899,P13175,33,7,2025-06-08,2025-06-11,3,Scheduled,Fracture,Follow-up Required
A101900,P11207,13,3,2025-10-02,2025-10-04,2,Scheduled,Heart Disease,Recovered
A101901,P10505,24,5,2024-08-17,2024-08-20,3,Scheduled,Hypertension,Follow-up Required
A101902,P13768,44,9,2024-03-25,2024-03-29,4,Emergency,Fracture,Recovered
A101903,P14621,37,8,2024-06-10,2024-06-14,4,Referral,Diabetes,Recovered
A101904,P11404,22,5,2025-01-31,2025-02-03,3,Emergency,Skin Disorder,Recovered
A101905,P11768,13,3,2025-01-05,2025-01-09,4,Emergency,Diabetes,Recovered
A101906,P13734,40,8,2025-07-16,2025-07-20,4,Referral,Cancer,Recovered
A101907,P10701,12,3,2024-08-02,2024-08-09,7,Emergency,ENT Infection,Recovered
A101908,P13205,41,9,2024-01-01,2024-01-02,1,Scheduled,ENT Infection,Follow-up Required
A101909,P14146,49,10,2025-01-11,2025-01-19,8,Referral,Infection,Follow-up Required
A101910,P13006,46,10,2025-02-15,2025-02-18,3,Scheduled,Asthma,Recovered
A101911,P14791,7,2,2025-09-26,2025-10-02,6,Emergency,Fracture,Recovered
A101912,P14122,36,8,2024-07-18,2024-07-22,4,Scheduled,Heart Disease,Follow-up Required
A101913,P14083,29,6,2024-07-01,2024-07-04,3,Referral,ENT Infection,Follow-up Required
A101914,P10011,29,6,2025-02-13,2025-02-18,5,Scheduled,Migraine,Recovered
A101915,P14904,26,6,2025-02-01,2025-02-08,7,Scheduled,Diabetes,Recovered
A101916,P12059,27,6,2024-08-03,2024-08-07,4,Referral,Diabetes,Recovered
A101917,P13678,24,5,2024-12-14,2024-12-18,4,Referral,Cancer,Recovered
A101918,P12820,31,7,2025-08-02,2025-08-03,1,Scheduled,Heart Disease,Recovered
A101919,P10973,7,2,2025-08-16,2025-08-26,10,Emergency,Infection,Recovered
A101920,P13793,17,4,2025-10-15,2025-10-23,8,Scheduled,Asthma,Follow-up Required
A101921,P12455,49,10,2024-02-10,2024-02-14,4,Emergency,Cancer,Follow-up Required
A101922,P10842,33,7,2024-01-03,2024-01-10,7,Scheduled,Heart Disease,Recovered
A101923,P14455,34,7,2024-04-03,2024-04-06,3,Scheduled,Hypertension,Recovered
A101924,P10285,18,4,2024-02-28,2024-03-05,6,Scheduled,Asthma,Recovered
A101925,P12436,41,9,2025-02-10,2025-02-14,4,Scheduled,Asthma,Recovered
A101926,P12832,5,1,2024-01-18,2024-01-22,4,Referral,Cancer,Recovered
A101927,P14521,1,1,2025-05-08,2025-05-09,1,Emergency,ENT Infection,Recovered
A101928,P11030,7,2,2025-05-22,2025-06-05,14,Emergency,Heart Disease,Follow-up Required
A101929,P14452,34,7,2025-08-08,2025-08-16,8,Scheduled,Skin Disorder,Follow-up Required
A101930,P12967,3,1,2024-11-27,2024-12-04,7,Scheduled,Asthma,Recovered
A101931,P10554,36,8,2024-06-17,2024-06-20,3,Scheduled,Hypertension,Recovered
A101932,P10268,35,7,2025-11-02,2025-11-05,3,Referral,Heart Disease,Recovered
A101933,P11241,12,3,2025-11-11,2025-11-16,5,Scheduled,Fracture,Recovered
A101934,P14160,15,3,2024-07-24,2024-08-01,8,Scheduled,Heart Disease,Recovered
A101935,P12490,4,1,2025-06-04,2025-06-16,12,Emergency,Asthma,Recovered
A101936,P12589,33,7,2025-05-19,2025-05-22,3,Scheduled,Infection,Deceased
A101937,P10470,16,4,2024-12-11,2024-12-16,5,Scheduled,Diabetes,Recovered
A101938,P13288,29,6,2024-10-30,2024-11-05,6,Scheduled,Asthma,Recovered
A101939,P13937,6,2,2024-04-24,2024-04-26,2,Referral,Fracture,Recovered
A101940,P12020,49,10,2025-10-25,2025-10-29,4,Scheduled,Hypertension,Recovered
A101941,P12024,37,8,2024-03-27,2024-03-29,2,Referral,Diabetes,Recovered
A101942,P11590,23,5,2024-04-04,2024-04-10,6,Scheduled,Migraine,Recovered
A101943,P14974,13,3,2025-03-03,2025-03-11,8,Scheduled,Skin Disorder,Recovered
A101944,P12061,44,9,2025-11-28,2025-12-06,8,Scheduled,Migraine,Transferred
A101945,P14318,1,1,2025-03-25,2025-03-31,6,Scheduled,Cancer,Recovered
A101946,P11420,12,3,2025-09-17,2025-09-20,3,Emergency,ENT Infection,Recovered
A101947,P10881,27,6,2025-06-24,2025-06-30,6,Emergency,Diabetes,Recovered
A101948,P10839,25,5,2025-12-15,2025-12-23,8,Emergency,Migraine,Recovered
A101949,P10752,22,5,2024-01-02,2024-01-07,5,Referral,Hypertension,Recovered
A101950,P10270,34,7,2024-03-18,2024-03-22,4,Emergency,Diabetes,Recovered
A101951,P13370,18,4,2024-11-19,2024-11-29,10,Scheduled,Heart Disease,Recovered
A101952,P14828,41,9,2024-04-07,2024-04-15,8,Scheduled,Cancer,Recovered
A101953,P14712,16,4,2025-09-20,2025-09-28,8,Scheduled,ENT Infection,Recovered
A101954,P13504,29,6,2024-04-19,2024-04-29,10,Scheduled,Heart Disease,Recovered
A101955,P13961,30,6,2025-11-09,2025-11-13,4,Emergency,Fracture,Recovered
A101956,P12076,30,6,2025-04-01,2025-04-09,8,Referral,Fracture,Recovered
A101957,P11313,20,4,2025-05-02,2025-05-07,5,Referral,Skin Disorder,Recovered
A101958,P12285,47,10,2025-01-05,2025-01-06,1,Scheduled,Fracture,Recovered
A101959,P10384,22,5,2024-12-02,2024-12-07,5,Referral,Skin Disorder,Recovered
A101960,P14181,42,9,2025-08-21,2025-08-25,4,Emergency,Cancer,Follow-up Required
A101961,P14342,34,7,2024-01-22,2024-01-25,3,Emergency,Fracture,Follow-up Required
A101962,P12809,4,1,2025-12-22,2026-01-05,14,Scheduled,Heart Disease,Follow-up Required
A101963,P10804,50,10,2024-10-31,2024-11-01,1,Referral,Diabetes,Recovered
A101964,P14336,31,7,2024-09-28,2024-10-10,12,Emergency,Cancer,Follow-up Required
A101965,P11097,50,10,2025-05-04,2025-05-06,2,Scheduled,Cancer,Recovered
A101966,P13743,14,3,2025-03-21,2025-03-24,3,Emergency,Hypertension,Recovered
A101967,P14484,8,2,2024-10-04,2024-10-08,4,Referral,Infection,Recovered
A101968,P13720,37,8,2025-10-12,2025-10-18,6,Scheduled,Cancer,Follow-up Required
A101969,P14772,5,1,2025-01-11,2025-01-13,2,Scheduled,Infection,Recovered
A101970,P12697,8,2,2024-08-19,2024-09-08,20,Referral,Heart Disease,Follow-up Required
A101971,P14267,11,3,2025-08-14,2025-08-20,6,Emergency,Fracture,Follow-up Required
A101972,P10809,29,6,2025-03-01,2025-03-08,7,Scheduled,Migraine,Recovered
A101973,P12152,21,5,2024-02-24,2024-02-26,2,Emergency,Hypertension,Recovered
A101974,P13294,39,8,2025-03-16,2025-03-20,4,Emergency,ENT Infection,Recovered
A101975,P11306,13,3,2024-02-03,2024-02-15,12,Emergency,Heart Disease,Recovered
A101976,P13460,49,10,2024-11-24,2024-11-27,3,Emergency,Asthma,Recovered
A101977,P12420,19,4,2025-03-29,2025-03-31,2,Referral,Heart Disease,Recovered
A101978,P14225,3,1,2025-01-22,2025-01-26,4,Scheduled,Migraine,Deceased
A101979,P11197,34,7,2025-03-05,2025-03-17,12,Emergency,Fracture,Deceased
A101980,P14568,38,8,2025-04-20,2025-04-24,4,Scheduled,Diabetes,Recovered
A101981,P13525,19,4,2024-05-04,2024-05-08,4,Scheduled,Fracture,Follow-up Required
A101982,P11526,32,7,2025-06-06,2025-06-12,6,Referral,Fracture,Recovered
A101983,P11600,47,10,2025-04-26,2025-05-08,12,Scheduled,Heart Disease,Recovered
A101984,P11045,36,8,2024-11-12,2024-11-13,1,Scheduled,Cancer,Recovered
A101985,P12154,39,8,2024-05-01,2024-05-03,2,Scheduled,Asthma,Follow-up Required
A101986,P11868,14,3,2025-06-30,2025-07-02,2,Emergency,Hypertension,Recovered
A101987,P11376,7,2,2025-08-03,2025-08-04,1,Scheduled,Skin Disorder,Follow-up Required
A101988,P10612,20,4,2024-11-08,2024-11-11,3,Scheduled,Heart Disease,Follow-up Required
A101989,P13317,32,7,2025-05-01,2025-05-03,2,Scheduled,Fracture,Recovered
A101990,P11599,46,10,2025-10-12,2025-10-17,5,Scheduled,ENT Infection,Recovered
A101991,P14950,31,7,2024-01-12,2024-01-15,3,Scheduled,ENT Infection,Recovered
A101992,P11978,22,5,2024-05-04,2024-05-08,4,Referral,Infection,Follow-up Required
A101993,P14398,5,1,2025-10-20,2025-11-01,12,Referral,Migraine,Deceased
A101994,P10639,31,7,2024-03-17,2024-03-19,2,Scheduled,Fracture,Recovered
A101995,P14167,15,3,2025-08-02,2025-08-05,3,Scheduled,Diabetes,Recovered
A101996,P11923,44,9,2025-12-18,2025-12-21,3,Scheduled,Migraine,Follow-up Required
A101997,P10646,17,4,2024-08-23,2024-08-28,5,Scheduled,Cancer,Recovered
A101998,P14270,37,8,2025-07-24,2025-07-30,6,Referral,Diabetes,Recovered
A101999,P11999,19,4,2024-09-10,2024-09-17,7,Emergency,Hypertension,Recovered
A102000,P10090,10,2,2025-02-09,2025-02-13,4,Scheduled,Asthma,Follow-up Required
A102001,P13279,44,9,2024-08-30,2024-09-07,8,Emergency,Hypertension,Recovered
A102002,P12367,34,7,2025-04-05,2025-04-12,7,Scheduled,Skin Disorder,Recovered
A102003,P10824,49,10,2024-10-03,2024-10-05,2,Emergency,Cancer,Follow-up Required
A102004,P10551,25,5,2025-04-13,2025-04-16,3,Referral,Fracture,Follow-up Required
A102005,P10060,37,8,2024-08-07,2024-08-13,6,Scheduled,Infection,Follow-up Required
A102006,P14223,28,6,2024-08-12,2024-08-26,14,Referral,ENT Infection,Recovered
A102007,P14179,15,3,2024-04-10,2024-04-13,3,Referral,Fracture,Follow-up Required
A102008,P11244,20,4,2025-09-25,2025-09-27,2,Scheduled,Asthma,Recovered
A102009,P13480,13,3,2025-12-30,2026-01-07,8,Scheduled,ENT Infection,Recovered
A102010,P10946,20,4,2025-05-21,2025-05-23,2,Emergency,Infection,Follow-up Required
A102011,P11641,43,9,2025-08-09,2025-08-15,6,Referral,Skin Disorder,Recovered
A102012,P11953,31,7,2024-11-26,2024-11-27,1,Scheduled,Diabetes,Recovered
A102013,P12634,18,4,2024-08-24,2024-08-25,1,Emergency,ENT Infection,Follow-up Required
A102014,P13502,41,9,2024-12-04,2024-12-08,4,Scheduled,Cancer,Recovered
A102015,P10890,48,10,2025-05-20,2025-05-26,6,Emergency,Skin Disorder,Follow-up Required
A102016,P10574,28,6,2024-06-13,2024-06-15,2,Scheduled,Fracture,Recovered
A102017,P10513,47,10,2025-10-30,2025-11-06,7,Emergency,Cancer,Follow-up Required
A102018,P14161,4,1,2025-12-23,2025-12-25,2,Scheduled,ENT Infection,Recovered
A102019,P11965,24,5,2025-12-28,2026-01-02,5,Scheduled,Migraine,Recovered
A102020,P14052,44,9,2024-08-05,2024-08-08,3,Emergency,Skin Disorder,Recovered
A102021,P12231,45,9,2025-01-10,2025-01-17,7,Referral,Diabetes,Recovered
A102022,P12284,9,2,2024-01-12,2024-01-19,7,Scheduled,Hypertension,Follow-up Required
A102023,P14985,47,10,2025-03-07,2025-03-08,1,Scheduled,ENT Infection,Recovered
A102024,P10612,50,10,2024-03-23,2024-03-25,2,Referral,Asthma,Recovered
A102025,P10438,32,7,2025-03-06,2025-03-16,10,Referral,Fracture,Recovered
A102026,P11460,32,7,2025-09-16,2025-09-20,4,Scheduled,Asthma,Recovered
A102027,P10524,39,8,2025-04-22,2025-04-26,4,Emergency,Infection,Recovered
A102028,P13578,21,5,2025-12-07,2025-12-09,2,Scheduled,Skin Disorder,Recovered
A102029,P14896,44,9,2025-01-03,2025-01-23,20,Referral,Hypertension,Recovered
A102030,P13399,42,9,2025-10-14,2025-10-24,10,Scheduled,Heart Disease,Follow-up Required
A102031,P12262,39,8,2025-09-27,2025-09-28,1,Scheduled,Diabetes,Follow-up Required
A102032,P11024,46,10,2024-05-20,2024-05-25,5,Referral,Migraine,Recovered
A102033,P11580,27,6,2025-12-20,2025-12-28,8,Emergency,ENT Infection,Recovered
A102034,P10322,47,10,2025-09-18,2025-09-22,4,Emergency,Cancer,Follow-up Required
A102035,P13127,36,8,2025-12-18,2025-12-22,4,Referral,Migraine,Follow-up Required
A102036,P12832,8,2,2025-03-31,2025-04-03,3,Emergency,Cancer,Recovered
A102037,P14276,19,4,2025-05-16,2025-05-17,1,Emergency,Heart Disease,Transferred
A102038,P12428,29,6,2025-02-06,2025-02-13,7,Referral,ENT Infection,Recovered
A102039,P12981,19,4,2024-10-14,2024-10-18,4,Scheduled,Hypertension,Recovered
A102040,P13758,5,1,2024-12-20,2024-12-25,5,Scheduled,Fracture,Recovered
A102041,P10450,22,5,2024-12-08,2024-12-11,3,Scheduled,Heart Disease,Transferred
A102042,P11285,35,7,2024-05-28,2024-06-04,7,Emergency,Cancer,Recovered
A102043,P13519,10,2,2024-07-28,2024-08-04,7,Scheduled,Cancer,Recovered
A102044,P11661,15,3,2024-04-21,2024-04-26,5,Scheduled,Cancer,Recovered
A102045,P10904,2,1,2025-10-15,2025-10-25,10,Emergency,Heart Disease,Recovered
A102046,P11178,42,9,2025-06-19,2025-06-21,2,Scheduled,Cancer,Follow-up Required
A102047,P10330,22,5,2024-02-18,2024-02-25,7,Emergency,Asthma,Deceased
A102048,P10637,48,10,2024-11-26,2024-12-01,5,Emergency,Cancer,Deceased
A102049,P11890,35,7,2024-12-30,2025-01-01,2,Emergency,Skin Disorder,Follow-up Required
A102050,P11868,39,8,2024-01-11,2024-01-13,2,Scheduled,Hypertension,Follow-up Required
A102051,P12516,19,4,2024-07-06,2024-07-09,3,Referral,Hypertension,Transferred
A102052,P10413,47,10,2025-05-23,2025-05-31,8,Scheduled,Fracture,Recovered
A102053,P13834,12,3,2025-08-02,2025-08-09,7,Emergency,Hypertension,Recovered
A102054,P12416,34,7,2025-03-20,2025-03-25,5,Emergency,Skin Disorder,Recovered
A102055,P12587,45,9,2024-03-30,2024-03-31,1,Scheduled,Skin Disorder,Recovered
A102056,P11565,20,4,2025-09-13,2025-09-25,12,Emergency,Infection,Transferred
A102057,P14611,7,2,2025-11-06,2025-11-09,3,Emergency,Diabetes,Recovered
A102058,P10481,24,5,2025-03-23,2025-03-28,5,Scheduled,Fracture,Recovered
A102059,P12276,3,1,2025-12-18,2025-12-25,7,Scheduled,Fracture,Follow-up Required
A102060,P13841,6,2,2024-02-01,2024-02-03,2,Referral,ENT Infection,Transferred
A102061,P13312,33,7,2024-11-22,2024-11-28,6,Referral,Migraine,Recovered
A102062,P12883,34,7,2024-03-14,2024-03-15,1,Scheduled,Migraine,Follow-up Required
A102063,P13744,33,7,2024-09-07,2024-09-09,2,Scheduled,Cancer,Recovered
A102064,P12520,29,6,2025-03-25,2025-03-31,6,Scheduled,Heart Disease,Recovered
A102065,P14614,23,5,2024-12-20,2024-12-22,2,Emergency,Infection,Recovered
A102066,P14401,4,1,2025-06-16,2025-06-20,4,Scheduled,Hypertension,Recovered
A102067,P10655,5,1,2024-10-22,2024-10-25,3,Emergency,Hypertension,Recovered
A102068,P11978,34,7,2024-10-24,2024-10-28,4,Emergency,Heart Disease,Follow-up Required
A102069,P10181,16,4,2024-11-23,2024-11-24,1,Emergency,Hypertension,Recovered
A102070,P14126,40,8,2024-10-28,2024-11-04,7,Referral,Hypertension,Recovered
A102071,P13020,47,10,2025-05-26,2025-05-27,1,Referral,Heart Disease,Recovered
A102072,P10765,43,9,2024-12-03,2024-12-11,8,Scheduled,Skin Disorder,Transferred
A102073,P14136,42,9,2025-08-07,2025-08-13,6,Emergency,Migraine,Recovered
A102074,P12367,3,1,2025-01-08,2025-01-12,4,Emergency,Fracture,Recovered
A102075,P13299,43,9,2025-07-06,2025-07-14,8,Scheduled,Infection,Recovered
A102076,P12780,49,10,2024-04-03,2024-04-05,2,Scheduled,Diabetes,Deceased
A102077,P14988,42,9,2024-05-11,2024-05-14,3,Scheduled,Asthma,Deceased
A102078,P12372,49,10,2025-09-02,2025-09-04,2,Emergency,ENT Infection,Recovered
A102079,P13391,14,3,2024-02-22,2024-02-25,3,Scheduled,Hypertension,Recovered
A102080,P11783,33,7,2025-05-10,2025-05-30,20,Referral,Fracture,Transferred
A102081,P14781,28,6,2024-08-16,2024-08-18,2,Emergency,Asthma,Follow-up Required
A102082,P11065,41,9,2025-10-01,2025-10-09,8,Scheduled,ENT Infection,Transferred
A102083,P12457,15,3,2024-07-30,2024-08-05,6,Emergency,Fracture,Recovered
A102084,P11347,4,1,2025-05-18,2025-05-19,1,Emergency,Infection,Deceased
A102085,P12228,20,4,2025-05-09,2025-05-21,12,Referral,Heart Disease,Recovered
A102086,P11183,25,5,2025-11-01,2025-11-15,14,Scheduled,Heart Disease,Recovered
A102087,P14133,35,7,2024-08-20,2024-08-30,10,Scheduled,ENT Infection,Recovered
A102088,P12454,39,8,2024-03-11,2024-03-15,4,Scheduled,Cancer,Recovered
A102089,P10539,22,5,2025-12-17,2025-12-19,2,Referral,Diabetes,Follow-up Required
A102090,P12424,35,7,2024-07-07,2024-07-11,4,Emergency,Hypertension,Recovered
A102091,P12304,47,10,2025-10-24,2025-10-29,5,Emergency,Migraine,Recovered
A102092,P10249,28,6,2024-01-08,2024-01-11,3,Referral,Infection,Recovered
A102093,P14789,10,2,2024-11-27,2024-12-03,6,Referral,Fracture,Transferred
A102094,P11041,16,4,2025-09-03,2025-09-10,7,Scheduled,Cancer,Recovered
A102095,P11392,49,10,2024-01-16,2024-01-18,2,Scheduled,Hypertension,Recovered
A102096,P12173,23,5,2025-10-27,2025-10-31,4,Emergency,Migraine,Recovered
A102097,P11336,19,4,2025-10-30,2025-11-11,12,Referral,Diabetes,Follow-up Required
A102098,P12260,1,1,2024-04-02,2024-04-05,3,Scheduled,Heart Disease,Recovered
A102099,P10500,1,1,2024-09-18,2024-09-21,3,Emergency,Asthma,Recovered
A102100,P10811,46,10,2025-07-02,2025-07-03,1,Scheduled,Diabetes,Recovered
A102101,P14985,26,6,2024-06-09,2024-06-12,3,Emergency,Cancer,Transferred
A102102,P13714,34,7,2024-12-16,2024-12-19,3,Emergency,Fracture,Transferred
A102103,P13705,2,1,2024-06-22,2024-06-23,1,Emergency,ENT Infection,Recovered
A102104,P11211,28,6,2024-11-12,2024-11-13,1,Emergency,Infection,Recovered
A102105,P13746,20,4,2024-01-18,2024-01-23,5,Emergency,Migraine,Recovered
A102106,P11987,42,9,2025-04-30,2025-05-03,3,Emergency,Infection,Follow-up Required
A102107,P11492,47,10,2025-01-01,2025-01-02,1,Emergency,Infection,Recovered
A102108,P14271,27,6,2024-12-16,2024-12-24,8,Emergency,ENT Infection,Recovered
A102109,P13049,28,6,2025-06-11,2025-06-16,5,Emergency,Diabetes,Recovered
A102110,P14920,31,7,2025-03-10,2025-03-12,2,Emergency,Asthma,Transferred
A102111,P12935,47,10,2024-09-26,2024-10-04,8,Scheduled,Cancer,Recovered
A102112,P14365,7,2,2024-03-08,2024-03-11,3,Scheduled,Cancer,Recovered
A102113,P11818,8,2,2024-01-30,2024-02-01,2,Emergency,Skin Disorder,Follow-up Required
A102114,P14320,32,7,2024-11-11,2024-11-21,10,Emergency,Migraine,Recovered
A102115,P11276,11,3,2024-06-12,2024-06-14,2,Referral,ENT Infection,Follow-up Required
A102116,P13023,48,10,2024-11-15,2024-11-23,8,Scheduled,Heart Disease,Recovered
A102117,P12878,26,6,2024-01-14,2024-01-21,7,Scheduled,Migraine,Recovered
A102118,P14015,25,5,2024-10-05,2024-10-08,3,Scheduled,Asthma,Follow-up Required
A102119,P14088,7,2,2025-03-07,2025-03-08,1,Emergency,Skin Disorder,Recovered
A102120,P11148,20,4,2025-10-29,2025-10-30,1,Scheduled,Skin Disorder,Recovered
A102121,P10238,41,9,2025-09-25,2025-09-27,2,Scheduled,Fracture,Recovered
A102122,P12123,30,6,2024-09-19,2024-09-29,10,Scheduled,ENT Infection,Transferred
A102123,P14596,1,1,2025-11-12,2025-11-16,4,Scheduled,Migraine,Follow-up Required
A102124,P11546,18,4,2025-06-05,2025-06-06,1,Scheduled,Cancer,Recovered
A102125,P13984,8,2,2024-06-20,2024-06-25,5,Scheduled,Skin Disorder,Recovered
A102126,P14364,29,6,2024-12-23,2024-12-25,2,Emergency,Hypertension,Recovered
A102127,P10987,40,8,2024-01-13,2024-01-15,2,Emergency,Heart Disease,Recovered
A102128,P11624,22,5,2025-12-25,2025-12-27,2,Emergency,Fracture,Recovered
A102129,P13122,32,7,2025-11-03,2025-11-10,7,Emergency,Skin Disorder,Recovered
A102130,P13727,40,8,2024-08-19,2024-08-20,1,Scheduled,Hypertension,Follow-up Required
A102131,P13902,14,3,2025-04-20,2025-04-24,4,Emergency,ENT Infection,Recovered
A102132,P10723,2,1,2025-04-15,2025-04-16,1,Referral,Cancer,Recovered
A102133,P11096,35,7,2024-06-08,2024-06-13,5,Scheduled,Diabetes,Recovered
A102134,P13828,7,2,2025-09-30,2025-10-03,3,Scheduled,Hypertension,Recovered
A102135,P14286,3,1,2025-07-13,2025-07-14,1,Emergency,ENT Infection,Recovered
A102136,P10996,15,3,2024-09-17,2024-09-21,4,Emergency,Infection,Recovered
A102137,P14662,43,9,2025-07-26,2025-07-31,5,Scheduled,Fracture,Recovered
A102138,P10993,34,7,2025-09-25,2025-09-28,3,Scheduled,Diabetes,Recovered
A102139,P12784,22,5,2025-08-24,2025-08-31,7,Emergency,Fracture,Recovered
A102140,P10156,18,4,2024-12-24,2024-12-27,3,Referral,ENT Infection,Recovered
A102141,P11896,46,10,2024-09-11,2024-09-17,6,Emergency,Diabetes,Recovered
A102142,P11777,18,4,2025-08-24,2025-08-29,5,Scheduled,Fracture,Recovered
A102143,P14769,34,7,2025-05-29,2025-06-06,8,Referral,Diabetes,Recovered
A102144,P12117,36,8,2024-10-06,2024-10-11,5,Emergency,Infection,Follow-up Required
A102145,P12421,46,10,2024-04-26,2024-04-28,2,Scheduled,Heart Disease,Recovered
A102146,P10055,39,8,2025-09-01,2025-09-08,7,Referral,Infection,Transferred
A102147,P10085,47,10,2024-06-10,2024-06-17,7,Emergency,Diabetes,Recovered
A102148,P12889,38,8,2024-10-24,2024-11-07,14,Referral,Fracture,Recovered
A102149,P14688,37,8,2024-10-23,2024-10-24,1,Scheduled,Infection,Recovered
A102150,P12780,18,4,2025-08-16,2025-08-21,5,Referral,Asthma,Recovered
A102151,P12670,43,9,2024-12-23,2024-12-27,4,Emergency,Heart Disease,Recovered
A102152,P13837,40,8,2025-10-21,2025-10-27,6,Referral,Cancer,Recovered
A102153,P11009,29,6,2025-06-01,2025-06-15,14,Scheduled,Skin Disorder,Follow-up Required
A102154,P12365,12,3,2025-01-12,2025-01-17,5,Scheduled,Fracture,Follow-up Required
A102155,P13687,18,4,2025-11-27,2025-12-03,6,Referral,Skin Disorder,Recovered
A102156,P14348,31,7,2025-03-01,2025-03-04,3,Scheduled,Heart Disease,Recovered
A102157,P12200,15,3,2025-06-20,2025-06-23,3,Emergency,Diabetes,Recovered
A102158,P11360,40,8,2025-07-06,2025-07-09,3,Emergency,Cancer,Recovered
A102159,P10910,30,6,2024-06-17,2024-06-18,1,Emergency,ENT Infection,Recovered
A102160,P13440,36,8,2025-05-29,2025-06-01,3,Scheduled,Asthma,Recovered
A102161,P12914,28,6,2024-12-29,2024-12-31,2,Referral,Cancer,Recovered
A102162,P14696,15,3,2025-11-13,2025-11-17,4,Scheduled,Heart Disease,Recovered
A102163,P11007,43,9,2025-03-05,2025-03-09,4,Scheduled,Cancer,Recovered
A102164,P13053,33,7,2025-07-22,2025-07-29,7,Scheduled,ENT Infection,Recovered
A102165,P11144,2,1,2024-03-23,2024-03-27,4,Emergency,ENT Infection,Recovered
A102166,P14399,8,2,2024-11-25,2024-11-29,4,Scheduled,Diabetes,Recovered
A102167,P13221,48,10,2025-11-21,2025-11-23,2,Emergency,Infection,Recovered
A102168,P11225,33,7,2024-05-12,2024-05-20,8,Emergency,Diabetes,Recovered
A102169,P13879,35,7,2025-08-20,2025-08-21,1,Scheduled,Diabetes,Recovered
A102170,P14496,18,4,2025-04-01,2025-04-15,14,Emergency,Migraine,Recovered
A102171,P10068,26,6,2024-12-18,2024-12-22,4,Emergency,Skin Disorder,Recovered
A102172,P14250,48,10,2024-12-09,2024-12-11,2,Scheduled,Diabetes,Recovered
A102173,P11015,21,5,2024-04-03,2024-04-06,3,Scheduled,Skin Disorder,Recovered
A102174,P10182,28,6,2025-01-16,2025-01-17,1,Scheduled,Cancer,Recovered
A102175,P14621,20,4,2024-10-21,2024-10-23,2,Referral,ENT Infection,Recovered
A102176,P14116,45,9,2024-07-16,2024-07-19,3,Scheduled,Fracture,Recovered
A102177,P14947,20,4,2024-03-19,2024-03-24,5,Scheduled,Migraine,Recovered
A102178,P12946,4,1,2025-11-08,2025-11-10,2,Scheduled,Asthma,Follow-up Required
A102179,P12058,36,8,2025-07-04,2025-07-10,6,Scheduled,Skin Disorder,Recovered
A102180,P12748,34,7,2024-08-01,2024-08-09,8,Emergency,ENT Infection,Recovered
A102181,P11881,45,9,2025-10-04,2025-10-09,5,Scheduled,Asthma,Recovered
A102182,P13603,13,3,2025-10-30,2025-11-02,3,Emergency,Asthma,Recovered
A102183,P10655,31,7,2024-06-07,2024-06-09,2,Emergency,Asthma,Recovered
A102184,P13687,39,8,2025-07-10,2025-07-11,1,Scheduled,ENT Infection,Recovered
A102185,P12289,7,2,2024-07-19,2024-07-25,6,Scheduled,Hypertension,Recovered
A102186,P12200,17,4,2024-01-22,2024-01-27,5,Scheduled,Hypertension,Recovered
A102187,P12832,42,9,2024-12-04,2024-12-08,4,Scheduled,Skin Disorder,Follow-up Required
A102188,P13409,12,3,2024-08-29,2024-08-31,2,Scheduled,ENT Infection,Transferred
A102189,P12236,30,6,2024-08-25,2024-08-27,2,Scheduled,Diabetes,Recovered
A102190,P12512,48,10,2024-05-28,2024-06-04,7,Emergency,Migraine,Follow-up Required
A102191,P10722,34,7,2025-08-01,2025-08-05,4,Scheduled,Skin Disorder,Recovered
A102192,P13249,22,5,2024-01-07,2024-01-21,14,Emergency,Asthma,Recovered
A102193,P11201,21,5,2024-08-20,2024-09-09,20,Emergency,Skin Disorder,Recovered
A102194,P14977,9,2,2025-08-01,2025-08-08,7,Scheduled,Diabetes,Transferred
A102195,P12463,12,3,2024-03-17,2024-03-20,3,Emergency,ENT Infection,Recovered
A102196,P14674,17,4,2025-05-03,2025-05-05,2,Scheduled,Hypertension,Recovered
A102197,P10310,16,4,2024-03-27,2024-03-30,3,Referral,Diabetes,Follow-up Required
A102198,P11026,5,1,2024-08-09,2024-08-29,20,Scheduled,Diabetes,Recovered
A102199,P14413,19,4,2025-02-16,2025-02-19,3,Scheduled,Migraine,Recovered
A102200,P11533,28,6,2025-08-06,2025-08-12,6,Scheduled,Hypertension,Follow-up Required
A102201,P13644,17,4,2024-07-20,2024-08-01,12,Referral,Diabetes,Recovered
A102202,P10368,22,5,2025-07-24,2025-07-31,7,Emergency,Migraine,Recovered
A102203,P14651,35,7,2024-10-02,2024-10-07,5,Scheduled,Migraine,Recovered
A102204,P12653,49,10,2024-08-08,2024-08-10,2,Scheduled,Infection,Recovered
A102205,P11250,15,3,2024-06-05,2024-06-07,2,Referral,Fracture,Follow-up Required
A102206,P12984,19,4,2024-06-29,2024-07-03,4,Emergency,Asthma,Transferred
A102207,P14576,47,10,2025-12-25,2026-01-06,12,Emergency,Asthma,Recovered
A102208,P13029,50,10,2024-05-08,2024-05-18,10,Referral,Skin Disorder,Recovered
A102209,P13135,26,6,2024-08-30,2024-09-01,2,Emergency,Heart Disease,Recovered
A102210,P14096,44,9,2024-06-20,2024-06-23,3,Emergency,Skin Disorder,Recovered
A102211,P10940,44,9,2025-05-17,2025-05-22,5,Scheduled,Skin Disorder,Recovered
A102212,P14110,35,7,2025-04-24,2025-04-28,4,Scheduled,Diabetes,Follow-up Required
A102213,P14238,43,9,2024-09-26,2024-09-28,2,Referral,Diabetes,Follow-up Required
A102214,P14024,23,5,2025-02-24,2025-02-27,3,Scheduled,Infection,Recovered
A102215,P13692,10,2,2024-06-11,2024-06-23,12,Scheduled,Cancer,Recovered
A102216,P10590,22,5,2024-01-24,2024-02-05,12,Emergency,Heart Disease,Recovered
A102217,P11783,47,10,2025-05-11,2025-05-16,5,Scheduled,Infection,Recovered
A102218,P14569,11,3,2024-07-11,2024-07-16,5,Emergency,Infection,Transferred
A102219,P11208,26,6,2025-01-24,2025-01-26,2,Emergency,Infection,Recovered
A102220,P14413,1,1,2025-05-11,2025-05-17,6,Referral,Diabetes,Recovered
A102221,P14541,36,8,2024-05-08,2024-05-09,1,Emergency,Cancer,Follow-up Required
A102222,P12344,21,5,2025-07-06,2025-07-08,2,Scheduled,ENT Infection,Recovered
A102223,P10847,8,2,2025-06-26,2025-06-27,1,Referral,Cancer,Recovered
A102224,P12425,20,4,2024-02-05,2024-02-08,3,Emergency,Migraine,Recovered
A102225,P14681,45,9,2025-04-01,2025-04-09,8,Emergency,Infection,Deceased
A102226,P10799,17,4,2024-12-26,2025-01-09,14,Scheduled,Infection,Follow-up Required
A102227,P10471,15,3,2024-08-02,2024-08-08,6,Emergency,ENT Infection,Recovered
A102228,P13910,21,5,2024-10-13,2024-10-19,6,Scheduled,Fracture,Recovered
A102229,P14828,1,1,2025-01-03,2025-01-06,3,Emergency,Migraine,Recovered
A102230,P12095,3,1,2025-04-13,2025-04-17,4,Referral,Asthma,Recovered
A102231,P12995,31,7,2024-07-04,2024-07-10,6,Referral,Asthma,Recovered
A102232,P13130,31,7,2025-04-18,2025-04-22,4,Referral,ENT Infection,Recovered
A102233,P11314,21,5,2024-03-01,2024-03-02,1,Emergency,Skin Disorder,Recovered
A102234,P12879,23,5,2024-09-18,2024-09-24,6,Emergency,Heart Disease,Recovered
A102235,P13516,17,4,2024-04-20,2024-04-22,2,Emergency,Migraine,Recovered
A102236,P11048,22,5,2024-05-20,2024-05-21,1,Scheduled,Hypertension,Recovered
A102237,P11088,22,5,2025-06-18,2025-06-22,4,Emergency,Hypertension,Recovered
A102238,P13682,36,8,2024-03-19,2024-03-20,1,Referral,ENT Infection,Follow-up Required
A102239,P10283,8,2,2025-05-08,2025-05-13,5,Scheduled,Migraine,Follow-up Required
A102240,P13649,47,10,2024-01-31,2024-02-05,5,Scheduled,Hypertension,Follow-up Required
A102241,P11399,8,2,2025-05-30,2025-06-02,3,Scheduled,Infection,Recovered
A102242,P12734,14,3,2025-05-23,2025-06-06,14,Scheduled,ENT Infection,Recovered
A102243,P14068,38,8,2025-09-21,2025-09-28,7,Emergency,Cancer,Transferred
A102244,P12358,24,5,2024-03-06,2024-03-08,2,Emergency,ENT Infection,Recovered
A102245,P12936,22,5,2025-05-24,2025-05-30,6,Scheduled,Diabetes,Recovered
A102246,P13819,15,3,2025-01-05,2025-01-08,3,Scheduled,Heart Disease,Recovered
A102247,P13239,20,4,2024-10-13,2024-10-20,7,Emergency,ENT Infection,Recovered
A102248,P11773,27,6,2024-06-24,2024-07-01,7,Referral,Cancer,Transferred
A102249,P14078,28,6,2024-05-02,2024-05-04,2,Referral,Hypertension,Recovered
A102250,P14103,22,5,2024-08-18,2024-08-24,6,Emergency,Skin Disorder,Recovered
A102251,P10788,31,7,2025-07-08,2025-07-16,8,Scheduled,Migraine,Transferred
A102252,P13225,9,2,2024-01-04,2024-01-07,3,Emergency,ENT Infection,Recovered
A102253,P10043,23,5,2025-12-02,2025-12-03,1,Emergency,Hypertension,Recovered
A102254,P14297,5,1,2025-02-15,2025-02-16,1,Referral,ENT Infection,Recovered
A102255,P12943,45,9,2024-09-06,2024-09-08,2,Referral,Cancer,Follow-up Required
A102256,P14644,39,8,2025-10-17,2025-10-18,1,Scheduled,Skin Disorder,Recovered
A102257,P14322,17,4,2025-05-01,2025-05-04,3,Referral,Skin Disorder,Recovered
A102258,P13906,40,8,2024-12-10,2024-12-13,3,Scheduled,Skin Disorder,Recovered
A102259,P14729,5,1,2024-11-28,2024-11-30,2,Scheduled,Asthma,Transferred
A102260,P13411,7,2,2025-03-28,2025-04-03,6,Scheduled,Infection,Recovered
A102261,P11359,8,2,2024-06-06,2024-06-26,20,Emergency,Infection,Recovered
A102262,P11205,7,2,2025-07-30,2025-08-09,10,Emergency,Fracture,Follow-up Required
A102263,P13605,22,5,2024-09-26,2024-09-29,3,Scheduled,Heart Disease,Follow-up Required
A102264,P12994,44,9,2025-08-09,2025-08-16,7,Scheduled,Skin Disorder,Recovered
A102265,P12242,38,8,2025-02-21,2025-03-05,12,Scheduled,Heart Disease,Follow-up Required
A102266,P10538,21,5,2025-03-15,2025-03-25,10,Scheduled,Heart Disease,Recovered
A102267,P14012,4,1,2024-01-29,2024-02-06,8,Emergency,Fracture,Recovered
A102268,P13869,32,7,2024-11-30,2024-12-07,7,Scheduled,ENT Infection,Recovered
A102269,P14577,29,6,2024-08-25,2024-08-28,3,Scheduled,ENT Infection,Recovered
A102270,P14526,30,6,2024-06-01,2024-06-02,1,Emergency,ENT Infection,Recovered
A102271,P13584,3,1,2025-08-28,2025-09-01,4,Referral,Heart Disease,Recovered
A102272,P11351,5,1,2024-04-24,2024-04-25,1,Scheduled,Diabetes,Recovered
A102273,P10945,19,4,2025-12-31,2026-01-20,20,Emergency,Migraine,Follow-up Required
A102274,P13857,8,2,2025-02-02,2025-02-05,3,Scheduled,Hypertension,Recovered
A102275,P11824,37,8,2024-02-01,2024-02-13,12,Scheduled,Hypertension,Recovered
A102276,P12626,31,7,2025-06-15,2025-06-22,7,Scheduled,Asthma,Recovered
A102277,P13899,27,6,2024-02-22,2024-02-26,4,Referral,Fracture,Recovered
A102278,P13488,13,3,2025-12-18,2025-12-20,2,Scheduled,Cancer,Transferred
A102279,P14207,42,9,2025-12-31,2026-01-02,2,Referral,Hypertension,Recovered
A102280,P14308,6,2,2024-07-13,2024-07-19,6,Referral,ENT Infection,Follow-up Required
A102281,P10851,1,1,2024-10-31,2024-11-07,7,Emergency,Migraine,Recovered
A102282,P12926,30,6,2025-12-07,2025-12-21,14,Emergency,Asthma,Recovered
A102283,P10996,11,3,2024-12-10,2024-12-12,2,Scheduled,Migraine,Recovered
A102284,P14762,41,9,2024-03-22,2024-03-24,2,Scheduled,ENT Infection,Recovered
A102285,P10350,31,7,2024-01-01,2024-01-02,1,Referral,Asthma,Follow-up Required
A102286,P11538,16,4,2024-06-15,2024-06-18,3,Scheduled,Heart Disease,Follow-up Required
A102287,P12978,15,3,2024-11-12,2024-11-19,7,Scheduled,Skin Disorder,Follow-up Required
A102288,P12729,5,1,2024-07-01,2024-07-03,2,Scheduled,Infection,Transferred
A102289,P14347,15,3,2024-09-29,2024-10-04,5,Scheduled,ENT Infection,Recovered
A102290,P12367,1,1,2025-10-30,2025-11-03,4,Emergency,Hypertension,Follow-up Required
A102291,P12237,15,3,2025-01-07,2025-01-10,3,Emergency,Migraine,Recovered
A102292,P13876,36,8,2024-12-27,2025-01-01,5,Scheduled,ENT Infection,Recovered
A102293,P13095,48,10,2024-07-19,2024-07-23,4,Scheduled,Hypertension,Recovered
A102294,P13602,39,8,2024-07-10,2024-07-13,3,Scheduled,Heart Disease,Recovered
A102295,P14175,8,2,2024-12-06,2024-12-12,6,Emergency,Asthma,Recovered
A102296,P14642,22,5,2024-10-25,2024-10-28,3,Emergency,Diabetes,Recovered
A102297,P10924,27,6,2025-05-20,2025-05-25,5,Scheduled,Migraine,Recovered
A102298,P10619,34,7,2025-08-10,2025-08-22,12,Referral,Infection,Recovered
A102299,P14401,30,6,2024-05-19,2024-05-25,6,Referral,Skin Disorder,Recovered
A102300,P13263,12,3,2024-11-01,2024-11-05,4,Scheduled,Hypertension,Follow-up Required
A102301,P13304,2,1,2024-07-14,2024-07-20,6,Referral,Infection,Recovered
A102302,P12602,46,10,2024-03-01,2024-03-08,7,Emergency,Cancer,Recovered
A102303,P11048,38,8,2024-12-25,2024-12-28,3,Referral,Heart Disease,Recovered
A102304,P11699,22,5,2024-11-02,2024-11-08,6,Scheduled,Diabetes,Follow-up Required
A102305,P12231,17,4,2025-04-24,2025-04-28,4,Scheduled,Cancer,Recovered
A102306,P11869,35,7,2024-11-28,2024-12-05,7,Emergency,Infection,Recovered
A102307,P12655,42,9,2024-03-23,2024-03-26,3,Referral,Hypertension,Follow-up Required
A102308,P10083,45,9,2024-11-29,2024-12-11,12,Scheduled,Diabetes,Recovered
A102309,P10093,23,5,2025-05-31,2025-06-05,5,Emergency,Fracture,Recovered
A102310,P13157,29,6,2025-12-31,2026-01-03,3,Emergency,Heart Disease,Recovered
A102311,P13049,29,6,2025-04-18,2025-04-22,4,Emergency,Diabetes,Recovered
A102312,P11468,50,10,2025-01-28,2025-01-31,3,Scheduled,Migraine,Follow-up Required
A102313,P12025,19,4,2025-08-22,2025-08-24,2,Emergency,Asthma,Deceased
A102314,P14870,17,4,2025-12-21,2025-12-22,1,Scheduled,Asthma,Follow-up Required
A102315,P13818,8,2,2025-11-22,2025-11-25,3,Referral,Infection,Recovered
A102316,P12699,50,10,2025-12-20,2025-12-24,4,Referral,Asthma,Recovered
A102317,P10792,7,2,2025-07-30,2025-08-02,3,Emergency,Asthma,Recovered
A102318,P10476,11,3,2025-01-14,2025-01-15,1,Emergency,Cancer,Follow-up Required
A102319,P10504,3,1,2024-01-21,2024-01-26,5,Scheduled,Migraine,Recovered
A102320,P10231,2,1,2024-06-25,2024-06-27,2,Emergency,Migraine,Transferred
A102321,P11587,19,4,2024-12-28,2024-12-30,2,Referral,Infection,Recovered
A102322,P11775,28,6,2024-01-22,2024-01-24,2,Scheduled,ENT Infection,Recovered
A102323,P13091,28,6,2025-07-01,2025-07-05,4,Scheduled,Infection,Recovered
A102324,P12257,25,5,2024-09-06,2024-09-07,1,Emergency,Heart Disease,Follow-up Required
A102325,P13971,11,3,2025-10-22,2025-10-25,3,Scheduled,Hypertension,Recovered
A102326,P14227,40,8,2024-03-13,2024-03-17,4,Referral,Migraine,Recovered
A102327,P14839,43,9,2024-03-31,2024-04-02,2,Scheduled,ENT Infection,Follow-up Required
A102328,P10384,2,1,2024-06-24,2024-06-28,4,Referral,Fracture,Recovered
A102329,P13164,12,3,2024-05-05,2024-05-08,3,Emergency,Hypertension,Recovered
A102330,P12410,41,9,2024-07-22,2024-07-30,8,Emergency,Migraine,Recovered
A102331,P10761,38,8,2024-09-02,2024-09-09,7,Referral,Asthma,Transferred
A102332,P13953,12,3,2025-09-02,2025-09-22,20,Scheduled,Infection,Transferred
A102333,P10943,50,10,2024-09-27,2024-10-01,4,Emergency,ENT Infection,Recovered
A102334,P12696,25,5,2024-02-13,2024-02-18,5,Scheduled,Skin Disorder,Recovered
A102335,P11297,37,8,2025-08-31,2025-09-12,12,Scheduled,Fracture,Recovered
A102336,P12403,31,7,2025-07-01,2025-07-05,4,Scheduled,Hypertension,Recovered
A102337,P12148,17,4,2024-06-16,2024-06-21,5,Referral,Fracture,Recovered
A102338,P11640,48,10,2025-03-10,2025-03-13,3,Emergency,Infection,Recovered
A102339,P14397,12,3,2024-01-30,2024-02-04,5,Scheduled,Hypertension,Follow-up Required
A102340,P10609,30,6,2025-08-19,2025-08-20,1,Scheduled,Skin Disorder,Transferred
A102341,P10882,2,1,2024-12-22,2024-12-29,7,Scheduled,Asthma,Follow-up Required
A102342,P12251,16,4,2025-05-05,2025-05-25,20,Scheduled,ENT Infection,Recovered
A102343,P13093,1,1,2025-09-24,2025-09-25,1,Scheduled,Cancer,Follow-up Required
A102344,P12160,34,7,2024-09-04,2024-09-11,7,Emergency,Asthma,Recovered
A102345,P12429,45,9,2025-11-26,2025-11-29,3,Scheduled,Infection,Recovered
A102346,P14851,48,10,2024-09-09,2024-09-11,2,Emergency,Heart Disease,Recovered
A102347,P13002,1,1,2025-12-21,2025-12-27,6,Emergency,Cancer,Follow-up Required
A102348,P14892,36,8,2025-01-16,2025-01-17,1,Scheduled,Migraine,Recovered
A102349,P11995,3,1,2025-06-19,2025-06-23,4,Emergency,Infection,Follow-up Required
A102350,P11324,34,7,2025-09-25,2025-09-26,1,Scheduled,Infection,Recovered
A102351,P14318,12,3,2025-02-22,2025-02-27,5,Emergency,Asthma,Recovered
A102352,P11012,45,9,2024-05-02,2024-05-06,4,Scheduled,Heart Disease,Recovered
A102353,P14039,27,6,2024-10-20,2024-10-30,10,Referral,Hypertension,Recovered
A102354,P10689,50,10,2025-11-15,2025-11-21,6,Emergency,Asthma,Follow-up Required
A102355,P14069,37,8,2024-05-22,2024-05-24,2,Scheduled,Skin Disorder,Recovered
A102356,P14214,25,5,2025-05-25,2025-05-28,3,Scheduled,Diabetes,Recovered
A102357,P14270,12,3,2025-11-11,2025-11-23,12,Emergency,Diabetes,Recovered
A102358,P11243,33,7,2024-02-26,2024-03-03,6,Scheduled,ENT Infection,Recovered
A102359,P13448,9,2,2024-02-11,2024-02-16,5,Emergency,Hypertension,Recovered
A102360,P12045,1,1,2025-09-22,2025-09-27,5,Emergency,Hypertension,Recovered
A102361,P10441,50,10,2024-04-30,2024-05-04,4,Referral,Diabetes,Transferred
A102362,P11225,23,5,2024-12-08,2024-12-13,5,Emergency,Hypertension,Follow-up Required
A102363,P12463,28,6,2024-11-27,2024-12-04,7,Scheduled,Asthma,Recovered
A102364,P14179,3,1,2025-03-31,2025-04-02,2,Emergency,Migraine,Recovered
A102365,P12753,38,8,2025-03-12,2025-03-26,14,Emergency,Cancer,Recovered
A102366,P11753,36,8,2024-12-06,2024-12-08,2,Emergency,ENT Infection,Follow-up Required
A102367,P14443,44,9,2024-12-06,2024-12-10,4,Emergency,Infection,Recovered
A102368,P14630,44,9,2025-02-19,2025-02-20,1,Scheduled,Fracture,Recovered
A102369,P13003,5,1,2024-06-30,2024-07-05,5,Scheduled,Skin Disorder,Recovered
A102370,P14547,29,6,2025-11-07,2025-11-10,3,Scheduled,Fracture,Follow-up Required
A102371,P13217,13,3,2024-09-20,2024-09-23,3,Scheduled,Skin Disorder,Recovered
A102372,P13360,44,9,2024-07-28,2024-08-17,20,Referral,Fracture,Follow-up Required
A102373,P13943,4,1,2025-06-06,2025-06-10,4,Referral,Diabetes,Recovered
A102374,P13297,6,2,2024-06-30,2024-07-04,4,Scheduled,Diabetes,Transferred
A102375,P14310,38,8,2025-03-19,2025-03-23,4,Referral,Asthma,Follow-up Required
A102376,P14015,6,2,2024-09-07,2024-09-09,2,Scheduled,Asthma,Follow-up Required
A102377,P10900,11,3,2024-05-17,2024-05-21,4,Scheduled,Infection,Recovered
A102378,P11190,27,6,2024-08-05,2024-08-08,3,Scheduled,Infection,Recovered
A102379,P10653,46,10,2025-03-29,2025-04-02,4,Referral,Heart Disease,Deceased
A102380,P10983,35,7,2024-03-27,2024-04-04,8,Scheduled,ENT Infection,Transferred
A102381,P10576,40,8,2024-10-19,2024-10-21,2,Scheduled,Infection,Recovered
A102382,P10333,4,1,2024-04-01,2024-04-06,5,Scheduled,Skin Disorder,Recovered
A102383,P14308,27,6,2024-07-26,2024-07-27,1,Referral,Skin Disorder,Recovered
A102384,P10289,16,4,2024-07-22,2024-07-25,3,Referral,Infection,Recovered
A102385,P12214,18,4,2024-07-04,2024-07-08,4,Emergency,Fracture,Recovered
A102386,P12174,7,2,2024-03-25,2024-03-26,1,Scheduled,Cancer,Recovered
A102387,P13834,11,3,2025-10-25,2025-10-30,5,Emergency,Diabetes,Recovered
A102388,P11056,8,2,2024-06-04,2024-06-07,3,Emergency,Cancer,Recovered
A102389,P14370,6,2,2024-10-19,2024-11-08,20,Referral,Heart Disease,Deceased
A102390,P11325,48,10,2025-06-16,2025-06-21,5,Scheduled,Migraine,Recovered
A102391,P13596,5,1,2024-06-09,2024-06-12,3,Scheduled,Heart Disease,Recovered
A102392,P13828,6,2,2025-01-20,2025-01-22,2,Scheduled,Asthma,Transferred
A102393,P12663,38,8,2025-04-29,2025-04-30,1,Scheduled,Asthma,Recovered
A102394,P12324,2,1,2025-05-17,2025-05-18,1,Emergency,Cancer,Recovered
A102395,P11883,31,7,2024-06-04,2024-06-10,6,Emergency,Hypertension,Recovered
A102396,P13064,39,8,2024-05-22,2024-05-30,8,Scheduled,Migraine,Recovered
A102397,P11154,32,7,2025-09-10,2025-09-12,2,Emergency,Migraine,Follow-up Required
A102398,P13371,9,2,2024-10-10,2024-10-14,4,Emergency,Skin Disorder,Recovered
A102399,P10097,15,3,2025-07-15,2025-07-18,3,Emergency,ENT Infection,Recovered
A102400,P10277,21,5,2024-02-04,2024-02-09,5,Referral,Fracture,Recovered
A102401,P12848,46,10,2024-08-11,2024-08-13,2,Emergency,Asthma,Recovered
A102402,P10332,28,6,2025-10-29,2025-11-10,12,Referral,ENT Infection,Recovered
A102403,P12253,45,9,2025-01-27,2025-02-02,6,Scheduled,Infection,Recovered
A102404,P14199,27,6,2025-02-11,2025-02-23,12,Emergency,Heart Disease,Transferred
A102405,P13052,5,1,2025-12-03,2025-12-06,3,Scheduled,Asthma,Recovered
A102406,P13697,17,4,2025-01-22,2025-01-27,5,Scheduled,Heart Disease,Recovered
A102407,P12408,37,8,2025-11-26,2025-12-02,6,Referral,Asthma,Recovered
A102408,P13203,24,5,2024-10-23,2024-10-29,6,Referral,Hypertension,Recovered
A102409,P12087,31,7,2024-11-18,2024-11-19,1,Emergency,Skin Disorder,Recovered
A102410,P10307,35,7,2025-05-02,2025-05-22,20,Scheduled,Asthma,Follow-up Required
A102411,P10884,41,9,2025-07-23,2025-08-02,10,Emergency,Asthma,Recovered
A102412,P14290,41,9,2024-02-08,2024-02-10,2,Emergency,Fracture,Recovered
A102413,P13590,4,1,2025-05-19,2025-05-24,5,Emergency,Migraine,Recovered
A102414,P13642,20,4,2025-05-17,2025-05-20,3,Scheduled,Fracture,Follow-up Required
A102415,P14345,43,9,2025-06-20,2025-06-28,8,Emergency,Asthma,Follow-up Required
A102416,P12163,17,4,2024-11-11,2024-11-17,6,Scheduled,Infection,Follow-up Required
A102417,P13148,46,10,2025-05-10,2025-05-12,2,Referral,Hypertension,Recovered
A102418,P12784,10,2,2024-04-26,2024-04-27,1,Scheduled,Heart Disease,Recovered
A102419,P13142,37,8,2024-12-07,2024-12-10,3,Referral,Diabetes,Follow-up Required
A102420,P14604,21,5,2024-08-27,2024-08-28,1,Emergency,Migraine,Recovered
A102421,P10155,21,5,2025-11-17,2025-11-19,2,Scheduled,Cancer,Follow-up Required
A102422,P13631,49,10,2025-03-20,2025-03-25,5,Referral,Migraine,Follow-up Required
A102423,P10461,16,4,2025-05-01,2025-05-07,6,Emergency,Skin Disorder,Recovered
A102424,P11397,33,7,2025-02-14,2025-02-18,4,Scheduled,Hypertension,Recovered
A102425,P10791,10,2,2025-09-14,2025-09-19,5,Emergency,Asthma,Recovered
A102426,P13710,44,9,2024-10-24,2024-10-26,2,Scheduled,Heart Disease,Recovered
A102427,P11868,18,4,2024-02-21,2024-02-24,3,Scheduled,Diabetes,Transferred
A102428,P11689,33,7,2024-10-30,2024-11-05,6,Referral,Fracture,Recovered
A102429,P10577,29,6,2024-10-14,2024-10-17,3,Scheduled,Heart Disease,Recovered
A102430,P13765,31,7,2025-10-25,2025-10-28,3,Referral,Skin Disorder,Deceased
A102431,P12544,24,5,2024-04-27,2024-04-29,2,Emergency,Skin Disorder,Recovered
A102432,P10362,12,3,2025-02-27,2025-03-04,5,Scheduled,Cancer,Recovered
A102433,P10457,20,4,2025-10-08,2025-10-15,7,Scheduled,Infection,Recovered
A102434,P13250,6,2,2024-07-27,2024-07-31,4,Scheduled,ENT Infection,Follow-up Required
A102435,P14225,8,2,2024-05-06,2024-05-08,2,Scheduled,Heart Disease,Recovered
A102436,P13562,14,3,2024-10-19,2024-10-27,8,Referral,Heart Disease,Recovered
A102437,P13111,5,1,2025-06-02,2025-06-03,1,Emergency,Infection,Transferred
A102438,P13530,36,8,2024-08-09,2024-08-13,4,Emergency,Fracture,Recovered
A102439,P14908,48,10,2024-03-17,2024-03-20,3,Referral,Cancer,Follow-up Required
A102440,P14969,38,8,2024-12-03,2024-12-15,12,Scheduled,Hypertension,Recovered
A102441,P10350,3,1,2024-10-01,2024-10-07,6,Scheduled,Hypertension,Recovered
A102442,P12693,36,8,2024-04-26,2024-05-01,5,Emergency,Infection,Follow-up Required
A102443,P14548,22,5,2024-10-18,2024-10-24,6,Emergency,Skin Disorder,Recovered
A102444,P14084,8,2,2024-09-27,2024-10-02,5,Emergency,Diabetes,Recovered
A102445,P10109,14,3,2025-03-22,2025-03-24,2,Emergency,Migraine,Follow-up Required
A102446,P11232,7,2,2024-06-05,2024-06-11,6,Scheduled,Diabetes,Recovered
A102447,P10577,4,1,2025-07-25,2025-07-29,4,Scheduled,Skin Disorder,Recovered
A102448,P10241,19,4,2024-07-02,2024-07-07,5,Referral,Skin Disorder,Recovered
A102449,P12639,43,9,2025-02-27,2025-02-28,1,Emergency,Hypertension,Follow-up Required
A102450,P12042,47,10,2025-10-17,2025-10-19,2,Emergency,Infection,Recovered
A102451,P10371,24,5,2025-11-03,2025-11-08,5,Scheduled,Hypertension,Follow-up Required
A102452,P12153,16,4,2025-08-23,2025-08-27,4,Emergency,Infection,Recovered
A102453,P10098,6,2,2024-01-16,2024-01-18,2,Referral,Cancer,Follow-up Required
A102454,P14192,44,9,2024-04-07,2024-04-10,3,Scheduled,Hypertension,Recovered
A102455,P11949,8,2,2025-09-07,2025-09-12,5,Referral,Heart Disease,Recovered
A102456,P11496,25,5,2024-10-26,2024-10-27,1,Emergency,ENT Infection,Follow-up Required
A102457,P12094,32,7,2025-02-25,2025-03-01,4,Emergency,Migraine,Transferred
A102458,P12938,25,5,2024-11-02,2024-11-06,4,Emergency,ENT Infection,Recovered
A102459,P12079,10,2,2024-09-30,2024-10-03,3,Emergency,Infection,Follow-up Required
A102460,P12456,43,9,2024-09-17,2024-09-24,7,Scheduled,Migraine,Recovered
A102461,P13447,41,9,2024-08-26,2024-08-27,1,Referral,Heart Disease,Recovered
A102462,P11406,17,4,2024-11-27,2024-12-05,8,Emergency,Cancer,Transferred
A102463,P14812,46,10,2024-04-24,2024-04-30,6,Emergency,Asthma,Transferred
A102464,P12692,3,1,2024-09-24,2024-09-28,4,Emergency,Hypertension,Recovered
A102465,P12746,9,2,2024-01-12,2024-01-22,10,Scheduled,Infection,Recovered
A102466,P10973,18,4,2024-03-13,2024-03-19,6,Scheduled,Skin Disorder,Recovered
A102467,P12749,49,10,2025-02-09,2025-02-21,12,Scheduled,Hypertension,Recovered
A102468,P11513,30,6,2024-06-26,2024-06-30,4,Scheduled,Infection,Recovered
A102469,P12924,5,1,2024-09-15,2024-09-19,4,Scheduled,Diabetes,Recovered
A102470,P10809,32,7,2025-02-03,2025-02-08,5,Scheduled,Hypertension,Recovered
A102471,P14695,27,6,2024-09-26,2024-09-27,1,Referral,Hypertension,Recovered
A102472,P14231,21,5,2025-09-23,2025-10-03,10,Scheduled,Heart Disease,Transferred
A102473,P10328,24,5,2025-11-11,2025-11-17,6,Emergency,Hypertension,Recovered
A102474,P14295,38,8,2025-04-30,2025-05-05,5,Emergency,ENT Infection,Recovered
A102475,P10683,3,1,2025-08-02,2025-08-12,10,Emergency,Diabetes,Recovered
A102476,P13332,16,4,2024-02-28,2024-03-19,20,Scheduled,Infection,Transferred
A102477,P10124,15,3,2025-10-03,2025-10-05,2,Scheduled,Cancer,Recovered
A102478,P10754,25,5,2024-09-22,2024-09-28,6,Emergency,Heart Disease,Recovered
A102479,P11607,8,2,2024-03-15,2024-03-20,5,Scheduled,Infection,Transferred
A102480,P13579,41,9,2024-03-30,2024-04-03,4,Scheduled,Infection,Recovered
A102481,P14667,4,1,2025-05-19,2025-06-02,14,Emergency,ENT Infection,Recovered
A102482,P11469,32,7,2024-12-22,2024-12-30,8,Scheduled,Fracture,Recovered
A102483,P12846,45,9,2024-06-02,2024-06-08,6,Scheduled,Hypertension,Transferred
A102484,P12939,35,7,2024-08-05,2024-08-08,3,Emergency,Fracture,Recovered
A102485,P11927,30,6,2025-04-30,2025-05-06,6,Referral,Hypertension,Follow-up Required
A102486,P12428,39,8,2025-06-23,2025-06-28,5,Emergency,ENT Infection,Recovered
A102487,P10165,48,10,2024-05-09,2024-05-12,3,Scheduled,Fracture,Recovered
A102488,P11510,49,10,2024-03-06,2024-03-10,4,Referral,Migraine,Recovered
A102489,P14711,30,6,2024-05-23,2024-05-25,2,Scheduled,Skin Disorder,Transferred
A102490,P14093,17,4,2025-01-14,2025-01-18,4,Scheduled,Infection,Recovered
A102491,P12811,19,4,2024-11-08,2024-11-14,6,Referral,Skin Disorder,Recovered
A102492,P11201,31,7,2025-02-10,2025-02-11,1,Emergency,Skin Disorder,Recovered
A102493,P13282,17,4,2025-02-10,2025-02-17,7,Emergency,Cancer,Recovered
A102494,P10619,2,1,2024-10-03,2024-10-04,1,Scheduled,Diabetes,Recovered
A102495,P12713,37,8,2025-09-06,2025-09-10,4,Referral,Migraine,Follow-up Required
A102496,P14955,48,10,2025-02-12,2025-02-17,5,Scheduled,Fracture,Recovered
A102497,P13724,29,6,2024-11-09,2024-11-16,7,Referral,Hypertension,Recovered
A102498,P11687,30,6,2025-07-02,2025-07-09,7,Emergency,Asthma,Recovered
A102499,P11607,43,9,2024-09-05,2024-09-09,4,Referral,Migraine,Recovered
A102500,P14733,22,5,2025-04-05,2025-04-06,1,Referral,ENT Infection,Recovered
A102501,P13933,38,8,2025-02-02,2025-02-08,6,Scheduled,ENT Infection,Recovered
A102502,P13893,11,3,2025-10-29,2025-11-02,4,Referral,Infection,Recovered
A102503,P13804,33,7,2025-03-26,2025-03-29,3,Emergency,Hypertension,Recovered
A102504,P14311,19,4,2025-04-15,2025-04-17,2,Referral,Migraine,Recovered
A102505,P11354,3,1,2025-10-05,2025-10-07,2,Referral,Heart Disease,Follow-up Required
A102506,P14240,40,8,2025-07-12,2025-07-15,3,Emergency,Fracture,Recovered
A102507,P10619,22,5,2025-03-09,2025-03-13,4,Scheduled,Fracture,Recovered
A102508,P10354,18,4,2025-03-21,2025-03-25,4,Scheduled,Asthma,Transferred
A102509,P10281,45,9,2025-12-07,2025-12-12,5,Emergency,Fracture,Follow-up Required
A102510,P13378,30,6,2024-04-12,2024-04-15,3,Emergency,Infection,Transferred
A102511,P14933,1,1,2024-11-23,2024-12-03,10,Emergency,Heart Disease,Recovered
A102512,P13551,20,4,2025-11-13,2025-11-17,4,Scheduled,Cancer,Recovered
A102513,P11960,49,10,2025-08-23,2025-08-27,4,Scheduled,Diabetes,Recovered
A102514,P10390,5,1,2024-09-02,2024-09-03,1,Referral,Diabetes,Recovered
A102515,P13868,12,3,2024-02-27,2024-03-03,5,Emergency,Hypertension,Recovered
A102516,P14361,11,3,2024-04-14,2024-04-19,5,Scheduled,Asthma,Recovered
A102517,P12054,24,5,2025-11-22,2025-11-27,5,Emergency,Asthma,Recovered
A102518,P10168,18,4,2024-03-09,2024-03-17,8,Scheduled,Asthma,Recovered
A102519,P14946,8,2,2024-10-28,2024-11-04,7,Referral,Hypertension,Recovered
A102520,P12167,29,6,2024-06-01,2024-06-09,8,Scheduled,Fracture,Follow-up Required
A102521,P14270,22,5,2025-06-20,2025-06-21,1,Emergency,Hypertension,Recovered
A102522,P13007,45,9,2024-02-04,2024-02-07,3,Scheduled,Diabetes,Recovered
A102523,P10187,2,1,2024-01-15,2024-01-18,3,Emergency,Cancer,Follow-up Required
A102524,P14047,23,5,2024-04-15,2024-04-21,6,Scheduled,Cancer,Recovered
A102525,P12941,16,4,2025-12-30,2026-01-03,4,Emergency,Hypertension,Transferred
A102526,P11298,44,9,2024-03-14,2024-03-21,7,Emergency,Hypertension,Recovered
A102527,P12646,8,2,2024-10-11,2024-10-14,3,Scheduled,Heart Disease,Follow-up Required
A102528,P11217,4,1,2025-07-03,2025-07-05,2,Referral,Infection,Recovered
A102529,P14628,14,3,2024-07-15,2024-07-18,3,Scheduled,Asthma,Recovered
A102530,P13000,9,2,2024-10-06,2024-10-08,2,Emergency,Heart Disease,Follow-up Required
A102531,P11206,11,3,2025-11-16,2025-11-18,2,Emergency,Cancer,Transferred
A102532,P10228,48,10,2025-07-09,2025-07-11,2,Referral,Cancer,Follow-up Required
A102533,P12614,38,8,2025-10-27,2025-10-28,1,Referral,Asthma,Follow-up Required
A102534,P14710,44,9,2024-06-01,2024-06-07,6,Emergency,Hypertension,Recovered
A102535,P12137,16,4,2024-10-17,2024-10-21,4,Referral,Cancer,Follow-up Required
A102536,P13732,13,3,2024-05-21,2024-05-22,1,Referral,Migraine,Recovered
A102537,P10250,36,8,2024-11-07,2024-11-10,3,Emergency,Skin Disorder,Recovered
A102538,P12273,44,9,2025-10-07,2025-10-17,10,Scheduled,Skin Disorder,Recovered
A102539,P12951,36,8,2024-02-01,2024-02-05,4,Scheduled,Diabetes,Recovered
A102540,P13019,17,4,2024-01-26,2024-02-15,20,Emergency,Asthma,Recovered
A102541,P14769,14,3,2024-09-11,2024-09-16,5,Emergency,Fracture,Recovered
A102542,P12216,29,6,2024-02-25,2024-03-10,14,Scheduled,Infection,Recovered
A102543,P12158,17,4,2024-10-19,2024-10-21,2,Referral,Asthma,Recovered
A102544,P11797,1,1,2025-09-28,2025-10-01,3,Referral,Infection,Recovered
A102545,P13245,20,4,2024-08-17,2024-08-23,6,Emergency,Migraine,Recovered
A102546,P10297,33,7,2024-02-22,2024-03-13,20,Scheduled,Skin Disorder,Recovered
A102547,P11928,2,1,2024-04-10,2024-04-17,7,Scheduled,Hypertension,Recovered
A102548,P12257,17,4,2025-04-11,2025-04-16,5,Scheduled,Infection,Recovered
A102549,P11458,23,5,2024-09-23,2024-09-24,1,Scheduled,Skin Disorder,Recovered
A102550,P13547,22,5,2024-01-02,2024-01-05,3,Scheduled,Cancer,Recovered
A102551,P13128,1,1,2024-01-22,2024-01-23,1,Emergency,Hypertension,Recovered
A102552,P12309,12,3,2025-07-31,2025-08-03,3,Emergency,Cancer,Recovered
A102553,P13665,13,3,2024-07-30,2024-08-02,3,Scheduled,Heart Disease,Transferred
A102554,P11590,14,3,2024-08-23,2024-08-26,3,Scheduled,ENT Infection,Recovered
A102555,P10096,10,2,2025-06-12,2025-06-20,8,Scheduled,Asthma,Follow-up Required
A102556,P13933,12,3,2025-01-22,2025-01-24,2,Scheduled,Skin Disorder,Recovered
A102557,P11360,22,5,2024-01-14,2024-01-17,3,Scheduled,Infection,Recovered
A102558,P11740,18,4,2025-06-02,2025-06-05,3,Scheduled,Migraine,Recovered
A102559,P13795,39,8,2024-08-09,2024-08-12,3,Referral,Cancer,Recovered
A102560,P11353,19,4,2025-09-07,2025-09-10,3,Emergency,Cancer,Follow-up Required
A102561,P14925,30,6,2025-02-06,2025-02-09,3,Referral,Asthma,Recovered
A102562,P11543,15,3,2025-05-27,2025-06-08,12,Emergency,Asthma,Recovered
A102563,P12668,39,8,2024-10-13,2024-10-17,4,Scheduled,Skin Disorder,Recovered
A102564,P10831,14,3,2025-01-18,2025-01-20,2,Scheduled,Fracture,Recovered
A102565,P11606,9,2,2024-09-03,2024-09-07,4,Scheduled,Heart Disease,Follow-up Required
A102566,P14646,5,1,2024-03-31,2024-04-02,2,Referral,Cancer,Follow-up Required
A102567,P12748,33,7,2024-11-07,2024-11-09,2,Emergency,Skin Disorder,Recovered
A102568,P13811,48,10,2025-03-12,2025-03-15,3,Scheduled,Fracture,Follow-up Required
A102569,P14659,5,1,2025-12-26,2025-12-28,2,Referral,Diabetes,Recovered
A102570,P10222,24,5,2024-02-12,2024-02-18,6,Emergency,Asthma,Recovered
A102571,P13952,8,2,2024-03-14,2024-03-21,7,Referral,Skin Disorder,Follow-up Required
A102572,P10531,19,4,2025-07-14,2025-07-18,4,Scheduled,Diabetes,Recovered
A102573,P14127,12,3,2024-11-11,2024-11-17,6,Referral,Skin Disorder,Follow-up Required
A102574,P11382,8,2,2024-05-23,2024-05-26,3,Scheduled,Migraine,Recovered
A102575,P14118,8,2,2024-11-24,2024-11-26,2,Scheduled,Fracture,Recovered
A102576,P10754,38,8,2024-07-27,2024-07-31,4,Emergency,Cancer,Follow-up Required
A102577,P14310,20,4,2024-04-08,2024-04-13,5,Scheduled,Diabetes,Recovered
A102578,P14808,29,6,2025-11-30,2025-12-01,1,Emergency,Infection,Recovered
A102579,P11189,41,9,2024-04-23,2024-04-29,6,Scheduled,ENT Infection,Recovered
A102580,P10409,34,7,2024-06-23,2024-06-29,6,Emergency,Infection,Recovered
A102581,P12486,18,4,2024-09-27,2024-10-05,8,Emergency,Hypertension,Recovered
A102582,P10797,1,1,2024-03-03,2024-03-05,2,Emergency,ENT Infection,Recovered
A102583,P10861,11,3,2025-02-07,2025-02-08,1,Referral,Cancer,Recovered
A102584,P14172,47,10,2024-08-12,2024-08-13,1,Scheduled,Hypertension,Transferred
A102585,P10366,44,9,2024-06-09,2024-06-19,10,Scheduled,Skin Disorder,Recovered
A102586,P11515,35,7,2024-02-05,2024-02-12,7,Referral,Diabetes,Recovered
A102587,P14937,32,7,2025-01-15,2025-01-23,8,Scheduled,ENT Infection,Recovered
A102588,P12935,42,9,2025-10-14,2025-10-18,4,Emergency,Infection,Recovered
A102589,P11584,16,4,2024-11-13,2024-11-17,4,Scheduled,Migraine,Recovered
A102590,P10499,6,2,2025-12-08,2025-12-11,3,Referral,Migraine,Recovered
A102591,P13242,9,2,2025-10-24,2025-11-01,8,Emergency,Migraine,Recovered
A102592,P11370,40,8,2025-03-31,2025-04-07,7,Scheduled,Skin Disorder,Recovered
A102593,P11252,22,5,2024-09-25,2024-09-29,4,Scheduled,ENT Infection,Recovered
A102594,P10699,48,10,2024-12-09,2024-12-12,3,Scheduled,Diabetes,Follow-up Required
A102595,P12728,8,2,2024-02-09,2024-02-15,6,Referral,Skin Disorder,Recovered
A102596,P12251,32,7,2025-02-17,2025-02-18,1,Scheduled,Infection,Recovered
A102597,P12494,26,6,2025-01-14,2025-01-22,8,Emergency,Heart Disease,Recovered
A102598,P10132,18,4,2024-08-09,2024-08-13,4,Referral,Heart Disease,Follow-up Required
A102599,P10091,37,8,2024-10-07,2024-10-11,4,Scheduled,Diabetes,Recovered
A102600,P13895,12,3,2024-08-12,2024-08-18,6,Emergency,ENT Infection,Follow-up Required
A102601,P13198,38,8,2025-04-01,2025-04-06,5,Emergency,Migraine,Transferred
A102602,P10472,34,7,2024-06-02,2024-06-05,3,Referral,Heart Disease,Transferred
A102603,P11266,4,1,2024-10-06,2024-10-18,12,Emergency,Diabetes,Recovered
A102604,P14598,16,4,2024-12-18,2025-01-07,20,Scheduled,Fracture,Recovered
A102605,P12809,24,5,2024-02-08,2024-02-12,4,Emergency,Skin Disorder,Follow-up Required
A102606,P14483,14,3,2025-12-29,2026-01-03,5,Referral,Hypertension,Recovered
A102607,P11112,17,4,2025-09-12,2025-09-17,5,Scheduled,Skin Disorder,Recovered
A102608,P10598,31,7,2025-07-26,2025-07-30,4,Scheduled,Infection,Recovered
A102609,P10908,4,1,2025-05-03,2025-05-15,12,Scheduled,Diabetes,Follow-up Required
A102610,P12915,50,10,2024-07-16,2024-07-19,3,Referral,Diabetes,Recovered
A102611,P13217,44,9,2024-10-02,2024-10-04,2,Referral,Migraine,Follow-up Required
A102612,P11355,34,7,2024-06-20,2024-06-30,10,Scheduled,Heart Disease,Follow-up Required
A102613,P13947,38,8,2025-05-22,2025-05-24,2,Referral,Hypertension,Recovered
A102614,P13236,38,8,2025-02-08,2025-02-14,6,Scheduled,Cancer,Recovered
A102615,P12705,3,1,2024-09-27,2024-09-29,2,Scheduled,Migraine,Recovered
A102616,P12390,8,2,2025-07-07,2025-07-21,14,Referral,Migraine,Recovered
A102617,P14076,12,3,2025-12-01,2025-12-08,7,Scheduled,Asthma,Recovered
A102618,P13651,35,7,2025-10-25,2025-11-04,10,Referral,Cancer,Recovered
A102619,P10464,2,1,2024-05-10,2024-05-22,12,Emergency,Fracture,Follow-up Required
A102620,P13939,29,6,2025-09-17,2025-09-18,1,Scheduled,Heart Disease,Recovered
A102621,P11073,23,5,2025-01-19,2025-01-23,4,Scheduled,Infection,Recovered
A102622,P10474,33,7,2025-01-31,2025-02-05,5,Scheduled,Hypertension,Recovered
A102623,P14984,50,10,2025-07-19,2025-07-26,7,Emergency,Diabetes,Follow-up Required
A102624,P10939,18,4,2024-10-22,2024-10-25,3,Referral,Heart Disease,Recovered
A102625,P11311,40,8,2025-01-17,2025-01-27,10,Emergency,Migraine,Recovered
A102626,P12341,22,5,2025-05-26,2025-05-28,2,Scheduled,ENT Infection,Recovered
A102627,P13521,14,3,2025-01-29,2025-02-06,8,Scheduled,Fracture,Recovered
A102628,P14057,29,6,2025-07-07,2025-07-11,4,Scheduled,Heart Disease,Recovered
A102629,P11087,45,9,2025-08-27,2025-08-31,4,Scheduled,ENT Infection,Recovered
A102630,P14664,15,3,2024-09-16,2024-09-19,3,Referral,Fracture,Recovered
A102631,P13530,15,3,2024-10-07,2024-10-09,2,Emergency,ENT Infection,Follow-up Required
A102632,P14970,45,9,2024-12-21,2024-12-24,3,Scheduled,Infection,Transferred
A102633,P10260,4,1,2025-02-23,2025-02-27,4,Emergency,Infection,Recovered
A102634,P11657,36,8,2024-07-10,2024-07-14,4,Referral,Migraine,Recovered
A102635,P12956,5,1,2025-09-28,2025-10-04,6,Scheduled,Migraine,Follow-up Required
A102636,P14280,3,1,2025-03-03,2025-03-06,3,Scheduled,Infection,Recovered
A102637,P13120,12,3,2024-12-13,2024-12-17,4,Scheduled,Fracture,Follow-up Required
A102638,P10592,20,4,2025-03-04,2025-03-14,10,Scheduled,Hypertension,Recovered
A102639,P11433,44,9,2025-01-26,2025-02-02,7,Emergency,Fracture,Recovered
A102640,P12488,20,4,2024-12-06,2024-12-07,1,Referral,Skin Disorder,Recovered
A102641,P10229,39,8,2025-06-30,2025-07-07,7,Scheduled,ENT Infection,Recovered
A102642,P12780,39,8,2025-02-05,2025-02-25,20,Scheduled,ENT Infection,Follow-up Required
A102643,P11369,1,1,2024-02-16,2024-02-28,12,Scheduled,ENT Infection,Recovered
A102644,P11625,44,9,2025-10-26,2025-11-03,8,Referral,Diabetes,Recovered
A102645,P13980,3,1,2025-02-28,2025-03-05,5,Emergency,Hypertension,Recovered
A102646,P10740,47,10,2025-05-31,2025-06-03,3,Emergency,Skin Disorder,Recovered
A102647,P13175,9,2,2025-09-28,2025-10-04,6,Scheduled,Asthma,Recovered
A102648,P12648,20,4,2024-11-23,2024-11-29,6,Scheduled,Diabetes,Transferred
A102649,P12071,9,2,2024-03-27,2024-03-30,3,Emergency,Infection,Follow-up Required
A102650,P14572,31,7,2025-05-29,2025-06-01,3,Scheduled,Fracture,Follow-up Required
A102651,P14994,46,10,2024-06-13,2024-06-17,4,Emergency,Skin Disorder,Recovered
A102652,P12035,28,6,2024-08-10,2024-08-15,5,Scheduled,Asthma,Recovered
A102653,P14381,35,7,2024-10-23,2024-10-26,3,Scheduled,Infection,Recovered
A102654,P11186,40,8,2025-03-26,2025-03-31,5,Emergency,Heart Disease,Recovered
A102655,P10590,38,8,2024-12-08,2024-12-18,10,Emergency,Asthma,Follow-up Required
A102656,P14218,44,9,2024-12-06,2024-12-09,3,Referral,Hypertension,Follow-up Required
A102657,P11136,2,1,2025-04-05,2025-04-19,14,Scheduled,Migraine,Recovered
A102658,P13421,3,1,2025-01-26,2025-01-30,4,Referral,ENT Infection,Follow-up Required
A102659,P12559,14,3,2025-06-20,2025-06-22,2,Emergency,Migraine,Recovered
A102660,P10002,17,4,2025-07-04,2025-07-05,1,Referral,Diabetes,Recovered
A102661,P10892,35,7,2025-02-24,2025-02-27,3,Scheduled,Asthma,Recovered
A102662,P14895,4,1,2025-01-15,2025-01-18,3,Emergency,Heart Disease,Recovered
A102663,P14725,47,10,2025-09-08,2025-09-16,8,Scheduled,Fracture,Follow-up Required
A102664,P14557,30,6,2024-01-05,2024-01-11,6,Scheduled,Heart Disease,Recovered
A102665,P13000,39,8,2025-10-09,2025-10-17,8,Emergency,Hypertension,Follow-up Required
A102666,P13554,14,3,2024-01-04,2024-01-09,5,Referral,Hypertension,Recovered
A102667,P13658,48,10,2025-11-11,2025-11-15,4,Scheduled,Migraine,Deceased
A102668,P10972,27,6,2024-11-11,2024-11-14,3,Emergency,ENT Infection,Follow-up Required
A102669,P14150,13,3,2024-03-18,2024-03-23,5,Referral,Asthma,Follow-up Required
A102670,P13743,20,4,2025-06-14,2025-06-19,5,Scheduled,Migraine,Recovered
A102671,P14205,49,10,2025-12-17,2025-12-21,4,Scheduled,Fracture,Recovered
A102672,P10280,49,10,2024-12-20,2025-01-01,12,Scheduled,Asthma,Recovered
A102673,P11699,24,5,2024-02-02,2024-02-07,5,Scheduled,Skin Disorder,Recovered
A102674,P12888,10,2,2025-10-23,2025-10-31,8,Scheduled,Fracture,Recovered
A102675,P12885,7,2,2025-12-05,2025-12-10,5,Emergency,Skin Disorder,Recovered
A102676,P13286,17,4,2024-05-18,2024-05-21,3,Scheduled,ENT Infection,Recovered
A102677,P13580,22,5,2024-09-28,2024-10-04,6,Scheduled,Infection,Recovered
A102678,P12252,44,9,2024-07-14,2024-07-16,2,Scheduled,Fracture,Recovered
A102679,P14641,11,3,2024-05-06,2024-05-11,5,Scheduled,ENT Infection,Recovered
A102680,P12357,42,9,2024-12-14,2024-12-18,4,Scheduled,Fracture,Follow-up Required
A102681,P14624,23,5,2024-02-13,2024-02-15,2,Scheduled,Heart Disease,Recovered
A102682,P11932,22,5,2025-12-28,2026-01-01,4,Scheduled,Infection,Recovered
A102683,P13415,40,8,2024-08-31,2024-09-03,3,Emergency,Fracture,Recovered
A102684,P11009,47,10,2024-01-09,2024-01-11,2,Emergency,ENT Infection,Recovered
A102685,P14713,18,4,2025-12-12,2025-12-19,7,Scheduled,Fracture,Recovered
A102686,P12079,45,9,2024-03-19,2024-03-23,4,Emergency,Infection,Recovered
A102687,P14196,26,6,2024-07-08,2024-07-11,3,Emergency,Infection,Transferred
A102688,P12715,48,10,2024-03-26,2024-03-30,4,Emergency,Diabetes,Follow-up Required
A102689,P11339,30,6,2025-04-29,2025-05-06,7,Emergency,Cancer,Recovered
A102690,P14591,13,3,2024-09-27,2024-09-28,1,Scheduled,Infection,Follow-up Required
A102691,P13690,4,1,2025-05-27,2025-06-01,5,Scheduled,Hypertension,Transferred
A102692,P10742,43,9,2024-01-20,2024-01-24,4,Emergency,ENT Infection,Recovered
A102693,P10734,27,6,2025-05-03,2025-05-13,10,Emergency,Skin Disorder,Transferred
A102694,P11807,40,8,2024-05-09,2024-05-14,5,Emergency,Cancer,Deceased
A102695,P12379,10,2,2025-10-04,2025-10-06,2,Scheduled,Hypertension,Follow-up Required
A102696,P13266,44,9,2024-01-07,2024-01-10,3,Scheduled,Migraine,Recovered
A102697,P11754,28,6,2025-12-04,2025-12-09,5,Emergency,Asthma,Recovered
A102698,P11025,21,5,2024-11-05,2024-11-06,1,Scheduled,Cancer,Recovered
A102699,P11483,11,3,2025-09-18,2025-09-26,8,Emergency,ENT Infection,Deceased
A102700,P12566,20,4,2025-04-17,2025-04-18,1,Emergency,Infection,Recovered
A102701,P13555,36,8,2024-04-11,2024-04-12,1,Scheduled,Migraine,Follow-up Required
A102702,P11780,19,4,2024-12-03,2024-12-04,1,Scheduled,Hypertension,Recovered
A102703,P13717,10,2,2024-11-14,2024-11-20,6,Emergency,Fracture,Recovered
A102704,P14819,15,3,2025-05-27,2025-05-31,4,Emergency,Skin Disorder,Transferred
A102705,P12117,45,9,2024-01-25,2024-01-27,2,Emergency,Cancer,Follow-up Required
A102706,P14567,45,9,2025-12-21,2025-12-29,8,Scheduled,ENT Infection,Recovered
A102707,P12540,18,4,2025-03-05,2025-03-07,2,Emergency,ENT Infection,Transferred
A102708,P12966,7,2,2024-05-22,2024-05-25,3,Emergency,Diabetes,Follow-up Required
A102709,P12761,30,6,2025-12-09,2025-12-11,2,Referral,Diabetes,Transferred
A102710,P12455,14,3,2025-10-18,2025-10-28,10,Emergency,Cancer,Recovered
A102711,P13755,37,8,2024-05-28,2024-06-04,7,Emergency,Heart Disease,Transferred
A102712,P11946,41,9,2025-11-23,2025-11-29,6,Emergency,Migraine,Follow-up Required
A102713,P13369,30,6,2024-02-24,2024-02-25,1,Emergency,Skin Disorder,Transferred
A102714,P12630,27,6,2025-04-15,2025-04-19,4,Emergency,Diabetes,Recovered
A102715,P10529,49,10,2024-12-28,2025-01-02,5,Referral,Cancer,Recovered
A102716,P14233,37,8,2025-10-11,2025-10-14,3,Referral,Diabetes,Follow-up Required
A102717,P11472,48,10,2024-07-27,2024-07-30,3,Scheduled,Heart Disease,Recovered
A102718,P12036,41,9,2024-07-03,2024-07-11,8,Scheduled,Infection,Follow-up Required
A102719,P14035,17,4,2024-03-05,2024-03-06,1,Scheduled,Infection,Deceased
A102720,P11368,30,6,2025-07-02,2025-07-07,5,Scheduled,Migraine,Follow-up Required
A102721,P11720,18,4,2024-04-21,2024-04-25,4,Scheduled,Hypertension,Recovered
A102722,P11042,3,1,2024-09-19,2024-09-25,6,Scheduled,Diabetes,Recovered
A102723,P13488,28,6,2024-03-16,2024-03-18,2,Emergency,Infection,Recovered
A102724,P10560,37,8,2024-10-22,2024-10-24,2,Emergency,Cancer,Recovered
A102725,P11565,30,6,2024-06-26,2024-07-01,5,Referral,Asthma,Recovered
A102726,P13225,21,5,2024-01-01,2024-01-15,14,Emergency,Heart Disease,Recovered
A102727,P11801,49,10,2024-05-27,2024-06-10,14,Referral,Heart Disease,Recovered
A102728,P13271,20,4,2025-11-01,2025-11-04,3,Scheduled,Skin Disorder,Follow-up Required
A102729,P11812,22,5,2025-10-23,2025-10-25,2,Scheduled,Heart Disease,Recovered
A102730,P13082,36,8,2024-05-08,2024-05-13,5,Emergency,Asthma,Recovered
A102731,P14263,36,8,2025-09-29,2025-10-03,4,Emergency,Heart Disease,Recovered
A102732,P10147,21,5,2025-05-27,2025-06-03,7,Scheduled,ENT Infection,Recovered
A102733,P13829,24,5,2025-09-20,2025-09-24,4,Scheduled,Heart Disease,Recovered
A102734,P14541,21,5,2025-05-16,2025-05-20,4,Scheduled,Skin Disorder,Recovered
A102735,P12118,7,2,2024-05-28,2024-06-02,5,Scheduled,Cancer,Recovered
A102736,P12664,8,2,2024-09-25,2024-09-27,2,Scheduled,Infection,Recovered
A102737,P10319,22,5,2025-12-01,2025-12-07,6,Scheduled,Heart Disease,Transferred
A102738,P13970,22,5,2025-10-14,2025-10-18,4,Referral,Migraine,Recovered
A102739,P14132,30,6,2024-04-14,2024-04-21,7,Referral,Hypertension,Transferred
A102740,P10255,34,7,2025-04-10,2025-04-12,2,Scheduled,Diabetes,Follow-up Required
A102741,P11337,29,6,2024-10-07,2024-10-10,3,Emergency,Skin Disorder,Follow-up Required
A102742,P10335,10,2,2025-02-10,2025-02-22,12,Emergency,Heart Disease,Recovered
A102743,P13092,5,1,2025-09-04,2025-09-09,5,Scheduled,Migraine,Recovered
A102744,P14394,49,10,2024-12-23,2025-01-02,10,Scheduled,Fracture,Follow-up Required
A102745,P11045,39,8,2025-11-05,2025-11-11,6,Scheduled,Cancer,Recovered
A102746,P14574,34,7,2024-07-21,2024-07-31,10,Scheduled,Hypertension,Recovered
A102747,P11792,38,8,2025-09-03,2025-09-06,3,Referral,Asthma,Recovered
A102748,P12520,10,2,2024-10-07,2024-10-08,1,Emergency,Asthma,Recovered
A102749,P10962,9,2,2024-09-13,2024-09-20,7,Referral,Cancer,Recovered
A102750,P13750,32,7,2024-04-03,2024-04-10,7,Emergency,Hypertension,Deceased
A102751,P14566,5,1,2024-11-19,2024-11-24,5,Emergency,Fracture,Recovered
A102752,P12815,35,7,2024-12-27,2025-01-01,5,Referral,Hypertension,Recovered
A102753,P10590,11,3,2025-10-23,2025-11-02,10,Referral,Skin Disorder,Recovered
A102754,P11989,42,9,2024-12-16,2024-12-18,2,Scheduled,Asthma,Recovered
A102755,P12840,16,4,2024-03-02,2024-03-07,5,Referral,Infection,Recovered
A102756,P13866,27,6,2025-10-02,2025-10-03,1,Referral,Hypertension,Recovered
A102757,P12434,20,4,2024-07-05,2024-07-07,2,Scheduled,ENT Infection,Recovered
A102758,P12990,1,1,2025-08-02,2025-08-06,4,Scheduled,Fracture,Recovered
A102759,P13949,26,6,2025-06-25,2025-07-02,7,Emergency,Infection,Recovered
A102760,P14542,11,3,2024-10-30,2024-11-05,6,Emergency,Fracture,Recovered
A102761,P11961,15,3,2025-09-30,2025-10-14,14,Scheduled,Migraine,Recovered
A102762,P14195,39,8,2025-03-11,2025-03-12,1,Scheduled,Hypertension,Follow-up Required
A102763,P10655,40,8,2024-07-31,2024-08-03,3,Scheduled,Heart Disease,Recovered
A102764,P11079,48,10,2025-02-09,2025-02-11,2,Scheduled,Cancer,Recovered
A102765,P13075,18,4,2024-05-13,2024-05-14,1,Referral,Skin Disorder,Follow-up Required
A102766,P11356,24,5,2024-08-06,2024-08-09,3,Scheduled,Cancer,Recovered
A102767,P11459,28,6,2025-02-24,2025-02-27,3,Referral,Fracture,Recovered
A102768,P13283,25,5,2024-11-14,2024-11-18,4,Referral,ENT Infection,Follow-up Required
A102769,P14913,23,5,2024-06-05,2024-06-07,2,Scheduled,Hypertension,Recovered
A102770,P14757,11,3,2024-07-06,2024-07-10,4,Emergency,Fracture,Follow-up Required
A102771,P14696,33,7,2025-04-20,2025-04-30,10,Emergency,Asthma,Recovered
A102772,P10920,16,4,2024-06-10,2024-06-16,6,Scheduled,Diabetes,Follow-up Required
A102773,P11747,36,8,2024-05-08,2024-05-16,8,Scheduled,Infection,Recovered
A102774,P11759,23,5,2024-10-30,2024-11-06,7,Scheduled,Heart Disease,Follow-up Required
A102775,P11832,6,2,2024-03-29,2024-04-01,3,Referral,Cancer,Follow-up Required
A102776,P11172,43,9,2024-06-10,2024-06-16,6,Scheduled,Fracture,Recovered
A102777,P13279,24,5,2024-02-05,2024-02-12,7,Emergency,Skin Disorder,Recovered
A102778,P10360,38,8,2024-08-14,2024-08-16,2,Scheduled,Hypertension,Recovered
A102779,P13811,42,9,2024-05-30,2024-06-07,8,Emergency,ENT Infection,Recovered
A102780,P11441,6,2,2025-08-15,2025-08-19,4,Emergency,Hypertension,Recovered
A102781,P12920,10,2,2024-02-16,2024-02-17,1,Emergency,Migraine,Recovered
A102782,P11720,22,5,2025-12-16,2025-12-21,5,Emergency,Skin Disorder,Deceased
A102783,P13254,23,5,2025-10-21,2025-10-27,6,Referral,Asthma,Follow-up Required
A102784,P10556,5,1,2024-08-18,2024-08-23,5,Scheduled,Diabetes,Recovered
A102785,P11234,28,6,2025-06-22,2025-06-24,2,Scheduled,Skin Disorder,Follow-up Required
A102786,P13921,9,2,2025-12-01,2025-12-05,4,Scheduled,Infection,Recovered
A102787,P14040,39,8,2024-06-13,2024-06-17,4,Scheduled,Migraine,Recovered
A102788,P12298,49,10,2025-12-24,2026-01-07,14,Scheduled,Infection,Recovered
A102789,P11536,44,9,2025-08-09,2025-08-16,7,Referral,Skin Disorder,Deceased
A102790,P14059,28,6,2025-08-26,2025-09-02,7,Scheduled,Cancer,Recovered
A102791,P13303,25,5,2025-07-27,2025-07-29,2,Referral,Cancer,Recovered
A102792,P10910,43,9,2024-03-06,2024-03-09,3,Scheduled,Skin Disorder,Recovered
A102793,P11962,38,8,2024-03-20,2024-03-23,3,Emergency,Heart Disease,Recovered
A102794,P10012,27,6,2024-05-19,2024-05-23,4,Scheduled,Hypertension,Recovered
A102795,P10980,24,5,2025-02-03,2025-02-04,1,Referral,Fracture,Follow-up Required
A102796,P10273,43,9,2024-05-09,2024-05-14,5,Referral,Skin Disorder,Recovered
A102797,P14584,43,9,2025-03-21,2025-03-24,3,Emergency,ENT Infection,Recovered
A102798,P11998,46,10,2024-01-29,2024-02-03,5,Emergency,Hypertension,Follow-up Required
A102799,P14634,16,4,2024-07-20,2024-07-21,1,Scheduled,ENT Infection,Recovered
A102800,P11689,2,1,2024-08-24,2024-08-27,3,Emergency,Hypertension,Follow-up Required
A102801,P11596,2,1,2025-08-21,2025-08-28,7,Emergency,Asthma,Follow-up Required
A102802,P13243,5,1,2025-08-30,2025-09-03,4,Emergency,Fracture,Follow-up Required
A102803,P14684,46,10,2024-12-04,2024-12-11,7,Emergency,Hypertension,Follow-up Required
A102804,P11716,21,5,2025-02-02,2025-02-08,6,Scheduled,Fracture,Follow-up Required
A102805,P14339,10,2,2025-03-14,2025-03-22,8,Referral,Asthma,Recovered
A102806,P11202,42,9,2024-10-15,2024-10-16,1,Emergency,Cancer,Transferred
A102807,P12846,18,4,2024-09-08,2024-09-11,3,Scheduled,Skin Disorder,Recovered
A102808,P10257,26,6,2025-11-22,2025-11-27,5,Scheduled,ENT Infection,Transferred
A102809,P10310,20,4,2024-04-09,2024-04-21,12,Referral,Asthma,Recovered
A102810,P12564,41,9,2025-08-07,2025-08-13,6,Scheduled,Diabetes,Recovered
A102811,P13418,36,8,2025-02-25,2025-03-01,4,Emergency,Asthma,Follow-up Required
A102812,P11089,49,10,2025-10-04,2025-10-06,2,Referral,Hypertension,Recovered
A102813,P14732,21,5,2025-11-24,2025-11-28,4,Referral,Hypertension,Recovered
A102814,P14893,2,1,2025-12-06,2025-12-10,4,Scheduled,Hypertension,Recovered
A102815,P11177,46,10,2024-01-18,2024-01-25,7,Emergency,Asthma,Recovered
A102816,P13098,33,7,2025-04-15,2025-04-19,4,Emergency,Infection,Recovered
A102817,P13231,23,5,2025-09-29,2025-10-02,3,Emergency,Hypertension,Recovered
A102818,P11725,39,8,2025-12-23,2025-12-24,1,Emergency,Heart Disease,Recovered
A102819,P12629,31,7,2024-01-07,2024-01-08,1,Emergency,Heart Disease,Follow-up Required
A102820,P14175,4,1,2025-02-22,2025-02-26,4,Emergency,Infection,Follow-up Required
A102821,P13300,41,9,2025-01-14,2025-01-17,3,Emergency,Fracture,Recovered
A102822,P11351,3,1,2025-05-22,2025-05-27,5,Scheduled,Skin Disorder,Transferred
A102823,P10620,37,8,2024-04-23,2024-04-29,6,Scheduled,Skin Disorder,Recovered
A102824,P12549,10,2,2025-05-25,2025-05-26,1,Emergency,ENT Infection,Recovered
A102825,P11379,42,9,2025-08-18,2025-08-22,4,Referral,Fracture,Transferred
A102826,P14059,32,7,2025-09-05,2025-09-13,8,Scheduled,Heart Disease,Recovered
A102827,P10978,36,8,2025-04-13,2025-04-17,4,Emergency,Asthma,Deceased
A102828,P11538,49,10,2024-04-02,2024-04-06,4,Emergency,Skin Disorder,Recovered
A102829,P13773,27,6,2025-05-06,2025-05-10,4,Emergency,ENT Infection,Follow-up Required
A102830,P13579,49,10,2024-04-11,2024-04-14,3,Scheduled,Cancer,Recovered
A102831,P12534,19,4,2025-05-07,2025-05-09,2,Emergency,Infection,Follow-up Required
A102832,P10478,38,8,2025-06-19,2025-06-21,2,Emergency,Infection,Recovered
A102833,P13655,1,1,2025-04-29,2025-05-01,2,Scheduled,Migraine,Recovered
A102834,P11895,26,6,2025-04-23,2025-04-30,7,Scheduled,Skin Disorder,Recovered
A102835,P12381,46,10,2024-06-15,2024-06-18,3,Emergency,Diabetes,Recovered
A102836,P11633,13,3,2024-05-19,2024-05-31,12,Scheduled,Migraine,Recovered
A102837,P12041,35,7,2024-04-03,2024-04-10,7,Emergency,Migraine,Transferred
A102838,P11566,2,1,2024-06-29,2024-07-05,6,Scheduled,Migraine,Follow-up Required
A102839,P14126,22,5,2025-07-29,2025-08-04,6,Scheduled,Cancer,Follow-up Required
A102840,P14823,39,8,2024-01-04,2024-01-05,1,Scheduled,Hypertension,Follow-up Required
A102841,P14269,28,6,2025-08-28,2025-09-02,5,Scheduled,Fracture,Follow-up Required
A102842,P12840,44,9,2025-01-23,2025-02-04,12,Emergency,Hypertension,Follow-up Required
A102843,P10468,2,1,2024-09-28,2024-09-29,1,Emergency,Migraine,Transferred
A102844,P13548,11,3,2024-05-11,2024-05-14,3,Emergency,Infection,Transferred
A102845,P11976,48,10,2025-08-06,2025-08-07,1,Emergency,Diabetes,Recovered
A102846,P13389,37,8,2025-08-15,2025-08-20,5,Emergency,Diabetes,Recovered
A102847,P14221,26,6,2025-05-26,2025-05-28,2,Emergency,Infection,Recovered
A102848,P12744,28,6,2025-11-16,2025-11-20,4,Scheduled,Diabetes,Recovered
A102849,P12575,26,6,2024-02-21,2024-02-27,6,Emergency,Diabetes,Recovered
A102850,P11420,17,4,2024-10-16,2024-10-18,2,Referral,Asthma,Follow-up Required
A102851,P11878,3,1,2025-03-21,2025-03-28,7,Referral,Migraine,Recovered
A102852,P11027,14,3,2024-08-24,2024-08-25,1,Emergency,Hypertension,Recovered
A102853,P14632,16,4,2025-05-05,2025-05-07,2,Scheduled,Infection,Transferred
A102854,P10601,49,10,2024-10-06,2024-10-09,3,Referral,Diabetes,Recovered
A102855,P13593,36,8,2024-02-13,2024-02-20,7,Scheduled,Diabetes,Recovered
A102856,P10988,28,6,2024-12-24,2025-01-01,8,Referral,Heart Disease,Recovered
A102857,P10606,28,6,2025-10-07,2025-10-09,2,Referral,Skin Disorder,Recovered
A102858,P12748,25,5,2025-07-21,2025-07-22,1,Referral,Hypertension,Recovered
A102859,P10139,9,2,2025-06-09,2025-06-17,8,Emergency,Cancer,Recovered
A102860,P12058,11,3,2025-11-20,2025-11-25,5,Emergency,Diabetes,Recovered
A102861,P13587,37,8,2025-04-06,2025-04-08,2,Emergency,Skin Disorder,Follow-up Required
A102862,P14226,43,9,2024-04-10,2024-04-15,5,Scheduled,Migraine,Follow-up Required
A102863,P14497,45,9,2025-11-22,2025-11-30,8,Scheduled,Skin Disorder,Recovered
A102864,P11245,21,5,2025-04-05,2025-04-06,1,Emergency,ENT Infection,Transferred
A102865,P10642,2,1,2024-09-24,2024-09-25,1,Emergency,Skin Disorder,Recovered
A102866,P10437,34,7,2024-12-27,2024-12-30,3,Scheduled,Migraine,Recovered
A102867,P11424,42,9,2025-02-11,2025-02-17,6,Emergency,Diabetes,Recovered
A102868,P11137,13,3,2024-02-06,2024-02-08,2,Scheduled,Skin Disorder,Follow-up Required
A102869,P13722,5,1,2025-04-12,2025-04-19,7,Scheduled,Cancer,Recovered
A102870,P13290,11,3,2025-12-16,2025-12-23,7,Scheduled,Heart Disease,Recovered
A102871,P10058,29,6,2024-09-15,2024-09-20,5,Emergency,Hypertension,Recovered
A102872,P11137,47,10,2025-05-23,2025-05-25,2,Referral,Migraine,Follow-up Required
A102873,P10700,28,6,2025-10-28,2025-11-17,20,Emergency,Diabetes,Recovered
A102874,P11146,28,6,2024-11-04,2024-11-08,4,Referral,Skin Disorder,Transferred
A102875,P12456,5,1,2025-09-03,2025-09-07,4,Referral,Migraine,Recovered
A102876,P11109,20,4,2024-09-29,2024-10-19,20,Scheduled,Infection,Recovered
A102877,P14496,37,8,2025-09-16,2025-09-24,8,Scheduled,Hypertension,Recovered
A102878,P10108,39,8,2024-04-19,2024-04-23,4,Scheduled,Hypertension,Recovered
A102879,P11985,10,2,2025-10-16,2025-10-20,4,Referral,Cancer,Recovered
A102880,P14248,32,7,2025-11-09,2025-11-10,1,Emergency,Cancer,Recovered
A102881,P10906,29,6,2024-09-16,2024-09-26,10,Scheduled,Cancer,Recovered
A102882,P14946,2,1,2025-10-18,2025-10-26,8,Emergency,Infection,Recovered
A102883,P11993,1,1,2024-09-24,2024-09-27,3,Referral,Migraine,Recovered
A102884,P14123,20,4,2024-02-01,2024-02-08,7,Referral,Hypertension,Recovered
A102885,P14215,1,1,2025-12-31,2026-01-07,7,Scheduled,Cancer,Recovered
A102886,P14819,4,1,2024-06-25,2024-06-27,2,Scheduled,ENT Infection,Recovered
A102887,P12148,15,3,2024-04-13,2024-04-18,5,Emergency,Infection,Recovered
A102888,P14099,47,10,2024-08-23,2024-08-26,3,Scheduled,Heart Disease,Follow-up Required
A102889,P10806,30,6,2024-04-02,2024-04-09,7,Scheduled,Infection,Recovered
A102890,P11993,6,2,2024-07-19,2024-07-21,2,Scheduled,Migraine,Recovered
A102891,P13601,38,8,2025-08-19,2025-08-25,6,Scheduled,ENT Infection,Recovered
A102892,P14400,1,1,2024-02-04,2024-02-07,3,Referral,ENT Infection,Transferred
A102893,P14273,7,2,2024-04-26,2024-04-27,1,Emergency,ENT Infection,Recovered
A102894,P14011,5,1,2025-11-18,2025-11-20,2,Referral,Fracture,Follow-up Required
A102895,P10084,49,10,2025-04-02,2025-04-08,6,Scheduled,Hypertension,Recovered
A102896,P14359,7,2,2025-04-15,2025-04-17,2,Emergency,ENT Infection,Recovered
A102897,P13321,36,8,2025-02-02,2025-02-07,5,Scheduled,Diabetes,Recovered
A102898,P12506,3,1,2025-08-19,2025-08-23,4,Referral,Diabetes,Recovered
A102899,P12457,12,3,2024-04-26,2024-05-02,6,Scheduled,ENT Infection,Recovered
A102900,P13063,15,3,2024-12-27,2024-12-31,4,Scheduled,Diabetes,Transferred
A102901,P13853,20,4,2024-07-22,2024-07-25,3,Referral,Skin Disorder,Follow-up Required
A102902,P14898,41,9,2024-05-25,2024-05-27,2,Referral,Asthma,Recovered
A102903,P14991,21,5,2025-03-19,2025-03-22,3,Referral,Migraine,Recovered
A102904,P14969,32,7,2025-12-27,2026-01-01,5,Emergency,ENT Infection,Recovered
A102905,P10388,12,3,2025-09-08,2025-09-14,6,Scheduled,Fracture,Follow-up Required
A102906,P12004,37,8,2024-10-23,2024-10-25,2,Referral,Skin Disorder,Recovered
A102907,P11032,40,8,2025-08-03,2025-08-09,6,Scheduled,Skin Disorder,Follow-up Required
A102908,P11541,47,10,2025-05-01,2025-05-03,2,Scheduled,ENT Infection,Recovered
A102909,P10450,7,2,2024-08-18,2024-08-20,2,Scheduled,Infection,Recovered
A102910,P13548,45,9,2024-07-21,2024-07-26,5,Scheduled,Migraine,Recovered
A102911,P14438,31,7,2024-12-27,2024-12-30,3,Emergency,Asthma,Recovered
A102912,P11097,1,1,2025-01-29,2025-02-04,6,Emergency,Heart Disease,Recovered
A102913,P10860,11,3,2024-09-04,2024-09-16,12,Scheduled,Diabetes,Recovered
A102914,P10302,45,9,2025-03-15,2025-03-17,2,Scheduled,ENT Infection,Follow-up Required
A102915,P12020,34,7,2025-01-30,2025-02-04,5,Referral,ENT Infection,Recovered
A102916,P10881,19,4,2025-10-17,2025-10-27,10,Emergency,Fracture,Recovered
A102917,P12282,11,3,2024-12-21,2024-12-23,2,Emergency,Heart Disease,Recovered
A102918,P14162,33,7,2025-02-04,2025-02-07,3,Referral,Fracture,Recovered
A102919,P10230,33,7,2024-08-28,2024-08-30,2,Scheduled,ENT Infection,Recovered
A102920,P10922,8,2,2024-12-06,2024-12-11,5,Emergency,Hypertension,Recovered
A102921,P11833,45,9,2024-08-16,2024-08-22,6,Referral,Hypertension,Recovered
A102922,P10051,8,2,2025-06-26,2025-07-02,6,Scheduled,Asthma,Recovered
A102923,P13679,34,7,2025-09-12,2025-09-17,5,Scheduled,ENT Infection,Recovered
A102924,P14483,40,8,2025-06-22,2025-06-28,6,Referral,Fracture,Recovered
A102925,P13782,27,6,2025-11-02,2025-11-03,1,Emergency,Diabetes,Recovered
A102926,P10753,29,6,2025-06-12,2025-06-24,12,Scheduled,Heart Disease,Recovered
A102927,P11479,14,3,2024-09-23,2024-09-25,2,Referral,Cancer,Recovered
A102928,P12089,34,7,2024-05-08,2024-05-10,2,Scheduled,Asthma,Recovered
A102929,P12994,45,9,2024-08-07,2024-08-19,12,Referral,Diabetes,Recovered
A102930,P13796,37,8,2024-03-22,2024-03-30,8,Emergency,Infection,Recovered
A102931,P13341,1,1,2025-07-14,2025-07-21,7,Emergency,Diabetes,Recovered
A102932,P12344,9,2,2025-07-06,2025-07-08,2,Scheduled,Hypertension,Recovered
A102933,P11239,10,2,2024-01-20,2024-01-27,7,Scheduled,Migraine,Recovered
A102934,P14521,30,6,2024-11-22,2024-11-27,5,Emergency,ENT Infection,Transferred
A102935,P12237,43,9,2024-02-06,2024-02-12,6,Emergency,Skin Disorder,Transferred
A102936,P14257,18,4,2025-01-16,2025-01-30,14,Referral,Migraine,Recovered
A102937,P12429,17,4,2024-02-08,2024-02-10,2,Referral,Hypertension,Recovered
A102938,P14340,6,2,2024-04-18,2024-04-22,4,Emergency,Diabetes,Recovered
A102939,P10183,11,3,2025-03-04,2025-03-11,7,Scheduled,Fracture,Recovered
A102940,P10544,24,5,2024-03-04,2024-03-08,4,Scheduled,Migraine,Recovered
A102941,P12827,36,8,2024-06-23,2024-06-24,1,Referral,Diabetes,Transferred
A102942,P10093,33,7,2024-02-01,2024-02-03,2,Scheduled,Heart Disease,Recovered
A102943,P12416,33,7,2025-12-21,2025-12-26,5,Referral,Asthma,Recovered
A102944,P14255,18,4,2025-06-14,2025-06-17,3,Referral,Asthma,Recovered
A102945,P12446,5,1,2024-04-15,2024-04-17,2,Scheduled,ENT Infection,Recovered
A102946,P14534,31,7,2025-04-26,2025-04-29,3,Emergency,Hypertension,Deceased
A102947,P14402,16,4,2024-07-24,2024-07-26,2,Scheduled,ENT Infection,Recovered
A102948,P13033,2,1,2024-09-03,2024-09-04,1,Referral,Cancer,Recovered
A102949,P11974,9,2,2025-11-09,2025-11-11,2,Scheduled,Asthma,Recovered
A102950,P13290,2,1,2024-03-29,2024-04-06,8,Referral,Heart Disease,Follow-up Required
A102951,P12377,37,8,2024-11-11,2024-11-12,1,Referral,Diabetes,Recovered
A102952,P14439,20,4,2024-01-11,2024-01-18,7,Scheduled,Skin Disorder,Recovered
A102953,P13235,17,4,2024-02-18,2024-02-25,7,Scheduled,Cancer,Recovered
A102954,P11134,25,5,2025-07-26,2025-07-31,5,Scheduled,Heart Disease,Recovered
A102955,P13639,19,4,2024-06-19,2024-06-21,2,Emergency,Infection,Recovered
A102956,P12398,42,9,2024-05-22,2024-05-30,8,Scheduled,Infection,Recovered
A102957,P12774,8,2,2024-07-25,2024-07-29,4,Emergency,Hypertension,Recovered
A102958,P14461,11,3,2025-04-07,2025-04-09,2,Referral,Asthma,Follow-up Required
A102959,P11921,13,3,2025-05-23,2025-05-27,4,Referral,Heart Disease,Recovered
A102960,P12063,13,3,2024-07-19,2024-07-21,2,Emergency,ENT Infection,Transferred
A102961,P12201,9,2,2024-01-05,2024-01-08,3,Scheduled,Heart Disease,Recovered
A102962,P14628,5,1,2024-07-29,2024-08-02,4,Scheduled,Migraine,Recovered
A102963,P13015,18,4,2024-01-29,2024-02-01,3,Scheduled,Asthma,Recovered
A102964,P13472,40,8,2024-07-08,2024-07-14,6,Scheduled,Skin Disorder,Recovered
A102965,P14951,14,3,2024-07-06,2024-07-18,12,Emergency,Migraine,Recovered
A102966,P10469,34,7,2024-05-29,2024-06-01,3,Emergency,Heart Disease,Recovered
A102967,P11345,22,5,2025-06-08,2025-06-11,3,Emergency,Hypertension,Recovered
A102968,P10879,48,10,2024-12-31,2025-01-06,6,Referral,Heart Disease,Follow-up Required
A102969,P14463,33,7,2024-06-05,2024-06-10,5,Scheduled,Fracture,Transferred
A102970,P13910,24,5,2024-03-20,2024-03-24,4,Referral,ENT Infection,Recovered
A102971,P13808,29,6,2024-09-29,2024-10-06,7,Scheduled,Infection,Follow-up Required
A102972,P14737,13,3,2025-10-21,2025-10-31,10,Scheduled,Migraine,Recovered
A102973,P14958,50,10,2025-12-18,2025-12-23,5,Scheduled,Heart Disease,Recovered
A102974,P12942,27,6,2025-09-17,2025-09-19,2,Scheduled,Skin Disorder,Recovered
A102975,P13346,1,1,2025-06-01,2025-06-05,4,Emergency,ENT Infection,Recovered
A102976,P10589,7,2,2024-08-19,2024-08-23,4,Emergency,Asthma,Recovered
A102977,P13884,4,1,2025-10-10,2025-10-14,4,Emergency,Migraine,Recovered
A102978,P11330,10,2,2024-06-08,2024-06-11,3,Referral,Infection,Recovered
A102979,P10092,40,8,2024-12-09,2024-12-13,4,Scheduled,ENT Infection,Recovered
A102980,P10458,35,7,2024-10-15,2024-10-19,4,Emergency,Hypertension,Recovered
A102981,P13342,39,8,2024-07-23,2024-07-25,2,Emergency,Cancer,Transferred
A102982,P11885,16,4,2024-10-31,2024-11-10,10,Scheduled,Infection,Recovered
A102983,P13122,27,6,2024-12-25,2025-01-02,8,Scheduled,Migraine,Follow-up Required
A102984,P12040,20,4,2025-10-31,2025-11-07,7,Scheduled,Asthma,Recovered
A102985,P11404,10,2,2025-02-03,2025-02-07,4,Referral,Skin Disorder,Recovered
A102986,P13704,45,9,2025-03-24,2025-03-27,3,Scheduled,Hypertension,Recovered
A102987,P14483,33,7,2024-04-15,2024-04-21,6,Emergency,Heart Disease,Recovered
A102988,P11982,7,2,2024-03-22,2024-03-27,5,Emergency,Skin Disorder,Recovered
A102989,P11793,42,9,2024-12-07,2024-12-12,5,Emergency,Heart Disease,Recovered
A102990,P14467,44,9,2025-02-24,2025-02-26,2,Emergency,Asthma,Recovered
A102991,P12232,46,10,2024-02-18,2024-02-23,5,Scheduled,ENT Infection,Recovered
A102992,P10772,22,5,2024-07-24,2024-08-03,10,Scheduled,Diabetes,Recovered
A102993,P10205,43,9,2024-08-05,2024-08-06,1,Scheduled,Skin Disorder,Follow-up Required
A102994,P12220,17,4,2025-11-06,2025-11-09,3,Scheduled,Migraine,Recovered
A102995,P14921,9,2,2025-03-11,2025-03-15,4,Emergency,Cancer,Recovered
A102996,P10222,40,8,2024-11-17,2024-11-23,6,Emergency,Diabetes,Follow-up Required
A102997,P11192,10,2,2024-08-18,2024-08-19,1,Scheduled,Cancer,Recovered
A102998,P13316,36,8,2025-12-11,2025-12-19,8,Referral,Migraine,Transferred
A102999,P13290,31,7,2025-05-01,2025-05-02,1,Emergency,Heart Disease,Recovered
A103000,P11599,31,7,2025-03-04,2025-03-12,8,Scheduled,Asthma,Recovered
A103001,P11909,5,1,2025-12-26,2025-12-27,1,Scheduled,Asthma,Follow-up Required
A103002,P14263,18,4,2024-10-10,2024-10-12,2,Scheduled,Cancer,Recovered
A103003,P11543,6,2,2025-04-30,2025-05-07,7,Scheduled,Infection,Follow-up Required
A103004,P10142,42,9,2024-10-02,2024-10-10,8,Referral,Skin Disorder,Recovered
A103005,P10090,50,10,2025-03-08,2025-03-22,14,Emergency,Hypertension,Recovered
A103006,P13986,28,6,2024-07-03,2024-07-05,2,Scheduled,Cancer,Recovered
A103007,P14407,43,9,2025-12-22,2025-12-26,4,Scheduled,Hypertension,Follow-up Required
A103008,P12264,24,5,2025-09-24,2025-09-25,1,Referral,Skin Disorder,Recovered
A103009,P13513,5,1,2024-08-03,2024-08-05,2,Emergency,ENT Infection,Follow-up Required
A103010,P13707,28,6,2024-04-06,2024-04-08,2,Scheduled,Heart Disease,Recovered
A103011,P11210,3,1,2024-04-28,2024-04-29,1,Emergency,Heart Disease,Recovered
A103012,P14979,18,4,2024-12-30,2025-01-09,10,Referral,Heart Disease,Recovered
A103013,P13225,4,1,2025-02-06,2025-02-08,2,Scheduled,Hypertension,Deceased
A103014,P14857,40,8,2025-09-09,2025-09-14,5,Emergency,Infection,Follow-up Required
A103015,P11360,49,10,2025-01-31,2025-02-05,5,Scheduled,Fracture,Recovered
A103016,P11539,42,9,2025-04-02,2025-04-04,2,Scheduled,Heart Disease,Transferred
A103017,P10149,32,7,2024-11-13,2024-12-03,20,Emergency,Migraine,Transferred
A103018,P14811,32,7,2025-01-16,2025-01-19,3,Referral,Hypertension,Recovered
A103019,P11426,19,4,2024-05-21,2024-05-31,10,Emergency,Migraine,Recovered
A103020,P11718,29,6,2025-04-01,2025-04-13,12,Scheduled,Diabetes,Recovered
A103021,P11355,33,7,2025-05-15,2025-05-27,12,Scheduled,Cancer,Recovered
A103022,P12406,2,1,2024-11-18,2024-11-25,7,Referral,Skin Disorder,Recovered
A103023,P12636,11,3,2024-09-24,2024-09-27,3,Emergency,Skin Disorder,Transferred
A103024,P12364,47,10,2025-05-01,2025-05-03,2,Scheduled,Heart Disease,Recovered
A103025,P12933,33,7,2025-11-09,2025-11-14,5,Emergency,Cancer,Follow-up Required
A103026,P13108,41,9,2024-06-08,2024-06-11,3,Referral,Diabetes,Transferred
A103027,P11502,40,8,2024-01-14,2024-01-22,8,Emergency,Hypertension,Follow-up Required
A103028,P11452,1,1,2025-12-05,2025-12-11,6,Scheduled,Hypertension,Recovered
A103029,P10450,42,9,2024-06-03,2024-06-06,3,Scheduled,Infection,Recovered
A103030,P11836,17,4,2024-04-10,2024-04-11,1,Emergency,Hypertension,Follow-up Required
A103031,P14186,50,10,2025-07-25,2025-07-27,2,Emergency,Asthma,Recovered
A103032,P12589,16,4,2024-02-12,2024-02-17,5,Emergency,Cancer,Follow-up Required
A103033,P14272,2,1,2024-07-11,2024-07-12,1,Referral,ENT Infection,Recovered
A103034,P11444,49,10,2024-11-06,2024-11-12,6,Scheduled,Fracture,Recovered
A103035,P12949,4,1,2025-09-12,2025-09-18,6,Referral,Diabetes,Follow-up Required
A103036,P13936,32,7,2025-08-27,2025-08-29,2,Emergency,Fracture,Recovered
A103037,P13710,7,2,2025-12-28,2026-01-02,5,Emergency,Skin Disorder,Follow-up Required
A103038,P13243,29,6,2025-04-09,2025-04-14,5,Referral,Diabetes,Recovered
A103039,P11290,9,2,2024-06-11,2024-06-15,4,Scheduled,Migraine,Recovered
A103040,P10504,35,7,2024-12-16,2024-12-28,12,Scheduled,Diabetes,Recovered
A103041,P13098,5,1,2024-08-21,2024-08-23,2,Referral,Hypertension,Recovered
A103042,P12148,50,10,2025-02-06,2025-02-10,4,Referral,Skin Disorder,Recovered
A103043,P11466,21,5,2024-12-16,2024-12-24,8,Emergency,Migraine,Follow-up Required
A103044,P14521,17,4,2024-06-15,2024-06-18,3,Emergency,Asthma,Recovered
A103045,P11898,39,8,2024-05-27,2024-05-31,4,Emergency,Asthma,Recovered
A103046,P13717,14,3,2024-01-28,2024-02-03,6,Referral,Cancer,Follow-up Required
A103047,P10651,32,7,2024-09-15,2024-09-21,6,Scheduled,Fracture,Recovered
A103048,P13263,15,3,2025-08-20,2025-08-21,1,Scheduled,Hypertension,Recovered
A103049,P11211,21,5,2025-09-11,2025-09-15,4,Referral,Infection,Recovered
A103050,P12188,14,3,2025-03-17,2025-03-20,3,Scheduled,Asthma,Recovered
A103051,P13821,41,9,2025-09-20,2025-09-25,5,Emergency,Infection,Follow-up Required
A103052,P10369,16,4,2025-06-10,2025-06-15,5,Scheduled,Cancer,Recovered
A103053,P12345,1,1,2024-07-29,2024-08-04,6,Emergency,Migraine,Recovered
A103054,P13272,40,8,2025-06-26,2025-07-02,6,Scheduled,Asthma,Recovered
A103055,P12844,18,4,2025-03-20,2025-03-23,3,Emergency,Diabetes,Recovered
A103056,P13451,34,7,2025-03-28,2025-03-31,3,Emergency,Migraine,Recovered
A103057,P13152,26,6,2025-11-27,2025-11-30,3,Referral,Heart Disease,Recovered
A103058,P13519,36,8,2025-02-07,2025-02-10,3,Referral,Migraine,Recovered
A103059,P14355,21,5,2024-03-06,2024-03-12,6,Referral,Skin Disorder,Recovered
A103060,P11637,1,1,2025-02-08,2025-02-13,5,Emergency,Heart Disease,Recovered
A103061,P13861,27,6,2025-07-28,2025-07-30,2,Referral,Heart Disease,Recovered
A103062,P11145,11,3,2025-03-10,2025-03-18,8,Scheduled,Hypertension,Recovered
A103063,P13127,38,8,2024-08-15,2024-08-19,4,Referral,Hypertension,Follow-up Required
A103064,P10018,14,3,2025-04-20,2025-04-22,2,Referral,Infection,Recovered
A103065,P11657,28,6,2025-04-12,2025-04-14,2,Referral,Skin Disorder,Follow-up Required
A103066,P14206,27,6,2024-04-10,2024-04-15,5,Emergency,Diabetes,Recovered
A103067,P14427,22,5,2025-02-26,2025-03-01,3,Scheduled,Diabetes,Follow-up Required
A103068,P11597,21,5,2024-12-21,2024-12-29,8,Scheduled,Hypertension,Follow-up Required
A103069,P10946,24,5,2024-05-18,2024-05-22,4,Emergency,Migraine,Follow-up Required
A103070,P11288,19,4,2025-09-22,2025-10-02,10,Scheduled,ENT Infection,Recovered
A103071,P10268,24,5,2025-07-22,2025-07-24,2,Emergency,Infection,Deceased
A103072,P10435,26,6,2024-05-10,2024-05-16,6,Referral,Hypertension,Recovered
A103073,P12036,25,5,2025-07-02,2025-07-10,8,Referral,Cancer,Recovered
A103074,P12498,45,9,2025-04-12,2025-04-15,3,Scheduled,Hypertension,Follow-up Required
A103075,P13209,44,9,2025-04-24,2025-04-26,2,Scheduled,Hypertension,Follow-up Required
A103076,P11614,29,6,2024-04-20,2024-04-24,4,Emergency,Fracture,Follow-up Required
A103077,P10719,10,2,2024-06-01,2024-06-15,14,Scheduled,Diabetes,Follow-up Required
A103078,P13979,11,3,2024-08-29,2024-09-03,5,Emergency,Skin Disorder,Recovered
A103079,P12232,24,5,2025-12-20,2025-12-25,5,Scheduled,ENT Infection,Transferred
A103080,P13673,24,5,2025-11-12,2025-11-18,6,Referral,Diabetes,Recovered
A103081,P10741,12,3,2024-10-05,2024-10-06,1,Scheduled,Infection,Transferred
A103082,P10805,7,2,2024-12-28,2025-01-01,4,Scheduled,Diabetes,Recovered
A103083,P14513,40,8,2025-09-16,2025-09-17,1,Emergency,Hypertension,Recovered
A103084,P14978,17,4,2025-02-11,2025-02-14,3,Emergency,Skin Disorder,Follow-up Required
A103085,P14887,35,7,2024-06-23,2024-06-30,7,Scheduled,Fracture,Recovered
A103086,P13772,6,2,2025-08-23,2025-08-29,6,Emergency,Infection,Recovered
A103087,P11727,12,3,2024-05-14,2024-06-03,20,Emergency,Hypertension,Recovered
A103088,P13513,15,3,2025-05-20,2025-05-22,2,Scheduled,Cancer,Recovered
A103089,P11099,32,7,2024-10-20,2024-10-24,4,Scheduled,Asthma,Follow-up Required
A103090,P12622,23,5,2025-05-09,2025-05-16,7,Scheduled,Diabetes,Recovered
A103091,P13806,7,2,2025-02-22,2025-02-24,2,Scheduled,Skin Disorder,Deceased
A103092,P13011,38,8,2024-07-24,2024-07-26,2,Scheduled,Hypertension,Recovered
A103093,P12984,31,7,2024-11-13,2024-11-17,4,Emergency,Skin Disorder,Follow-up Required
A103094,P13705,29,6,2024-03-13,2024-03-16,3,Emergency,ENT Infection,Transferred
A103095,P13384,44,9,2024-09-15,2024-09-29,14,Referral,Diabetes,Recovered
A103096,P11845,28,6,2024-12-23,2024-12-27,4,Scheduled,Asthma,Recovered
A103097,P13925,12,3,2024-05-27,2024-06-04,8,Scheduled,Skin Disorder,Recovered
A103098,P13100,27,6,2024-08-12,2024-08-20,8,Scheduled,Heart Disease,Follow-up Required
A103099,P14522,4,1,2024-04-14,2024-04-16,2,Emergency,Heart Disease,Follow-up Required
A103100,P14979,21,5,2025-07-09,2025-07-15,6,Emergency,Heart Disease,Recovered
A103101,P14882,9,2,2024-12-21,2024-12-24,3,Scheduled,Skin Disorder,Recovered
A103102,P10535,49,10,2025-06-21,2025-06-22,1,Scheduled,Diabetes,Follow-up Required
A103103,P10285,34,7,2024-09-17,2024-09-25,8,Scheduled,Fracture,Recovered
A103104,P12670,37,8,2025-07-24,2025-07-27,3,Emergency,Cancer,Recovered
A103105,P13787,21,5,2025-07-26,2025-07-29,3,Emergency,Cancer,Follow-up Required
A103106,P11130,23,5,2024-03-10,2024-03-13,3,Scheduled,Migraine,Transferred
A103107,P10504,24,5,2025-03-22,2025-03-24,2,Scheduled,Diabetes,Recovered
A103108,P14142,10,2,2025-03-22,2025-03-26,4,Referral,Asthma,Recovered
A103109,P10537,38,8,2024-09-13,2024-09-17,4,Emergency,Cancer,Follow-up Required
A103110,P10062,6,2,2025-09-28,2025-10-02,4,Referral,Diabetes,Recovered
A103111,P12384,21,5,2025-06-14,2025-06-24,10,Referral,Fracture,Deceased
A103112,P10211,37,8,2024-04-28,2024-05-01,3,Scheduled,Fracture,Transferred
A103113,P12448,29,6,2024-03-06,2024-03-07,1,Scheduled,Skin Disorder,Recovered
A103114,P14805,40,8,2024-09-01,2024-09-03,2,Referral,ENT Infection,Recovered
A103115,P12395,21,5,2024-02-26,2024-03-03,6,Emergency,Hypertension,Recovered
A103116,P13270,22,5,2024-02-13,2024-02-18,5,Emergency,Skin Disorder,Recovered
A103117,P10377,35,7,2025-06-07,2025-06-19,12,Emergency,Cancer,Recovered
A103118,P11186,46,10,2025-02-27,2025-03-05,6,Scheduled,Hypertension,Recovered
A103119,P13280,5,1,2025-06-19,2025-06-21,2,Emergency,ENT Infection,Recovered
A103120,P13499,15,3,2025-01-29,2025-01-31,2,Referral,Asthma,Recovered
A103121,P12848,41,9,2025-03-25,2025-03-29,4,Scheduled,ENT Infection,Recovered
A103122,P10787,47,10,2024-09-13,2024-09-19,6,Referral,Diabetes,Recovered
A103123,P10733,19,4,2024-12-26,2024-12-28,2,Emergency,Heart Disease,Recovered
A103124,P13869,16,4,2025-08-28,2025-09-02,5,Scheduled,Migraine,Follow-up Required
A103125,P12700,40,8,2025-01-14,2025-01-22,8,Scheduled,Cancer,Recovered
A103126,P14618,47,10,2025-03-18,2025-03-24,6,Scheduled,Asthma,Follow-up Required
A103127,P12159,43,9,2025-06-17,2025-06-23,6,Referral,Skin Disorder,Recovered
A103128,P13621,23,5,2025-04-18,2025-04-25,7,Scheduled,Hypertension,Recovered
A103129,P13665,4,1,2024-06-05,2024-06-07,2,Emergency,Migraine,Recovered
A103130,P12656,21,5,2024-03-29,2024-03-31,2,Referral,Fracture,Follow-up Required
A103131,P11079,24,5,2024-07-20,2024-07-21,1,Scheduled,Cancer,Follow-up Required
A103132,P13295,42,9,2025-04-06,2025-04-08,2,Emergency,Migraine,Follow-up Required
A103133,P13647,26,6,2025-04-25,2025-05-05,10,Scheduled,Skin Disorder,Recovered
A103134,P14620,42,9,2025-12-09,2025-12-11,2,Scheduled,Diabetes,Recovered
A103135,P12194,2,1,2025-07-10,2025-07-16,6,Scheduled,Cancer,Recovered
A103136,P12312,40,8,2025-03-29,2025-04-04,6,Scheduled,Hypertension,Transferred
A103137,P14564,8,2,2025-04-14,2025-04-19,5,Scheduled,Cancer,Recovered
A103138,P11585,9,2,2025-01-14,2025-01-19,5,Emergency,Skin Disorder,Transferred
A103139,P13007,2,1,2025-02-04,2025-02-08,4,Emergency,Heart Disease,Recovered
A103140,P14045,14,3,2024-03-19,2024-03-23,4,Scheduled,Diabetes,Follow-up Required
A103141,P11211,20,4,2025-07-04,2025-07-14,10,Scheduled,Migraine,Follow-up Required
A103142,P13415,2,1,2025-01-20,2025-01-21,1,Emergency,Skin Disorder,Follow-up Required
A103143,P11987,4,1,2025-10-28,2025-10-29,1,Emergency,Cancer,Follow-up Required
A103144,P13171,35,7,2025-10-22,2025-10-26,4,Referral,Hypertension,Recovered
A103145,P12727,14,3,2024-12-08,2024-12-11,3,Referral,Hypertension,Recovered
A103146,P11749,21,5,2025-03-20,2025-03-24,4,Scheduled,Cancer,Transferred
A103147,P10758,48,10,2024-02-21,2024-03-12,20,Emergency,Heart Disease,Recovered
A103148,P11178,15,3,2024-09-07,2024-09-14,7,Scheduled,Hypertension,Transferred
A103149,P10919,39,8,2025-10-20,2025-10-28,8,Emergency,ENT Infection,Recovered
A103150,P11120,50,10,2024-11-24,2024-11-27,3,Scheduled,Hypertension,Recovered
A103151,P10706,20,4,2025-05-08,2025-05-10,2,Scheduled,Fracture,Recovered
A103152,P14930,6,2,2024-12-15,2024-12-22,7,Scheduled,Asthma,Follow-up Required
A103153,P13431,28,6,2025-04-03,2025-04-10,7,Emergency,Skin Disorder,Recovered
A103154,P12862,48,10,2025-05-12,2025-05-17,5,Scheduled,Migraine,Recovered
A103155,P14495,43,9,2024-05-04,2024-05-14,10,Referral,Infection,Recovered
A103156,P11808,2,1,2024-07-22,2024-08-05,14,Scheduled,Skin Disorder,Recovered
A103157,P11400,28,6,2025-10-04,2025-10-08,4,Scheduled,Migraine,Recovered
A103158,P12650,34,7,2024-01-21,2024-01-23,2,Emergency,Infection,Recovered
A103159,P14424,14,3,2025-08-12,2025-08-16,4,Scheduled,Skin Disorder,Recovered
A103160,P11296,9,2,2025-07-16,2025-08-05,20,Scheduled,Asthma,Recovered
A103161,P11621,23,5,2024-12-27,2024-12-30,3,Emergency,Skin Disorder,Recovered
A103162,P12443,44,9,2024-12-26,2024-12-31,5,Scheduled,Asthma,Deceased
A103163,P12596,35,7,2024-04-25,2024-05-01,6,Scheduled,Asthma,Follow-up Required
A103164,P14173,22,5,2024-02-24,2024-02-26,2,Scheduled,Heart Disease,Recovered
A103165,P11073,5,1,2024-10-18,2024-10-23,5,Emergency,Migraine,Recovered
A103166,P14076,41,9,2024-02-20,2024-02-23,3,Emergency,Infection,Recovered
A103167,P11450,29,6,2024-09-10,2024-09-18,8,Referral,Diabetes,Recovered
A103168,P13943,35,7,2025-05-06,2025-05-12,6,Scheduled,Asthma,Transferred
A103169,P11772,50,10,2025-07-26,2025-08-02,7,Emergency,Diabetes,Follow-up Required
A103170,P11018,34,7,2024-08-12,2024-08-14,2,Referral,Skin Disorder,Recovered
A103171,P13693,4,1,2025-04-13,2025-04-14,1,Emergency,ENT Infection,Recovered
A103172,P14225,45,9,2024-04-12,2024-04-20,8,Scheduled,Heart Disease,Transferred
A103173,P10519,49,10,2024-02-17,2024-02-20,3,Emergency,Infection,Recovered
A103174,P12352,9,2,2024-12-07,2024-12-09,2,Referral,Infection,Recovered
A103175,P11136,14,3,2024-08-20,2024-08-21,1,Scheduled,Migraine,Recovered
A103176,P12773,45,9,2025-08-04,2025-08-08,4,Scheduled,ENT Infection,Follow-up Required
A103177,P10912,5,1,2025-07-12,2025-07-14,2,Scheduled,Diabetes,Recovered
A103178,P10816,50,10,2024-08-15,2024-08-20,5,Emergency,Migraine,Recovered
A103179,P10974,47,10,2025-06-05,2025-06-11,6,Scheduled,Diabetes,Recovered
A103180,P11963,27,6,2025-11-27,2025-12-02,5,Scheduled,Heart Disease,Recovered
A103181,P12867,11,3,2025-08-14,2025-08-24,10,Referral,Cancer,Recovered
A103182,P12411,30,6,2024-01-13,2024-01-15,2,Referral,Asthma,Recovered
A103183,P13103,37,8,2025-05-13,2025-05-17,4,Referral,ENT Infection,Recovered
A103184,P11801,39,8,2025-03-20,2025-03-22,2,Emergency,ENT Infection,Recovered
A103185,P10809,34,7,2024-12-05,2024-12-13,8,Emergency,ENT Infection,Recovered
A103186,P10570,24,5,2024-11-19,2024-12-01,12,Scheduled,Fracture,Deceased
A103187,P10970,16,4,2025-08-18,2025-08-22,4,Scheduled,Cancer,Recovered
A103188,P14080,30,6,2025-08-20,2025-08-23,3,Scheduled,ENT Infection,Follow-up Required
A103189,P11880,24,5,2024-06-05,2024-06-08,3,Referral,Skin Disorder,Recovered
A103190,P13320,3,1,2025-10-17,2025-10-25,8,Referral,Migraine,Recovered
A103191,P14706,29,6,2025-07-28,2025-08-03,6,Emergency,Hypertension,Recovered
A103192,P10388,42,9,2025-03-06,2025-03-14,8,Scheduled,Asthma,Recovered
A103193,P14855,12,3,2025-07-08,2025-07-10,2,Scheduled,Skin Disorder,Recovered
A103194,P12490,27,6,2025-02-10,2025-02-14,4,Scheduled,Asthma,Recovered
A103195,P10516,29,6,2024-06-06,2024-06-12,6,Scheduled,Asthma,Recovered
A103196,P13845,2,1,2024-07-03,2024-07-13,10,Referral,Migraine,Follow-up Required
A103197,P12891,29,6,2025-05-05,2025-05-08,3,Scheduled,Infection,Transferred
A103198,P14141,40,8,2025-06-19,2025-06-22,3,Emergency,Fracture,Recovered
A103199,P11443,9,2,2024-12-22,2025-01-01,10,Scheduled,Fracture,Recovered
A103200,P10723,44,9,2025-12-17,2025-12-18,1,Referral,Fracture,Recovered
A103201,P10756,28,6,2024-12-27,2024-12-31,4,Referral,Skin Disorder,Follow-up Required
A103202,P12251,37,8,2024-08-11,2024-08-15,4,Emergency,ENT Infection,Transferred
A103203,P11909,23,5,2025-09-04,2025-09-06,2,Scheduled,Heart Disease,Recovered
A103204,P12587,13,3,2024-07-22,2024-07-26,4,Emergency,ENT Infection,Follow-up Required
A103205,P10386,5,1,2024-01-08,2024-01-14,6,Emergency,Heart Disease,Follow-up Required
A103206,P13016,32,7,2025-04-16,2025-04-19,3,Scheduled,Heart Disease,Follow-up Required
A103207,P14456,28,6,2024-06-20,2024-06-23,3,Scheduled,Heart Disease,Follow-up Required
A103208,P14088,15,3,2025-12-20,2025-12-27,7,Emergency,Cancer,Recovered
A103209,P11492,24,5,2024-04-05,2024-04-25,20,Scheduled,Skin Disorder,Follow-up Required
A103210,P11968,32,7,2025-11-04,2025-11-11,7,Referral,Cancer,Recovered
A103211,P14301,21,5,2025-08-30,2025-09-07,8,Scheduled,Fracture,Follow-up Required
A103212,P13319,5,1,2024-11-01,2024-11-13,12,Emergency,ENT Infection,Recovered
A103213,P13039,37,8,2025-10-18,2025-10-25,7,Emergency,Infection,Transferred
A103214,P11073,36,8,2024-09-14,2024-09-28,14,Emergency,Fracture,Follow-up Required
A103215,P14462,28,6,2025-04-18,2025-04-24,6,Emergency,ENT Infection,Recovered
A103216,P12301,32,7,2024-10-26,2024-11-01,6,Referral,Hypertension,Recovered
A103217,P10769,23,5,2025-04-09,2025-04-15,6,Scheduled,Infection,Follow-up Required
A103218,P12680,16,4,2025-09-05,2025-09-15,10,Emergency,Heart Disease,Follow-up Required
A103219,P10987,50,10,2025-11-19,2025-11-25,6,Emergency,Migraine,Recovered
A103220,P14513,10,2,2024-11-23,2024-11-30,7,Referral,Heart Disease,Deceased
A103221,P13107,29,6,2024-04-19,2024-04-21,2,Scheduled,Hypertension,Recovered
A103222,P12360,27,6,2025-12-10,2025-12-20,10,Scheduled,Skin Disorder,Follow-up Required
A103223,P10197,35,7,2024-05-08,2024-05-12,4,Scheduled,Diabetes,Recovered
A103224,P13045,42,9,2024-05-16,2024-05-18,2,Emergency,Diabetes,Recovered
A103225,P12308,45,9,2025-06-22,2025-06-29,7,Referral,Asthma,Recovered
A103226,P11390,24,5,2025-10-10,2025-10-13,3,Emergency,Hypertension,Follow-up Required
A103227,P13559,23,5,2024-06-12,2024-06-14,2,Scheduled,Cancer,Recovered
A103228,P12582,3,1,2024-12-14,2024-12-17,3,Emergency,Fracture,Follow-up Required
A103229,P12072,36,8,2025-04-07,2025-04-08,1,Scheduled,Heart Disease,Recovered
A103230,P12991,45,9,2025-10-04,2025-10-05,1,Referral,Migraine,Recovered
A103231,P11670,14,3,2025-05-18,2025-05-23,5,Scheduled,Cancer,Follow-up Required
A103232,P11418,4,1,2024-05-30,2024-06-07,8,Emergency,Hypertension,Recovered
A103233,P12727,44,9,2024-09-02,2024-09-06,4,Scheduled,Migraine,Recovered
A103234,P14133,48,10,2024-04-19,2024-04-24,5,Emergency,Skin Disorder,Recovered
A103235,P12870,42,9,2025-08-07,2025-08-14,7,Referral,Diabetes,Recovered
A103236,P11587,32,7,2024-10-01,2024-10-04,3,Scheduled,Cancer,Recovered
A103237,P14668,20,4,2024-03-07,2024-03-13,6,Scheduled,Diabetes,Recovered
A103238,P14403,17,4,2024-02-19,2024-02-22,3,Emergency,Infection,Recovered
A103239,P14401,29,6,2025-05-29,2025-06-03,5,Emergency,Skin Disorder,Follow-up Required
A103240,P12227,39,8,2024-08-13,2024-08-15,2,Scheduled,Migraine,Recovered
A103241,P13737,32,7,2025-07-31,2025-08-14,14,Scheduled,Skin Disorder,Recovered
A103242,P10932,4,1,2025-05-20,2025-05-21,1,Emergency,Hypertension,Recovered
A103243,P11543,24,5,2024-06-03,2024-06-07,4,Referral,Infection,Recovered
A103244,P11993,44,9,2025-04-24,2025-04-27,3,Emergency,Fracture,Recovered
A103245,P13707,42,9,2024-04-20,2024-04-25,5,Emergency,Infection,Recovered
A103246,P14060,2,1,2025-04-27,2025-05-01,4,Emergency,Hypertension,Recovered
A103247,P13550,14,3,2024-09-30,2024-10-03,3,Emergency,Infection,Recovered
A103248,P13145,40,8,2024-06-03,2024-06-06,3,Scheduled,Infection,Recovered
A103249,P14893,42,9,2025-10-12,2025-10-14,2,Scheduled,ENT Infection,Recovered
A103250,P11535,38,8,2024-06-15,2024-06-22,7,Emergency,ENT Infection,Recovered
A103251,P13137,34,7,2024-01-19,2024-01-21,2,Emergency,Infection,Follow-up Required
A103252,P14843,46,10,2024-12-10,2024-12-17,7,Emergency,ENT Infection,Recovered
A103253,P12675,43,9,2025-07-22,2025-07-26,4,Emergency,Diabetes,Recovered
A103254,P14549,2,1,2024-10-20,2024-10-21,1,Emergency,Asthma,Recovered
A103255,P14927,36,8,2025-10-06,2025-10-08,2,Emergency,Heart Disease,Recovered
A103256,P14854,6,2,2025-04-06,2025-04-16,10,Emergency,Asthma,Transferred
A103257,P10861,36,8,2024-12-03,2024-12-08,5,Scheduled,Migraine,Recovered
A103258,P11553,22,5,2025-03-27,2025-03-29,2,Emergency,Fracture,Recovered
A103259,P14915,5,1,2024-12-09,2024-12-15,6,Scheduled,Cancer,Recovered
A103260,P11393,38,8,2025-12-17,2025-12-24,7,Emergency,Diabetes,Recovered
A103261,P11880,41,9,2025-09-22,2025-09-25,3,Scheduled,Infection,Recovered
A103262,P10381,22,5,2024-03-25,2024-03-30,5,Scheduled,Fracture,Recovered
A103263,P10649,48,10,2025-11-27,2025-11-30,3,Scheduled,Infection,Recovered
A103264,P14342,11,3,2025-10-21,2025-10-22,1,Emergency,Migraine,Recovered
A103265,P13622,43,9,2025-01-23,2025-01-27,4,Emergency,Migraine,Recovered
A103266,P14661,31,7,2024-08-14,2024-08-21,7,Referral,Skin Disorder,Follow-up Required
A103267,P13418,42,9,2024-10-12,2024-10-16,4,Scheduled,Migraine,Recovered
A103268,P10821,29,6,2024-10-10,2024-10-14,4,Emergency,Cancer,Recovered
A103269,P10472,33,7,2025-11-23,2025-11-26,3,Referral,Infection,Follow-up Required
A103270,P12017,22,5,2024-04-18,2024-04-22,4,Scheduled,Fracture,Transferred
A103271,P10122,49,10,2024-05-14,2024-05-17,3,Referral,Cancer,Follow-up Required
A103272,P14877,27,6,2024-10-17,2024-10-22,5,Emergency,Infection,Recovered
A103273,P12796,8,2,2025-09-06,2025-09-07,1,Emergency,Fracture,Recovered
A103274,P14217,48,10,2025-12-13,2025-12-20,7,Scheduled,Asthma,Recovered
A103275,P12187,6,2,2025-05-22,2025-05-24,2,Scheduled,Infection,Follow-up Required
A103276,P12135,46,10,2025-09-20,2025-09-25,5,Emergency,ENT Infection,Recovered
A103277,P12178,25,5,2024-01-29,2024-02-02,4,Scheduled,Infection,Recovered
A103278,P12300,34,7,2025-01-28,2025-02-04,7,Scheduled,Cancer,Follow-up Required
A103279,P11384,9,2,2024-01-27,2024-02-03,7,Emergency,Skin Disorder,Follow-up Required
A103280,P13502,36,8,2025-04-11,2025-04-13,2,Scheduled,Migraine,Recovered
A103281,P14143,31,7,2024-01-13,2024-01-19,6,Scheduled,Diabetes,Recovered
A103282,P11969,19,4,2025-07-07,2025-07-09,2,Scheduled,ENT Infection,Recovered
A103283,P13663,49,10,2025-03-20,2025-03-22,2,Emergency,Migraine,Recovered
A103284,P11834,1,1,2024-08-11,2024-08-23,12,Scheduled,Infection,Follow-up Required
A103285,P13948,24,5,2025-04-07,2025-04-09,2,Emergency,Heart Disease,Recovered
A103286,P12473,34,7,2024-01-21,2024-01-23,2,Referral,ENT Infection,Recovered
A103287,P14827,17,4,2025-01-21,2025-01-23,2,Scheduled,Migraine,Follow-up Required
A103288,P14207,34,7,2025-10-09,2025-10-13,4,Scheduled,Asthma,Recovered
A103289,P11251,35,7,2024-11-21,2024-12-01,10,Referral,Asthma,Recovered
A103290,P13111,36,8,2025-04-11,2025-04-14,3,Emergency,Fracture,Recovered
A103291,P10135,13,3,2025-10-18,2025-10-23,5,Scheduled,Heart Disease,Follow-up Required
A103292,P10610,25,5,2025-06-05,2025-06-09,4,Scheduled,Fracture,Recovered
A103293,P11058,12,3,2024-08-12,2024-08-15,3,Referral,Hypertension,Transferred
A103294,P13035,21,5,2025-10-14,2025-10-19,5,Scheduled,Cancer,Recovered
A103295,P11989,37,8,2025-04-19,2025-04-24,5,Scheduled,Heart Disease,Transferred
A103296,P13775,46,10,2025-09-09,2025-09-12,3,Emergency,Fracture,Recovered
A103297,P12247,38,8,2025-12-06,2025-12-14,8,Emergency,Skin Disorder,Recovered
A103298,P14656,1,1,2025-04-02,2025-04-03,1,Emergency,ENT Infection,Recovered
A103299,P10259,48,10,2025-10-01,2025-10-02,1,Scheduled,Skin Disorder,Deceased
A103300,P13901,6,2,2024-07-31,2024-08-20,20,Scheduled,Asthma,Recovered
A103301,P10916,45,9,2025-10-24,2025-10-30,6,Emergency,Fracture,Recovered
A103302,P13943,45,9,2025-04-25,2025-05-02,7,Scheduled,Cancer,Follow-up Required
A103303,P10238,11,3,2024-06-28,2024-07-03,5,Referral,Infection,Recovered
A103304,P13356,16,4,2025-06-21,2025-06-25,4,Emergency,Asthma,Follow-up Required
A103305,P10688,22,5,2025-06-10,2025-06-15,5,Referral,Asthma,Recovered
A103306,P11159,46,10,2024-01-22,2024-01-23,1,Emergency,Skin Disorder,Recovered
A103307,P12130,11,3,2024-12-10,2024-12-17,7,Emergency,Fracture,Follow-up Required
A103308,P10595,37,8,2025-07-30,2025-08-04,5,Referral,Asthma,Recovered
A103309,P12702,26,6,2024-01-21,2024-02-02,12,Scheduled,Diabetes,Follow-up Required
A103310,P11751,26,6,2025-02-11,2025-02-16,5,Referral,Skin Disorder,Recovered
A103311,P10403,42,9,2025-05-01,2025-05-03,2,Scheduled,Infection,Recovered
A103312,P10822,21,5,2025-06-11,2025-06-15,4,Referral,Cancer,Recovered
A103313,P13839,26,6,2025-02-19,2025-02-20,1,Emergency,Diabetes,Recovered
A103314,P12236,15,3,2024-09-28,2024-10-04,6,Scheduled,Migraine,Recovered
A103315,P12541,39,8,2024-07-23,2024-07-27,4,Referral,Skin Disorder,Recovered
A103316,P12303,35,7,2024-10-24,2024-10-27,3,Scheduled,Heart Disease,Recovered
A103317,P11698,11,3,2025-11-02,2025-11-16,14,Emergency,Infection,Transferred
A103318,P13929,9,2,2025-07-06,2025-07-18,12,Emergency,Migraine,Recovered
A103319,P11614,42,9,2024-04-17,2024-04-29,12,Referral,Asthma,Follow-up Required
A103320,P14581,23,5,2025-09-28,2025-09-30,2,Scheduled,Migraine,Deceased
A103321,P13680,4,1,2024-05-31,2024-06-06,6,Scheduled,Asthma,Follow-up Required
A103322,P13553,30,6,2024-01-13,2024-01-25,12,Scheduled,Skin Disorder,Recovered
A103323,P12228,28,6,2025-12-15,2025-12-20,5,Referral,Infection,Follow-up Required
A103324,P13679,25,5,2024-03-19,2024-03-21,2,Scheduled,Hypertension,Recovered
A103325,P14997,22,5,2025-07-07,2025-07-14,7,Referral,Skin Disorder,Recovered
A103326,P11465,25,5,2024-06-17,2024-06-25,8,Scheduled,Diabetes,Deceased
A103327,P14740,26,6,2024-09-05,2024-09-11,6,Scheduled,Fracture,Recovered
A103328,P14883,50,10,2024-04-30,2024-05-03,3,Emergency,Fracture,Recovered
A103329,P13101,29,6,2025-01-21,2025-01-23,2,Emergency,Migraine,Recovered
A103330,P14114,46,10,2025-03-14,2025-03-19,5,Referral,ENT Infection,Recovered
A103331,P11957,41,9,2024-09-28,2024-10-02,4,Emergency,Fracture,Recovered
A103332,P14094,32,7,2024-10-26,2024-11-01,6,Emergency,Cancer,Transferred
A103333,P14852,26,6,2025-12-21,2025-12-23,2,Scheduled,Skin Disorder,Recovered
A103334,P10687,28,6,2025-04-17,2025-04-19,2,Scheduled,Diabetes,Recovered
A103335,P12037,20,4,2024-06-06,2024-06-09,3,Emergency,Skin Disorder,Recovered
A103336,P13580,48,10,2025-09-24,2025-09-27,3,Scheduled,Diabetes,Recovered
A103337,P10601,2,1,2024-08-14,2024-08-19,5,Scheduled,Heart Disease,Recovered
A103338,P11044,23,5,2025-02-24,2025-02-27,3,Referral,Asthma,Recovered
A103339,P11380,39,8,2024-01-24,2024-01-30,6,Scheduled,Skin Disorder,Recovered
A103340,P14529,5,1,2025-06-21,2025-06-28,7,Scheduled,Infection,Recovered
A103341,P11042,21,5,2025-07-23,2025-07-25,2,Scheduled,Cancer,Recovered
A103342,P11574,22,5,2025-09-29,2025-10-09,10,Emergency,Diabetes,Recovered
A103343,P14472,49,10,2025-06-23,2025-06-30,7,Emergency,Skin Disorder,Transferred
A103344,P11364,11,3,2024-05-07,2024-05-12,5,Emergency,Asthma,Recovered
A103345,P11011,30,6,2024-04-03,2024-04-13,10,Referral,Heart Disease,Recovered
A103346,P14812,28,6,2025-12-03,2025-12-06,3,Referral,Diabetes,Follow-up Required
A103347,P11257,36,8,2025-02-24,2025-02-28,4,Scheduled,Diabetes,Recovered
A103348,P11128,17,4,2024-09-28,2024-09-29,1,Emergency,ENT Infection,Follow-up Required
A103349,P11024,21,5,2025-04-28,2025-05-02,4,Emergency,Skin Disorder,Recovered
A103350,P13695,37,8,2024-01-05,2024-01-09,4,Emergency,Fracture,Recovered
A103351,P12785,36,8,2024-06-05,2024-06-10,5,Referral,Cancer,Recovered
A103352,P14317,25,5,2024-02-21,2024-02-22,1,Scheduled,Infection,Recovered
A103353,P11050,24,5,2024-08-30,2024-08-31,1,Referral,Migraine,Recovered
A103354,P12302,30,6,2025-10-24,2025-10-28,4,Scheduled,Fracture,Recovered
A103355,P14922,42,9,2025-02-23,2025-02-25,2,Scheduled,Asthma,Recovered
A103356,P11155,35,7,2025-02-28,2025-03-07,7,Scheduled,ENT Infection,Recovered
A103357,P10030,21,5,2024-03-20,2024-03-26,6,Emergency,Cancer,Recovered
A103358,P10787,6,2,2025-11-25,2025-11-28,3,Scheduled,Migraine,Follow-up Required
A103359,P14106,21,5,2024-12-19,2024-12-20,1,Referral,Diabetes,Follow-up Required
A103360,P13161,8,2,2025-09-10,2025-09-12,2,Scheduled,Fracture,Recovered
A103361,P11171,5,1,2025-10-27,2025-11-02,6,Scheduled,Hypertension,Recovered
A103362,P13199,40,8,2024-10-19,2024-11-08,20,Scheduled,Skin Disorder,Follow-up Required
A103363,P12746,10,2,2025-12-17,2025-12-20,3,Scheduled,Asthma,Transferred
A103364,P11365,31,7,2024-04-25,2024-05-02,7,Scheduled,Infection,Recovered
A103365,P11542,30,6,2025-06-12,2025-06-20,8,Emergency,Hypertension,Recovered
A103366,P14147,21,5,2025-04-24,2025-04-25,1,Referral,Migraine,Recovered
A103367,P14494,36,8,2024-10-14,2024-10-24,10,Emergency,Skin Disorder,Recovered
A103368,P10314,27,6,2025-10-29,2025-11-02,4,Scheduled,Hypertension,Deceased
A103369,P12696,38,8,2025-04-21,2025-05-05,14,Emergency,Hypertension,Recovered
A103370,P14610,35,7,2024-01-25,2024-01-30,5,Emergency,Diabetes,Recovered
A103371,P10530,32,7,2025-03-06,2025-03-08,2,Scheduled,Heart Disease,Transferred
A103372,P14956,26,6,2024-10-04,2024-10-18,14,Referral,Asthma,Recovered
A103373,P12467,4,1,2024-11-12,2024-11-15,3,Scheduled,Asthma,Recovered
A103374,P12242,27,6,2025-09-29,2025-10-07,8,Emergency,ENT Infection,Follow-up Required
A103375,P10312,36,8,2024-12-23,2024-12-25,2,Scheduled,ENT Infection,Follow-up Required
A103376,P10996,37,8,2024-10-02,2024-10-08,6,Emergency,Hypertension,Recovered
A103377,P12524,27,6,2025-11-20,2025-11-24,4,Scheduled,Heart Disease,Recovered
A103378,P12632,47,10,2024-12-09,2024-12-23,14,Emergency,Skin Disorder,Recovered
A103379,P10264,48,10,2025-03-06,2025-03-08,2,Scheduled,Cancer,Follow-up Required
A103380,P13853,6,2,2025-07-12,2025-07-16,4,Emergency,Skin Disorder,Follow-up Required
A103381,P10021,18,4,2025-12-12,2025-12-17,5,Emergency,Cancer,Recovered
A103382,P12525,26,6,2025-07-16,2025-07-30,14,Referral,Skin Disorder,Recovered
A103383,P14645,44,9,2025-03-14,2025-03-17,3,Referral,Infection,Recovered
A103384,P11197,24,5,2025-04-06,2025-04-10,4,Emergency,ENT Infection,Recovered
A103385,P13134,7,2,2024-09-26,2024-09-30,4,Emergency,Skin Disorder,Recovered
A103386,P10206,44,9,2025-12-09,2025-12-12,3,Scheduled,Heart Disease,Recovered
A103387,P11637,14,3,2025-03-06,2025-03-13,7,Scheduled,Asthma,Recovered
A103388,P10631,13,3,2024-01-21,2024-01-22,1,Referral,Asthma,Follow-up Required
A103389,P12227,26,6,2024-05-22,2024-05-28,6,Scheduled,Hypertension,Recovered
A103390,P12390,43,9,2024-12-18,2024-12-23,5,Emergency,ENT Infection,Recovered
A103391,P14536,43,9,2025-04-09,2025-04-12,3,Emergency,ENT Infection,Recovered
A103392,P11099,2,1,2025-04-12,2025-04-16,4,Scheduled,Infection,Recovered
A103393,P10290,46,10,2025-05-27,2025-06-03,7,Scheduled,Heart Disease,Recovered
A103394,P12605,47,10,2025-04-08,2025-04-12,4,Scheduled,Diabetes,Follow-up Required
A103395,P10208,23,5,2025-01-28,2025-01-30,2,Referral,Infection,Follow-up Required
A103396,P13815,28,6,2024-02-27,2024-02-28,1,Emergency,ENT Infection,Follow-up Required
A103397,P10272,1,1,2024-05-05,2024-05-12,7,Scheduled,Fracture,Recovered
A103398,P13679,32,7,2025-04-05,2025-04-08,3,Referral,Infection,Recovered
A103399,P10415,12,3,2024-02-21,2024-03-04,12,Referral,Hypertension,Follow-up Required
A103400,P13469,46,10,2024-09-25,2024-09-30,5,Scheduled,ENT Infection,Recovered
A103401,P14480,50,10,2024-04-05,2024-04-09,4,Scheduled,Cancer,Follow-up Required
A103402,P11285,35,7,2024-09-29,2024-10-04,5,Scheduled,Diabetes,Follow-up Required
A103403,P14987,26,6,2024-11-18,2024-11-22,4,Scheduled,Cancer,Recovered
A103404,P11663,31,7,2025-07-26,2025-08-05,10,Emergency,Cancer,Recovered
A103405,P14015,12,3,2025-11-23,2025-11-27,4,Scheduled,Skin Disorder,Recovered
A103406,P11042,29,6,2024-05-12,2024-05-14,2,Scheduled,Fracture,Recovered
A103407,P14091,5,1,2024-03-29,2024-04-03,5,Emergency,Hypertension,Follow-up Required
A103408,P12295,35,7,2025-11-15,2025-11-20,5,Scheduled,ENT Infection,Recovered
A103409,P13714,7,2,2024-01-05,2024-01-12,7,Scheduled,Cancer,Recovered
A103410,P12462,16,4,2024-12-22,2025-01-03,12,Scheduled,Skin Disorder,Follow-up Required
A103411,P11344,32,7,2024-12-08,2024-12-12,4,Scheduled,Skin Disorder,Recovered
A103412,P12763,17,4,2024-07-22,2024-07-25,3,Scheduled,Asthma,Follow-up Required
A103413,P12229,21,5,2025-11-04,2025-11-08,4,Scheduled,Cancer,Recovered
A103414,P13368,27,6,2025-07-26,2025-08-05,10,Emergency,Cancer,Transferred
A103415,P10944,40,8,2025-04-15,2025-04-29,14,Emergency,Migraine,Recovered
A103416,P14989,47,10,2025-04-08,2025-04-22,14,Emergency,Fracture,Recovered
A103417,P14157,15,3,2025-05-11,2025-05-13,2,Emergency,ENT Infection,Recovered
A103418,P14060,23,5,2025-12-02,2025-12-06,4,Scheduled,ENT Infection,Recovered
A103419,P10166,8,2,2024-03-03,2024-03-06,3,Referral,Diabetes,Recovered
A103420,P11906,25,5,2025-07-09,2025-07-12,3,Emergency,Heart Disease,Recovered
A103421,P13057,11,3,2024-08-26,2024-08-27,1,Referral,Heart Disease,Follow-up Required
A103422,P11324,21,5,2025-06-23,2025-06-25,2,Scheduled,Asthma,Follow-up Required
A103423,P14751,10,2,2024-07-16,2024-07-20,4,Emergency,Infection,Follow-up Required
A103424,P10351,50,10,2025-11-13,2025-11-16,3,Emergency,Asthma,Follow-up Required
A103425,P12311,9,2,2024-01-30,2024-02-02,3,Scheduled,Hypertension,Recovered
A103426,P13310,48,10,2025-10-27,2025-10-29,2,Scheduled,Infection,Recovered
A103427,P10932,1,1,2024-07-27,2024-08-02,6,Emergency,Skin Disorder,Recovered
A103428,P13839,22,5,2024-03-03,2024-03-06,3,Emergency,Cancer,Recovered
A103429,P11114,6,2,2024-02-26,2024-03-03,6,Referral,Migraine,Follow-up Required
A103430,P12187,30,6,2025-12-20,2025-12-23,3,Emergency,Fracture,Follow-up Required
A103431,P11990,34,7,2025-03-08,2025-03-15,7,Referral,Migraine,Follow-up Required
A103432,P11386,13,3,2024-11-03,2024-11-05,2,Emergency,Heart Disease,Follow-up Required
A103433,P13485,22,5,2025-07-28,2025-07-30,2,Scheduled,Skin Disorder,Recovered
A103434,P11117,6,2,2025-04-10,2025-04-16,6,Scheduled,Migraine,Deceased
A103435,P10134,41,9,2025-10-14,2025-10-24,10,Scheduled,Infection,Recovered
A103436,P13952,46,10,2025-08-27,2025-08-29,2,Emergency,Infection,Follow-up Required
A103437,P11228,24,5,2024-04-16,2024-04-17,1,Emergency,Hypertension,Recovered
A103438,P13110,21,5,2025-08-22,2025-09-03,12,Scheduled,Asthma,Recovered
A103439,P12505,39,8,2024-10-27,2024-10-29,2,Emergency,Fracture,Recovered
A103440,P13606,23,5,2025-09-11,2025-09-14,3,Scheduled,Heart Disease,Recovered
A103441,P11882,5,1,2024-02-15,2024-02-25,10,Referral,Heart Disease,Recovered
A103442,P14534,7,2,2024-03-17,2024-03-24,7,Referral,Asthma,Recovered
A103443,P10680,3,1,2025-12-29,2026-01-01,3,Emergency,Hypertension,Follow-up Required
A103444,P12695,13,3,2024-06-17,2024-06-29,12,Scheduled,Migraine,Transferred
A103445,P12670,12,3,2024-05-08,2024-05-13,5,Scheduled,Fracture,Recovered
A103446,P11248,6,2,2025-12-13,2025-12-14,1,Emergency,ENT Infection,Deceased
A103447,P11192,34,7,2025-12-08,2025-12-14,6,Scheduled,Cancer,Follow-up Required
A103448,P11131,15,3,2024-09-24,2024-09-29,5,Emergency,Skin Disorder,Recovered
A103449,P11404,47,10,2025-08-22,2025-08-27,5,Scheduled,Cancer,Recovered
A103450,P12072,18,4,2025-08-07,2025-08-27,20,Referral,Infection,Deceased
A103451,P11331,49,10,2025-02-22,2025-02-24,2,Referral,Heart Disease,Follow-up Required
A103452,P11382,3,1,2024-06-09,2024-06-15,6,Scheduled,Cancer,Recovered
A103453,P10370,22,5,2024-02-27,2024-03-02,4,Scheduled,Hypertension,Recovered
A103454,P13795,35,7,2025-01-18,2025-01-21,3,Referral,Fracture,Follow-up Required
A103455,P12491,28,6,2025-05-24,2025-05-30,6,Scheduled,Heart Disease,Recovered
A103456,P11177,41,9,2025-03-05,2025-03-11,6,Scheduled,Heart Disease,Recovered
A103457,P10376,42,9,2024-12-05,2024-12-13,8,Referral,Diabetes,Recovered
A103458,P12761,12,3,2025-07-31,2025-08-08,8,Emergency,Infection,Recovered
A103459,P13291,1,1,2024-01-26,2024-01-31,5,Emergency,ENT Infection,Recovered
A103460,P11944,36,8,2025-08-11,2025-08-14,3,Scheduled,Heart Disease,Recovered
A103461,P10958,30,6,2025-01-06,2025-01-10,4,Referral,Infection,Follow-up Required
A103462,P10811,23,5,2024-02-05,2024-02-08,3,Emergency,Diabetes,Recovered
A103463,P14923,37,8,2025-06-14,2025-06-17,3,Scheduled,Heart Disease,Recovered
A103464,P11534,28,6,2024-09-23,2024-09-28,5,Scheduled,Heart Disease,Transferred
A103465,P14431,49,10,2025-03-07,2025-03-13,6,Scheduled,Infection,Follow-up Required
A103466,P10410,5,1,2024-01-19,2024-01-24,5,Emergency,ENT Infection,Follow-up Required
A103467,P10054,36,8,2024-12-04,2024-12-16,12,Referral,Fracture,Recovered
A103468,P14797,47,10,2024-05-19,2024-05-22,3,Referral,ENT Infection,Recovered
A103469,P11099,10,2,2024-03-07,2024-03-10,3,Scheduled,Infection,Recovered
A103470,P12397,5,1,2025-06-13,2025-06-19,6,Referral,Heart Disease,Follow-up Required
A103471,P10975,14,3,2025-01-03,2025-01-08,5,Referral,ENT Infection,Recovered
A103472,P14489,24,5,2024-09-17,2024-09-18,1,Scheduled,Skin Disorder,Recovered
A103473,P14650,28,6,2025-09-15,2025-09-18,3,Referral,Diabetes,Recovered
A103474,P12895,21,5,2025-09-18,2025-09-21,3,Referral,Heart Disease,Recovered
A103475,P13280,45,9,2025-11-08,2025-11-16,8,Emergency,Asthma,Deceased
A103476,P14922,40,8,2025-08-01,2025-08-09,8,Emergency,Asthma,Recovered
A103477,P14840,12,3,2025-08-04,2025-08-07,3,Emergency,Asthma,Recovered
A103478,P12225,20,4,2024-07-21,2024-07-23,2,Scheduled,ENT Infection,Follow-up Required
A103479,P12559,32,7,2025-09-30,2025-10-02,2,Emergency,Cancer,Recovered
A103480,P13691,38,8,2025-02-13,2025-02-15,2,Emergency,Cancer,Recovered
A103481,P10139,40,8,2024-03-20,2024-03-22,2,Referral,Asthma,Follow-up Required
A103482,P13174,42,9,2025-11-18,2025-11-20,2,Scheduled,Cancer,Recovered
A103483,P12521,21,5,2024-04-22,2024-04-26,4,Referral,Hypertension,Transferred
A103484,P14638,17,4,2025-09-14,2025-09-17,3,Referral,Infection,Recovered
A103485,P12242,1,1,2024-05-16,2024-05-21,5,Scheduled,Heart Disease,Recovered
A103486,P13828,44,9,2025-10-06,2025-10-09,3,Scheduled,Heart Disease,Recovered
A103487,P11338,28,6,2024-07-07,2024-07-14,7,Emergency,Skin Disorder,Follow-up Required
A103488,P14090,2,1,2024-10-03,2024-10-15,12,Scheduled,Hypertension,Recovered
A103489,P12853,17,4,2024-04-12,2024-04-16,4,Emergency,Skin Disorder,Recovered
A103490,P12295,39,8,2024-04-16,2024-04-17,1,Emergency,Migraine,Recovered
A103491,P12678,14,3,2025-07-28,2025-07-30,2,Emergency,Skin Disorder,Recovered
A103492,P10073,14,3,2024-06-21,2024-06-23,2,Scheduled,Hypertension,Recovered
A103493,P12879,44,9,2024-11-26,2024-11-29,3,Referral,Asthma,Recovered
A103494,P12142,48,10,2025-12-22,2025-12-27,5,Emergency,Hypertension,Recovered
A103495,P14531,18,4,2024-07-09,2024-07-13,4,Scheduled,Hypertension,Recovered
A103496,P11807,40,8,2025-10-31,2025-11-03,3,Scheduled,Migraine,Recovered
A103497,P12046,34,7,2024-08-12,2024-08-19,7,Scheduled,Migraine,Follow-up Required
A103498,P13503,43,9,2025-11-14,2025-11-16,2,Referral,Hypertension,Recovered
A103499,P14553,1,1,2024-11-18,2024-11-20,2,Emergency,Diabetes,Recovered
A103500,P13502,42,9,2025-05-22,2025-05-28,6,Emergency,Heart Disease,Follow-up Required
A103501,P12277,18,4,2025-07-01,2025-07-03,2,Scheduled,Heart Disease,Deceased
A103502,P12078,48,10,2024-05-13,2024-05-19,6,Scheduled,Infection,Recovered
A103503,P11649,34,7,2024-02-06,2024-02-20,14,Emergency,Diabetes,Recovered
A103504,P10335,23,5,2024-04-02,2024-04-10,8,Emergency,Heart Disease,Recovered
A103505,P14756,49,10,2024-03-15,2024-03-17,2,Referral,Hypertension,Recovered
A103506,P14665,16,4,2024-07-01,2024-07-05,4,Emergency,Hypertension,Recovered
A103507,P14273,19,4,2025-12-17,2025-12-21,4,Scheduled,Hypertension,Recovered
A103508,P12872,37,8,2025-04-03,2025-04-23,20,Referral,Hypertension,Deceased
A103509,P12616,6,2,2025-11-29,2025-12-13,14,Scheduled,Fracture,Recovered
A103510,P14873,24,5,2025-11-08,2025-11-10,2,Scheduled,Hypertension,Recovered
A103511,P14173,17,4,2025-09-18,2025-09-28,10,Scheduled,Fracture,Transferred
A103512,P10933,48,10,2025-02-12,2025-02-14,2,Scheduled,Asthma,Recovered
A103513,P10636,16,4,2024-07-25,2024-07-28,3,Scheduled,Heart Disease,Recovered
A103514,P13230,39,8,2024-09-01,2024-09-04,3,Referral,Heart Disease,Recovered
A103515,P11191,48,10,2024-11-28,2024-12-01,3,Scheduled,Migraine,Recovered
A103516,P10012,41,9,2025-11-03,2025-11-11,8,Scheduled,ENT Infection,Recovered
A103517,P14003,6,2,2025-06-08,2025-06-11,3,Emergency,Diabetes,Recovered
A103518,P14927,16,4,2024-10-20,2024-10-27,7,Emergency,Fracture,Recovered
A103519,P11450,9,2,2024-09-29,2024-10-19,20,Scheduled,Hypertension,Follow-up Required
A103520,P10449,29,6,2025-01-13,2025-01-21,8,Emergency,ENT Infection,Recovered
A103521,P12497,4,1,2025-09-17,2025-09-20,3,Referral,Skin Disorder,Follow-up Required
A103522,P10427,26,6,2025-10-25,2025-10-31,6,Scheduled,Heart Disease,Recovered
A103523,P10916,38,8,2024-01-26,2024-01-31,5,Scheduled,Cancer,Recovered
A103524,P13170,26,6,2025-11-10,2025-11-17,7,Scheduled,Fracture,Recovered
A103525,P14727,14,3,2025-06-27,2025-06-29,2,Scheduled,Asthma,Deceased
A103526,P14322,35,7,2025-12-18,2025-12-23,5,Scheduled,ENT Infection,Recovered
A103527,P10447,49,10,2025-09-01,2025-09-08,7,Scheduled,Fracture,Follow-up Required
A103528,P11911,43,9,2024-03-31,2024-04-07,7,Scheduled,Fracture,Recovered
A103529,P13736,24,5,2025-04-20,2025-05-04,14,Referral,Asthma,Deceased
A103530,P12251,8,2,2025-12-26,2025-12-27,1,Referral,Cancer,Recovered
A103531,P14771,40,8,2024-07-06,2024-07-09,3,Emergency,Skin Disorder,Recovered
A103532,P12682,25,5,2025-07-22,2025-07-26,4,Referral,Diabetes,Follow-up Required
A103533,P11402,4,1,2025-09-10,2025-09-13,3,Referral,Asthma,Recovered
A103534,P13408,15,3,2024-07-13,2024-07-16,3,Scheduled,Hypertension,Follow-up Required
A103535,P11044,16,4,2025-06-17,2025-06-19,2,Scheduled,Infection,Recovered
A103536,P13019,11,3,2025-11-28,2025-12-05,7,Scheduled,ENT Infection,Follow-up Required
A103537,P10392,28,6,2024-03-25,2024-04-04,10,Emergency,Heart Disease,Recovered
A103538,P14820,7,2,2025-08-14,2025-08-15,1,Emergency,Skin Disorder,Recovered
A103539,P11286,50,10,2024-03-17,2024-03-19,2,Referral,Asthma,Recovered
A103540,P14110,38,8,2024-11-25,2024-11-27,2,Scheduled,Skin Disorder,Follow-up Required
A103541,P12435,24,5,2025-01-17,2025-01-21,4,Emergency,Asthma,Recovered
A103542,P10642,31,7,2025-03-08,2025-03-15,7,Scheduled,Fracture,Recovered
A103543,P11046,4,1,2025-01-11,2025-01-12,1,Emergency,Asthma,Recovered
A103544,P14321,37,8,2024-12-06,2024-12-11,5,Referral,Hypertension,Follow-up Required
A103545,P14038,35,7,2024-06-25,2024-06-27,2,Scheduled,ENT Infection,Recovered
A103546,P13048,6,2,2025-03-01,2025-03-15,14,Scheduled,Cancer,Recovered
A103547,P11158,46,10,2025-02-27,2025-03-09,10,Emergency,ENT Infection,Recovered
A103548,P13250,33,7,2024-06-22,2024-07-04,12,Scheduled,Cancer,Recovered
A103549,P13628,32,7,2025-02-09,2025-02-11,2,Referral,Heart Disease,Follow-up Required
A103550,P11544,46,10,2024-03-22,2024-03-26,4,Scheduled,Migraine,Recovered
A103551,P10792,38,8,2024-01-21,2024-01-23,2,Scheduled,Migraine,Follow-up Required
A103552,P10437,35,7,2025-11-21,2025-11-26,5,Referral,Heart Disease,Recovered
A103553,P13515,17,4,2025-02-01,2025-02-03,2,Emergency,Asthma,Follow-up Required
A103554,P14677,32,7,2024-11-25,2024-12-02,7,Emergency,Skin Disorder,Recovered
A103555,P14783,14,3,2024-08-12,2024-08-17,5,Scheduled,Heart Disease,Recovered
A103556,P14461,19,4,2025-02-05,2025-02-10,5,Emergency,Skin Disorder,Recovered
A103557,P13960,24,5,2025-03-13,2025-03-20,7,Emergency,Cancer,Follow-up Required
A103558,P14365,39,8,2024-09-28,2024-10-02,4,Scheduled,Migraine,Follow-up Required
A103559,P11717,11,3,2024-10-06,2024-10-09,3,Scheduled,Skin Disorder,Recovered
A103560,P13637,7,2,2024-08-10,2024-08-15,5,Referral,Infection,Transferred
A103561,P13365,45,9,2025-08-09,2025-08-21,12,Emergency,Heart Disease,Recovered
A103562,P14174,24,5,2025-10-24,2025-10-29,5,Referral,ENT Infection,Recovered
A103563,P10189,24,5,2025-05-23,2025-05-28,5,Scheduled,Diabetes,Recovered
A103564,P12719,14,3,2024-12-07,2024-12-19,12,Scheduled,Migraine,Recovered
A103565,P12406,24,5,2025-09-08,2025-09-12,4,Emergency,Heart Disease,Recovered
A103566,P13931,11,3,2024-02-11,2024-03-02,20,Scheduled,ENT Infection,Recovered
A103567,P13166,8,2,2024-06-24,2024-06-26,2,Referral,Skin Disorder,Recovered
A103568,P10903,44,9,2024-09-01,2024-09-06,5,Scheduled,ENT Infection,Follow-up Required
A103569,P10341,15,3,2024-09-09,2024-09-11,2,Emergency,Infection,Recovered
A103570,P12882,42,9,2024-09-30,2024-10-04,4,Scheduled,ENT Infection,Recovered
A103571,P14507,2,1,2024-11-29,2024-12-01,2,Scheduled,ENT Infection,Recovered
A103572,P14994,24,5,2025-08-26,2025-08-28,2,Emergency,Cancer,Recovered
A103573,P10644,45,9,2024-01-11,2024-01-13,2,Referral,Asthma,Recovered
A103574,P10021,10,2,2024-05-31,2024-06-03,3,Scheduled,Skin Disorder,Recovered
A103575,P13073,32,7,2024-07-07,2024-07-09,2,Scheduled,Asthma,Recovered
A103576,P10678,17,4,2025-11-06,2025-11-13,7,Emergency,Heart Disease,Recovered
A103577,P11100,10,2,2025-09-29,2025-10-01,2,Emergency,Diabetes,Recovered
A103578,P12651,22,5,2024-07-29,2024-08-02,4,Referral,Hypertension,Recovered
A103579,P13470,6,2,2024-04-06,2024-04-07,1,Emergency,Skin Disorder,Follow-up Required
A103580,P14184,27,6,2024-12-04,2024-12-06,2,Scheduled,Asthma,Recovered
A103581,P12065,20,4,2024-02-16,2024-02-26,10,Scheduled,Fracture,Recovered
A103582,P13401,1,1,2024-02-26,2024-03-05,8,Emergency,Migraine,Follow-up Required
A103583,P12872,17,4,2024-03-15,2024-03-23,8,Scheduled,Cancer,Recovered
A103584,P12431,1,1,2024-09-10,2024-09-14,4,Scheduled,Hypertension,Follow-up Required
A103585,P12688,37,8,2025-10-24,2025-10-26,2,Referral,Cancer,Recovered
A103586,P11417,15,3,2025-07-24,2025-07-26,2,Scheduled,Infection,Follow-up Required
A103587,P14406,1,1,2025-08-20,2025-08-25,5,Referral,Skin Disorder,Recovered
A103588,P10492,17,4,2024-06-18,2024-06-25,7,Scheduled,Fracture,Recovered
A103589,P10760,46,10,2024-05-25,2024-06-04,10,Emergency,Migraine,Recovered
A103590,P13502,45,9,2024-02-02,2024-02-05,3,Emergency,Cancer,Recovered
A103591,P10001,43,9,2025-05-29,2025-06-01,3,Referral,Heart Disease,Recovered
A103592,P12089,44,9,2024-09-13,2024-09-15,2,Scheduled,ENT Infection,Recovered
A103593,P13657,38,8,2024-05-05,2024-05-12,7,Scheduled,Hypertension,Recovered
A103594,P14768,43,9,2024-04-22,2024-04-25,3,Referral,Hypertension,Recovered
A103595,P10212,2,1,2024-12-07,2024-12-11,4,Emergency,ENT Infection,Recovered
A103596,P13723,18,4,2024-02-17,2024-02-27,10,Scheduled,Asthma,Recovered
A103597,P13518,12,3,2024-12-29,2025-01-05,7,Scheduled,Diabetes,Recovered
A103598,P11966,29,6,2025-02-01,2025-02-02,1,Scheduled,Skin Disorder,Follow-up Required
A103599,P10304,23,5,2024-07-13,2024-07-14,1,Scheduled,Migraine,Recovered
A103600,P14787,47,10,2025-12-25,2026-01-01,7,Scheduled,Skin Disorder,Recovered
A103601,P13773,9,2,2024-11-16,2024-11-21,5,Emergency,Cancer,Recovered
A103602,P11782,8,2,2024-05-17,2024-05-23,6,Scheduled,Cancer,Recovered
A103603,P13226,50,10,2024-12-20,2024-12-22,2,Scheduled,Migraine,Recovered
A103604,P14712,16,4,2024-03-10,2024-03-18,8,Referral,Diabetes,Recovered
A103605,P14619,23,5,2025-08-04,2025-08-11,7,Emergency,Asthma,Transferred
A103606,P12073,29,6,2025-04-27,2025-05-07,10,Referral,Migraine,Transferred
A103607,P10808,10,2,2025-12-20,2025-12-23,3,Scheduled,Heart Disease,Recovered
A103608,P14121,12,3,2025-12-12,2025-12-15,3,Scheduled,ENT Infection,Recovered
A103609,P11777,12,3,2024-02-28,2024-03-01,2,Scheduled,Skin Disorder,Transferred
A103610,P13191,30,6,2025-01-23,2025-02-04,12,Scheduled,Infection,Follow-up Required
A103611,P14043,10,2,2024-12-16,2024-12-18,2,Scheduled,Skin Disorder,Recovered
A103612,P14204,14,3,2024-12-04,2024-12-06,2,Referral,ENT Infection,Recovered
A103613,P11354,4,1,2025-11-07,2025-11-09,2,Scheduled,Fracture,Recovered
A103614,P10180,47,10,2025-08-18,2025-08-25,7,Referral,Heart Disease,Recovered
A103615,P10881,20,4,2025-03-11,2025-03-19,8,Scheduled,Diabetes,Recovered
A103616,P11831,41,9,2025-03-25,2025-04-01,7,Referral,Migraine,Recovered
A103617,P14699,39,8,2025-01-11,2025-01-16,5,Emergency,Hypertension,Recovered
A103618,P14003,7,2,2025-01-25,2025-02-14,20,Scheduled,Asthma,Recovered
A103619,P12801,30,6,2025-04-25,2025-04-26,1,Referral,Diabetes,Recovered
A103620,P14264,41,9,2024-04-23,2024-05-01,8,Referral,Skin Disorder,Transferred
A103621,P10223,24,5,2024-06-20,2024-06-24,4,Scheduled,Migraine,Follow-up Required
A103622,P14565,10,2,2024-01-18,2024-01-22,4,Emergency,Diabetes,Recovered
A103623,P14374,45,9,2024-08-22,2024-08-24,2,Scheduled,Fracture,Recovered
A103624,P12238,38,8,2024-11-05,2024-11-06,1,Emergency,Asthma,Recovered
A103625,P12579,36,8,2025-10-30,2025-11-02,3,Emergency,Fracture,Recovered
A103626,P11779,17,4,2025-12-23,2025-12-25,2,Emergency,Migraine,Recovered
A103627,P10621,21,5,2024-10-07,2024-10-11,4,Emergency,Fracture,Follow-up Required
A103628,P11214,46,10,2024-07-14,2024-07-16,2,Scheduled,Fracture,Recovered
A103629,P14055,3,1,2024-04-24,2024-04-26,2,Scheduled,Heart Disease,Recovered
A103630,P14314,1,1,2025-01-31,2025-02-08,8,Emergency,Skin Disorder,Follow-up Required
A103631,P14264,18,4,2025-11-02,2025-11-12,10,Scheduled,Heart Disease,Recovered
A103632,P12828,2,1,2025-10-28,2025-11-11,14,Emergency,Fracture,Follow-up Required
A103633,P12241,40,8,2025-07-16,2025-07-22,6,Emergency,Cancer,Recovered
A103634,P11363,48,10,2025-02-21,2025-02-28,7,Scheduled,Migraine,Deceased
A103635,P12839,4,1,2024-10-10,2024-10-18,8,Scheduled,Infection,Recovered
A103636,P12503,32,7,2025-08-07,2025-08-13,6,Scheduled,Asthma,Transferred
A103637,P12241,19,4,2024-11-23,2024-11-26,3,Emergency,Hypertension,Recovered
A103638,P10093,20,4,2024-12-06,2024-12-08,2,Scheduled,Diabetes,Recovered
A103639,P11239,42,9,2025-09-13,2025-09-15,2,Emergency,ENT Infection,Transferred
A103640,P14609,49,10,2024-08-08,2024-08-16,8,Emergency,Migraine,Recovered
A103641,P13471,49,10,2024-01-09,2024-01-15,6,Scheduled,ENT Infection,Recovered
A103642,P13236,7,2,2024-03-22,2024-03-26,4,Scheduled,Heart Disease,Recovered
A103643,P14202,9,2,2024-10-20,2024-10-21,1,Emergency,Cancer,Recovered
A103644,P12765,7,2,2025-01-09,2025-01-12,3,Emergency,Cancer,Recovered
A103645,P13605,27,6,2025-06-17,2025-06-23,6,Emergency,Diabetes,Recovered
A103646,P12836,21,5,2025-02-18,2025-02-22,4,Scheduled,Asthma,Follow-up Required
A103647,P13902,35,7,2024-04-08,2024-04-12,4,Emergency,Infection,Recovered
A103648,P13235,24,5,2025-11-12,2025-11-15,3,Emergency,Infection,Recovered
A103649,P13629,32,7,2025-12-02,2025-12-07,5,Referral,Heart Disease,Follow-up Required
A103650,P11769,12,3,2025-09-09,2025-09-23,14,Emergency,Skin Disorder,Recovered
A103651,P13510,23,5,2025-01-16,2025-01-26,10,Scheduled,Infection,Recovered
A103652,P12902,36,8,2025-05-18,2025-05-19,1,Referral,Hypertension,Recovered
A103653,P11542,49,10,2025-03-22,2025-03-26,4,Emergency,Skin Disorder,Recovered
A103654,P12092,29,6,2025-11-10,2025-11-13,3,Scheduled,Asthma,Recovered
A103655,P12651,3,1,2024-12-09,2024-12-13,4,Scheduled,Asthma,Transferred
A103656,P11732,43,9,2025-02-28,2025-03-05,5,Referral,Infection,Recovered
A103657,P10092,8,2,2025-09-16,2025-09-18,2,Referral,Diabetes,Recovered
A103658,P14855,34,7,2024-11-01,2024-11-08,7,Scheduled,Diabetes,Transferred
A103659,P10731,14,3,2024-05-27,2024-05-31,4,Emergency,Fracture,Recovered
A103660,P14433,36,8,2025-03-29,2025-04-18,20,Scheduled,Diabetes,Recovered
A103661,P13815,48,10,2024-02-02,2024-02-03,1,Referral,Infection,Recovered
A103662,P10700,46,10,2025-05-15,2025-05-17,2,Emergency,ENT Infection,Recovered
A103663,P13015,32,7,2024-11-14,2024-11-20,6,Referral,Skin Disorder,Transferred
A103664,P12312,7,2,2025-11-27,2025-12-03,6,Referral,Diabetes,Follow-up Required
A103665,P12017,10,2,2024-07-11,2024-07-16,5,Emergency,Hypertension,Follow-up Required
A103666,P13491,12,3,2024-06-28,2024-07-12,14,Scheduled,Hypertension,Deceased
A103667,P10978,40,8,2025-06-01,2025-06-05,4,Emergency,Diabetes,Recovered
A103668,P14211,23,5,2025-01-25,2025-01-29,4,Scheduled,Heart Disease,Follow-up Required
A103669,P11259,11,3,2025-06-04,2025-06-14,10,Scheduled,Hypertension,Recovered
A103670,P13856,13,3,2024-12-22,2024-12-27,5,Scheduled,Cancer,Deceased
A103671,P11298,12,3,2025-07-26,2025-07-29,3,Scheduled,Asthma,Recovered
A103672,P11979,7,2,2025-04-08,2025-04-14,6,Scheduled,Heart Disease,Recovered
A103673,P14130,44,9,2025-11-05,2025-11-10,5,Scheduled,Skin Disorder,Recovered
A103674,P11733,10,2,2024-04-08,2024-04-11,3,Scheduled,Fracture,Recovered
A103675,P12943,7,2,2024-05-27,2024-05-30,3,Referral,Skin Disorder,Recovered
A103676,P12510,27,6,2025-07-23,2025-07-27,4,Scheduled,Migraine,Recovered
A103677,P10449,7,2,2025-12-27,2025-12-28,1,Scheduled,Skin Disorder,Recovered
A103678,P11238,50,10,2024-11-11,2024-11-23,12,Scheduled,Cancer,Recovered
A103679,P14501,24,5,2024-06-30,2024-07-02,2,Emergency,Diabetes,Recovered
A103680,P10333,23,5,2025-06-30,2025-07-02,2,Emergency,Migraine,Recovered
A103681,P14324,25,5,2024-10-29,2024-11-03,5,Scheduled,Hypertension,Recovered
A103682,P10166,44,9,2025-07-11,2025-07-17,6,Scheduled,Hypertension,Recovered
A103683,P14681,36,8,2025-08-21,2025-08-27,6,Scheduled,Heart Disease,Recovered
A103684,P14833,33,7,2024-01-04,2024-01-07,3,Referral,Hypertension,Recovered
A103685,P14694,37,8,2024-04-16,2024-04-24,8,Scheduled,Asthma,Recovered
A103686,P14689,42,9,2024-03-15,2024-03-20,5,Scheduled,Asthma,Recovered
A103687,P14028,39,8,2024-02-09,2024-02-13,4,Referral,Migraine,Follow-up Required
A103688,P12775,7,2,2025-09-30,2025-10-07,7,Scheduled,Skin Disorder,Follow-up Required
A103689,P11700,30,6,2025-11-25,2025-11-28,3,Scheduled,Fracture,Transferred
A103690,P11414,31,7,2024-04-28,2024-05-06,8,Referral,Heart Disease,Recovered
A103691,P11447,45,9,2024-03-13,2024-03-18,5,Scheduled,Heart Disease,Recovered
A103692,P13483,46,10,2025-07-05,2025-07-15,10,Scheduled,Hypertension,Deceased
A103693,P14745,37,8,2024-07-22,2024-07-24,2,Referral,Fracture,Recovered
A103694,P11688,21,5,2024-04-05,2024-04-17,12,Scheduled,Infection,Recovered
A103695,P10447,34,7,2024-10-05,2024-10-11,6,Emergency,Cancer,Follow-up Required
A103696,P13475,46,10,2024-05-22,2024-05-27,5,Referral,Asthma,Recovered
A103697,P10097,21,5,2024-04-24,2024-04-28,4,Referral,Infection,Follow-up Required
A103698,P12427,40,8,2025-04-20,2025-05-02,12,Emergency,Migraine,Recovered
A103699,P12718,20,4,2024-05-12,2024-05-16,4,Scheduled,Cancer,Recovered
A103700,P13258,34,7,2024-06-16,2024-06-20,4,Scheduled,ENT Infection,Recovered
A103701,P14727,8,2,2024-09-01,2024-09-08,7,Referral,Heart Disease,Recovered
A103702,P10503,32,7,2024-10-03,2024-10-06,3,Emergency,Cancer,Follow-up Required
A103703,P14384,30,6,2024-09-15,2024-09-18,3,Scheduled,ENT Infection,Follow-up Required
A103704,P14465,29,6,2024-02-15,2024-02-22,7,Scheduled,Infection,Recovered
A103705,P10065,5,1,2024-12-11,2024-12-13,2,Scheduled,Skin Disorder,Recovered
A103706,P14258,30,6,2024-08-24,2024-08-31,7,Referral,Asthma,Follow-up Required
A103707,P10662,12,3,2024-02-22,2024-02-27,5,Referral,ENT Infection,Follow-up Required
A103708,P13490,39,8,2024-05-27,2024-06-01,5,Emergency,ENT Infection,Recovered
A103709,P10481,27,6,2025-11-29,2025-12-01,2,Emergency,Diabetes,Follow-up Required
A103710,P14663,13,3,2025-06-16,2025-06-23,7,Emergency,Migraine,Transferred
A103711,P13262,47,10,2024-03-30,2024-04-06,7,Scheduled,Skin Disorder,Recovered
A103712,P10406,10,2,2024-08-20,2024-08-24,4,Scheduled,Infection,Transferred
A103713,P14861,36,8,2025-12-27,2025-12-30,3,Scheduled,Heart Disease,Follow-up Required
A103714,P13561,31,7,2024-02-20,2024-02-23,3,Emergency,Diabetes,Follow-up Required
A103715,P13384,16,4,2025-10-26,2025-11-02,7,Emergency,Cancer,Recovered
A103716,P13668,39,8,2025-09-19,2025-09-24,5,Emergency,Cancer,Recovered
A103717,P14962,45,9,2025-01-28,2025-01-30,2,Scheduled,Hypertension,Recovered
A103718,P11118,36,8,2024-08-01,2024-08-08,7,Scheduled,Diabetes,Follow-up Required
A103719,P12438,26,6,2025-03-26,2025-04-03,8,Emergency,Migraine,Recovered
A103720,P13483,44,9,2024-12-04,2024-12-05,1,Emergency,Migraine,Recovered
A103721,P13710,20,4,2024-12-16,2024-12-23,7,Scheduled,Infection,Recovered
A103722,P13441,34,7,2025-10-10,2025-10-18,8,Referral,Migraine,Recovered
A103723,P10742,37,8,2024-10-11,2024-10-31,20,Emergency,Skin Disorder,Follow-up Required
A103724,P13240,8,2,2025-08-05,2025-08-07,2,Scheduled,Hypertension,Follow-up Required
A103725,P12922,4,1,2024-09-01,2024-09-04,3,Emergency,Migraine,Follow-up Required
A103726,P11832,29,6,2025-07-03,2025-07-17,14,Emergency,Heart Disease,Recovered
A103727,P14139,31,7,2025-12-28,2025-12-29,1,Scheduled,ENT Infection,Deceased
A103728,P10911,2,1,2025-09-30,2025-10-04,4,Scheduled,Asthma,Recovered
A103729,P14013,25,5,2025-08-06,2025-08-10,4,Scheduled,Hypertension,Recovered
A103730,P14703,38,8,2024-08-13,2024-08-18,5,Referral,Diabetes,Recovered
A103731,P11419,3,1,2025-03-16,2025-03-19,3,Scheduled,Skin Disorder,Deceased
A103732,P14815,46,10,2025-04-18,2025-04-28,10,Scheduled,Skin Disorder,Recovered
A103733,P14310,42,9,2025-03-19,2025-03-22,3,Scheduled,Diabetes,Recovered
A103734,P14039,43,9,2025-02-15,2025-02-20,5,Emergency,Fracture,Recovered
A103735,P13640,5,1,2024-09-02,2024-09-06,4,Scheduled,ENT Infection,Recovered
A103736,P13446,22,5,2025-08-05,2025-08-08,3,Emergency,Heart Disease,Transferred
A103737,P10132,16,4,2025-12-07,2025-12-09,2,Emergency,Cancer,Recovered
A103738,P12057,9,2,2025-05-14,2025-05-26,12,Emergency,Hypertension,Recovered
A103739,P10153,48,10,2025-07-03,2025-07-08,5,Emergency,Skin Disorder,Follow-up Required
A103740,P12479,9,2,2024-04-26,2024-05-01,5,Scheduled,Fracture,Recovered
A103741,P10483,49,10,2024-12-29,2025-01-05,7,Referral,Cancer,Recovered
A103742,P10305,12,3,2024-07-22,2024-07-23,1,Referral,Cancer,Follow-up Required
A103743,P12520,47,10,2024-12-16,2024-12-22,6,Scheduled,Asthma,Transferred
A103744,P10993,42,9,2024-11-14,2024-11-16,2,Emergency,ENT Infection,Recovered
A103745,P12238,4,1,2024-12-24,2024-12-30,6,Emergency,Skin Disorder,Follow-up Required
A103746,P12560,49,10,2025-05-31,2025-06-02,2,Emergency,Cancer,Recovered
A103747,P14439,18,4,2025-05-03,2025-05-11,8,Emergency,Heart Disease,Recovered
A103748,P10715,18,4,2025-10-30,2025-11-05,6,Scheduled,Asthma,Recovered
A103749,P11710,42,9,2024-04-16,2024-04-19,3,Referral,Diabetes,Recovered
A103750,P11058,43,9,2025-10-15,2025-10-18,3,Scheduled,Hypertension,Recovered
A103751,P10471,33,7,2024-06-20,2024-06-22,2,Referral,Migraine,Recovered
A103752,P13466,42,9,2025-10-19,2025-10-29,10,Scheduled,Infection,Recovered
A103753,P10741,3,1,2025-06-02,2025-06-04,2,Scheduled,Asthma,Follow-up Required
A103754,P13567,38,8,2025-06-11,2025-06-15,4,Referral,Fracture,Recovered
A103755,P10513,17,4,2024-11-15,2024-11-17,2,Scheduled,Fracture,Follow-up Required
A103756,P13394,12,3,2024-02-06,2024-02-26,20,Scheduled,Skin Disorder,Recovered
A103757,P13286,11,3,2025-05-13,2025-05-18,5,Emergency,Heart Disease,Recovered
A103758,P13838,17,4,2025-10-26,2025-10-28,2,Emergency,Diabetes,Recovered
A103759,P12193,35,7,2024-09-21,2024-09-27,6,Referral,Asthma,Recovered
A103760,P14655,41,9,2025-11-25,2025-12-15,20,Emergency,Hypertension,Follow-up Required
A103761,P14888,50,10,2025-10-29,2025-11-03,5,Scheduled,Diabetes,Recovered
A103762,P10360,6,2,2025-10-10,2025-10-14,4,Scheduled,Fracture,Transferred
A103763,P10285,35,7,2025-02-05,2025-02-08,3,Scheduled,Skin Disorder,Recovered
A103764,P13317,6,2,2025-08-24,2025-08-25,1,Emergency,Fracture,Recovered
A103765,P13278,32,7,2024-08-05,2024-08-07,2,Emergency,ENT Infection,Recovered
A103766,P12632,11,3,2024-11-25,2024-11-30,5,Scheduled,Heart Disease,Recovered
A103767,P11758,43,9,2024-07-04,2024-07-11,7,Scheduled,Hypertension,Recovered
A103768,P12775,39,8,2025-01-15,2025-01-23,8,Emergency,Cancer,Recovered
A103769,P11523,13,3,2024-07-27,2024-08-03,7,Referral,Fracture,Follow-up Required
A103770,P11246,13,3,2025-07-16,2025-07-18,2,Scheduled,Diabetes,Recovered
A103771,P11413,39,8,2024-10-14,2024-10-21,7,Scheduled,Infection,Follow-up Required
A103772,P14839,46,10,2024-03-28,2024-04-02,5,Scheduled,Hypertension,Recovered
A103773,P11417,34,7,2024-05-15,2024-05-19,4,Emergency,Heart Disease,Recovered
A103774,P10358,3,1,2024-06-06,2024-06-11,5,Referral,ENT Infection,Recovered
A103775,P13466,32,7,2024-06-03,2024-06-04,1,Referral,Migraine,Recovered
A103776,P14136,4,1,2025-04-07,2025-04-08,1,Scheduled,Infection,Follow-up Required
A103777,P12950,40,8,2024-08-07,2024-08-11,4,Scheduled,Heart Disease,Follow-up Required
A103778,P13142,1,1,2025-04-03,2025-04-05,2,Scheduled,Fracture,Follow-up Required
A103779,P12877,9,2,2024-06-15,2024-06-20,5,Scheduled,Migraine,Recovered
A103780,P14554,49,10,2024-11-17,2024-11-20,3,Scheduled,ENT Infection,Deceased
A103781,P10197,50,10,2025-11-21,2025-12-01,10,Scheduled,Diabetes,Recovered
A103782,P11875,7,2,2025-07-15,2025-07-27,12,Emergency,Skin Disorder,Recovered
A103783,P10938,27,6,2025-05-26,2025-06-09,14,Scheduled,Infection,Deceased
A103784,P12195,3,1,2024-03-27,2024-04-06,10,Scheduled,Diabetes,Deceased
A103785,P13531,22,5,2025-06-28,2025-07-18,20,Emergency,Asthma,Recovered
A103786,P14126,16,4,2024-10-01,2024-10-07,6,Scheduled,Infection,Recovered
A103787,P10390,8,2,2024-05-20,2024-06-03,14,Scheduled,ENT Infection,Recovered
A103788,P12927,5,1,2025-12-18,2025-12-23,5,Scheduled,Fracture,Recovered
A103789,P10347,49,10,2025-09-16,2025-09-23,7,Emergency,Fracture,Follow-up Required
A103790,P12845,30,6,2024-12-18,2024-12-20,2,Scheduled,Cancer,Recovered
A103791,P10119,28,6,2024-01-05,2024-01-11,6,Scheduled,Diabetes,Recovered
A103792,P14616,27,6,2025-01-16,2025-01-28,12,Scheduled,Diabetes,Recovered
A103793,P11239,50,10,2025-12-24,2025-12-29,5,Scheduled,Diabetes,Follow-up Required
A103794,P12781,22,5,2024-11-29,2024-12-01,2,Scheduled,Diabetes,Recovered
A103795,P12128,30,6,2025-04-19,2025-04-23,4,Scheduled,Infection,Deceased
A103796,P12467,37,8,2024-01-30,2024-02-05,6,Scheduled,Fracture,Follow-up Required
A103797,P10584,7,2,2024-12-12,2024-12-19,7,Emergency,Migraine,Recovered
A103798,P12760,50,10,2025-08-16,2025-08-20,4,Scheduled,Cancer,Recovered
A103799,P11709,30,6,2025-05-07,2025-05-09,2,Scheduled,Infection,Recovered
A103800,P12705,13,3,2025-05-09,2025-05-19,10,Scheduled,Cancer,Recovered
A103801,P14838,22,5,2025-01-22,2025-01-29,7,Emergency,Migraine,Transferred
A103802,P10672,11,3,2024-09-09,2024-09-12,3,Emergency,Cancer,Recovered
A103803,P11772,5,1,2025-09-21,2025-09-28,7,Emergency,Hypertension,Follow-up Required
A103804,P11686,22,5,2024-01-30,2024-02-02,3,Emergency,Migraine,Recovered
A103805,P12078,15,3,2025-09-14,2025-09-17,3,Scheduled,ENT Infection,Recovered
A103806,P12486,39,8,2025-12-11,2025-12-19,8,Emergency,Diabetes,Recovered
A103807,P11697,37,8,2024-12-07,2024-12-15,8,Scheduled,Migraine,Follow-up Required
A103808,P13602,31,7,2024-10-13,2024-10-17,4,Referral,Diabetes,Recovered
A103809,P14159,29,6,2025-01-31,2025-02-01,1,Emergency,Asthma,Recovered
A103810,P11454,39,8,2025-05-23,2025-05-25,2,Referral,Skin Disorder,Recovered
A103811,P13207,17,4,2024-08-31,2024-09-10,10,Scheduled,Diabetes,Recovered
A103812,P14253,41,9,2024-08-08,2024-08-18,10,Referral,ENT Infection,Recovered
A103813,P12991,6,2,2024-06-04,2024-06-08,4,Emergency,Diabetes,Follow-up Required
A103814,P14873,41,9,2025-01-17,2025-01-20,3,Referral,ENT Infection,Recovered
A103815,P12302,17,4,2024-11-15,2024-11-18,3,Referral,Heart Disease,Recovered
A103816,P13259,34,7,2025-01-07,2025-01-17,10,Referral,ENT Infection,Recovered
A103817,P11351,23,5,2025-06-14,2025-06-17,3,Scheduled,Migraine,Recovered
A103818,P14102,30,6,2024-08-02,2024-08-06,4,Emergency,ENT Infection,Follow-up Required
A103819,P13950,13,3,2025-01-01,2025-01-07,6,Emergency,Skin Disorder,Follow-up Required
A103820,P11280,30,6,2024-04-23,2024-04-25,2,Referral,Heart Disease,Follow-up Required
A103821,P10821,49,10,2024-07-18,2024-07-21,3,Emergency,Skin Disorder,Follow-up Required
A103822,P11344,20,4,2024-01-25,2024-01-28,3,Emergency,Skin Disorder,Recovered
A103823,P12296,6,2,2024-04-30,2024-05-06,6,Emergency,Skin Disorder,Deceased
A103824,P10004,31,7,2025-09-02,2025-09-09,7,Scheduled,Fracture,Recovered
A103825,P12561,19,4,2024-01-03,2024-01-08,5,Scheduled,ENT Infection,Follow-up Required
A103826,P12554,6,2,2025-03-20,2025-03-22,2,Referral,Asthma,Recovered
A103827,P10031,34,7,2024-09-10,2024-09-14,4,Referral,Diabetes,Recovered
A103828,P11653,28,6,2024-01-20,2024-01-22,2,Scheduled,Hypertension,Recovered
A103829,P11299,13,3,2024-07-22,2024-07-23,1,Scheduled,Diabetes,Recovered
A103830,P14805,10,2,2024-12-22,2024-12-27,5,Scheduled,Fracture,Recovered
A103831,P10886,41,9,2024-05-07,2024-05-19,12,Emergency,Infection,Recovered
A103832,P11201,45,9,2024-12-23,2024-12-31,8,Referral,Diabetes,Recovered
A103833,P13359,7,2,2024-10-18,2024-10-25,7,Scheduled,ENT Infection,Follow-up Required
A103834,P11980,18,4,2024-06-22,2024-06-28,6,Scheduled,Hypertension,Recovered
A103835,P14844,22,5,2024-12-20,2024-12-30,10,Emergency,Heart Disease,Recovered
A103836,P14039,14,3,2024-02-06,2024-02-13,7,Scheduled,Infection,Follow-up Required
A103837,P12127,36,8,2024-11-05,2024-11-10,5,Scheduled,Heart Disease,Recovered
A103838,P12291,8,2,2025-10-22,2025-10-25,3,Emergency,Diabetes,Recovered
A103839,P13895,12,3,2025-08-26,2025-08-28,2,Referral,Hypertension,Deceased
A103840,P14597,40,8,2025-08-04,2025-08-08,4,Emergency,Heart Disease,Recovered
A103841,P10205,48,10,2024-03-24,2024-04-03,10,Scheduled,Infection,Recovered
A103842,P11484,33,7,2025-05-24,2025-05-29,5,Scheduled,Heart Disease,Recovered
A103843,P12771,24,5,2025-03-19,2025-03-21,2,Referral,Migraine,Follow-up Required
A103844,P14429,42,9,2025-02-23,2025-02-28,5,Referral,Asthma,Recovered
A103845,P12651,39,8,2024-07-23,2024-07-27,4,Referral,Migraine,Recovered
A103846,P14262,14,3,2025-05-02,2025-05-14,12,Emergency,Hypertension,Recovered
A103847,P12209,49,10,2024-03-28,2024-03-30,2,Referral,Migraine,Recovered
A103848,P10006,5,1,2024-09-08,2024-09-14,6,Emergency,Heart Disease,Recovered
A103849,P10532,19,4,2025-12-23,2025-12-29,6,Emergency,Cancer,Recovered
A103850,P12093,3,1,2024-01-31,2024-02-14,14,Emergency,Migraine,Recovered
A103851,P14553,1,1,2025-02-24,2025-03-01,5,Referral,Cancer,Recovered
A103852,P10227,40,8,2024-03-01,2024-03-09,8,Scheduled,Skin Disorder,Follow-up Required
A103853,P12100,41,9,2025-08-01,2025-08-02,1,Emergency,Diabetes,Recovered
A103854,P14567,37,8,2024-08-13,2024-08-15,2,Emergency,Fracture,Recovered
A103855,P10897,33,7,2024-11-30,2024-12-03,3,Emergency,ENT Infection,Recovered
A103856,P11321,49,10,2025-08-01,2025-08-06,5,Scheduled,Hypertension,Recovered
A103857,P12662,46,10,2025-10-01,2025-10-05,4,Emergency,ENT Infection,Recovered
A103858,P12560,17,4,2024-04-20,2024-04-22,2,Scheduled,Skin Disorder,Recovered
A103859,P11665,9,2,2025-05-05,2025-05-10,5,Scheduled,ENT Infection,Recovered
A103860,P11526,31,7,2024-09-28,2024-10-03,5,Scheduled,Cancer,Recovered
A103861,P13751,35,7,2024-02-03,2024-02-07,4,Referral,Diabetes,Follow-up Required
A103862,P13655,3,1,2024-07-30,2024-07-31,1,Emergency,Asthma,Recovered
A103863,P12568,13,3,2024-10-26,2024-11-05,10,Emergency,Migraine,Recovered
A103864,P14770,37,8,2025-01-07,2025-01-12,5,Scheduled,Migraine,Recovered
A103865,P11097,38,8,2024-05-04,2024-05-07,3,Referral,Heart Disease,Follow-up Required
A103866,P13099,14,3,2024-04-12,2024-04-18,6,Scheduled,Hypertension,Recovered
A103867,P13241,6,2,2025-12-18,2025-12-21,3,Referral,Asthma,Follow-up Required
A103868,P12823,29,6,2024-04-29,2024-05-03,4,Scheduled,Asthma,Recovered
A103869,P12928,49,10,2025-11-12,2025-11-15,3,Emergency,Migraine,Recovered
A103870,P14994,9,2,2025-06-30,2025-07-08,8,Scheduled,Skin Disorder,Recovered
A103871,P13615,36,8,2024-11-26,2024-12-16,20,Emergency,ENT Infection,Recovered
A103872,P10848,23,5,2024-11-04,2024-11-06,2,Scheduled,Skin Disorder,Recovered
A103873,P13617,15,3,2025-07-23,2025-07-24,1,Emergency,ENT Infection,Follow-up Required
A103874,P12705,50,10,2025-02-15,2025-02-17,2,Emergency,Hypertension,Recovered
A103875,P13894,47,10,2025-02-02,2025-02-07,5,Referral,Infection,Recovered
A103876,P13382,50,10,2024-11-01,2024-11-03,2,Emergency,Asthma,Recovered
A103877,P13072,7,2,2025-10-14,2025-10-21,7,Emergency,Heart Disease,Transferred
A103878,P12995,47,10,2025-09-14,2025-09-18,4,Referral,Fracture,Recovered
A103879,P14743,25,5,2024-06-11,2024-06-16,5,Scheduled,Fracture,Recovered
A103880,P14534,37,8,2025-09-14,2025-09-18,4,Scheduled,Fracture,Recovered
A103881,P11501,23,5,2025-10-25,2025-11-04,10,Referral,Infection,Recovered
A103882,P12443,11,3,2024-03-05,2024-03-06,1,Scheduled,Fracture,Follow-up Required
A103883,P11726,46,10,2025-09-09,2025-09-15,6,Emergency,ENT Infection,Recovered
A103884,P11566,8,2,2024-08-03,2024-08-09,6,Scheduled,Asthma,Recovered
A103885,P11744,36,8,2025-08-25,2025-08-30,5,Scheduled,Hypertension,Recovered
A103886,P10326,42,9,2024-01-26,2024-01-30,4,Referral,Cancer,Recovered
A103887,P14418,39,8,2025-10-30,2025-10-31,1,Emergency,Fracture,Recovered
A103888,P12231,1,1,2025-08-06,2025-08-12,6,Emergency,Heart Disease,Recovered
A103889,P12667,44,9,2024-02-13,2024-02-20,7,Emergency,Skin Disorder,Follow-up Required
A103890,P11210,13,3,2024-03-30,2024-03-31,1,Scheduled,Diabetes,Follow-up Required
A103891,P14362,16,4,2024-05-12,2024-05-16,4,Emergency,Cancer,Follow-up Required
A103892,P10842,46,10,2024-06-09,2024-06-11,2,Referral,Asthma,Follow-up Required
A103893,P14425,13,3,2025-01-14,2025-01-19,5,Referral,Asthma,Recovered
A103894,P13902,37,8,2024-09-17,2024-09-24,7,Scheduled,ENT Infection,Recovered
A103895,P13437,14,3,2025-01-17,2025-01-23,6,Referral,Asthma,Follow-up Required
A103896,P14779,13,3,2025-01-03,2025-01-06,3,Emergency,Diabetes,Recovered
A103897,P12072,46,10,2024-04-20,2024-04-22,2,Referral,Infection,Recovered
A103898,P11285,12,3,2025-11-06,2025-11-13,7,Scheduled,Cancer,Follow-up Required
A103899,P11379,28,6,2024-03-17,2024-03-20,3,Emergency,Cancer,Transferred
A103900,P12659,22,5,2024-07-27,2024-07-28,1,Emergency,ENT Infection,Recovered
A103901,P13562,20,4,2024-01-13,2024-01-18,5,Scheduled,Infection,Recovered
A103902,P11888,47,10,2025-07-23,2025-07-26,3,Scheduled,Infection,Recovered
A103903,P14013,19,4,2025-07-01,2025-07-09,8,Referral,Migraine,Recovered
A103904,P11979,11,3,2024-01-25,2024-01-27,2,Scheduled,Fracture,Follow-up Required
A103905,P14728,30,6,2025-06-29,2025-07-03,4,Scheduled,Fracture,Recovered
A103906,P14417,26,6,2024-05-19,2024-05-22,3,Emergency,Diabetes,Recovered
A103907,P14299,15,3,2024-10-01,2024-10-07,6,Scheduled,Fracture,Deceased
A103908,P13162,30,6,2025-01-04,2025-01-09,5,Scheduled,Infection,Recovered
A103909,P12225,29,6,2024-08-09,2024-08-16,7,Emergency,Diabetes,Recovered
A103910,P14723,32,7,2024-02-06,2024-02-10,4,Referral,Infection,Recovered
A103911,P12080,30,6,2024-05-08,2024-05-09,1,Scheduled,Skin Disorder,Follow-up Required
A103912,P14823,44,9,2024-11-11,2024-11-13,2,Scheduled,ENT Infection,Follow-up Required
A103913,P10954,16,4,2024-11-18,2024-12-08,20,Scheduled,Heart Disease,Recovered
A103914,P12868,36,8,2025-03-08,2025-03-12,4,Referral,Cancer,Recovered
A103915,P12291,18,4,2024-08-05,2024-08-10,5,Emergency,Migraine,Transferred
A103916,P10070,41,9,2024-09-04,2024-09-14,10,Scheduled,ENT Infection,Recovered
A103917,P11095,48,10,2024-04-20,2024-04-21,1,Emergency,ENT Infection,Recovered
A103918,P14254,39,8,2025-12-08,2025-12-14,6,Emergency,ENT Infection,Recovered
A103919,P10549,28,6,2024-05-26,2024-05-29,3,Emergency,Fracture,Recovered
A103920,P11840,19,4,2024-12-09,2024-12-12,3,Scheduled,Cancer,Recovered
A103921,P11952,11,3,2025-05-23,2025-05-25,2,Referral,ENT Infection,Transferred
A103922,P11059,17,4,2025-05-19,2025-05-26,7,Scheduled,Hypertension,Recovered
A103923,P13552,21,5,2025-07-05,2025-07-08,3,Scheduled,Infection,Follow-up Required
A103924,P12508,37,8,2024-05-13,2024-05-14,1,Referral,Skin Disorder,Follow-up Required
A103925,P13908,44,9,2025-04-08,2025-04-09,1,Scheduled,Infection,Recovered
A103926,P14982,34,7,2024-07-09,2024-07-11,2,Emergency,Skin Disorder,Transferred
A103927,P13491,33,7,2024-06-11,2024-06-21,10,Emergency,Infection,Recovered
A103928,P14607,29,6,2025-03-31,2025-04-04,4,Emergency,Diabetes,Recovered
A103929,P14464,4,1,2024-03-01,2024-03-11,10,Emergency,Migraine,Recovered
A103930,P12960,32,7,2024-01-05,2024-01-12,7,Emergency,Fracture,Recovered
A103931,P10883,11,3,2024-02-06,2024-02-14,8,Scheduled,ENT Infection,Recovered
A103932,P12626,26,6,2025-04-04,2025-04-07,3,Emergency,Cancer,Recovered
A103933,P14765,18,4,2024-08-04,2024-08-07,3,Scheduled,ENT Infection,Recovered
A103934,P12154,32,7,2025-12-28,2026-01-02,5,Scheduled,Skin Disorder,Recovered
A103935,P14762,27,6,2024-05-18,2024-05-22,4,Scheduled,Skin Disorder,Follow-up Required
A103936,P13567,16,4,2025-09-09,2025-09-13,4,Referral,Heart Disease,Follow-up Required
A103937,P10260,10,2,2024-04-08,2024-04-09,1,Referral,Heart Disease,Recovered
A103938,P11509,44,9,2025-11-10,2025-11-24,14,Scheduled,Migraine,Follow-up Required
A103939,P10313,34,7,2024-09-20,2024-09-21,1,Scheduled,Diabetes,Recovered
A103940,P12679,33,7,2025-08-21,2025-08-23,2,Scheduled,Fracture,Recovered
A103941,P11845,10,2,2025-08-18,2025-08-24,6,Scheduled,Heart Disease,Recovered
A103942,P12585,42,9,2024-08-11,2024-08-13,2,Scheduled,Asthma,Follow-up Required
A103943,P14015,26,6,2024-01-11,2024-01-13,2,Scheduled,Hypertension,Follow-up Required
A103944,P13252,42,9,2024-11-22,2024-11-24,2,Scheduled,Migraine,Recovered
A103945,P11534,25,5,2025-11-28,2025-11-29,1,Referral,Fracture,Recovered
A103946,P14770,2,1,2024-12-15,2024-12-18,3,Emergency,Hypertension,Recovered
A103947,P11424,26,6,2025-01-13,2025-01-16,3,Scheduled,Fracture,Follow-up Required
A103948,P12021,20,4,2024-08-18,2024-08-22,4,Scheduled,Infection,Transferred
A103949,P11692,3,1,2024-05-20,2024-05-24,4,Scheduled,Heart Disease,Recovered
A103950,P11729,32,7,2025-09-09,2025-09-13,4,Emergency,Migraine,Recovered
A103951,P10328,1,1,2024-02-18,2024-02-23,5,Scheduled,Cancer,Recovered
A103952,P11589,24,5,2025-03-26,2025-03-28,2,Scheduled,Heart Disease,Deceased
A103953,P13754,50,10,2025-05-05,2025-05-07,2,Scheduled,Heart Disease,Transferred
A103954,P12895,43,9,2024-07-23,2024-07-31,8,Scheduled,Cancer,Deceased
A103955,P10098,44,9,2025-02-12,2025-02-17,5,Scheduled,Heart Disease,Recovered
A103956,P14755,33,7,2025-02-10,2025-02-11,1,Scheduled,Diabetes,Recovered
A103957,P12348,38,8,2024-02-20,2024-03-05,14,Scheduled,Diabetes,Follow-up Required
A103958,P11098,48,10,2024-06-23,2024-06-29,6,Referral,Cancer,Follow-up Required
A103959,P14735,35,7,2024-09-17,2024-09-19,2,Scheduled,Asthma,Recovered
A103960,P10085,17,4,2025-04-24,2025-05-08,14,Emergency,ENT Infection,Follow-up Required
A103961,P11278,48,10,2024-08-10,2024-08-13,3,Scheduled,Heart Disease,Transferred
A103962,P12712,43,9,2024-09-25,2024-10-09,14,Emergency,ENT Infection,Follow-up Required
A103963,P10519,48,10,2024-11-13,2024-11-15,2,Scheduled,ENT Infection,Follow-up Required
A103964,P13524,44,9,2025-01-19,2025-01-21,2,Scheduled,Hypertension,Recovered
A103965,P10184,33,7,2025-08-08,2025-08-14,6,Referral,Asthma,Follow-up Required
A103966,P10973,11,3,2025-09-17,2025-09-18,1,Emergency,Skin Disorder,Recovered
A103967,P13386,23,5,2024-08-06,2024-08-07,1,Scheduled,Asthma,Recovered
A103968,P12389,38,8,2024-02-23,2024-03-01,7,Emergency,Hypertension,Recovered
A103969,P14323,32,7,2024-07-18,2024-07-20,2,Referral,Asthma,Recovered
A103970,P14933,19,4,2025-10-04,2025-10-14,10,Scheduled,Skin Disorder,Recovered
A103971,P13828,12,3,2024-12-04,2024-12-08,4,Scheduled,Asthma,Recovered
A103972,P12312,28,6,2025-12-04,2025-12-12,8,Scheduled,Heart Disease,Recovered
A103973,P12498,2,1,2025-11-21,2025-11-25,4,Emergency,Diabetes,Recovered
A103974,P13480,10,2,2024-10-31,2024-11-05,5,Referral,Cancer,Recovered
A103975,P14266,19,4,2024-09-01,2024-09-04,3,Scheduled,Diabetes,Follow-up Required
A103976,P10566,28,6,2025-09-20,2025-09-26,6,Scheduled,Infection,Recovered
A103977,P11936,47,10,2024-07-26,2024-07-29,3,Scheduled,Heart Disease,Follow-up Required
A103978,P10827,8,2,2025-12-24,2025-12-26,2,Referral,Migraine,Recovered
A103979,P14702,43,9,2025-05-25,2025-05-26,1,Emergency,Heart Disease,Recovered
A103980,P13118,23,5,2024-09-15,2024-09-16,1,Scheduled,Heart Disease,Recovered
A103981,P10350,48,10,2025-01-14,2025-01-17,3,Referral,Infection,Follow-up Required
A103982,P10099,45,9,2024-06-11,2024-06-17,6,Emergency,Infection,Recovered
A103983,P11770,30,6,2024-12-06,2024-12-08,2,Scheduled,Infection,Recovered
A103984,P11805,28,6,2025-07-29,2025-08-01,3,Scheduled,Fracture,Follow-up Required
A103985,P11061,13,3,2025-06-13,2025-06-23,10,Emergency,Cancer,Recovered
A103986,P13510,37,8,2024-02-03,2024-02-08,5,Scheduled,Skin Disorder,Recovered
A103987,P13057,12,3,2024-11-18,2024-11-28,10,Referral,Hypertension,Recovered
A103988,P14171,10,2,2024-06-29,2024-07-09,10,Scheduled,Infection,Recovered
A103989,P12106,17,4,2024-12-12,2024-12-13,1,Emergency,Cancer,Recovered
A103990,P13091,1,1,2025-12-06,2025-12-18,12,Emergency,Diabetes,Deceased
A103991,P10402,22,5,2024-07-10,2024-07-11,1,Referral,Asthma,Recovered
A103992,P10188,15,3,2025-08-01,2025-08-11,10,Emergency,Migraine,Recovered
A103993,P13985,16,4,2025-12-21,2025-12-26,5,Emergency,Fracture,Recovered
A103994,P10139,20,4,2025-11-09,2025-11-14,5,Referral,Fracture,Recovered
A103995,P10143,10,2,2024-09-02,2024-09-08,6,Referral,ENT Infection,Deceased
A103996,P14204,42,9,2024-09-01,2024-09-09,8,Scheduled,Asthma,Deceased
A103997,P10221,26,6,2025-11-08,2025-11-13,5,Emergency,Hypertension,Follow-up Required
A103998,P14241,49,10,2025-12-23,2025-12-27,4,Emergency,Hypertension,Recovered
A103999,P14606,23,5,2024-05-12,2024-05-14,2,Emergency,Fracture,Follow-up Required
A104000,P12424,17,4,2024-07-15,2024-07-22,7,Scheduled,Heart Disease,Recovered
A104001,P14101,34,7,2024-12-12,2024-12-14,2,Scheduled,Migraine,Recovered
A104002,P14029,41,9,2024-02-18,2024-02-24,6,Emergency,ENT Infection,Recovered
A104003,P10388,22,5,2024-03-04,2024-03-08,4,Emergency,ENT Infection,Recovered
A104004,P13839,4,1,2025-09-15,2025-09-18,3,Referral,Migraine,Transferred
A104005,P13032,7,2,2025-11-27,2025-12-02,5,Scheduled,Hypertension,Transferred
A104006,P10560,5,1,2024-04-13,2024-04-20,7,Scheduled,Migraine,Transferred
A104007,P11840,31,7,2024-07-31,2024-08-12,12,Emergency,Asthma,Recovered
A104008,P13235,19,4,2025-05-31,2025-06-03,3,Referral,Fracture,Recovered
A104009,P11772,4,1,2024-04-28,2024-05-10,12,Scheduled,ENT Infection,Transferred
A104010,P10365,50,10,2025-11-09,2025-11-23,14,Scheduled,Diabetes,Recovered
A104011,P10417,22,5,2024-08-29,2024-09-05,7,Referral,ENT Infection,Recovered
A104012,P11636,3,1,2024-10-06,2024-10-14,8,Emergency,Skin Disorder,Recovered
A104013,P12069,23,5,2025-02-27,2025-03-05,6,Scheduled,Skin Disorder,Recovered
A104014,P10517,4,1,2024-12-28,2024-12-29,1,Scheduled,Skin Disorder,Follow-up Required
A104015,P14032,46,10,2024-11-01,2024-11-06,5,Emergency,Skin Disorder,Recovered
A104016,P11221,24,5,2025-12-17,2025-12-23,6,Scheduled,ENT Infection,Recovered
A104017,P10661,14,3,2025-04-30,2025-05-12,12,Referral,Infection,Recovered
A104018,P13417,49,10,2024-11-09,2024-11-14,5,Emergency,Diabetes,Recovered
A104019,P10330,41,9,2025-05-27,2025-06-03,7,Scheduled,Infection,Recovered
A104020,P10378,3,1,2025-11-13,2025-11-19,6,Scheduled,Hypertension,Recovered
A104021,P13283,47,10,2024-06-15,2024-06-18,3,Scheduled,Asthma,Deceased
A104022,P10160,21,5,2025-01-28,2025-01-30,2,Scheduled,Asthma,Follow-up Required
A104023,P14754,26,6,2024-03-03,2024-03-10,7,Emergency,Migraine,Recovered
A104024,P11264,1,1,2024-09-28,2024-09-30,2,Emergency,Infection,Follow-up Required
A104025,P14175,30,6,2024-02-06,2024-02-09,3,Referral,Heart Disease,Follow-up Required
A104026,P12200,4,1,2024-01-16,2024-01-21,5,Referral,Infection,Recovered
A104027,P12565,14,3,2024-12-08,2024-12-15,7,Emergency,Asthma,Recovered
A104028,P12431,18,4,2024-12-11,2024-12-16,5,Scheduled,Heart Disease,Follow-up Required
A104029,P14789,12,3,2025-06-22,2025-06-30,8,Scheduled,Asthma,Recovered
A104030,P12038,38,8,2025-09-14,2025-09-16,2,Emergency,Hypertension,Recovered
A104031,P12400,42,9,2024-08-20,2024-08-23,3,Scheduled,Diabetes,Follow-up Required
A104032,P11225,36,8,2025-07-29,2025-08-03,5,Emergency,ENT Infection,Recovered
A104033,P11989,16,4,2025-08-31,2025-09-07,7,Referral,Fracture,Follow-up Required
A104034,P10866,1,1,2025-02-19,2025-02-24,5,Emergency,Migraine,Follow-up Required
A104035,P10391,3,1,2024-09-23,2024-09-24,1,Referral,Heart Disease,Follow-up Required
A104036,P11409,39,8,2024-11-21,2024-11-27,6,Scheduled,Fracture,Recovered
A104037,P14916,35,7,2025-03-18,2025-03-25,7,Scheduled,Diabetes,Deceased
A104038,P14031,15,3,2025-07-13,2025-07-16,3,Referral,Cancer,Recovered
A104039,P14436,38,8,2025-12-22,2025-12-23,1,Emergency,Migraine,Follow-up Required
A104040,P11555,16,4,2024-03-16,2024-03-20,4,Scheduled,Hypertension,Recovered
A104041,P14048,17,4,2024-09-03,2024-09-04,1,Scheduled,Fracture,Recovered
A104042,P10132,34,7,2025-08-02,2025-08-06,4,Scheduled,ENT Infection,Recovered
A104043,P13680,10,2,2024-11-08,2024-11-09,1,Scheduled,Diabetes,Recovered
A104044,P13077,11,3,2025-07-29,2025-07-31,2,Emergency,Skin Disorder,Recovered
A104045,P14473,28,6,2025-11-24,2025-11-27,3,Emergency,Migraine,Recovered
A104046,P14736,27,6,2025-08-14,2025-08-16,2,Scheduled,Asthma,Recovered
A104047,P11522,38,8,2024-12-08,2024-12-10,2,Emergency,Skin Disorder,Recovered
A104048,P13270,18,4,2025-12-15,2025-12-22,7,Referral,Skin Disorder,Recovered
A104049,P10441,47,10,2024-06-30,2024-07-01,1,Scheduled,Heart Disease,Recovered
A104050,P11742,48,10,2025-12-26,2026-01-01,6,Scheduled,Skin Disorder,Recovered
A104051,P11204,30,6,2025-09-23,2025-09-30,7,Emergency,Fracture,Follow-up Required
A104052,P10241,13,3,2025-02-02,2025-02-04,2,Scheduled,Hypertension,Recovered
A104053,P13392,16,4,2024-08-28,2024-08-30,2,Emergency,Cancer,Recovered
A104054,P13722,2,1,2025-12-14,2025-12-19,5,Scheduled,Diabetes,Recovered
A104055,P14119,20,4,2024-10-18,2024-10-21,3,Emergency,ENT Infection,Recovered
A104056,P11204,12,3,2024-02-23,2024-02-27,4,Scheduled,Fracture,Recovered
A104057,P11888,29,6,2024-05-24,2024-06-01,8,Scheduled,Heart Disease,Recovered
A104058,P14271,46,10,2024-12-21,2024-12-23,2,Scheduled,Skin Disorder,Recovered
A104059,P10198,8,2,2025-08-20,2025-08-25,5,Emergency,Migraine,Recovered
A104060,P13526,38,8,2025-04-21,2025-05-03,12,Emergency,Diabetes,Recovered
A104061,P14195,46,10,2024-01-22,2024-01-23,1,Emergency,Fracture,Recovered
A104062,P10745,47,10,2024-11-26,2024-11-27,1,Scheduled,Migraine,Recovered
A104063,P10453,20,4,2024-10-18,2024-10-23,5,Emergency,Asthma,Recovered
A104064,P13263,35,7,2024-08-23,2024-09-06,14,Emergency,Cancer,Follow-up Required
A104065,P13022,39,8,2024-01-29,2024-01-31,2,Emergency,Skin Disorder,Recovered
A104066,P10499,31,7,2025-11-25,2025-11-28,3,Scheduled,Skin Disorder,Follow-up Required
A104067,P13688,16,4,2024-06-08,2024-06-09,1,Scheduled,Hypertension,Transferred
A104068,P13263,23,5,2025-06-13,2025-06-16,3,Referral,Hypertension,Transferred
A104069,P10141,34,7,2025-07-03,2025-07-04,1,Scheduled,Heart Disease,Recovered
A104070,P11715,32,7,2024-04-10,2024-04-13,3,Emergency,Cancer,Recovered
A104071,P12821,17,4,2024-10-16,2024-10-21,5,Scheduled,Migraine,Recovered
A104072,P12223,43,9,2025-01-11,2025-01-25,14,Scheduled,ENT Infection,Follow-up Required
A104073,P12468,24,5,2024-06-21,2024-06-28,7,Scheduled,Asthma,Recovered
A104074,P10676,35,7,2024-12-08,2024-12-15,7,Referral,Cancer,Recovered
A104075,P13506,23,5,2025-08-01,2025-08-03,2,Scheduled,Fracture,Recovered
A104076,P13603,8,2,2024-07-09,2024-07-10,1,Scheduled,Skin Disorder,Recovered
A104077,P10918,23,5,2025-03-14,2025-03-19,5,Scheduled,ENT Infection,Follow-up Required
A104078,P11823,21,5,2025-07-08,2025-07-12,4,Scheduled,Fracture,Recovered
A104079,P13823,19,4,2025-09-26,2025-09-30,4,Scheduled,ENT Infection,Recovered
A104080,P12604,31,7,2024-12-08,2024-12-10,2,Emergency,ENT Infection,Recovered
A104081,P14804,50,10,2025-12-08,2025-12-12,4,Referral,Migraine,Recovered
A104082,P11731,7,2,2024-05-04,2024-05-06,2,Scheduled,Asthma,Recovered
A104083,P13429,48,10,2025-08-30,2025-09-03,4,Emergency,Asthma,Recovered
A104084,P14657,24,5,2025-10-30,2025-10-31,1,Referral,Cancer,Follow-up Required
A104085,P14155,46,10,2025-07-05,2025-07-13,8,Referral,Skin Disorder,Follow-up Required
A104086,P13719,8,2,2024-12-25,2024-12-26,1,Emergency,Hypertension,Recovered
A104087,P11625,13,3,2025-05-17,2025-05-29,12,Emergency,Heart Disease,Follow-up Required
A104088,P11807,3,1,2024-06-21,2024-06-29,8,Scheduled,Infection,Recovered
A104089,P14359,34,7,2025-01-28,2025-02-04,7,Emergency,Heart Disease,Recovered
A104090,P11455,13,3,2025-04-05,2025-04-19,14,Emergency,Migraine,Recovered
A104091,P10354,32,7,2025-11-15,2025-11-16,1,Referral,Fracture,Recovered
A104092,P12934,35,7,2024-04-29,2024-05-04,5,Scheduled,Migraine,Recovered
A104093,P10941,21,5,2024-09-29,2024-10-07,8,Scheduled,Heart Disease,Recovered
A104094,P13946,1,1,2024-12-23,2024-12-25,2,Scheduled,Heart Disease,Recovered
A104095,P14143,2,1,2025-01-20,2025-01-25,5,Scheduled,ENT Infection,Recovered
A104096,P14849,42,9,2024-11-14,2024-11-18,4,Referral,Cancer,Recovered
A104097,P10230,43,9,2024-09-17,2024-09-21,4,Scheduled,Heart Disease,Recovered
A104098,P13483,26,6,2024-10-07,2024-10-17,10,Scheduled,Cancer,Recovered
A104099,P14853,3,1,2024-11-24,2024-11-29,5,Scheduled,Migraine,Recovered
A104100,P14858,24,5,2024-05-03,2024-05-04,1,Referral,Hypertension,Deceased
A104101,P10238,26,6,2025-04-20,2025-05-02,12,Scheduled,Diabetes,Follow-up Required
A104102,P13773,8,2,2024-10-04,2024-10-06,2,Referral,Infection,Recovered
A104103,P14174,47,10,2024-04-02,2024-04-12,10,Emergency,Hypertension,Recovered
A104104,P12782,37,8,2025-06-30,2025-07-14,14,Emergency,Diabetes,Recovered
A104105,P12607,8,2,2024-05-07,2024-05-15,8,Emergency,Hypertension,Follow-up Required
A104106,P11985,18,4,2025-06-15,2025-06-21,6,Emergency,ENT Infection,Recovered
A104107,P13096,18,4,2024-06-15,2024-06-21,6,Emergency,Infection,Recovered
A104108,P11053,12,3,2024-08-23,2024-08-29,6,Emergency,Diabetes,Follow-up Required
A104109,P10351,36,8,2024-02-01,2024-02-05,4,Referral,ENT Infection,Recovered
A104110,P10913,40,8,2024-08-18,2024-08-21,3,Emergency,Heart Disease,Recovered
A104111,P14446,2,1,2024-07-09,2024-07-12,3,Scheduled,Infection,Follow-up Required
A104112,P11305,20,4,2025-10-18,2025-10-24,6,Referral,Hypertension,Follow-up Required
A104113,P12524,3,1,2025-09-04,2025-09-09,5,Emergency,Fracture,Recovered
A104114,P10292,40,8,2025-08-13,2025-08-18,5,Emergency,Infection,Follow-up Required
A104115,P11213,44,9,2025-05-22,2025-05-28,6,Emergency,Diabetes,Recovered
A104116,P10468,34,7,2025-04-01,2025-04-08,7,Emergency,Fracture,Recovered
A104117,P13278,49,10,2025-11-02,2025-11-08,6,Referral,Skin Disorder,Recovered
A104118,P12526,46,10,2024-09-11,2024-09-13,2,Referral,Infection,Recovered
A104119,P13576,46,10,2024-10-05,2024-10-08,3,Referral,Heart Disease,Recovered
A104120,P13200,6,2,2025-11-30,2025-12-03,3,Referral,Heart Disease,Recovered
A104121,P14326,40,8,2025-12-22,2025-12-27,5,Emergency,Fracture,Follow-up Required
A104122,P11065,10,2,2024-02-25,2024-02-26,1,Scheduled,Fracture,Recovered
A104123,P14889,24,5,2025-10-10,2025-10-17,7,Scheduled,Cancer,Recovered
A104124,P13464,18,4,2024-04-15,2024-04-17,2,Referral,Asthma,Recovered
A104125,P14920,33,7,2025-08-03,2025-08-06,3,Emergency,Asthma,Recovered
A104126,P11694,39,8,2025-12-02,2025-12-09,7,Scheduled,Cancer,Recovered
A104127,P14932,7,2,2024-07-10,2024-07-11,1,Emergency,Cancer,Recovered
A104128,P12395,45,9,2024-10-04,2024-10-10,6,Emergency,Cancer,Recovered
A104129,P12058,48,10,2025-06-27,2025-07-07,10,Scheduled,Hypertension,Recovered
A104130,P10087,44,9,2024-06-23,2024-06-28,5,Emergency,Cancer,Follow-up Required
A104131,P12593,29,6,2025-09-26,2025-10-02,6,Scheduled,Migraine,Follow-up Required
A104132,P14043,19,4,2024-03-25,2024-04-01,7,Scheduled,Heart Disease,Recovered
A104133,P12921,38,8,2025-12-28,2025-12-30,2,Emergency,Infection,Recovered
A104134,P10004,39,8,2024-08-03,2024-08-08,5,Emergency,Diabetes,Recovered
A104135,P13095,25,5,2024-01-14,2024-01-17,3,Referral,ENT Infection,Recovered
A104136,P11522,17,4,2024-02-06,2024-02-09,3,Scheduled,ENT Infection,Recovered
A104137,P12949,37,8,2024-01-27,2024-01-29,2,Scheduled,Asthma,Follow-up Required
A104138,P13858,3,1,2025-10-25,2025-10-30,5,Referral,Fracture,Recovered
A104139,P11978,24,5,2025-07-29,2025-08-05,7,Emergency,Hypertension,Transferred
A104140,P11475,18,4,2024-03-10,2024-03-18,8,Emergency,Asthma,Recovered
A104141,P11131,49,10,2024-06-02,2024-06-06,4,Emergency,Heart Disease,Recovered
A104142,P10881,26,6,2025-03-13,2025-03-16,3,Scheduled,Fracture,Transferred
A104143,P11402,21,5,2024-09-27,2024-10-03,6,Scheduled,Fracture,Recovered
A104144,P11976,11,3,2025-06-24,2025-07-01,7,Emergency,Cancer,Follow-up Required
A104145,P11751,41,9,2024-03-14,2024-03-17,3,Emergency,Infection,Recovered
A104146,P10002,17,4,2025-07-24,2025-07-27,3,Referral,Skin Disorder,Follow-up Required
A104147,P11145,45,9,2024-05-28,2024-06-02,5,Scheduled,Infection,Recovered
A104148,P11639,38,8,2025-05-20,2025-05-24,4,Referral,Skin Disorder,Recovered
A104149,P10149,21,5,2024-01-10,2024-01-16,6,Emergency,Hypertension,Recovered
A104150,P14248,4,1,2025-10-05,2025-10-09,4,Scheduled,Fracture,Recovered
A104151,P12354,32,7,2025-05-16,2025-05-18,2,Referral,Hypertension,Recovered
A104152,P12044,18,4,2024-03-02,2024-03-04,2,Referral,Asthma,Deceased
A104153,P11703,44,9,2025-01-22,2025-02-01,10,Emergency,Diabetes,Recovered
A104154,P12930,28,6,2025-12-30,2026-01-01,2,Emergency,ENT Infection,Recovered
A104155,P14571,36,8,2024-08-19,2024-08-20,1,Emergency,Skin Disorder,Recovered
A104156,P11388,37,8,2025-08-06,2025-08-12,6,Scheduled,Fracture,Follow-up Required
A104157,P14903,44,9,2025-06-11,2025-06-17,6,Scheduled,Fracture,Follow-up Required
A104158,P11664,50,10,2025-07-03,2025-07-08,5,Scheduled,Asthma,Recovered
A104159,P12081,26,6,2025-11-19,2025-11-23,4,Emergency,Migraine,Recovered
A104160,P11997,49,10,2025-03-20,2025-04-03,14,Scheduled,Asthma,Follow-up Required
A104161,P13693,24,5,2024-11-16,2024-11-18,2,Emergency,Skin Disorder,Recovered
A104162,P13231,10,2,2024-03-23,2024-03-27,4,Referral,Asthma,Recovered
A104163,P11251,38,8,2025-03-09,2025-03-14,5,Scheduled,Asthma,Recovered
A104164,P14463,49,10,2024-01-17,2024-01-18,1,Scheduled,Fracture,Recovered
A104165,P12037,8,2,2025-01-03,2025-01-07,4,Scheduled,Infection,Recovered
A104166,P10538,2,1,2025-10-29,2025-11-05,7,Emergency,Fracture,Recovered
A104167,P11555,44,9,2025-11-14,2025-11-18,4,Scheduled,Migraine,Recovered
A104168,P12153,35,7,2025-08-04,2025-08-12,8,Emergency,Fracture,Recovered
A104169,P10791,21,5,2025-08-05,2025-08-10,5,Scheduled,Skin Disorder,Recovered
A104170,P11949,27,6,2024-09-11,2024-09-18,7,Scheduled,Asthma,Recovered
A104171,P14144,23,5,2025-03-31,2025-04-07,7,Emergency,ENT Infection,Recovered
A104172,P14756,32,7,2025-10-04,2025-10-10,6,Scheduled,Asthma,Recovered
A104173,P11436,26,6,2025-07-14,2025-07-20,6,Emergency,Migraine,Recovered
A104174,P13250,7,2,2025-06-16,2025-06-22,6,Emergency,Skin Disorder,Recovered
A104175,P12849,33,7,2025-01-26,2025-01-31,5,Referral,Migraine,Recovered
A104176,P10114,17,4,2024-11-15,2024-11-20,5,Scheduled,Cancer,Recovered
A104177,P12344,8,2,2024-08-07,2024-08-09,2,Scheduled,Asthma,Follow-up Required
A104178,P14534,42,9,2025-11-29,2025-12-06,7,Scheduled,Asthma,Recovered
A104179,P10162,17,4,2025-02-17,2025-02-20,3,Scheduled,Heart Disease,Transferred
A104180,P13913,48,10,2024-02-01,2024-02-06,5,Scheduled,Skin Disorder,Recovered
A104181,P10504,42,9,2025-12-15,2025-12-18,3,Emergency,ENT Infection,Recovered
A104182,P12635,47,10,2024-01-16,2024-01-22,6,Scheduled,Heart Disease,Recovered
A104183,P12506,48,10,2025-02-12,2025-02-26,14,Scheduled,Skin Disorder,Transferred
A104184,P11395,18,4,2024-06-21,2024-06-28,7,Referral,Diabetes,Recovered
A104185,P11510,36,8,2025-10-10,2025-10-15,5,Emergency,Cancer,Recovered
A104186,P12320,39,8,2024-06-27,2024-07-02,5,Emergency,Infection,Recovered
A104187,P13251,44,9,2025-07-26,2025-07-30,4,Referral,Heart Disease,Recovered
A104188,P10480,23,5,2025-05-11,2025-05-13,2,Scheduled,Infection,Recovered
A104189,P14255,12,3,2024-04-13,2024-04-16,3,Referral,Cancer,Recovered
A104190,P10755,23,5,2024-11-12,2024-11-16,4,Scheduled,Fracture,Recovered
A104191,P14000,33,7,2025-12-07,2025-12-19,12,Scheduled,Skin Disorder,Follow-up Required
A104192,P11837,28,6,2025-08-10,2025-08-14,4,Emergency,Cancer,Recovered
A104193,P10204,44,9,2024-06-29,2024-07-04,5,Emergency,ENT Infection,Recovered
A104194,P12843,23,5,2024-05-11,2024-05-21,10,Scheduled,Diabetes,Deceased
A104195,P13350,7,2,2025-10-24,2025-10-28,4,Emergency,Asthma,Recovered
A104196,P13215,47,10,2024-06-03,2024-06-06,3,Scheduled,Hypertension,Recovered
A104197,P13592,2,1,2024-12-24,2024-12-27,3,Referral,Hypertension,Recovered
A104198,P14608,1,1,2024-08-22,2024-08-25,3,Emergency,ENT Infection,Recovered
A104199,P14212,4,1,2024-06-13,2024-06-19,6,Emergency,Hypertension,Recovered
A104200,P10392,8,2,2025-12-17,2025-12-20,3,Referral,Infection,Recovered
A104201,P13415,49,10,2025-03-02,2025-03-08,6,Emergency,Infection,Recovered
A104202,P13445,29,6,2025-11-07,2025-11-15,8,Scheduled,Hypertension,Follow-up Required
A104203,P12774,18,4,2025-05-02,2025-05-05,3,Referral,Migraine,Follow-up Required
A104204,P12417,37,8,2024-07-31,2024-08-02,2,Emergency,Migraine,Follow-up Required
A104205,P11239,31,7,2024-06-05,2024-06-10,5,Referral,Asthma,Transferred
A104206,P12949,6,2,2025-11-19,2025-11-22,3,Scheduled,Fracture,Follow-up Required
A104207,P10741,44,9,2024-03-15,2024-03-20,5,Emergency,Diabetes,Recovered
A104208,P13884,24,5,2025-03-10,2025-03-15,5,Referral,Fracture,Recovered
A104209,P14133,48,10,2024-06-26,2024-06-30,4,Scheduled,Migraine,Recovered
A104210,P12844,41,9,2025-10-06,2025-10-16,10,Scheduled,Heart Disease,Recovered
A104211,P11536,15,3,2025-09-28,2025-10-02,4,Scheduled,Diabetes,Recovered
A104212,P10369,40,8,2024-11-07,2024-11-10,3,Emergency,Asthma,Recovered
A104213,P12272,12,3,2024-05-06,2024-05-14,8,Emergency,ENT Infection,Follow-up Required
A104214,P11958,46,10,2025-01-11,2025-01-13,2,Emergency,Fracture,Recovered
A104215,P14910,49,10,2024-12-10,2024-12-12,2,Emergency,Infection,Recovered
A104216,P11099,14,3,2024-08-12,2024-08-24,12,Emergency,Asthma,Recovered
A104217,P12772,27,6,2024-01-17,2024-01-19,2,Emergency,Cancer,Recovered
A104218,P11392,37,8,2025-05-11,2025-05-13,2,Emergency,Migraine,Recovered
A104219,P11648,13,3,2025-04-17,2025-04-22,5,Emergency,Asthma,Deceased
A104220,P12032,38,8,2024-11-06,2024-11-07,1,Scheduled,Skin Disorder,Transferred
A104221,P11679,46,10,2024-05-16,2024-05-21,5,Emergency,Migraine,Recovered
A104222,P12147,38,8,2025-04-19,2025-04-23,4,Scheduled,Skin Disorder,Transferred
A104223,P12825,3,1,2024-08-04,2024-08-09,5,Scheduled,Heart Disease,Recovered
A104224,P13297,16,4,2024-07-14,2024-07-17,3,Referral,Skin Disorder,Recovered
A104225,P14171,12,3,2024-07-19,2024-07-29,10,Scheduled,Diabetes,Recovered
A104226,P13782,14,3,2024-12-31,2025-01-03,3,Referral,Cancer,Follow-up Required
A104227,P12232,34,7,2025-12-19,2025-12-24,5,Scheduled,Hypertension,Recovered
A104228,P13365,50,10,2025-06-11,2025-06-23,12,Emergency,Skin Disorder,Recovered
A104229,P13129,31,7,2025-02-03,2025-02-07,4,Scheduled,Infection,Recovered
A104230,P11273,39,8,2025-06-08,2025-06-10,2,Scheduled,ENT Infection,Recovered
A104231,P11980,5,1,2025-08-12,2025-08-13,1,Scheduled,Hypertension,Recovered
A104232,P13698,12,3,2024-08-01,2024-08-15,14,Scheduled,Hypertension,Follow-up Required
A104233,P12188,26,6,2024-12-06,2024-12-13,7,Scheduled,Cancer,Recovered
A104234,P12407,17,4,2024-11-24,2024-12-04,10,Emergency,Skin Disorder,Deceased
A104235,P11577,44,9,2024-04-28,2024-05-04,6,Referral,Diabetes,Deceased
A104236,P13480,11,3,2025-02-28,2025-03-03,3,Scheduled,Heart Disease,Recovered
A104237,P13546,33,7,2025-11-23,2025-11-25,2,Scheduled,Diabetes,Recovered
A104238,P11470,41,9,2025-01-07,2025-01-17,10,Referral,Hypertension,Recovered
A104239,P10980,40,8,2025-10-10,2025-10-14,4,Scheduled,Diabetes,Recovered
A104240,P11256,46,10,2024-06-27,2024-07-01,4,Scheduled,Cancer,Recovered
A104241,P13689,4,1,2025-03-07,2025-03-12,5,Referral,Diabetes,Recovered
A104242,P11642,32,7,2025-12-20,2025-12-22,2,Scheduled,Skin Disorder,Follow-up Required
A104243,P10300,31,7,2025-02-05,2025-02-08,3,Scheduled,Hypertension,Recovered
A104244,P14522,11,3,2025-01-28,2025-02-02,5,Referral,Asthma,Recovered
A104245,P13043,17,4,2025-07-19,2025-07-21,2,Emergency,Asthma,Recovered
A104246,P10401,27,6,2024-03-19,2024-03-21,2,Scheduled,Asthma,Transferred
A104247,P11281,8,2,2025-02-27,2025-03-03,4,Emergency,Infection,Recovered
A104248,P14837,21,5,2024-04-27,2024-05-02,5,Scheduled,Hypertension,Recovered
A104249,P10862,33,7,2025-01-02,2025-01-04,2,Emergency,Skin Disorder,Recovered
A104250,P14590,50,10,2024-04-15,2024-04-16,1,Scheduled,Migraine,Recovered
A104251,P12574,5,1,2024-04-14,2024-04-26,12,Emergency,Cancer,Follow-up Required
A104252,P12785,32,7,2024-10-29,2024-10-30,1,Emergency,Diabetes,Recovered
A104253,P14186,25,5,2025-09-21,2025-09-22,1,Referral,Migraine,Recovered
A104254,P14160,8,2,2024-05-27,2024-05-30,3,Emergency,Infection,Follow-up Required
A104255,P11112,27,6,2024-05-29,2024-05-31,2,Emergency,Heart Disease,Recovered
A104256,P11057,26,6,2024-09-12,2024-09-17,5,Emergency,Infection,Follow-up Required
A104257,P11096,40,8,2024-03-22,2024-04-01,10,Scheduled,Infection,Follow-up Required
A104258,P12301,29,6,2024-01-16,2024-01-20,4,Scheduled,ENT Infection,Follow-up Required
A104259,P13992,9,2,2024-07-11,2024-07-18,7,Referral,Diabetes,Transferred
A104260,P10514,18,4,2025-12-23,2026-01-02,10,Emergency,Cancer,Recovered
A104261,P14232,7,2,2024-03-14,2024-03-16,2,Scheduled,Skin Disorder,Recovered
A104262,P12677,42,9,2024-10-03,2024-10-07,4,Scheduled,Asthma,Recovered
A104263,P10121,21,5,2024-03-01,2024-03-06,5,Scheduled,Asthma,Recovered
A104264,P11502,16,4,2025-06-19,2025-06-22,3,Scheduled,Cancer,Recovered
A104265,P12848,3,1,2025-06-18,2025-06-24,6,Scheduled,Migraine,Follow-up Required
A104266,P14920,32,7,2024-12-08,2024-12-14,6,Emergency,Hypertension,Recovered
A104267,P11118,10,2,2025-01-29,2025-02-02,4,Emergency,ENT Infection,Recovered
A104268,P10505,32,7,2024-09-14,2024-09-15,1,Scheduled,Skin Disorder,Recovered
A104269,P12992,8,2,2024-07-16,2024-07-17,1,Scheduled,Heart Disease,Follow-up Required
A104270,P11624,32,7,2024-02-22,2024-02-25,3,Scheduled,Infection,Recovered
A104271,P12239,50,10,2025-10-12,2025-10-13,1,Scheduled,Asthma,Recovered
A104272,P12434,4,1,2024-09-27,2024-10-04,7,Scheduled,Fracture,Recovered
A104273,P10803,29,6,2024-07-19,2024-07-22,3,Scheduled,Infection,Recovered
A104274,P14374,12,3,2025-01-30,2025-02-05,6,Emergency,Skin Disorder,Deceased
A104275,P11472,37,8,2025-01-12,2025-01-15,3,Scheduled,Fracture,Deceased
A104276,P10827,36,8,2025-11-06,2025-11-13,7,Emergency,Asthma,Recovered
A104277,P11429,19,4,2025-08-26,2025-09-03,8,Scheduled,Heart Disease,Recovered
A104278,P12444,37,8,2025-06-18,2025-06-26,8,Scheduled,Heart Disease,Follow-up Required
A104279,P14875,47,10,2024-03-28,2024-04-01,4,Scheduled,Infection,Recovered
A104280,P14307,31,7,2025-02-01,2025-02-02,1,Scheduled,Skin Disorder,Recovered
A104281,P14986,44,9,2024-06-30,2024-07-03,3,Emergency,Migraine,Recovered
A104282,P13782,26,6,2024-10-09,2024-10-13,4,Emergency,Heart Disease,Recovered
A104283,P12026,45,9,2025-06-16,2025-06-30,14,Emergency,Asthma,Transferred
A104284,P12318,6,2,2025-07-14,2025-07-19,5,Emergency,Cancer,Recovered
A104285,P11007,29,6,2024-07-08,2024-07-13,5,Scheduled,Fracture,Follow-up Required
A104286,P11638,17,4,2024-07-23,2024-07-30,7,Referral,Infection,Recovered
A104287,P10845,20,4,2024-02-13,2024-02-18,5,Emergency,Infection,Recovered
A104288,P14494,42,9,2024-10-26,2024-10-31,5,Emergency,Migraine,Recovered
A104289,P13288,46,10,2025-10-01,2025-10-04,3,Referral,ENT Infection,Follow-up Required
A104290,P13504,47,10,2025-12-01,2025-12-02,1,Scheduled,Diabetes,Recovered
A104291,P12862,10,2,2025-11-12,2025-11-18,6,Scheduled,Fracture,Recovered
A104292,P10639,6,2,2024-10-05,2024-10-13,8,Referral,Migraine,Recovered
A104293,P10493,48,10,2025-12-13,2025-12-17,4,Scheduled,Heart Disease,Recovered
A104294,P12999,32,7,2025-01-19,2025-01-24,5,Scheduled,Fracture,Recovered
A104295,P13658,2,1,2025-09-28,2025-10-01,3,Scheduled,Migraine,Follow-up Required
A104296,P12176,10,2,2024-11-06,2024-11-10,4,Emergency,Hypertension,Recovered
A104297,P11486,37,8,2025-06-11,2025-06-13,2,Scheduled,Heart Disease,Follow-up Required
A104298,P14544,27,6,2024-09-30,2024-10-07,7,Emergency,Skin Disorder,Recovered
A104299,P10559,41,9,2025-04-26,2025-04-30,4,Scheduled,Skin Disorder,Recovered
A104300,P13749,19,4,2025-03-26,2025-03-31,5,Emergency,Skin Disorder,Recovered
A104301,P10970,41,9,2025-06-15,2025-06-16,1,Scheduled,Skin Disorder,Follow-up Required
A104302,P14010,16,4,2025-06-14,2025-06-19,5,Scheduled,Skin Disorder,Follow-up Required
A104303,P10086,20,4,2025-06-08,2025-06-10,2,Emergency,Fracture,Recovered
A104304,P14973,36,8,2024-01-17,2024-01-20,3,Emergency,Infection,Follow-up Required
A104305,P13129,5,1,2025-12-18,2025-12-22,4,Scheduled,Hypertension,Recovered
A104306,P14302,18,4,2024-01-30,2024-02-03,4,Scheduled,Migraine,Recovered
A104307,P12196,8,2,2025-04-14,2025-04-16,2,Referral,Diabetes,Recovered
A104308,P14887,13,3,2024-10-30,2024-11-07,8,Referral,ENT Infection,Recovered
A104309,P14054,41,9,2025-07-08,2025-07-12,4,Emergency,Fracture,Recovered
A104310,P10947,10,2,2024-04-02,2024-04-07,5,Scheduled,Skin Disorder,Recovered
A104311,P13209,36,8,2025-07-31,2025-08-05,5,Scheduled,Migraine,Recovered
A104312,P11994,19,4,2025-09-22,2025-09-27,5,Scheduled,Diabetes,Recovered
A104313,P13441,31,7,2025-08-06,2025-08-11,5,Referral,Hypertension,Recovered
A104314,P11546,36,8,2024-06-10,2024-06-17,7,Scheduled,Diabetes,Follow-up Required
A104315,P14653,29,6,2024-11-23,2024-11-30,7,Scheduled,ENT Infection,Recovered
A104316,P13508,45,9,2025-12-30,2026-01-03,4,Scheduled,Hypertension,Recovered
A104317,P10030,23,5,2024-09-10,2024-09-15,5,Emergency,Heart Disease,Transferred
A104318,P11472,32,7,2025-03-15,2025-03-17,2,Scheduled,Cancer,Follow-up Required
A104319,P11410,49,10,2025-07-24,2025-07-25,1,Emergency,Infection,Transferred
A104320,P13761,11,3,2025-06-27,2025-07-01,4,Emergency,Hypertension,Recovered
A104321,P13680,2,1,2024-04-29,2024-05-09,10,Emergency,ENT Infection,Recovered
A104322,P10529,32,7,2025-05-28,2025-06-02,5,Scheduled,Heart Disease,Recovered
A104323,P10126,5,1,2025-09-21,2025-09-27,6,Referral,Infection,Recovered
A104324,P14909,31,7,2025-07-02,2025-07-04,2,Emergency,Migraine,Recovered
A104325,P13857,13,3,2024-04-06,2024-04-10,4,Scheduled,Asthma,Recovered
A104326,P13259,22,5,2025-01-04,2025-01-08,4,Emergency,Migraine,Recovered
A104327,P10654,35,7,2025-02-20,2025-02-27,7,Emergency,Cancer,Follow-up Required
A104328,P14234,19,4,2024-09-13,2024-09-15,2,Referral,Hypertension,Recovered
A104329,P10741,29,6,2024-05-07,2024-05-12,5,Emergency,Infection,Follow-up Required
A104330,P12262,23,5,2024-12-24,2025-01-03,10,Emergency,Skin Disorder,Transferred
A104331,P10291,19,4,2024-06-04,2024-06-14,10,Emergency,Skin Disorder,Follow-up Required
A104332,P12992,16,4,2025-10-18,2025-10-26,8,Emergency,Heart Disease,Recovered
A104333,P13642,31,7,2024-02-26,2024-02-29,3,Scheduled,Fracture,Recovered
A104334,P12578,16,4,2025-08-04,2025-08-16,12,Emergency,Fracture,Recovered
A104335,P12740,26,6,2025-07-09,2025-07-16,7,Scheduled,Cancer,Recovered
A104336,P11694,3,1,2025-12-24,2026-01-01,8,Scheduled,Infection,Follow-up Required
A104337,P14645,23,5,2025-11-17,2025-11-29,12,Scheduled,Cancer,Recovered
A104338,P11320,9,2,2025-10-14,2025-10-26,12,Referral,Migraine,Follow-up Required
A104339,P12822,24,5,2024-03-16,2024-03-19,3,Emergency,Heart Disease,Follow-up Required
A104340,P13663,33,7,2024-06-06,2024-06-08,2,Scheduled,Skin Disorder,Recovered
A104341,P13230,14,3,2024-03-25,2024-03-31,6,Scheduled,Skin Disorder,Recovered
A104342,P11396,28,6,2024-11-17,2024-11-22,5,Emergency,ENT Infection,Recovered
A104343,P12968,24,5,2024-11-04,2024-11-07,3,Referral,ENT Infection,Recovered
A104344,P13962,43,9,2025-06-13,2025-06-19,6,Scheduled,Diabetes,Recovered
A104345,P12615,50,10,2024-10-10,2024-10-11,1,Emergency,Cancer,Follow-up Required
A104346,P11545,7,2,2024-02-11,2024-02-12,1,Emergency,Heart Disease,Recovered
A104347,P13902,38,8,2024-05-13,2024-05-16,3,Emergency,Skin Disorder,Recovered
A104348,P14498,44,9,2025-09-05,2025-09-07,2,Referral,Diabetes,Recovered
A104349,P11781,25,5,2025-10-10,2025-10-16,6,Scheduled,Skin Disorder,Recovered
A104350,P12151,2,1,2025-02-07,2025-02-19,12,Scheduled,Diabetes,Follow-up Required
A104351,P14883,45,9,2025-05-07,2025-05-13,6,Emergency,Infection,Follow-up Required
A104352,P14469,1,1,2024-08-09,2024-08-15,6,Scheduled,Infection,Recovered
A104353,P14434,23,5,2024-08-16,2024-08-17,1,Referral,Cancer,Deceased
A104354,P11057,47,10,2025-03-27,2025-03-31,4,Scheduled,Fracture,Recovered
A104355,P11446,40,8,2024-11-01,2024-11-08,7,Emergency,Fracture,Recovered
A104356,P11969,18,4,2024-04-28,2024-05-04,6,Emergency,Cancer,Recovered
A104357,P11097,47,10,2025-09-02,2025-09-04,2,Emergency,Asthma,Recovered
A104358,P11882,8,2,2024-11-19,2024-11-27,8,Emergency,Asthma,Recovered
A104359,P11205,34,7,2024-06-07,2024-06-21,14,Scheduled,ENT Infection,Follow-up Required
A104360,P11921,43,9,2024-08-26,2024-08-29,3,Emergency,Migraine,Recovered
A104361,P13584,8,2,2025-01-30,2025-02-01,2,Referral,ENT Infection,Follow-up Required
A104362,P13140,29,6,2024-11-15,2024-11-18,3,Scheduled,Heart Disease,Recovered
A104363,P13975,13,3,2024-07-07,2024-07-08,1,Scheduled,Diabetes,Transferred
A104364,P13420,1,1,2024-11-04,2024-11-12,8,Scheduled,Cancer,Follow-up Required
A104365,P12039,29,6,2024-09-05,2024-09-15,10,Emergency,Hypertension,Recovered
A104366,P11733,50,10,2025-06-21,2025-06-26,5,Emergency,Hypertension,Recovered
A104367,P10032,37,8,2025-12-01,2025-12-08,7,Referral,Migraine,Follow-up Required
A104368,P11969,1,1,2025-05-20,2025-05-26,6,Scheduled,Migraine,Recovered
A104369,P12975,44,9,2025-01-28,2025-01-31,3,Emergency,Diabetes,Recovered
A104370,P13331,5,1,2025-10-13,2025-10-18,5,Emergency,ENT Infection,Follow-up Required
A104371,P13569,48,10,2025-02-09,2025-02-17,8,Emergency,Infection,Deceased
A104372,P12926,50,10,2024-06-29,2024-07-06,7,Emergency,Hypertension,Follow-up Required
A104373,P12223,2,1,2024-01-21,2024-01-22,1,Emergency,Fracture,Follow-up Required
A104374,P13439,47,10,2025-11-05,2025-11-09,4,Emergency,Fracture,Recovered
A104375,P10015,22,5,2025-08-05,2025-08-09,4,Scheduled,Diabetes,Recovered
A104376,P13123,30,6,2025-08-16,2025-08-23,7,Referral,Heart Disease,Recovered
A104377,P10107,11,3,2024-06-03,2024-06-07,4,Emergency,Diabetes,Recovered
A104378,P13794,29,6,2025-07-12,2025-07-15,3,Scheduled,Asthma,Recovered
A104379,P14565,42,9,2024-07-12,2024-07-18,6,Emergency,Diabetes,Follow-up Required
A104380,P10202,3,1,2024-08-11,2024-08-15,4,Emergency,Infection,Recovered
A104381,P11795,45,9,2025-02-02,2025-02-05,3,Scheduled,Asthma,Recovered
A104382,P11409,13,3,2024-10-06,2024-10-16,10,Referral,ENT Infection,Recovered
A104383,P10917,3,1,2024-01-10,2024-01-12,2,Emergency,Diabetes,Recovered
A104384,P14432,10,2,2025-01-10,2025-01-11,1,Scheduled,Heart Disease,Recovered
A104385,P11685,4,1,2025-04-16,2025-04-18,2,Referral,Cancer,Follow-up Required
A104386,P13167,14,3,2024-05-31,2024-06-02,2,Scheduled,Hypertension,Recovered
A104387,P10065,23,5,2025-09-07,2025-09-12,5,Emergency,Skin Disorder,Follow-up Required
A104388,P14649,17,4,2024-05-03,2024-05-08,5,Emergency,Diabetes,Recovered
A104389,P14320,1,1,2025-11-27,2025-12-01,4,Referral,Cancer,Recovered
A104390,P13651,15,3,2025-07-06,2025-07-08,2,Emergency,Cancer,Recovered
A104391,P12016,2,1,2025-02-27,2025-03-01,2,Scheduled,Cancer,Recovered
A104392,P11322,18,4,2025-06-06,2025-06-10,4,Scheduled,Fracture,Recovered
A104393,P14025,39,8,2025-12-30,2026-01-04,5,Scheduled,Diabetes,Follow-up Required
A104394,P10613,22,5,2025-05-27,2025-05-30,3,Emergency,Diabetes,Follow-up Required
A104395,P10652,28,6,2024-06-19,2024-06-21,2,Scheduled,Infection,Transferred
A104396,P14814,30,6,2025-07-18,2025-07-19,1,Emergency,Hypertension,Follow-up Required
A104397,P11388,13,3,2024-05-04,2024-05-05,1,Scheduled,Diabetes,Deceased
A104398,P12867,3,1,2024-06-23,2024-06-25,2,Scheduled,Heart Disease,Recovered
A104399,P12121,3,1,2025-05-18,2025-05-24,6,Emergency,Infection,Recovered
A104400,P14764,45,9,2025-01-19,2025-01-22,3,Scheduled,Cancer,Recovered
A104401,P13196,26,6,2025-12-11,2025-12-12,1,Referral,Fracture,Recovered
A104402,P14110,4,1,2025-11-14,2025-11-18,4,Referral,Fracture,Recovered
A104403,P13829,16,4,2025-07-24,2025-07-29,5,Emergency,ENT Infection,Follow-up Required
A104404,P13129,28,6,2024-04-15,2024-04-19,4,Scheduled,Hypertension,Recovered
A104405,P14867,8,2,2025-09-28,2025-09-30,2,Scheduled,Hypertension,Recovered
A104406,P13106,40,8,2025-06-11,2025-06-18,7,Scheduled,Infection,Follow-up Required
A104407,P10538,16,4,2024-02-07,2024-02-13,6,Scheduled,Skin Disorder,Recovered
A104408,P12419,31,7,2025-01-29,2025-02-02,4,Referral,Diabetes,Recovered
A104409,P12208,23,5,2025-04-21,2025-04-24,3,Emergency,Skin Disorder,Recovered
A104410,P13178,2,1,2025-04-11,2025-04-13,2,Scheduled,Infection,Recovered
A104411,P12323,9,2,2025-12-22,2025-12-29,7,Emergency,Cancer,Recovered
A104412,P12038,27,6,2025-05-19,2025-05-24,5,Referral,Migraine,Follow-up Required
A104413,P14354,45,9,2024-11-10,2024-11-11,1,Scheduled,Hypertension,Follow-up Required
A104414,P10963,22,5,2024-10-11,2024-10-14,3,Scheduled,Cancer,Recovered
A104415,P11244,44,9,2025-04-08,2025-04-18,10,Referral,ENT Infection,Recovered
A104416,P10533,34,7,2025-11-10,2025-11-14,4,Scheduled,Heart Disease,Recovered
A104417,P11870,9,2,2024-09-20,2024-09-23,3,Scheduled,Migraine,Follow-up Required
A104418,P13131,33,7,2025-09-01,2025-09-06,5,Referral,Infection,Recovered
A104419,P11654,38,8,2025-10-07,2025-10-09,2,Emergency,Infection,Recovered
A104420,P10113,34,7,2025-03-04,2025-03-08,4,Referral,Infection,Follow-up Required
A104421,P11300,35,7,2024-12-30,2025-01-05,6,Emergency,Diabetes,Follow-up Required
A104422,P12305,47,10,2024-06-29,2024-07-07,8,Scheduled,Diabetes,Follow-up Required
A104423,P14425,26,6,2025-10-22,2025-10-28,6,Emergency,Heart Disease,Recovered
A104424,P13307,7,2,2024-08-31,2024-09-03,3,Emergency,Asthma,Recovered
A104425,P14147,45,9,2024-11-08,2024-11-15,7,Scheduled,ENT Infection,Recovered
A104426,P11702,48,10,2024-03-16,2024-03-26,10,Emergency,Diabetes,Recovered
A104427,P13815,45,9,2024-09-18,2024-09-22,4,Referral,Infection,Recovered
A104428,P10221,27,6,2024-08-18,2024-08-19,1,Emergency,Skin Disorder,Follow-up Required
A104429,P12831,12,3,2025-12-03,2025-12-11,8,Emergency,Skin Disorder,Recovered
A104430,P12644,17,4,2025-01-14,2025-01-16,2,Referral,Diabetes,Recovered
A104431,P13881,21,5,2025-10-07,2025-10-09,2,Scheduled,Cancer,Follow-up Required
A104432,P14318,43,9,2024-11-04,2024-11-07,3,Scheduled,Cancer,Follow-up Required
A104433,P13782,22,5,2025-01-22,2025-01-25,3,Emergency,Cancer,Recovered
A104434,P11959,26,6,2024-11-20,2024-11-27,7,Scheduled,Diabetes,Recovered
A104435,P11297,39,8,2025-03-31,2025-04-03,3,Scheduled,Heart Disease,Follow-up Required
A104436,P11033,13,3,2025-05-26,2025-05-27,1,Referral,Fracture,Recovered
A104437,P14323,42,9,2024-12-08,2024-12-13,5,Scheduled,Asthma,Recovered
A104438,P12606,42,9,2025-05-30,2025-06-05,6,Referral,Diabetes,Follow-up Required
A104439,P13184,45,9,2025-03-17,2025-03-24,7,Scheduled,Migraine,Recovered
A104440,P14951,23,5,2025-07-02,2025-07-06,4,Scheduled,Skin Disorder,Deceased
A104441,P13229,30,6,2025-08-05,2025-08-06,1,Scheduled,Asthma,Recovered
A104442,P11476,17,4,2024-09-18,2024-09-23,5,Scheduled,Cancer,Recovered
A104443,P12366,27,6,2025-04-07,2025-04-09,2,Emergency,Diabetes,Recovered
A104444,P12408,20,4,2025-11-20,2025-11-21,1,Emergency,Fracture,Recovered
A104445,P10936,7,2,2025-08-30,2025-09-06,7,Emergency,Asthma,Recovered
A104446,P12968,4,1,2024-08-14,2024-08-18,4,Scheduled,Fracture,Recovered
A104447,P12950,49,10,2025-06-06,2025-06-10,4,Scheduled,Skin Disorder,Recovered
A104448,P12246,31,7,2024-07-07,2024-07-13,6,Scheduled,Diabetes,Follow-up Required
A104449,P12638,30,6,2024-07-27,2024-07-31,4,Referral,Infection,Recovered
A104450,P14338,31,7,2024-01-13,2024-01-14,1,Scheduled,Skin Disorder,Recovered
A104451,P13951,4,1,2024-06-10,2024-06-13,3,Emergency,Diabetes,Recovered
A104452,P12659,18,4,2025-07-25,2025-07-27,2,Emergency,Asthma,Follow-up Required
A104453,P11815,20,4,2025-05-07,2025-05-21,14,Emergency,Diabetes,Transferred
A104454,P13284,40,8,2025-03-10,2025-03-16,6,Emergency,Migraine,Recovered
A104455,P11297,40,8,2024-01-05,2024-01-09,4,Emergency,Cancer,Follow-up Required
A104456,P13156,48,10,2024-07-20,2024-07-21,1,Scheduled,Heart Disease,Recovered
A104457,P11648,47,10,2025-02-19,2025-02-21,2,Emergency,Migraine,Recovered
A104458,P10360,50,10,2024-01-12,2024-01-19,7,Emergency,Heart Disease,Recovered
A104459,P13453,23,5,2025-01-31,2025-02-12,12,Referral,Heart Disease,Follow-up Required
A104460,P13612,38,8,2024-12-06,2024-12-07,1,Referral,Hypertension,Recovered
A104461,P11165,9,2,2025-01-07,2025-01-17,10,Scheduled,Diabetes,Transferred
A104462,P13245,16,4,2025-01-12,2025-01-15,3,Emergency,Infection,Deceased
A104463,P14026,21,5,2024-08-12,2024-08-14,2,Referral,Fracture,Recovered
A104464,P13701,9,2,2024-06-30,2024-07-02,2,Scheduled,Hypertension,Recovered
A104465,P10503,25,5,2024-10-23,2024-10-30,7,Emergency,Fracture,Recovered
A104466,P14205,49,10,2024-11-02,2024-11-06,4,Scheduled,Skin Disorder,Follow-up Required
A104467,P14839,36,8,2025-03-06,2025-03-14,8,Emergency,Cancer,Recovered
A104468,P11344,47,10,2025-11-20,2025-11-22,2,Referral,Asthma,Recovered
A104469,P13380,43,9,2024-04-27,2024-05-03,6,Referral,Asthma,Recovered
A104470,P13813,14,3,2024-12-17,2024-12-19,2,Emergency,Diabetes,Recovered
A104471,P10811,17,4,2025-08-10,2025-08-11,1,Scheduled,Migraine,Transferred
A104472,P10786,28,6,2024-02-15,2024-02-17,2,Scheduled,Skin Disorder,Recovered
A104473,P10228,45,9,2024-08-14,2024-08-21,7,Referral,Cancer,Recovered
A104474,P14948,41,9,2024-12-21,2024-12-27,6,Scheduled,Fracture,Recovered
A104475,P10828,48,10,2024-10-20,2024-10-22,2,Emergency,Infection,Recovered
A104476,P10379,8,2,2024-08-27,2024-08-30,3,Emergency,Skin Disorder,Recovered
A104477,P13812,14,3,2024-12-13,2024-12-20,7,Emergency,Migraine,Recovered
A104478,P12026,15,3,2024-05-20,2024-05-23,3,Referral,Diabetes,Recovered
A104479,P13365,39,8,2024-07-22,2024-08-01,10,Referral,Diabetes,Recovered
A104480,P13377,25,5,2025-10-23,2025-11-02,10,Emergency,Cancer,Recovered
A104481,P12339,11,3,2025-10-03,2025-10-08,5,Emergency,Cancer,Recovered
A104482,P11129,29,6,2024-09-25,2024-09-30,5,Scheduled,Cancer,Follow-up Required
A104483,P10291,3,1,2024-11-08,2024-11-14,6,Scheduled,Migraine,Recovered
A104484,P13549,39,8,2025-02-21,2025-02-24,3,Emergency,Diabetes,Recovered
A104485,P12725,22,5,2024-05-16,2024-05-19,3,Scheduled,ENT Infection,Recovered
A104486,P10060,37,8,2025-09-19,2025-09-21,2,Emergency,Cancer,Transferred
A104487,P14202,41,9,2024-12-16,2024-12-26,10,Emergency,Fracture,Recovered
A104488,P12671,20,4,2024-06-09,2024-06-15,6,Scheduled,Skin Disorder,Recovered
A104489,P13340,19,4,2025-10-28,2025-10-29,1,Scheduled,ENT Infection,Transferred
A104490,P12790,13,3,2024-06-21,2024-06-26,5,Scheduled,Asthma,Recovered
A104491,P13655,27,6,2024-05-09,2024-05-12,3,Scheduled,ENT Infection,Follow-up Required
A104492,P13191,19,4,2024-03-19,2024-03-26,7,Scheduled,Infection,Recovered
A104493,P14996,16,4,2025-07-22,2025-07-25,3,Emergency,Heart Disease,Follow-up Required
A104494,P12493,2,1,2024-02-26,2024-03-02,5,Scheduled,Diabetes,Recovered
A104495,P14402,1,1,2025-02-03,2025-02-05,2,Referral,Diabetes,Deceased
A104496,P12663,3,1,2024-12-28,2025-01-02,5,Scheduled,Heart Disease,Follow-up Required
A104497,P10202,24,5,2024-11-30,2024-12-03,3,Scheduled,Infection,Recovered
A104498,P13162,44,9,2024-05-13,2024-05-15,2,Emergency,Cancer,Follow-up Required
A104499,P10471,38,8,2024-01-14,2024-01-19,5,Emergency,Fracture,Transferred
A104500,P13027,2,1,2024-10-09,2024-10-14,5,Emergency,Heart Disease,Recovered
A104501,P13357,16,4,2025-10-20,2025-11-03,14,Scheduled,Infection,Transferred
A104502,P13755,29,6,2025-02-24,2025-03-02,6,Scheduled,Heart Disease,Recovered
A104503,P12357,37,8,2024-05-06,2024-05-10,4,Referral,Cancer,Recovered
A104504,P13974,44,9,2024-08-05,2024-08-15,10,Scheduled,Fracture,Recovered
A104505,P14829,4,1,2025-11-10,2025-11-17,7,Scheduled,Cancer,Follow-up Required
A104506,P12584,14,3,2025-10-16,2025-10-21,5,Scheduled,Diabetes,Deceased
A104507,P14472,17,4,2025-05-03,2025-05-07,4,Scheduled,Cancer,Follow-up Required
A104508,P13786,44,9,2024-09-16,2024-09-28,12,Scheduled,Cancer,Recovered
A104509,P12547,45,9,2024-08-05,2024-08-10,5,Scheduled,ENT Infection,Transferred
A104510,P12684,17,4,2025-10-19,2025-10-25,6,Scheduled,Heart Disease,Recovered
A104511,P14238,20,4,2025-05-03,2025-05-04,1,Emergency,Diabetes,Recovered
A104512,P13124,47,10,2025-03-18,2025-03-24,6,Referral,Infection,Recovered
A104513,P13142,29,6,2024-04-08,2024-04-11,3,Scheduled,Skin Disorder,Deceased
A104514,P12308,41,9,2024-06-30,2024-07-02,2,Scheduled,ENT Infection,Recovered
A104515,P13791,26,6,2024-06-17,2024-06-25,8,Scheduled,Hypertension,Recovered
A104516,P13111,42,9,2024-08-20,2024-08-26,6,Scheduled,Migraine,Recovered
A104517,P10348,38,8,2024-04-02,2024-04-06,4,Scheduled,Heart Disease,Recovered
A104518,P11602,17,4,2025-09-20,2025-09-24,4,Referral,Skin Disorder,Recovered
A104519,P13597,12,3,2025-04-16,2025-04-18,2,Scheduled,Cancer,Recovered
A104520,P13778,28,6,2025-05-30,2025-05-31,1,Referral,Skin Disorder,Recovered
A104521,P14924,9,2,2024-03-25,2024-03-28,3,Scheduled,Skin Disorder,Recovered
A104522,P12554,32,7,2025-11-09,2025-11-11,2,Referral,ENT Infection,Follow-up Required
A104523,P14521,34,7,2025-06-02,2025-06-06,4,Scheduled,Heart Disease,Recovered
A104524,P13779,16,4,2025-01-15,2025-01-23,8,Scheduled,Infection,Recovered
A104525,P10322,48,10,2025-02-10,2025-02-12,2,Emergency,Migraine,Follow-up Required
A104526,P13662,31,7,2024-08-19,2024-08-20,1,Scheduled,Asthma,Recovered
A104527,P12298,27,6,2024-09-07,2024-09-17,10,Emergency,Cancer,Recovered
A104528,P10180,29,6,2024-03-25,2024-03-31,6,Scheduled,ENT Infection,Recovered
A104529,P13966,1,1,2024-11-14,2024-11-15,1,Scheduled,Cancer,Recovered
A104530,P11713,27,6,2024-07-11,2024-07-12,1,Emergency,Infection,Recovered
A104531,P10029,32,7,2025-09-26,2025-10-02,6,Scheduled,Hypertension,Recovered
A104532,P13568,11,3,2025-08-23,2025-08-26,3,Scheduled,Hypertension,Recovered
A104533,P12034,35,7,2025-08-29,2025-09-04,6,Scheduled,Asthma,Recovered
A104534,P10738,2,1,2024-10-26,2024-10-30,4,Scheduled,Skin Disorder,Follow-up Required
A104535,P13720,46,10,2024-12-23,2025-01-06,14,Scheduled,Cancer,Recovered
A104536,P10055,1,1,2025-07-10,2025-07-16,6,Scheduled,Hypertension,Recovered
A104537,P12926,6,2,2025-03-28,2025-03-29,1,Scheduled,Cancer,Follow-up Required
A104538,P11434,7,2,2025-07-16,2025-07-19,3,Referral,Migraine,Recovered
A104539,P12065,2,1,2025-05-20,2025-05-25,5,Scheduled,Diabetes,Recovered
A104540,P13643,2,1,2024-03-05,2024-03-07,2,Scheduled,Infection,Follow-up Required
A104541,P14184,47,10,2025-07-19,2025-07-20,1,Emergency,Diabetes,Follow-up Required
A104542,P13295,5,1,2024-08-09,2024-08-10,1,Referral,Fracture,Recovered
A104543,P13856,13,3,2025-04-10,2025-04-14,4,Scheduled,Fracture,Follow-up Required
A104544,P12752,19,4,2024-03-12,2024-03-17,5,Scheduled,Migraine,Recovered
A104545,P13634,19,4,2025-04-18,2025-04-19,1,Emergency,Asthma,Recovered
A104546,P10725,47,10,2025-11-10,2025-11-16,6,Referral,Diabetes,Recovered
A104547,P11254,1,1,2025-11-28,2025-12-03,5,Referral,Cancer,Follow-up Required
A104548,P11178,35,7,2025-10-16,2025-10-28,12,Scheduled,Skin Disorder,Recovered
A104549,P11297,18,4,2024-01-19,2024-01-27,8,Scheduled,Heart Disease,Recovered
A104550,P10895,49,10,2025-06-05,2025-06-17,12,Referral,Infection,Recovered
A104551,P12500,32,7,2025-11-13,2025-11-27,14,Scheduled,Fracture,Recovered
A104552,P11330,32,7,2025-02-18,2025-02-22,4,Scheduled,ENT Infection,Recovered
A104553,P12475,8,2,2024-12-29,2025-01-02,4,Scheduled,Fracture,Follow-up Required
A104554,P12628,11,3,2025-06-11,2025-06-14,3,Scheduled,Hypertension,Recovered
A104555,P14347,20,4,2024-03-20,2024-03-24,4,Scheduled,Migraine,Recovered
A104556,P12451,8,2,2024-07-08,2024-07-10,2,Scheduled,Asthma,Recovered
A104557,P12969,28,6,2024-05-27,2024-06-02,6,Scheduled,Migraine,Recovered
A104558,P11170,21,5,2025-11-05,2025-11-06,1,Referral,Asthma,Recovered
A104559,P13440,38,8,2025-03-18,2025-03-20,2,Referral,Heart Disease,Recovered
A104560,P12368,38,8,2024-09-21,2024-09-23,2,Scheduled,Diabetes,Deceased
A104561,P14295,6,2,2025-10-11,2025-10-23,12,Scheduled,Migraine,Recovered
A104562,P11465,2,1,2025-05-23,2025-05-25,2,Scheduled,Asthma,Recovered
A104563,P12193,10,2,2024-10-27,2024-11-06,10,Scheduled,ENT Infection,Recovered
A104564,P11731,42,9,2025-04-10,2025-04-12,2,Scheduled,Asthma,Recovered
A104565,P13295,9,2,2024-12-30,2025-01-05,6,Scheduled,Migraine,Recovered
A104566,P11124,3,1,2025-02-02,2025-02-05,3,Emergency,Diabetes,Follow-up Required
A104567,P14622,2,1,2025-05-07,2025-05-10,3,Scheduled,Hypertension,Follow-up Required
A104568,P11489,36,8,2025-06-25,2025-07-15,20,Referral,ENT Infection,Recovered
A104569,P10265,8,2,2025-04-24,2025-04-26,2,Referral,Asthma,Follow-up Required
A104570,P12030,9,2,2024-06-16,2024-06-18,2,Emergency,Hypertension,Follow-up Required
A104571,P11244,26,6,2025-08-25,2025-08-30,5,Scheduled,Hypertension,Recovered
A104572,P13767,34,7,2024-03-31,2024-04-06,6,Scheduled,Asthma,Recovered
A104573,P10396,48,10,2025-12-23,2026-01-06,14,Scheduled,Hypertension,Recovered
A104574,P11481,30,6,2024-10-26,2024-11-01,6,Referral,Diabetes,Recovered
A104575,P10108,38,8,2024-06-22,2024-06-27,5,Scheduled,Hypertension,Recovered
A104576,P13564,8,2,2025-10-07,2025-10-11,4,Referral,Infection,Follow-up Required
A104577,P12907,3,1,2025-01-07,2025-01-12,5,Scheduled,Fracture,Recovered
A104578,P14732,11,3,2024-01-24,2024-01-29,5,Emergency,Fracture,Recovered
A104579,P13439,25,5,2024-07-19,2024-07-21,2,Scheduled,Fracture,Recovered
A104580,P13197,5,1,2025-12-31,2026-01-06,6,Scheduled,Migraine,Recovered
A104581,P11186,12,3,2024-01-07,2024-01-09,2,Scheduled,Skin Disorder,Recovered
A104582,P14132,30,6,2024-01-06,2024-01-10,4,Emergency,Migraine,Follow-up Required
A104583,P13076,27,6,2025-09-21,2025-09-24,3,Emergency,ENT Infection,Follow-up Required
A104584,P10413,43,9,2024-06-09,2024-06-12,3,Scheduled,Diabetes,Follow-up Required
A104585,P13159,5,1,2025-08-19,2025-08-24,5,Scheduled,Cancer,Recovered
A104586,P10483,20,4,2024-09-04,2024-09-05,1,Referral,Cancer,Follow-up Required
A104587,P12960,21,5,2024-06-14,2024-06-15,1,Scheduled,Skin Disorder,Recovered
A104588,P13848,3,1,2025-03-03,2025-03-05,2,Emergency,Fracture,Recovered
A104589,P10603,41,9,2024-05-24,2024-05-26,2,Scheduled,Heart Disease,Recovered
A104590,P11082,50,10,2025-05-25,2025-05-27,2,Scheduled,ENT Infection,Recovered
A104591,P14268,44,9,2025-06-26,2025-07-03,7,Emergency,Asthma,Recovered
A104592,P14356,4,1,2025-05-23,2025-05-27,4,Emergency,Hypertension,Recovered
A104593,P10025,24,5,2024-08-07,2024-08-11,4,Emergency,Asthma,Recovered
A104594,P10198,7,2,2025-10-06,2025-10-11,5,Emergency,Migraine,Recovered
A104595,P12627,24,5,2025-07-29,2025-08-04,6,Scheduled,Hypertension,Recovered
A104596,P10423,11,3,2024-03-16,2024-03-17,1,Scheduled,Asthma,Recovered
A104597,P11142,2,1,2025-10-04,2025-10-12,8,Emergency,Heart Disease,Recovered
A104598,P12054,44,9,2024-11-14,2024-12-04,20,Scheduled,Cancer,Recovered
A104599,P11121,41,9,2024-02-07,2024-02-09,2,Referral,Heart Disease,Recovered
A104600,P14168,6,2,2025-07-19,2025-07-25,6,Scheduled,Heart Disease,Follow-up Required
A104601,P14528,7,2,2025-10-03,2025-10-04,1,Scheduled,Infection,Recovered
A104602,P14476,38,8,2025-12-30,2025-12-31,1,Emergency,Hypertension,Recovered
A104603,P11794,18,4,2025-05-28,2025-05-31,3,Emergency,ENT Infection,Recovered
A104604,P14904,45,9,2024-09-02,2024-09-10,8,Scheduled,ENT Infection,Recovered
A104605,P10056,9,2,2024-05-19,2024-05-25,6,Scheduled,Cancer,Recovered
A104606,P12264,28,6,2024-09-14,2024-09-18,4,Scheduled,Fracture,Follow-up Required
A104607,P10021,19,4,2025-09-08,2025-09-12,4,Referral,Migraine,Recovered
A104608,P13699,4,1,2025-01-15,2025-01-19,4,Scheduled,Migraine,Recovered
A104609,P10291,4,1,2025-04-22,2025-04-25,3,Scheduled,Fracture,Follow-up Required
A104610,P11995,13,3,2024-07-03,2024-07-11,8,Scheduled,Hypertension,Recovered
A104611,P10835,28,6,2024-10-29,2024-11-03,5,Emergency,Heart Disease,Transferred
A104612,P14284,11,3,2025-05-08,2025-05-12,4,Referral,Cancer,Recovered
A104613,P14310,2,1,2024-06-12,2024-06-16,4,Scheduled,Diabetes,Follow-up Required
A104614,P11915,6,2,2025-10-05,2025-10-17,12,Emergency,Cancer,Recovered
A104615,P12602,12,3,2024-07-21,2024-07-27,6,Emergency,Fracture,Recovered
A104616,P11502,40,8,2025-02-11,2025-02-13,2,Referral,Skin Disorder,Follow-up Required
A104617,P13322,37,8,2024-07-28,2024-08-01,4,Scheduled,Cancer,Recovered
A104618,P14689,24,5,2024-04-10,2024-04-13,3,Emergency,Cancer,Recovered
A104619,P14137,9,2,2025-03-21,2025-04-10,20,Emergency,Fracture,Recovered
A104620,P10020,26,6,2025-07-14,2025-07-18,4,Scheduled,Diabetes,Recovered
A104621,P11033,4,1,2025-01-02,2025-01-03,1,Emergency,Cancer,Recovered
A104622,P10825,41,9,2024-08-26,2024-08-30,4,Emergency,Infection,Follow-up Required
A104623,P13275,44,9,2025-12-27,2025-12-30,3,Scheduled,Diabetes,Recovered
A104624,P13662,4,1,2024-10-17,2024-10-22,5,Scheduled,Infection,Recovered
A104625,P13794,49,10,2025-01-06,2025-01-08,2,Referral,Hypertension,Follow-up Required
A104626,P10748,34,7,2025-03-06,2025-03-07,1,Emergency,Asthma,Recovered
A104627,P14082,22,5,2024-10-06,2024-10-07,1,Referral,Infection,Recovered
A104628,P12367,13,3,2025-04-11,2025-04-14,3,Emergency,Diabetes,Recovered
A104629,P10968,15,3,2024-11-11,2024-11-14,3,Emergency,Diabetes,Recovered
A104630,P13548,40,8,2024-03-17,2024-03-25,8,Emergency,Cancer,Recovered
A104631,P14348,38,8,2024-05-30,2024-06-02,3,Referral,Diabetes,Recovered
A104632,P14436,41,9,2025-01-30,2025-01-31,1,Referral,ENT Infection,Follow-up Required
A104633,P12799,43,9,2025-05-10,2025-05-17,7,Referral,Diabetes,Recovered
A104634,P13016,44,9,2024-10-23,2024-10-31,8,Emergency,Migraine,Recovered
A104635,P11805,2,1,2025-10-30,2025-11-03,4,Referral,Fracture,Recovered
A104636,P12679,2,1,2025-12-10,2025-12-13,3,Scheduled,Hypertension,Recovered
A104637,P12024,43,9,2025-02-10,2025-02-17,7,Emergency,Cancer,Recovered
A104638,P10401,8,2,2024-10-13,2024-10-14,1,Emergency,Fracture,Recovered
A104639,P12419,38,8,2025-05-07,2025-05-17,10,Scheduled,Skin Disorder,Recovered
A104640,P14433,18,4,2025-06-19,2025-06-27,8,Referral,Diabetes,Recovered
A104641,P11924,29,6,2025-03-31,2025-04-05,5,Referral,Diabetes,Transferred
A104642,P11369,11,3,2025-05-06,2025-05-09,3,Scheduled,Asthma,Recovered
A104643,P12321,6,2,2024-01-09,2024-01-10,1,Scheduled,Diabetes,Follow-up Required
A104644,P13325,9,2,2024-05-11,2024-05-31,20,Scheduled,Diabetes,Recovered
A104645,P11878,22,5,2024-03-17,2024-03-24,7,Scheduled,Asthma,Recovered
A104646,P12688,46,10,2024-05-10,2024-05-13,3,Emergency,Asthma,Recovered
A104647,P11398,25,5,2025-02-15,2025-02-16,1,Scheduled,Cancer,Recovered
A104648,P13676,31,7,2024-03-30,2024-04-04,5,Emergency,ENT Infection,Recovered
A104649,P11920,21,5,2025-05-12,2025-06-01,20,Scheduled,Hypertension,Follow-up Required
A104650,P10006,38,8,2025-09-20,2025-09-26,6,Emergency,Hypertension,Recovered
A104651,P10586,19,4,2025-09-13,2025-09-14,1,Scheduled,Infection,Recovered
A104652,P11522,10,2,2024-12-19,2024-12-23,4,Emergency,Skin Disorder,Recovered
A104653,P13879,46,10,2024-09-27,2024-09-29,2,Referral,Infection,Recovered
A104654,P13470,37,8,2025-01-26,2025-02-05,10,Scheduled,Fracture,Follow-up Required
A104655,P10822,12,3,2025-03-07,2025-03-10,3,Referral,Skin Disorder,Recovered
A104656,P14334,19,4,2025-04-16,2025-04-22,6,Emergency,Asthma,Recovered
A104657,P13094,2,1,2024-11-03,2024-11-04,1,Scheduled,ENT Infection,Recovered
A104658,P13113,15,3,2025-05-22,2025-05-24,2,Referral,Hypertension,Follow-up Required
A104659,P10858,38,8,2024-02-24,2024-03-01,6,Emergency,Asthma,Recovered
A104660,P12306,8,2,2024-02-06,2024-02-14,8,Emergency,ENT Infection,Recovered
A104661,P12551,46,10,2024-02-24,2024-02-26,2,Scheduled,Asthma,Follow-up Required
A104662,P12187,35,7,2025-06-07,2025-06-11,4,Scheduled,Hypertension,Transferred
A104663,P11226,38,8,2025-04-07,2025-04-12,5,Emergency,Cancer,Follow-up Required
A104664,P12557,43,9,2025-11-27,2025-12-04,7,Referral,Migraine,Transferred
A104665,P10654,30,6,2025-04-22,2025-04-27,5,Scheduled,Fracture,Recovered
A104666,P11340,9,2,2025-12-16,2025-12-17,1,Scheduled,ENT Infection,Recovered
A104667,P14557,30,6,2024-07-29,2024-08-03,5,Emergency,Hypertension,Recovered
A104668,P12718,49,10,2024-08-13,2024-08-21,8,Emergency,Migraine,Follow-up Required
A104669,P13393,19,4,2024-01-07,2024-01-15,8,Emergency,Hypertension,Follow-up Required
A104670,P11063,29,6,2025-06-23,2025-06-28,5,Scheduled,Heart Disease,Recovered
A104671,P14529,2,1,2024-07-30,2024-08-19,20,Scheduled,ENT Infection,Recovered
A104672,P12533,28,6,2024-07-07,2024-07-09,2,Emergency,Hypertension,Recovered
A104673,P11609,8,2,2024-03-15,2024-03-19,4,Referral,ENT Infection,Follow-up Required
A104674,P11082,25,5,2024-04-23,2024-04-30,7,Scheduled,Heart Disease,Recovered
A104675,P12649,10,2,2025-11-09,2025-11-11,2,Emergency,Diabetes,Recovered
A104676,P14751,22,5,2025-09-09,2025-09-23,14,Scheduled,Fracture,Recovered
A104677,P12655,35,7,2024-05-30,2024-06-02,3,Emergency,Infection,Recovered
A104678,P10156,42,9,2025-03-11,2025-03-14,3,Scheduled,Hypertension,Transferred
A104679,P14297,24,5,2024-03-24,2024-03-26,2,Scheduled,Infection,Recovered
A104680,P13070,26,6,2024-07-30,2024-08-02,3,Referral,Asthma,Follow-up Required
A104681,P11964,31,7,2025-04-05,2025-04-10,5,Emergency,Fracture,Recovered
A104682,P14595,23,5,2024-06-25,2024-06-29,4,Emergency,Skin Disorder,Recovered
A104683,P11235,2,1,2024-11-07,2024-11-09,2,Emergency,Infection,Follow-up Required
A104684,P11477,39,8,2025-11-24,2025-12-01,7,Emergency,ENT Infection,Follow-up Required
A104685,P13756,33,7,2024-06-07,2024-06-08,1,Referral,ENT Infection,Follow-up Required
A104686,P10831,24,5,2025-12-01,2025-12-09,8,Scheduled,Migraine,Recovered
A104687,P13729,12,3,2024-07-04,2024-07-07,3,Referral,Diabetes,Follow-up Required
A104688,P11343,37,8,2025-04-15,2025-04-19,4,Emergency,Hypertension,Transferred
A104689,P12165,9,2,2024-11-04,2024-11-07,3,Referral,Diabetes,Recovered
A104690,P12745,44,9,2024-09-02,2024-09-07,5,Emergency,Skin Disorder,Recovered
A104691,P14299,43,9,2025-01-18,2025-01-25,7,Referral,Diabetes,Recovered
A104692,P11845,44,9,2024-02-11,2024-03-02,20,Emergency,Migraine,Follow-up Required
A104693,P10462,3,1,2024-10-11,2024-10-14,3,Scheduled,Cancer,Recovered
A104694,P12992,44,9,2024-10-26,2024-10-31,5,Emergency,Cancer,Recovered
A104695,P11579,23,5,2025-03-11,2025-03-15,4,Emergency,Skin Disorder,Recovered
A104696,P10201,24,5,2025-01-03,2025-01-23,20,Scheduled,Fracture,Recovered
A104697,P10516,33,7,2025-04-30,2025-05-07,7,Referral,ENT Infection,Follow-up Required
A104698,P14840,30,6,2025-03-11,2025-03-15,4,Scheduled,Infection,Follow-up Required
A104699,P14971,38,8,2025-03-03,2025-03-07,4,Emergency,Skin Disorder,Follow-up Required
A104700,P12397,43,9,2024-06-29,2024-07-02,3,Scheduled,Infection,Follow-up Required
A104701,P13232,2,1,2025-11-24,2025-12-01,7,Emergency,Hypertension,Recovered
A104702,P13697,40,8,2024-12-05,2024-12-13,8,Referral,Asthma,Follow-up Required
A104703,P11276,22,5,2025-05-05,2025-05-19,14,Emergency,Diabetes,Recovered
A104704,P13294,11,3,2025-05-09,2025-05-14,5,Referral,Infection,Follow-up Required
A104705,P11630,12,3,2025-12-30,2026-01-05,6,Scheduled,Skin Disorder,Recovered
A104706,P14019,19,4,2024-06-11,2024-06-15,4,Scheduled,Infection,Recovered
A104707,P14490,20,4,2025-07-11,2025-07-16,5,Referral,Cancer,Recovered
A104708,P12017,9,2,2025-03-31,2025-04-03,3,Scheduled,Diabetes,Transferred
A104709,P10167,43,9,2024-04-01,2024-04-07,6,Emergency,ENT Infection,Recovered
A104710,P10976,18,4,2024-04-14,2024-04-15,1,Emergency,Migraine,Recovered
A104711,P14548,41,9,2025-12-19,2025-12-20,1,Emergency,ENT Infection,Recovered
A104712,P10860,47,10,2025-03-14,2025-03-20,6,Scheduled,Hypertension,Recovered
A104713,P13945,18,4,2025-05-12,2025-05-24,12,Emergency,Heart Disease,Follow-up Required
A104714,P10210,40,8,2024-11-23,2024-11-28,5,Scheduled,Hypertension,Recovered
A104715,P14864,36,8,2025-10-12,2025-10-18,6,Emergency,Diabetes,Recovered
A104716,P11609,27,6,2025-06-24,2025-07-01,7,Referral,Fracture,Recovered
A104717,P10214,13,3,2025-05-23,2025-05-26,3,Scheduled,Asthma,Recovered
A104718,P13432,47,10,2024-09-07,2024-09-09,2,Referral,Hypertension,Recovered
A104719,P10973,8,2,2024-07-09,2024-07-21,12,Emergency,Skin Disorder,Recovered
A104720,P13800,48,10,2024-02-16,2024-02-28,12,Scheduled,Hypertension,Recovered
A104721,P10304,43,9,2024-09-07,2024-09-11,4,Referral,Cancer,Transferred
A104722,P11836,23,5,2024-03-04,2024-03-06,2,Emergency,Hypertension,Recovered
A104723,P10861,13,3,2024-11-15,2024-11-25,10,Referral,Hypertension,Recovered
A104724,P14048,7,2,2025-06-07,2025-06-13,6,Emergency,Cancer,Recovered
A104725,P11856,50,10,2024-10-18,2024-10-19,1,Emergency,Diabetes,Recovered
A104726,P13462,40,8,2024-01-29,2024-01-31,2,Scheduled,Hypertension,Recovered
A104727,P12168,2,1,2025-10-12,2025-10-26,14,Emergency,Infection,Recovered
A104728,P11634,3,1,2025-03-12,2025-03-13,1,Referral,Hypertension,Follow-up Required
A104729,P12475,42,9,2025-08-19,2025-08-22,3,Emergency,Fracture,Recovered
A104730,P12378,39,8,2025-08-08,2025-08-13,5,Scheduled,ENT Infection,Recovered
A104731,P11751,23,5,2024-02-16,2024-02-18,2,Scheduled,ENT Infection,Recovered
A104732,P12683,7,2,2025-02-20,2025-02-22,2,Scheduled,Skin Disorder,Follow-up Required
A104733,P13412,4,1,2025-08-15,2025-08-18,3,Emergency,ENT Infection,Recovered
A104734,P14660,8,2,2025-03-26,2025-03-29,3,Scheduled,Heart Disease,Follow-up Required
A104735,P14276,32,7,2025-09-24,2025-10-01,7,Emergency,Asthma,Transferred
A104736,P14386,19,4,2025-07-08,2025-07-12,4,Scheduled,ENT Infection,Recovered
A104737,P14283,12,3,2025-10-19,2025-10-22,3,Referral,Skin Disorder,Follow-up Required
A104738,P10486,10,2,2024-03-14,2024-03-17,3,Emergency,Fracture,Follow-up Required
A104739,P11361,14,3,2024-02-22,2024-02-23,1,Emergency,Heart Disease,Recovered
A104740,P10773,27,6,2024-08-20,2024-08-21,1,Scheduled,Migraine,Recovered
A104741,P13778,44,9,2024-07-18,2024-07-24,6,Emergency,Infection,Follow-up Required
A104742,P11833,21,5,2025-11-04,2025-11-06,2,Emergency,Migraine,Recovered
A104743,P11300,20,4,2025-07-02,2025-07-06,4,Emergency,Fracture,Recovered
A104744,P10182,4,1,2024-04-06,2024-04-14,8,Scheduled,Hypertension,Follow-up Required
A104745,P11263,19,4,2024-02-18,2024-02-21,3,Emergency,Asthma,Transferred
A104746,P13906,29,6,2025-06-05,2025-06-08,3,Scheduled,Fracture,Recovered
A104747,P10146,7,2,2024-02-09,2024-02-17,8,Scheduled,Asthma,Recovered
A104748,P13943,33,7,2024-06-01,2024-06-09,8,Scheduled,Asthma,Follow-up Required
A104749,P11840,8,2,2024-04-15,2024-04-23,8,Referral,Fracture,Follow-up Required
A104750,P14595,11,3,2025-07-06,2025-07-11,5,Scheduled,Cancer,Follow-up Required
A104751,P10803,33,7,2025-11-06,2025-11-18,12,Scheduled,Fracture,Recovered
A104752,P11999,25,5,2024-07-29,2024-08-05,7,Emergency,Migraine,Recovered
A104753,P13951,33,7,2024-07-20,2024-07-24,4,Scheduled,Migraine,Recovered
A104754,P11319,36,8,2025-03-08,2025-03-13,5,Referral,Diabetes,Recovered
A104755,P14627,26,6,2025-12-07,2025-12-09,2,Scheduled,Cancer,Follow-up Required
A104756,P13799,36,8,2025-07-18,2025-07-23,5,Emergency,Cancer,Recovered
A104757,P12259,11,3,2024-05-26,2024-05-29,3,Referral,ENT Infection,Recovered
A104758,P12941,30,6,2025-05-13,2025-05-16,3,Scheduled,Cancer,Recovered
A104759,P14062,33,7,2024-10-08,2024-10-10,2,Emergency,Hypertension,Recovered
A104760,P12053,10,2,2024-11-05,2024-11-08,3,Scheduled,Infection,Recovered
A104761,P13853,29,6,2024-02-20,2024-02-24,4,Emergency,Heart Disease,Recovered
A104762,P10216,25,5,2025-05-09,2025-05-14,5,Scheduled,Hypertension,Recovered
A104763,P10786,32,7,2025-02-12,2025-02-15,3,Emergency,Migraine,Recovered
A104764,P11636,4,1,2025-09-17,2025-09-24,7,Emergency,Fracture,Recovered
A104765,P12300,39,8,2024-09-29,2024-10-03,4,Scheduled,Infection,Recovered
A104766,P13753,34,7,2025-04-02,2025-04-07,5,Referral,Hypertension,Recovered
A104767,P13110,22,5,2024-04-29,2024-05-02,3,Emergency,Hypertension,Transferred
A104768,P14324,13,3,2025-12-01,2025-12-08,7,Emergency,Cancer,Recovered
A104769,P10285,36,8,2024-02-15,2024-02-20,5,Scheduled,Fracture,Recovered
A104770,P13582,6,2,2024-08-30,2024-09-07,8,Referral,Skin Disorder,Recovered
A104771,P12011,17,4,2024-11-06,2024-11-08,2,Emergency,ENT Infection,Transferred
A104772,P12414,26,6,2025-07-15,2025-07-18,3,Referral,ENT Infection,Recovered
A104773,P11644,24,5,2024-11-26,2024-11-28,2,Referral,Migraine,Recovered
A104774,P11128,9,2,2024-01-11,2024-01-13,2,Scheduled,Asthma,Follow-up Required
A104775,P13473,2,1,2025-02-27,2025-03-03,4,Emergency,Diabetes,Follow-up Required
A104776,P11270,20,4,2024-02-17,2024-02-27,10,Emergency,Heart Disease,Transferred
A104777,P13779,27,6,2025-01-11,2025-01-16,5,Emergency,Infection,Follow-up Required
A104778,P10644,6,2,2025-07-21,2025-07-24,3,Emergency,Infection,Recovered
A104779,P12779,50,10,2024-01-08,2024-01-14,6,Referral,Asthma,Recovered
A104780,P10026,27,6,2025-06-09,2025-06-10,1,Emergency,Fracture,Recovered
A104781,P13323,24,5,2025-12-27,2025-12-30,3,Emergency,ENT Infection,Follow-up Required
A104782,P12046,15,3,2025-01-04,2025-01-09,5,Scheduled,Fracture,Recovered
A104783,P13938,48,10,2025-03-15,2025-03-20,5,Referral,Cancer,Follow-up Required
A104784,P14808,33,7,2025-07-19,2025-07-24,5,Emergency,Skin Disorder,Recovered
A104785,P11026,42,9,2025-04-28,2025-04-30,2,Scheduled,Cancer,Recovered
A104786,P13831,10,2,2024-09-29,2024-10-02,3,Scheduled,Cancer,Recovered
A104787,P11069,21,5,2024-05-10,2024-05-22,12,Scheduled,Migraine,Deceased
A104788,P10939,6,2,2025-06-04,2025-06-18,14,Referral,Diabetes,Recovered
A104789,P14099,30,6,2025-12-24,2025-12-27,3,Emergency,ENT Infection,Follow-up Required
A104790,P11473,23,5,2025-09-25,2025-09-30,5,Scheduled,Diabetes,Recovered
A104791,P13648,36,8,2024-04-23,2024-04-26,3,Scheduled,Diabetes,Recovered
A104792,P12326,46,10,2025-06-15,2025-06-18,3,Referral,Asthma,Recovered
A104793,P10176,49,10,2025-05-13,2025-05-20,7,Emergency,ENT Infection,Follow-up Required
A104794,P11144,3,1,2024-12-04,2024-12-08,4,Emergency,Migraine,Recovered
A104795,P13511,26,6,2024-01-21,2024-01-29,8,Emergency,Fracture,Recovered
A104796,P14063,34,7,2025-12-20,2025-12-25,5,Referral,Fracture,Follow-up Required
A104797,P10951,30,6,2024-02-02,2024-02-07,5,Referral,Cancer,Recovered
A104798,P14437,18,4,2024-05-12,2024-05-13,1,Scheduled,ENT Infection,Recovered
A104799,P12745,17,4,2025-12-03,2025-12-09,6,Emergency,Diabetes,Recovered
A104800,P10121,45,9,2024-01-26,2024-02-09,14,Emergency,Migraine,Recovered
A104801,P14671,42,9,2024-12-29,2025-01-02,4,Scheduled,Infection,Recovered
A104802,P11921,21,5,2025-08-23,2025-08-25,2,Referral,Infection,Recovered
A104803,P11685,24,5,2024-04-01,2024-04-15,14,Referral,Cancer,Transferred
A104804,P10969,4,1,2025-06-28,2025-07-01,3,Scheduled,Heart Disease,Deceased
A104805,P13809,49,10,2024-08-25,2024-08-29,4,Scheduled,Diabetes,Recovered
A104806,P14781,48,10,2024-01-18,2024-01-19,1,Referral,Cancer,Recovered
A104807,P13316,25,5,2024-09-30,2024-10-02,2,Referral,Skin Disorder,Recovered
A104808,P14739,24,5,2024-10-15,2024-10-17,2,Emergency,Hypertension,Recovered
A104809,P11105,46,10,2024-01-27,2024-02-01,5,Scheduled,Skin Disorder,Recovered
A104810,P14390,27,6,2025-03-09,2025-03-14,5,Scheduled,Cancer,Deceased
A104811,P12506,31,7,2024-04-17,2024-04-22,5,Scheduled,Infection,Recovered
A104812,P14843,47,10,2024-11-19,2024-11-24,5,Referral,Cancer,Recovered
A104813,P13885,35,7,2025-06-14,2025-06-18,4,Emergency,Heart Disease,Transferred
A104814,P10733,20,4,2024-04-13,2024-04-20,7,Scheduled,Diabetes,Follow-up Required
A104815,P11582,16,4,2024-11-27,2024-12-09,12,Scheduled,Fracture,Recovered
A104816,P13680,31,7,2024-12-27,2024-12-30,3,Referral,Infection,Recovered
A104817,P13853,7,2,2024-10-15,2024-10-17,2,Emergency,Diabetes,Recovered
A104818,P12428,18,4,2025-03-19,2025-03-23,4,Scheduled,Infection,Follow-up Required
A104819,P10324,8,2,2024-02-06,2024-02-07,1,Emergency,Infection,Transferred
A104820,P13700,27,6,2024-12-13,2024-12-21,8,Emergency,ENT Infection,Recovered
A104821,P12993,14,3,2024-02-12,2024-02-14,2,Emergency,Skin Disorder,Recovered
A104822,P10362,18,4,2024-05-05,2024-05-10,5,Scheduled,Heart Disease,Recovered
A104823,P12101,1,1,2024-01-09,2024-01-11,2,Referral,Skin Disorder,Recovered
A104824,P14498,31,7,2025-06-09,2025-06-14,5,Emergency,Infection,Recovered
A104825,P14777,20,4,2024-05-10,2024-05-11,1,Emergency,Cancer,Transferred
A104826,P11893,6,2,2024-11-20,2024-11-27,7,Emergency,Heart Disease,Recovered
A104827,P12755,45,9,2024-07-02,2024-07-14,12,Scheduled,Migraine,Follow-up Required
A104828,P11473,1,1,2024-10-08,2024-10-11,3,Emergency,Infection,Recovered
A104829,P11107,19,4,2024-02-22,2024-02-25,3,Referral,Cancer,Follow-up Required
A104830,P12427,39,8,2025-07-06,2025-07-10,4,Scheduled,Asthma,Follow-up Required
A104831,P11804,27,6,2025-06-16,2025-06-21,5,Referral,Asthma,Recovered
A104832,P12028,16,4,2025-01-11,2025-01-13,2,Scheduled,Migraine,Recovered
A104833,P10081,14,3,2024-10-21,2024-10-28,7,Scheduled,Fracture,Recovered
A104834,P12969,34,7,2024-07-26,2024-07-28,2,Referral,Infection,Follow-up Required
A104835,P12542,7,2,2025-10-24,2025-10-25,1,Referral,ENT Infection,Recovered
A104836,P13740,20,4,2025-04-21,2025-04-25,4,Emergency,Migraine,Recovered
A104837,P12989,31,7,2024-03-09,2024-03-11,2,Referral,Cancer,Recovered
A104838,P14837,22,5,2025-03-12,2025-03-18,6,Scheduled,Hypertension,Recovered
A104839,P10325,20,4,2024-10-27,2024-10-29,2,Emergency,Cancer,Recovered
A104840,P12362,15,3,2024-01-27,2024-02-03,7,Scheduled,Migraine,Follow-up Required
A104841,P11235,25,5,2025-09-19,2025-09-23,4,Emergency,Fracture,Recovered
A104842,P10103,46,10,2025-10-15,2025-10-20,5,Scheduled,Asthma,Recovered
A104843,P14913,1,1,2025-07-06,2025-07-08,2,Referral,Infection,Follow-up Required
A104844,P10747,17,4,2024-04-15,2024-04-17,2,Emergency,Heart Disease,Recovered
A104845,P14909,16,4,2025-08-08,2025-08-13,5,Emergency,Fracture,Follow-up Required
A104846,P13692,37,8,2025-07-25,2025-07-28,3,Referral,Infection,Follow-up Required
A104847,P13486,21,5,2025-09-25,2025-09-28,3,Scheduled,Infection,Follow-up Required
A104848,P11248,27,6,2025-12-15,2025-12-19,4,Emergency,Heart Disease,Follow-up Required
A104849,P13065,35,7,2024-01-11,2024-01-13,2,Referral,Skin Disorder,Recovered
A104850,P11720,24,5,2025-10-20,2025-10-27,7,Referral,Heart Disease,Follow-up Required
A104851,P12203,2,1,2024-08-03,2024-08-15,12,Emergency,Cancer,Follow-up Required
A104852,P13306,46,10,2024-11-16,2024-11-20,4,Scheduled,Cancer,Recovered
A104853,P12537,25,5,2025-04-04,2025-04-14,10,Referral,Heart Disease,Recovered
A104854,P13486,19,4,2025-06-09,2025-06-17,8,Emergency,Infection,Recovered
A104855,P11790,45,9,2025-08-01,2025-08-03,2,Scheduled,Heart Disease,Recovered
A104856,P11765,13,3,2025-11-22,2025-11-24,2,Emergency,Diabetes,Follow-up Required
A104857,P13358,29,6,2024-06-08,2024-06-12,4,Scheduled,Infection,Transferred
A104858,P14683,32,7,2025-04-08,2025-04-12,4,Emergency,Cancer,Recovered
A104859,P12998,6,2,2025-06-05,2025-06-08,3,Scheduled,Skin Disorder,Follow-up Required
A104860,P10260,9,2,2025-09-27,2025-09-30,3,Emergency,Hypertension,Recovered
A104861,P11919,1,1,2024-09-29,2024-10-03,4,Emergency,Skin Disorder,Follow-up Required
A104862,P11787,24,5,2024-08-28,2024-09-03,6,Emergency,Diabetes,Recovered
A104863,P10100,10,2,2025-10-16,2025-10-17,1,Emergency,Heart Disease,Follow-up Required
A104864,P13906,35,7,2024-06-15,2024-06-21,6,Referral,Cancer,Follow-up Required
A104865,P12343,6,2,2025-07-22,2025-08-01,10,Referral,Diabetes,Deceased
A104866,P13234,48,10,2025-10-11,2025-10-18,7,Scheduled,Infection,Follow-up Required
A104867,P13250,20,4,2024-11-22,2024-11-24,2,Scheduled,Cancer,Recovered
A104868,P10328,38,8,2025-06-12,2025-06-13,1,Emergency,ENT Infection,Recovered
A104869,P11352,12,3,2024-09-29,2024-10-03,4,Emergency,Migraine,Follow-up Required
A104870,P12812,3,1,2025-01-10,2025-01-22,12,Emergency,Heart Disease,Recovered
A104871,P12290,18,4,2025-01-09,2025-01-16,7,Scheduled,Skin Disorder,Follow-up Required
A104872,P11366,21,5,2024-11-29,2024-12-04,5,Emergency,Cancer,Recovered
A104873,P13163,35,7,2024-01-03,2024-01-05,2,Referral,Heart Disease,Recovered
A104874,P13100,37,8,2024-08-30,2024-09-05,6,Scheduled,Cancer,Recovered
A104875,P14555,19,4,2025-09-11,2025-09-18,7,Referral,Heart Disease,Recovered
A104876,P13703,25,5,2024-02-20,2024-03-03,12,Scheduled,Asthma,Recovered
A104877,P11409,18,4,2024-12-15,2024-12-20,5,Scheduled,Hypertension,Follow-up Required
A104878,P11511,40,8,2024-06-22,2024-06-26,4,Emergency,Fracture,Recovered
A104879,P10220,30,6,2024-04-25,2024-04-30,5,Scheduled,Cancer,Recovered
A104880,P14955,42,9,2025-11-25,2025-12-07,12,Referral,Asthma,Follow-up Required
A104881,P12169,42,9,2024-12-26,2024-12-31,5,Emergency,Migraine,Recovered
A104882,P13187,34,7,2024-12-20,2024-12-23,3,Emergency,Asthma,Recovered
A104883,P13240,10,2,2025-10-27,2025-11-01,5,Emergency,Infection,Follow-up Required
A104884,P14531,22,5,2024-03-16,2024-03-24,8,Referral,Hypertension,Transferred
A104885,P11270,50,10,2024-03-21,2024-03-26,5,Emergency,Heart Disease,Recovered
A104886,P14376,4,1,2024-08-16,2024-08-20,4,Referral,Hypertension,Recovered
A104887,P13818,3,1,2024-03-12,2024-03-18,6,Emergency,Skin Disorder,Transferred
A104888,P10068,49,10,2025-02-06,2025-02-12,6,Referral,Fracture,Recovered
A104889,P11672,49,10,2024-08-05,2024-08-06,1,Scheduled,Diabetes,Follow-up Required
A104890,P10743,28,6,2025-03-27,2025-04-02,6,Emergency,Migraine,Transferred
A104891,P12013,22,5,2025-01-01,2025-01-05,4,Scheduled,Diabetes,Transferred
A104892,P11706,12,3,2025-08-12,2025-08-24,12,Referral,Infection,Follow-up Required
A104893,P11447,49,10,2025-10-31,2025-11-14,14,Scheduled,Fracture,Recovered
A104894,P13070,13,3,2025-07-13,2025-07-17,4,Scheduled,Migraine,Recovered
A104895,P10291,41,9,2024-11-07,2024-11-21,14,Emergency,Skin Disorder,Recovered
A104896,P13680,33,7,2024-10-24,2024-10-27,3,Referral,Diabetes,Recovered
A104897,P13911,47,10,2024-01-24,2024-01-30,6,Emergency,Migraine,Recovered
A104898,P14652,19,4,2024-04-19,2024-04-20,1,Emergency,Fracture,Recovered
A104899,P10353,41,9,2024-02-21,2024-02-23,2,Emergency,Heart Disease,Recovered
A104900,P11264,17,4,2024-10-16,2024-10-24,8,Emergency,Hypertension,Recovered
A104901,P11827,47,10,2025-03-19,2025-03-29,10,Scheduled,Asthma,Recovered
A104902,P14379,34,7,2025-04-11,2025-04-16,5,Scheduled,Infection,Recovered
A104903,P11606,4,1,2024-09-15,2024-09-18,3,Scheduled,Hypertension,Recovered
A104904,P13837,39,8,2024-11-19,2024-11-23,4,Emergency,Asthma,Follow-up Required
A104905,P13399,8,2,2025-10-12,2025-10-20,8,Emergency,Hypertension,Follow-up Required
A104906,P14552,33,7,2024-12-03,2024-12-05,2,Referral,Asthma,Transferred
A104907,P13007,1,1,2025-07-09,2025-07-12,3,Referral,Fracture,Follow-up Required
A104908,P11005,5,1,2025-02-25,2025-03-04,7,Emergency,Asthma,Recovered
A104909,P12079,32,7,2024-09-15,2024-09-27,12,Scheduled,Hypertension,Follow-up Required
A104910,P12496,40,8,2025-09-16,2025-09-17,1,Emergency,Hypertension,Follow-up Required
A104911,P12262,1,1,2024-03-05,2024-03-12,7,Referral,Heart Disease,Recovered
A104912,P13765,35,7,2024-06-11,2024-06-16,5,Referral,Asthma,Follow-up Required
A104913,P11738,22,5,2024-06-12,2024-06-14,2,Emergency,Heart Disease,Recovered
A104914,P13097,29,6,2025-11-08,2025-11-15,7,Scheduled,Infection,Recovered
A104915,P12445,17,4,2024-02-08,2024-02-14,6,Scheduled,Fracture,Recovered
A104916,P10337,30,6,2025-10-26,2025-10-28,2,Emergency,Skin Disorder,Follow-up Required
A104917,P12984,35,7,2024-11-15,2024-11-19,4,Scheduled,Infection,Recovered
A104918,P10968,1,1,2024-12-25,2025-01-01,7,Scheduled,Fracture,Recovered
A104919,P14999,4,1,2024-09-25,2024-09-27,2,Scheduled,Skin Disorder,Recovered
A104920,P10672,9,2,2024-11-19,2024-11-23,4,Scheduled,Migraine,Transferred
A104921,P11304,45,9,2024-11-21,2024-11-23,2,Referral,Fracture,Recovered
A104922,P14865,32,7,2025-08-09,2025-08-12,3,Scheduled,Diabetes,Follow-up Required
A104923,P12671,5,1,2024-09-13,2024-09-15,2,Scheduled,Skin Disorder,Recovered
A104924,P12607,14,3,2024-07-18,2024-07-22,4,Scheduled,ENT Infection,Recovered
A104925,P11715,26,6,2025-03-13,2025-03-15,2,Emergency,Cancer,Recovered
A104926,P12596,23,5,2025-09-01,2025-09-04,3,Scheduled,Asthma,Recovered
A104927,P12971,46,10,2024-04-13,2024-04-16,3,Referral,Hypertension,Follow-up Required
A104928,P13270,22,5,2025-01-06,2025-01-12,6,Emergency,Cancer,Recovered
A104929,P12602,27,6,2024-06-12,2024-06-18,6,Referral,Fracture,Recovered
A104930,P10479,25,5,2024-04-22,2024-04-23,1,Scheduled,Hypertension,Recovered
A104931,P10844,36,8,2025-09-06,2025-09-18,12,Scheduled,Heart Disease,Recovered
A104932,P11626,4,1,2025-07-02,2025-07-08,6,Referral,Asthma,Follow-up Required
A104933,P11881,32,7,2024-04-15,2024-04-20,5,Scheduled,Diabetes,Recovered
A104934,P13652,9,2,2025-11-29,2025-12-03,4,Emergency,Cancer,Recovered
A104935,P12118,2,1,2024-12-29,2024-12-31,2,Scheduled,Migraine,Follow-up Required
A104936,P10505,42,9,2024-01-21,2024-02-04,14,Referral,Migraine,Transferred
A104937,P10110,50,10,2025-10-21,2025-10-22,1,Emergency,Hypertension,Recovered
A104938,P11406,39,8,2024-05-08,2024-05-14,6,Emergency,Skin Disorder,Recovered
A104939,P14493,46,10,2025-04-27,2025-05-01,4,Emergency,Diabetes,Recovered
A104940,P13481,25,5,2025-11-29,2025-12-09,10,Emergency,Skin Disorder,Recovered
A104941,P10351,47,10,2024-07-17,2024-07-20,3,Referral,ENT Infection,Follow-up Required
A104942,P11558,10,2,2025-09-11,2025-09-15,4,Emergency,ENT Infection,Recovered
A104943,P13043,37,8,2025-06-04,2025-06-10,6,Referral,Hypertension,Recovered
A104944,P12837,25,5,2025-02-23,2025-02-24,1,Referral,ENT Infection,Follow-up Required
A104945,P13629,40,8,2024-08-13,2024-08-14,1,Referral,Cancer,Recovered
A104946,P12042,29,6,2024-07-27,2024-07-29,2,Emergency,Heart Disease,Follow-up Required
A104947,P10111,37,8,2024-09-01,2024-09-03,2,Scheduled,Heart Disease,Recovered
A104948,P14305,5,1,2024-10-14,2024-10-15,1,Referral,Infection,Recovered
A104949,P11766,14,3,2024-03-06,2024-03-11,5,Emergency,Infection,Recovered
A104950,P11202,33,7,2024-06-01,2024-06-08,7,Emergency,Infection,Recovered
A104951,P12979,27,6,2025-05-05,2025-05-17,12,Referral,Infection,Recovered
A104952,P12473,5,1,2025-03-10,2025-03-14,4,Scheduled,Heart Disease,Recovered
A104953,P12376,44,9,2025-12-03,2025-12-06,3,Scheduled,Cancer,Recovered
A104954,P10011,15,3,2024-08-05,2024-08-13,8,Referral,Hypertension,Recovered
A104955,P14952,3,1,2025-03-04,2025-03-12,8,Scheduled,Heart Disease,Recovered
A104956,P12302,1,1,2025-05-16,2025-05-21,5,Scheduled,Cancer,Follow-up Required
A104957,P11590,24,5,2025-10-27,2025-10-30,3,Scheduled,Diabetes,Recovered
A104958,P11502,12,3,2025-08-16,2025-08-26,10,Emergency,Infection,Follow-up Required
A104959,P10129,45,9,2024-08-08,2024-08-10,2,Emergency,Fracture,Deceased
A104960,P13604,14,3,2025-03-10,2025-03-11,1,Scheduled,Asthma,Transferred
A104961,P14196,42,9,2024-10-06,2024-10-13,7,Emergency,Skin Disorder,Follow-up Required
A104962,P10290,20,4,2025-09-14,2025-09-19,5,Referral,Cancer,Recovered
A104963,P11677,14,3,2024-04-01,2024-04-04,3,Emergency,Fracture,Recovered
A104964,P11845,14,3,2025-06-07,2025-06-13,6,Scheduled,Infection,Recovered
A104965,P13636,45,9,2024-05-18,2024-05-25,7,Scheduled,Heart Disease,Recovered
A104966,P12694,35,7,2025-10-28,2025-11-05,8,Scheduled,Skin Disorder,Recovered
A104967,P11828,19,4,2024-01-23,2024-01-26,3,Scheduled,Diabetes,Recovered
A104968,P14761,20,4,2025-02-20,2025-02-21,1,Scheduled,Asthma,Recovered
A104969,P11371,42,9,2024-12-13,2024-12-17,4,Referral,Migraine,Transferred
A104970,P14794,44,9,2024-08-24,2024-09-01,8,Emergency,Fracture,Recovered
A104971,P13823,23,5,2024-07-01,2024-07-03,2,Scheduled,Diabetes,Recovered
A104972,P10183,34,7,2025-05-22,2025-05-26,4,Referral,Skin Disorder,Recovered
A104973,P10351,1,1,2024-07-16,2024-07-19,3,Emergency,Migraine,Recovered
A104974,P13587,4,1,2025-11-12,2025-11-13,1,Referral,Hypertension,Follow-up Required
A104975,P11402,40,8,2024-05-02,2024-05-12,10,Scheduled,Migraine,Recovered
A104976,P12756,17,4,2025-06-29,2025-07-01,2,Scheduled,Infection,Recovered
A104977,P14774,26,6,2025-01-15,2025-01-22,7,Scheduled,Heart Disease,Follow-up Required
A104978,P12850,14,3,2025-05-29,2025-06-01,3,Referral,Infection,Recovered
A104979,P14436,46,10,2024-01-06,2024-01-09,3,Emergency,Asthma,Follow-up Required
A104980,P13213,32,7,2024-10-30,2024-11-11,12,Scheduled,Infection,Recovered
A104981,P14207,36,8,2025-09-05,2025-09-11,6,Scheduled,Skin Disorder,Recovered
A104982,P13968,20,4,2024-07-10,2024-07-16,6,Referral,Diabetes,Recovered
A104983,P13928,16,4,2025-01-10,2025-01-17,7,Emergency,Diabetes,Follow-up Required
A104984,P13430,19,4,2025-06-08,2025-06-11,3,Emergency,Hypertension,Follow-up Required
A104985,P13489,45,9,2024-02-05,2024-02-10,5,Referral,Diabetes,Follow-up Required
A104986,P11896,39,8,2024-03-10,2024-03-13,3,Scheduled,Heart Disease,Recovered
A104987,P12909,24,5,2024-10-15,2024-10-23,8,Emergency,Infection,Follow-up Required
A104988,P11412,14,3,2024-04-14,2024-04-19,5,Emergency,Heart Disease,Recovered
A104989,P13383,29,6,2025-12-16,2025-12-19,3,Scheduled,Cancer,Recovered
A104990,P11944,42,9,2024-11-08,2024-11-18,10,Scheduled,Heart Disease,Recovered
A104991,P14000,14,3,2024-02-24,2024-02-29,5,Referral,Diabetes,Follow-up Required
A104992,P13119,11,3,2024-04-16,2024-04-20,4,Emergency,ENT Infection,Recovered
A104993,P10656,11,3,2025-10-14,2025-10-15,1,Referral,ENT Infection,Follow-up Required
A104994,P10350,47,10,2024-11-02,2024-11-12,10,Referral,Fracture,Follow-up Required
A104995,P13999,40,8,2024-02-05,2024-02-17,12,Scheduled,Fracture,Recovered
A104996,P11144,24,5,2024-05-12,2024-05-17,5,Emergency,Migraine,Recovered
A104997,P10398,22,5,2024-01-25,2024-01-29,4,Referral,Migraine,Follow-up Required
A104998,P10646,49,10,2024-02-06,2024-02-09,3,Emergency,Heart Disease,Recovered
A104999,P14509,21,5,2024-01-19,2024-01-22,3,Scheduled,Hypertension,Recovered
A105000,P14133,6,2,2024-02-04,2024-02-09,5,Scheduled,Cancer,Recovered
A105001,P12235,14,3,2024-12-28,2024-12-30,2,Referral,ENT Infection,Recovered
A105002,P14516,9,2,2025-02-21,2025-03-03,10,Scheduled,Diabetes,Recovered
A105003,P12773,35,7,2025-03-05,2025-03-07,2,Scheduled,Migraine,Follow-up Required
A105004,P11484,44,9,2025-06-01,2025-06-07,6,Referral,Diabetes,Recovered
A105005,P12235,36,8,2025-04-11,2025-04-14,3,Referral,Asthma,Recovered
A105006,P11984,25,5,2024-07-17,2024-07-19,2,Scheduled,Infection,Recovered
A105007,P11963,15,3,2025-06-29,2025-07-04,5,Scheduled,Infection,Recovered
A105008,P10810,45,9,2025-07-21,2025-07-28,7,Referral,Hypertension,Follow-up Required
A105009,P13197,28,6,2024-07-29,2024-08-04,6,Referral,Skin Disorder,Recovered
A105010,P14416,50,10,2025-08-31,2025-09-02,2,Emergency,Hypertension,Recovered
A105011,P10514,14,3,2025-05-15,2025-05-18,3,Scheduled,Cancer,Recovered
A105012,P10334,13,3,2024-08-28,2024-09-05,8,Emergency,Hypertension,Follow-up Required
A105013,P12513,41,9,2024-06-18,2024-06-24,6,Scheduled,Heart Disease,Recovered
A105014,P14096,31,7,2024-10-20,2024-10-26,6,Referral,ENT Infection,Transferred
A105015,P14820,5,1,2024-11-10,2024-11-13,3,Emergency,Fracture,Follow-up Required
A105016,P10008,19,4,2024-05-06,2024-05-13,7,Emergency,Skin Disorder,Follow-up Required
A105017,P12004,8,2,2025-04-12,2025-04-15,3,Scheduled,Cancer,Recovered
A105018,P14260,13,3,2025-01-01,2025-01-05,4,Referral,Migraine,Recovered
A105019,P14877,41,9,2024-01-21,2024-01-24,3,Scheduled,Fracture,Recovered
A105020,P12129,17,4,2024-11-11,2024-11-13,2,Emergency,ENT Infection,Recovered
A105021,P11299,32,7,2024-03-30,2024-04-03,4,Emergency,Skin Disorder,Deceased
A105022,P12947,5,1,2025-02-07,2025-02-08,1,Scheduled,Hypertension,Recovered
A105023,P11845,9,2,2025-06-01,2025-06-05,4,Scheduled,Asthma,Recovered
A105024,P13612,43,9,2025-03-26,2025-04-01,6,Scheduled,Cancer,Follow-up Required
A105025,P13066,34,7,2025-08-31,2025-09-14,14,Scheduled,Infection,Recovered
A105026,P11103,45,9,2024-05-29,2024-05-30,1,Scheduled,Cancer,Recovered
A105027,P10680,1,1,2025-03-21,2025-03-24,3,Scheduled,Heart Disease,Deceased
A105028,P14534,40,8,2024-03-20,2024-03-24,4,Referral,Migraine,Recovered
A105029,P13370,15,3,2024-01-17,2024-01-19,2,Referral,Hypertension,Follow-up Required
A105030,P14048,32,7,2024-05-17,2024-05-19,2,Emergency,Cancer,Recovered
A105031,P12824,34,7,2025-10-13,2025-10-17,4,Scheduled,Diabetes,Recovered
A105032,P10010,35,7,2025-05-22,2025-05-27,5,Scheduled,ENT Infection,Recovered
A105033,P14254,49,10,2025-07-05,2025-07-12,7,Emergency,Heart Disease,Recovered
A105034,P12832,50,10,2025-11-10,2025-11-30,20,Scheduled,ENT Infection,Recovered
A105035,P13948,28,6,2024-03-14,2024-03-21,7,Scheduled,Diabetes,Recovered
A105036,P14217,17,4,2024-03-14,2024-03-16,2,Scheduled,Hypertension,Recovered
A105037,P12187,46,10,2024-02-19,2024-02-25,6,Emergency,Diabetes,Recovered
A105038,P10674,11,3,2024-01-10,2024-01-15,5,Emergency,ENT Infection,Follow-up Required
A105039,P12028,23,5,2024-04-12,2024-04-16,4,Emergency,Diabetes,Follow-up Required
A105040,P11457,26,6,2025-01-22,2025-02-03,12,Scheduled,Asthma,Recovered
A105041,P10044,46,10,2025-01-19,2025-01-25,6,Referral,Fracture,Recovered
A105042,P14912,5,1,2024-10-25,2024-10-31,6,Scheduled,ENT Infection,Transferred
A105043,P14194,26,6,2024-12-04,2024-12-05,1,Scheduled,Fracture,Recovered
A105044,P13610,6,2,2025-01-23,2025-01-31,8,Emergency,Hypertension,Recovered
A105045,P11895,43,9,2025-04-18,2025-04-25,7,Scheduled,ENT Infection,Follow-up Required
A105046,P13782,34,7,2025-09-07,2025-09-10,3,Scheduled,Diabetes,Recovered
A105047,P12287,42,9,2024-05-21,2024-05-24,3,Emergency,Heart Disease,Recovered
A105048,P14571,13,3,2024-06-18,2024-06-19,1,Scheduled,Skin Disorder,Recovered
A105049,P12572,25,5,2024-01-13,2024-01-14,1,Emergency,Migraine,Transferred
A105050,P11416,2,1,2025-10-30,2025-11-05,6,Scheduled,Fracture,Recovered
A105051,P10009,14,3,2025-03-24,2025-03-26,2,Scheduled,ENT Infection,Recovered
A105052,P11863,17,4,2024-06-22,2024-07-02,10,Referral,Heart Disease,Recovered
A105053,P11234,41,9,2025-11-04,2025-11-12,8,Emergency,ENT Infection,Recovered
A105054,P13126,40,8,2024-05-11,2024-05-14,3,Emergency,Hypertension,Recovered
A105055,P14712,40,8,2025-06-23,2025-06-26,3,Referral,Hypertension,Recovered
A105056,P12458,39,8,2025-08-17,2025-08-20,3,Emergency,ENT Infection,Follow-up Required
A105057,P10010,25,5,2024-09-25,2024-09-26,1,Scheduled,Cancer,Follow-up Required
A105058,P13005,27,6,2024-09-07,2024-09-08,1,Scheduled,ENT Infection,Follow-up Required
A105059,P14648,48,10,2025-01-04,2025-01-08,4,Scheduled,Skin Disorder,Recovered
A105060,P14976,24,5,2025-09-09,2025-09-21,12,Scheduled,Heart Disease,Recovered
A105061,P10268,49,10,2025-06-09,2025-06-19,10,Scheduled,Skin Disorder,Recovered
A105062,P13862,33,7,2025-08-14,2025-08-21,7,Emergency,Cancer,Recovered
A105063,P12715,27,6,2025-05-20,2025-05-25,5,Referral,Hypertension,Follow-up Required
A105064,P14547,45,9,2025-11-02,2025-11-10,8,Scheduled,Asthma,Recovered
A105065,P12642,31,7,2024-06-26,2024-06-30,4,Scheduled,Skin Disorder,Follow-up Required
A105066,P13807,48,10,2025-10-28,2025-10-30,2,Scheduled,Fracture,Recovered
A105067,P11392,38,8,2025-06-30,2025-07-06,6,Referral,Skin Disorder,Recovered
A105068,P11083,15,3,2024-09-15,2024-09-25,10,Referral,Diabetes,Recovered
A105069,P10294,44,9,2024-09-16,2024-09-17,1,Emergency,ENT Infection,Recovered
A105070,P14080,40,8,2024-05-14,2024-05-17,3,Scheduled,Skin Disorder,Recovered
A105071,P12836,1,1,2025-04-05,2025-04-08,3,Scheduled,Hypertension,Recovered
A105072,P14965,11,3,2025-05-03,2025-05-04,1,Referral,Fracture,Recovered
A105073,P14206,15,3,2025-10-04,2025-10-06,2,Emergency,Migraine,Recovered
A105074,P12155,33,7,2024-03-21,2024-03-24,3,Scheduled,Diabetes,Recovered
A105075,P12345,48,10,2025-01-01,2025-01-13,12,Scheduled,Asthma,Recovered
A105076,P13924,32,7,2024-02-28,2024-03-07,8,Scheduled,Cancer,Follow-up Required
A105077,P11855,25,5,2024-03-14,2024-03-26,12,Emergency,Diabetes,Recovered
A105078,P13869,39,8,2024-08-26,2024-08-28,2,Emergency,Skin Disorder,Recovered
A105079,P13791,33,7,2024-05-08,2024-05-09,1,Scheduled,Diabetes,Recovered
A105080,P13033,29,6,2025-02-15,2025-02-17,2,Emergency,Hypertension,Recovered
A105081,P10845,34,7,2024-11-10,2024-11-20,10,Emergency,Asthma,Follow-up Required
A105082,P11708,8,2,2025-01-08,2025-01-10,2,Scheduled,Migraine,Transferred
A105083,P12008,11,3,2025-03-12,2025-03-17,5,Referral,ENT Infection,Recovered
A105084,P11274,13,3,2024-05-17,2024-05-19,2,Scheduled,Heart Disease,Recovered
A105085,P14435,5,1,2025-03-30,2025-03-31,1,Scheduled,Heart Disease,Recovered
A105086,P12105,50,10,2025-09-06,2025-09-07,1,Emergency,Cancer,Recovered
A105087,P12968,19,4,2024-01-09,2024-01-15,6,Referral,Fracture,Recovered
A105088,P14243,21,5,2024-08-19,2024-08-21,2,Emergency,Hypertension,Deceased
A105089,P14842,3,1,2025-09-02,2025-09-04,2,Scheduled,Fracture,Recovered
A105090,P11213,26,6,2025-12-30,2026-01-02,3,Emergency,Asthma,Recovered
A105091,P12296,33,7,2025-01-31,2025-02-06,6,Scheduled,Diabetes,Recovered
A105092,P12198,30,6,2025-11-10,2025-11-14,4,Scheduled,Infection,Deceased
A105093,P14810,22,5,2025-07-27,2025-08-08,12,Referral,Hypertension,Follow-up Required
A105094,P13285,5,1,2024-11-13,2024-11-17,4,Emergency,ENT Infection,Recovered
A105095,P12265,19,4,2025-05-21,2025-05-23,2,Referral,Skin Disorder,Recovered
A105096,P11611,9,2,2025-06-05,2025-06-10,5,Scheduled,Diabetes,Recovered
A105097,P11419,24,5,2024-03-27,2024-03-31,4,Scheduled,Skin Disorder,Follow-up Required
A105098,P11787,39,8,2025-12-16,2025-12-23,7,Scheduled,Hypertension,Recovered
A105099,P14400,12,3,2024-11-13,2024-11-25,12,Scheduled,Fracture,Follow-up Required
A105100,P13483,46,10,2024-11-28,2024-12-06,8,Scheduled,Migraine,Recovered
A105101,P11878,48,10,2024-12-25,2024-12-28,3,Emergency,Cancer,Transferred
A105102,P12908,45,9,2024-08-28,2024-08-30,2,Referral,Migraine,Recovered
A105103,P10380,27,6,2024-02-25,2024-03-06,10,Emergency,Hypertension,Recovered
A105104,P13301,50,10,2024-04-19,2024-04-22,3,Referral,Hypertension,Recovered
A105105,P10694,42,9,2024-02-18,2024-02-25,7,Scheduled,Diabetes,Recovered
A105106,P13577,21,5,2024-01-16,2024-02-05,20,Scheduled,Skin Disorder,Transferred
A105107,P14146,38,8,2024-03-13,2024-03-18,5,Emergency,Hypertension,Recovered
A105108,P11448,35,7,2024-07-20,2024-07-24,4,Scheduled,Heart Disease,Recovered
A105109,P12391,32,7,2024-04-02,2024-04-08,6,Scheduled,Cancer,Transferred
A105110,P11756,36,8,2025-10-10,2025-10-12,2,Scheduled,Hypertension,Follow-up Required
A105111,P13085,33,7,2024-02-02,2024-02-06,4,Emergency,Fracture,Recovered
A105112,P11880,43,9,2025-08-22,2025-08-25,3,Scheduled,Cancer,Recovered
A105113,P12810,17,4,2025-02-22,2025-02-24,2,Emergency,Asthma,Follow-up Required
A105114,P10848,5,1,2024-07-21,2024-07-26,5,Emergency,Asthma,Recovered
A105115,P12972,44,9,2025-07-04,2025-07-09,5,Emergency,Hypertension,Recovered
A105116,P14062,20,4,2025-09-17,2025-09-24,7,Scheduled,Infection,Recovered
A105117,P11196,23,5,2025-12-20,2025-12-28,8,Scheduled,Hypertension,Recovered
A105118,P11513,39,8,2024-11-07,2024-11-09,2,Referral,Heart Disease,Recovered
A105119,P13903,4,1,2025-04-13,2025-04-20,7,Scheduled,Hypertension,Follow-up Required
A105120,P13321,26,6,2025-01-28,2025-01-31,3,Scheduled,Cancer,Follow-up Required
A105121,P12458,30,6,2024-07-29,2024-08-03,5,Scheduled,Fracture,Follow-up Required
A105122,P13463,48,10,2025-07-24,2025-08-01,8,Scheduled,Migraine,Follow-up Required
A105123,P13451,47,10,2024-06-04,2024-06-07,3,Scheduled,Hypertension,Follow-up Required
A105124,P10227,46,10,2025-09-25,2025-09-30,5,Scheduled,Hypertension,Recovered
A105125,P11808,29,6,2025-09-23,2025-09-27,4,Emergency,ENT Infection,Follow-up Required
A105126,P14309,34,7,2024-11-17,2024-11-24,7,Emergency,Hypertension,Recovered
A105127,P10419,10,2,2025-03-10,2025-03-16,6,Emergency,Heart Disease,Recovered
A105128,P11876,20,4,2025-07-27,2025-08-03,7,Emergency,Asthma,Follow-up Required
A105129,P13156,24,5,2025-10-31,2025-11-03,3,Scheduled,Migraine,Recovered
A105130,P10919,34,7,2024-02-09,2024-02-15,6,Scheduled,ENT Infection,Follow-up Required
A105131,P14873,37,8,2024-02-09,2024-02-14,5,Scheduled,Infection,Transferred
A105132,P14055,13,3,2025-03-28,2025-04-01,4,Emergency,Hypertension,Recovered
A105133,P13819,23,5,2024-07-08,2024-07-11,3,Scheduled,Cancer,Recovered
A105134,P14272,10,2,2024-01-15,2024-01-18,3,Emergency,Migraine,Recovered
A105135,P12632,22,5,2024-05-03,2024-05-04,1,Emergency,Asthma,Follow-up Required
A105136,P13675,45,9,2024-10-06,2024-10-08,2,Scheduled,Diabetes,Recovered
A105137,P11346,14,3,2024-02-17,2024-02-18,1,Scheduled,Skin Disorder,Recovered
A105138,P14631,25,5,2024-07-07,2024-07-15,8,Scheduled,Heart Disease,Recovered
A105139,P11830,18,4,2024-10-30,2024-11-07,8,Emergency,Migraine,Follow-up Required
A105140,P11664,20,4,2025-07-12,2025-07-20,8,Referral,ENT Infection,Recovered
A105141,P14420,28,6,2025-11-26,2025-12-03,7,Referral,Cancer,Recovered
A105142,P10085,8,2,2024-04-14,2024-04-16,2,Scheduled,Hypertension,Recovered
A105143,P13813,5,1,2025-01-03,2025-01-07,4,Referral,Fracture,Recovered
A105144,P10887,21,5,2025-05-15,2025-05-25,10,Emergency,Migraine,Recovered
A105145,P13340,20,4,2025-04-04,2025-04-11,7,Scheduled,Asthma,Follow-up Required
A105146,P14208,44,9,2024-09-03,2024-09-04,1,Referral,Heart Disease,Follow-up Required
A105147,P12676,16,4,2024-09-20,2024-09-24,4,Scheduled,Fracture,Recovered
A105148,P12798,20,4,2024-07-24,2024-07-25,1,Scheduled,Heart Disease,Recovered
A105149,P14148,25,5,2025-05-21,2025-05-24,3,Emergency,Fracture,Recovered
A105150,P12132,7,2,2025-06-13,2025-06-17,4,Emergency,Infection,Transferred
A105151,P13695,25,5,2024-12-29,2025-01-08,10,Emergency,Skin Disorder,Follow-up Required
A105152,P12760,36,8,2024-12-05,2024-12-11,6,Scheduled,Skin Disorder,Recovered
A105153,P12779,10,2,2025-02-10,2025-02-13,3,Emergency,Migraine,Transferred
A105154,P10741,40,8,2025-03-28,2025-04-01,4,Emergency,Asthma,Recovered
A105155,P12877,16,4,2025-07-31,2025-08-07,7,Scheduled,Skin Disorder,Recovered
A105156,P14521,4,1,2024-05-29,2024-06-01,3,Scheduled,Fracture,Recovered
A105157,P11712,10,2,2024-07-11,2024-07-16,5,Scheduled,Infection,Deceased
A105158,P10056,48,10,2024-05-26,2024-05-29,3,Referral,Heart Disease,Recovered
A105159,P13363,31,7,2025-02-09,2025-02-13,4,Scheduled,Skin Disorder,Recovered
A105160,P12860,12,3,2024-07-01,2024-07-02,1,Scheduled,Skin Disorder,Recovered
A105161,P10807,20,4,2024-04-15,2024-04-23,8,Scheduled,ENT Infection,Recovered
A105162,P13057,32,7,2024-08-23,2024-08-24,1,Emergency,Migraine,Recovered
A105163,P14751,2,1,2025-09-29,2025-10-01,2,Scheduled,Fracture,Recovered
A105164,P11007,11,3,2024-06-27,2024-06-30,3,Scheduled,ENT Infection,Recovered
A105165,P14104,20,4,2025-03-07,2025-03-12,5,Scheduled,ENT Infection,Transferred
A105166,P11782,23,5,2025-02-04,2025-02-10,6,Emergency,Skin Disorder,Transferred
A105167,P10990,13,3,2025-06-08,2025-06-09,1,Emergency,Migraine,Recovered
A105168,P13934,35,7,2025-06-23,2025-06-24,1,Scheduled,Hypertension,Follow-up Required
A105169,P13165,17,4,2024-11-18,2024-11-25,7,Emergency,Diabetes,Follow-up Required
A105170,P13370,10,2,2024-09-17,2024-09-23,6,Referral,ENT Infection,Recovered
A105171,P12079,40,8,2025-09-03,2025-09-11,8,Referral,Infection,Recovered
A105172,P10378,38,8,2025-11-30,2025-12-06,6,Scheduled,Heart Disease,Recovered
A105173,P12378,14,3,2025-02-02,2025-02-09,7,Referral,Hypertension,Recovered
A105174,P10282,19,4,2024-12-02,2024-12-05,3,Scheduled,Skin Disorder,Follow-up Required
A105175,P14735,32,7,2024-10-26,2024-10-31,5,Emergency,Fracture,Recovered
A105176,P12920,33,7,2024-04-28,2024-05-05,7,Scheduled,Heart Disease,Recovered
A105177,P14165,43,9,2025-07-11,2025-07-13,2,Emergency,Migraine,Recovered
A105178,P13595,25,5,2025-02-16,2025-02-20,4,Scheduled,Hypertension,Recovered
A105179,P11839,25,5,2025-08-02,2025-08-08,6,Emergency,Hypertension,Recovered
A105180,P14433,14,3,2025-01-18,2025-01-23,5,Referral,Hypertension,Recovered
A105181,P12893,45,9,2025-04-24,2025-04-30,6,Scheduled,Infection,Follow-up Required
A105182,P10215,44,9,2024-10-31,2024-11-03,3,Emergency,Infection,Follow-up Required
A105183,P14731,38,8,2025-11-13,2025-11-14,1,Referral,Skin Disorder,Recovered
A105184,P14519,36,8,2024-07-14,2024-07-15,1,Referral,Migraine,Recovered
A105185,P12121,24,5,2024-11-28,2024-12-10,12,Referral,Diabetes,Follow-up Required
A105186,P13794,41,9,2024-01-20,2024-02-01,12,Scheduled,Skin Disorder,Recovered
A105187,P12871,39,8,2025-09-14,2025-09-16,2,Scheduled,Fracture,Recovered
A105188,P10786,39,8,2025-10-19,2025-10-21,2,Scheduled,Migraine,Recovered
A105189,P10938,13,3,2025-12-04,2025-12-05,1,Emergency,Hypertension,Recovered
A105190,P11690,2,1,2025-03-08,2025-03-10,2,Emergency,Diabetes,Recovered
A105191,P13712,34,7,2025-03-01,2025-03-04,3,Emergency,Cancer,Transferred
A105192,P11257,15,3,2024-08-16,2024-08-19,3,Scheduled,Diabetes,Recovered
A105193,P13113,48,10,2025-06-07,2025-06-14,7,Scheduled,Cancer,Recovered
A105194,P14535,2,1,2024-08-04,2024-08-10,6,Emergency,Hypertension,Recovered
A105195,P11338,25,5,2025-08-13,2025-08-14,1,Emergency,Skin Disorder,Deceased
A105196,P10270,5,1,2025-01-09,2025-01-15,6,Scheduled,Skin Disorder,Recovered
A105197,P11491,34,7,2024-02-05,2024-02-09,4,Emergency,Skin Disorder,Follow-up Required
A105198,P12122,39,8,2024-01-28,2024-01-30,2,Emergency,Asthma,Recovered
A105199,P11681,5,1,2025-01-06,2025-01-12,6,Scheduled,Diabetes,Recovered
A105200,P14770,43,9,2024-03-26,2024-03-27,1,Emergency,Hypertension,Follow-up Required
A105201,P13854,8,2,2024-07-06,2024-07-08,2,Referral,Asthma,Follow-up Required
A105202,P10410,49,10,2024-10-31,2024-11-02,2,Scheduled,Fracture,Follow-up Required
A105203,P11442,14,3,2025-02-25,2025-03-09,12,Scheduled,Cancer,Recovered
A105204,P12259,29,6,2024-03-20,2024-03-26,6,Emergency,Cancer,Follow-up Required
A105205,P10792,30,6,2024-07-04,2024-07-08,4,Scheduled,Diabetes,Recovered
A105206,P10360,37,8,2024-01-05,2024-01-12,7,Scheduled,Diabetes,Recovered
A105207,P14678,4,1,2025-07-11,2025-07-13,2,Referral,Fracture,Recovered
A105208,P10423,35,7,2025-05-11,2025-05-23,12,Scheduled,Skin Disorder,Recovered
A105209,P10121,7,2,2025-05-23,2025-05-29,6,Scheduled,Asthma,Recovered
A105210,P12221,26,6,2025-09-05,2025-09-10,5,Emergency,Infection,Recovered
A105211,P14130,32,7,2024-01-02,2024-01-09,7,Scheduled,Heart Disease,Deceased
A105212,P12966,43,9,2024-08-04,2024-08-09,5,Emergency,Infection,Recovered
A105213,P10071,33,7,2025-06-20,2025-06-28,8,Emergency,Heart Disease,Recovered
A105214,P14641,24,5,2024-09-13,2024-09-20,7,Scheduled,Diabetes,Follow-up Required
A105215,P13693,50,10,2025-03-28,2025-03-30,2,Emergency,Diabetes,Recovered
A105216,P14631,1,1,2025-02-27,2025-03-01,2,Scheduled,Skin Disorder,Recovered
A105217,P13730,29,6,2024-11-19,2024-11-20,1,Referral,Infection,Recovered
A105218,P10014,48,10,2025-05-13,2025-05-15,2,Scheduled,Migraine,Recovered
A105219,P13901,45,9,2025-08-03,2025-08-06,3,Emergency,Heart Disease,Recovered
A105220,P13620,38,8,2024-07-15,2024-07-16,1,Emergency,Cancer,Follow-up Required
A105221,P10271,38,8,2025-05-18,2025-05-21,3,Scheduled,Diabetes,Recovered
A105222,P13125,21,5,2024-09-28,2024-10-05,7,Scheduled,Heart Disease,Follow-up Required
A105223,P11584,23,5,2025-11-24,2025-12-02,8,Scheduled,Migraine,Transferred
A105224,P14559,46,10,2024-01-18,2024-01-19,1,Scheduled,Hypertension,Recovered
A105225,P10523,5,1,2024-04-16,2024-04-17,1,Scheduled,Asthma,Follow-up Required
A105226,P12818,30,6,2025-06-12,2025-06-14,2,Emergency,Diabetes,Recovered
A105227,P14951,40,8,2024-05-04,2024-05-12,8,Scheduled,Infection,Recovered
A105228,P12840,18,4,2025-04-27,2025-05-01,4,Referral,Infection,Follow-up Required
A105229,P10443,6,2,2025-08-16,2025-08-30,14,Emergency,Hypertension,Recovered
A105230,P12084,5,1,2024-01-04,2024-01-12,8,Scheduled,Fracture,Recovered
A105231,P12928,42,9,2025-09-18,2025-09-28,10,Scheduled,Hypertension,Recovered
A105232,P11222,18,4,2024-12-16,2024-12-18,2,Scheduled,ENT Infection,Follow-up Required
A105233,P13450,13,3,2024-12-16,2024-12-20,4,Scheduled,Infection,Recovered
A105234,P12441,20,4,2025-10-10,2025-10-30,20,Referral,Migraine,Recovered
A105235,P12363,38,8,2024-08-15,2024-08-17,2,Scheduled,Cancer,Follow-up Required
A105236,P14504,21,5,2024-01-16,2024-01-21,5,Scheduled,Hypertension,Recovered
A105237,P10895,4,1,2025-02-28,2025-03-03,3,Scheduled,ENT Infection,Recovered
A105238,P13903,13,3,2025-04-08,2025-04-11,3,Referral,Fracture,Recovered
A105239,P12254,18,4,2025-12-24,2026-01-03,10,Referral,Skin Disorder,Recovered
A105240,P12011,13,3,2024-09-02,2024-09-07,5,Referral,ENT Infection,Recovered
A105241,P14994,13,3,2024-06-25,2024-07-02,7,Emergency,Hypertension,Recovered
A105242,P14191,39,8,2025-06-26,2025-07-02,6,Emergency,Heart Disease,Recovered
A105243,P14636,37,8,2025-05-23,2025-05-27,4,Scheduled,Diabetes,Recovered
A105244,P13216,35,7,2025-07-15,2025-07-22,7,Emergency,Skin Disorder,Recovered
A105245,P14605,38,8,2025-10-16,2025-10-30,14,Scheduled,ENT Infection,Recovered
A105246,P12561,40,8,2025-07-17,2025-07-31,14,Emergency,Migraine,Follow-up Required
A105247,P12847,27,6,2024-08-20,2024-08-27,7,Scheduled,Asthma,Follow-up Required
A105248,P11046,26,6,2025-11-08,2025-11-12,4,Scheduled,Cancer,Recovered
A105249,P14834,12,3,2024-02-07,2024-02-09,2,Scheduled,Skin Disorder,Recovered
A105250,P12935,2,1,2025-05-05,2025-05-06,1,Emergency,Cancer,Recovered
A105251,P10471,43,9,2025-03-19,2025-03-21,2,Referral,Cancer,Follow-up Required
A105252,P14380,20,4,2024-01-20,2024-01-23,3,Scheduled,Hypertension,Recovered
A105253,P10372,35,7,2025-09-02,2025-09-04,2,Scheduled,ENT Infection,Follow-up Required
A105254,P13404,10,2,2025-12-27,2025-12-29,2,Scheduled,Hypertension,Recovered
A105255,P11404,8,2,2025-07-09,2025-07-10,1,Scheduled,Cancer,Recovered
A105256,P14603,40,8,2024-04-20,2024-04-24,4,Scheduled,Hypertension,Transferred
A105257,P13947,46,10,2025-05-01,2025-05-03,2,Emergency,Migraine,Recovered
A105258,P14076,36,8,2024-03-29,2024-04-04,6,Referral,Fracture,Recovered
A105259,P14674,31,7,2024-11-14,2024-11-17,3,Scheduled,Migraine,Recovered
A105260,P12521,15,3,2024-04-27,2024-05-03,6,Scheduled,Cancer,Recovered
A105261,P11008,42,9,2025-03-09,2025-03-17,8,Emergency,ENT Infection,Recovered
A105262,P13347,18,4,2024-08-26,2024-08-27,1,Scheduled,Cancer,Transferred
A105263,P10668,15,3,2024-03-12,2024-04-01,20,Emergency,Fracture,Recovered
A105264,P11447,19,4,2025-02-02,2025-02-07,5,Scheduled,Cancer,Recovered
A105265,P13967,24,5,2025-02-07,2025-02-08,1,Referral,ENT Infection,Follow-up Required
A105266,P11908,35,7,2025-11-05,2025-11-08,3,Scheduled,Migraine,Recovered
A105267,P12368,2,1,2024-09-07,2024-09-15,8,Scheduled,Fracture,Recovered
A105268,P12106,13,3,2024-07-13,2024-07-18,5,Scheduled,Infection,Recovered
A105269,P14369,45,9,2025-07-25,2025-07-28,3,Scheduled,Heart Disease,Recovered
A105270,P13030,9,2,2025-09-01,2025-09-13,12,Emergency,Migraine,Follow-up Required
A105271,P10041,35,7,2025-08-07,2025-08-14,7,Emergency,Migraine,Recovered
A105272,P14834,2,1,2024-08-09,2024-08-15,6,Scheduled,Migraine,Recovered
A105273,P14805,46,10,2025-09-22,2025-09-30,8,Referral,Diabetes,Follow-up Required
A105274,P10126,16,4,2024-06-30,2024-07-07,7,Scheduled,ENT Infection,Recovered
A105275,P10778,46,10,2025-12-30,2026-01-02,3,Scheduled,Infection,Recovered
A105276,P10836,36,8,2024-09-12,2024-09-17,5,Scheduled,ENT Infection,Recovered
A105277,P10879,2,1,2024-03-28,2024-04-05,8,Referral,Infection,Follow-up Required
A105278,P14490,16,4,2025-05-06,2025-05-08,2,Scheduled,Cancer,Recovered
A105279,P14924,8,2,2024-12-01,2024-12-03,2,Scheduled,Infection,Recovered
A105280,P10837,1,1,2025-06-21,2025-06-23,2,Emergency,Hypertension,Follow-up Required
A105281,P10525,18,4,2025-02-10,2025-02-12,2,Scheduled,Skin Disorder,Recovered
A105282,P11252,41,9,2025-09-24,2025-09-26,2,Emergency,Fracture,Recovered
A105283,P14242,26,6,2024-10-15,2024-10-23,8,Referral,Hypertension,Recovered
A105284,P10735,44,9,2024-12-27,2025-01-03,7,Scheduled,ENT Infection,Recovered
A105285,P10169,5,1,2025-03-16,2025-03-18,2,Scheduled,Diabetes,Recovered
A105286,P11149,21,5,2024-01-30,2024-02-05,6,Referral,Cancer,Recovered
A105287,P10300,35,7,2025-12-14,2025-12-19,5,Referral,Cancer,Recovered
A105288,P13322,40,8,2025-07-01,2025-07-04,3,Scheduled,Skin Disorder,Recovered
A105289,P10522,28,6,2025-09-28,2025-09-30,2,Emergency,Skin Disorder,Recovered
A105290,P10618,26,6,2024-08-10,2024-08-13,3,Emergency,ENT Infection,Recovered
A105291,P13585,32,7,2024-05-03,2024-05-09,6,Emergency,Cancer,Recovered
A105292,P11718,48,10,2025-11-13,2025-11-16,3,Scheduled,Fracture,Recovered
A105293,P14602,50,10,2025-11-23,2025-11-26,3,Scheduled,ENT Infection,Transferred
A105294,P10302,44,9,2024-08-02,2024-08-03,1,Emergency,Infection,Follow-up Required
A105295,P10653,44,9,2024-04-27,2024-05-07,10,Scheduled,Skin Disorder,Transferred
A105296,P13302,21,5,2024-08-14,2024-08-21,7,Emergency,Asthma,Recovered
A105297,P14160,4,1,2025-03-19,2025-03-23,4,Scheduled,Asthma,Recovered
A105298,P12638,42,9,2025-07-02,2025-07-14,12,Scheduled,Hypertension,Recovered
A105299,P12280,41,9,2025-08-30,2025-09-02,3,Scheduled,ENT Infection,Recovered
A105300,P11623,36,8,2025-09-23,2025-09-29,6,Referral,Skin Disorder,Recovered
A105301,P14415,24,5,2025-03-12,2025-03-15,3,Scheduled,Diabetes,Recovered
A105302,P11682,33,7,2024-01-12,2024-01-15,3,Emergency,Heart Disease,Recovered
A105303,P14925,5,1,2024-05-01,2024-05-09,8,Emergency,Migraine,Recovered
A105304,P10092,3,1,2025-06-30,2025-07-07,7,Scheduled,Migraine,Recovered
A105305,P13707,11,3,2025-05-03,2025-05-06,3,Referral,Migraine,Recovered
A105306,P10961,45,9,2024-09-07,2024-09-08,1,Referral,Fracture,Recovered
A105307,P14160,32,7,2025-08-01,2025-08-04,3,Referral,Migraine,Recovered
A105308,P10844,22,5,2025-04-26,2025-05-03,7,Scheduled,Heart Disease,Recovered
A105309,P10219,11,3,2025-07-03,2025-07-05,2,Scheduled,Hypertension,Recovered
A105310,P10704,38,8,2024-10-06,2024-10-12,6,Scheduled,Infection,Recovered
A105311,P14715,22,5,2024-12-02,2024-12-10,8,Scheduled,ENT Infection,Recovered
A105312,P10247,4,1,2024-06-16,2024-06-18,2,Emergency,Diabetes,Recovered
A105313,P14038,39,8,2024-11-23,2024-12-01,8,Emergency,Cancer,Recovered
A105314,P10057,3,1,2024-09-02,2024-09-03,1,Scheduled,Hypertension,Follow-up Required
A105315,P13960,10,2,2025-08-13,2025-08-19,6,Emergency,Asthma,Recovered
A105316,P14853,37,8,2025-09-17,2025-09-24,7,Referral,Hypertension,Follow-up Required
A105317,P11859,19,4,2024-10-27,2024-10-31,4,Scheduled,Cancer,Recovered
A105318,P11913,18,4,2025-12-29,2025-12-31,2,Scheduled,Diabetes,Follow-up Required
A105319,P14222,28,6,2024-07-18,2024-07-28,10,Emergency,Cancer,Follow-up Required
A105320,P10267,31,7,2025-05-14,2025-05-15,1,Scheduled,Fracture,Follow-up Required
A105321,P13483,17,4,2024-01-13,2024-01-18,5,Scheduled,Heart Disease,Recovered
A105322,P11681,24,5,2024-12-31,2025-01-03,3,Scheduled,Diabetes,Recovered
A105323,P13194,1,1,2025-12-19,2025-12-23,4,Scheduled,Fracture,Recovered
A105324,P11532,5,1,2024-04-06,2024-04-11,5,Referral,ENT Infection,Recovered
A105325,P12007,32,7,2024-03-11,2024-03-16,5,Scheduled,ENT Infection,Follow-up Required
A105326,P14706,17,4,2024-12-22,2024-12-24,2,Scheduled,Diabetes,Follow-up Required
A105327,P14565,21,5,2025-06-27,2025-07-03,6,Emergency,Heart Disease,Follow-up Required
A105328,P14897,41,9,2024-09-06,2024-09-07,1,Scheduled,Diabetes,Recovered
A105329,P14229,43,9,2024-09-10,2024-09-11,1,Referral,Diabetes,Recovered
A105330,P13451,22,5,2024-06-30,2024-07-04,4,Referral,ENT Infection,Recovered
A105331,P11020,39,8,2024-06-14,2024-06-19,5,Emergency,Skin Disorder,Recovered
A105332,P10318,39,8,2024-01-04,2024-01-07,3,Scheduled,Hypertension,Recovered
A105333,P11601,34,7,2025-04-07,2025-04-12,5,Emergency,Heart Disease,Recovered
A105334,P10711,14,3,2024-05-24,2024-05-28,4,Scheduled,Hypertension,Follow-up Required
A105335,P13197,16,4,2024-06-13,2024-06-16,3,Referral,Heart Disease,Follow-up Required
A105336,P10451,5,1,2024-12-09,2024-12-15,6,Scheduled,Hypertension,Recovered
A105337,P11882,18,4,2024-04-14,2024-04-26,12,Scheduled,Skin Disorder,Recovered
A105338,P11744,4,1,2025-07-01,2025-07-05,4,Emergency,Migraine,Recovered
A105339,P11324,44,9,2024-11-09,2024-11-16,7,Emergency,Fracture,Recovered
A105340,P13561,28,6,2024-06-17,2024-06-20,3,Referral,Cancer,Recovered
A105341,P12681,45,9,2025-06-03,2025-06-10,7,Referral,Hypertension,Recovered
A105342,P14238,27,6,2025-08-20,2025-08-25,5,Referral,Skin Disorder,Recovered
A105343,P13052,6,2,2025-03-11,2025-03-16,5,Emergency,Diabetes,Deceased
A105344,P14665,11,3,2025-08-31,2025-09-10,10,Scheduled,Cancer,Recovered
A105345,P12352,47,10,2025-05-26,2025-05-28,2,Emergency,Infection,Deceased
A105346,P12705,21,5,2025-02-12,2025-02-15,3,Emergency,ENT Infection,Recovered
A105347,P12641,17,4,2025-03-11,2025-03-12,1,Scheduled,Diabetes,Recovered
A105348,P14126,31,7,2024-11-10,2024-11-16,6,Scheduled,ENT Infection,Deceased
A105349,P13449,34,7,2025-06-25,2025-07-03,8,Emergency,ENT Infection,Recovered
A105350,P10695,13,3,2025-09-04,2025-09-08,4,Emergency,Asthma,Recovered
A105351,P14254,23,5,2025-08-01,2025-08-04,3,Scheduled,Migraine,Recovered
A105352,P12194,1,1,2024-03-03,2024-03-09,6,Emergency,Infection,Follow-up Required
A105353,P10340,4,1,2024-02-01,2024-02-02,1,Emergency,Diabetes,Transferred
A105354,P11769,30,6,2025-08-21,2025-08-24,3,Scheduled,ENT Infection,Recovered
A105355,P10092,31,7,2024-07-29,2024-08-01,3,Emergency,Skin Disorder,Follow-up Required
A105356,P14425,47,10,2025-04-07,2025-04-11,4,Scheduled,Heart Disease,Transferred
A105357,P10172,16,4,2025-07-16,2025-07-20,4,Referral,Hypertension,Recovered
A105358,P12750,43,9,2025-07-28,2025-07-30,2,Emergency,Cancer,Recovered
A105359,P13103,3,1,2024-03-20,2024-03-25,5,Referral,Infection,Deceased
A105360,P10621,12,3,2024-12-08,2024-12-18,10,Emergency,Infection,Recovered
A105361,P10989,12,3,2024-08-19,2024-08-20,1,Emergency,Fracture,Recovered
A105362,P10077,11,3,2025-09-04,2025-09-10,6,Scheduled,ENT Infection,Recovered
A105363,P12199,16,4,2024-05-08,2024-05-13,5,Scheduled,Heart Disease,Recovered
A105364,P14238,29,6,2024-01-19,2024-01-29,10,Scheduled,Skin Disorder,Follow-up Required
A105365,P10231,21,5,2024-12-22,2024-12-27,5,Emergency,Heart Disease,Recovered
A105366,P12176,45,9,2025-02-22,2025-02-27,5,Scheduled,Infection,Recovered
A105367,P12908,44,9,2025-08-28,2025-09-04,7,Referral,Infection,Recovered
A105368,P12545,42,9,2024-03-21,2024-03-24,3,Referral,ENT Infection,Recovered
A105369,P13613,43,9,2025-09-06,2025-09-11,5,Scheduled,Infection,Recovered
A105370,P12858,50,10,2025-10-27,2025-10-31,4,Scheduled,Hypertension,Recovered
A105371,P11554,5,1,2024-04-27,2024-05-01,4,Referral,ENT Infection,Recovered
A105372,P14365,13,3,2025-05-08,2025-05-09,1,Scheduled,Diabetes,Recovered
A105373,P12666,17,4,2025-05-06,2025-05-09,3,Referral,Diabetes,Recovered
A105374,P13741,12,3,2024-08-12,2024-08-15,3,Referral,Heart Disease,Follow-up Required
A105375,P10962,17,4,2025-02-22,2025-02-28,6,Scheduled,Fracture,Recovered
A105376,P11628,1,1,2024-05-16,2024-05-26,10,Scheduled,Hypertension,Recovered
A105377,P11968,8,2,2024-08-13,2024-08-15,2,Scheduled,Migraine,Follow-up Required
A105378,P13332,16,4,2024-11-29,2024-11-30,1,Referral,Hypertension,Recovered
A105379,P11075,15,3,2024-08-16,2024-09-05,20,Emergency,Infection,Recovered
A105380,P13205,19,4,2024-11-18,2024-11-24,6,Emergency,Infection,Follow-up Required
A105381,P11029,25,5,2024-04-17,2024-04-25,8,Emergency,Diabetes,Recovered
A105382,P10648,31,7,2025-03-20,2025-03-22,2,Referral,Fracture,Recovered
A105383,P14834,42,9,2024-01-07,2024-01-14,7,Scheduled,Skin Disorder,Recovered
A105384,P13163,2,1,2024-05-07,2024-05-14,7,Emergency,Hypertension,Deceased
A105385,P14916,25,5,2024-12-18,2024-12-20,2,Emergency,ENT Infection,Follow-up Required
A105386,P10903,31,7,2024-09-23,2024-09-25,2,Scheduled,Asthma,Recovered
A105387,P14068,4,1,2025-11-15,2025-11-18,3,Scheduled,ENT Infection,Recovered
A105388,P11504,4,1,2024-08-01,2024-08-03,2,Emergency,Hypertension,Recovered
A105389,P12863,12,3,2024-09-03,2024-09-17,14,Referral,Asthma,Recovered
A105390,P14479,17,4,2025-09-09,2025-09-12,3,Scheduled,Hypertension,Recovered
A105391,P12898,21,5,2025-08-17,2025-08-24,7,Scheduled,Heart Disease,Recovered
A105392,P11346,29,6,2025-01-08,2025-01-15,7,Referral,Fracture,Follow-up Required
A105393,P10490,22,5,2025-02-24,2025-02-27,3,Emergency,ENT Infection,Follow-up Required
A105394,P10426,36,8,2025-12-15,2025-12-21,6,Scheduled,Migraine,Recovered
A105395,P12732,40,8,2024-02-10,2024-02-12,2,Scheduled,Infection,Recovered
A105396,P13992,16,4,2025-12-17,2025-12-21,4,Referral,Diabetes,Recovered
A105397,P11408,15,3,2024-12-13,2024-12-27,14,Emergency,Asthma,Recovered
A105398,P10423,30,6,2025-07-14,2025-07-16,2,Scheduled,Fracture,Recovered
A105399,P12956,46,10,2024-05-22,2024-05-25,3,Scheduled,Asthma,Recovered
A105400,P11215,11,3,2024-05-20,2024-05-27,7,Referral,Infection,Recovered
A105401,P13943,13,3,2025-07-18,2025-07-24,6,Referral,Infection,Recovered
A105402,P11801,23,5,2024-04-16,2024-04-21,5,Emergency,Migraine,Recovered
A105403,P14951,40,8,2024-02-02,2024-02-10,8,Emergency,Infection,Recovered
A105404,P14461,41,9,2024-07-18,2024-07-19,1,Emergency,Heart Disease,Recovered
A105405,P12070,34,7,2024-04-28,2024-05-05,7,Scheduled,ENT Infection,Follow-up Required
A105406,P14644,20,4,2024-08-16,2024-08-24,8,Referral,Migraine,Recovered
A105407,P12378,2,1,2025-09-21,2025-09-22,1,Emergency,Migraine,Recovered
A105408,P12104,8,2,2025-11-18,2025-11-23,5,Scheduled,Diabetes,Recovered
A105409,P11272,18,4,2024-07-03,2024-07-06,3,Referral,Fracture,Follow-up Required
A105410,P14357,7,2,2024-08-02,2024-08-03,1,Referral,Diabetes,Recovered
A105411,P13844,43,9,2024-05-09,2024-05-13,4,Scheduled,Skin Disorder,Recovered
A105412,P10435,31,7,2024-09-28,2024-10-03,5,Referral,Skin Disorder,Recovered
A105413,P13599,22,5,2025-09-26,2025-10-06,10,Emergency,Hypertension,Deceased
A105414,P13550,28,6,2024-01-08,2024-01-13,5,Emergency,Diabetes,Transferred
A105415,P13772,25,5,2025-02-06,2025-02-14,8,Emergency,Cancer,Recovered
A105416,P10535,1,1,2025-08-01,2025-08-03,2,Scheduled,Heart Disease,Recovered
A105417,P10381,32,7,2025-09-18,2025-09-20,2,Scheduled,Heart Disease,Follow-up Required
A105418,P12151,25,5,2025-01-03,2025-01-17,14,Scheduled,ENT Infection,Recovered
A105419,P14125,48,10,2025-09-08,2025-09-16,8,Emergency,Asthma,Follow-up Required
A105420,P13926,16,4,2025-06-20,2025-06-22,2,Emergency,Migraine,Follow-up Required
A105421,P13129,29,6,2024-02-22,2024-02-27,5,Emergency,Fracture,Recovered
A105422,P14050,42,9,2024-09-03,2024-09-06,3,Referral,Infection,Transferred
A105423,P10547,24,5,2024-12-02,2024-12-06,4,Referral,Hypertension,Follow-up Required
A105424,P13617,17,4,2024-10-07,2024-10-15,8,Emergency,Hypertension,Recovered
A105425,P14423,42,9,2024-02-02,2024-02-08,6,Emergency,Hypertension,Recovered
A105426,P11752,6,2,2025-07-01,2025-07-03,2,Referral,Cancer,Recovered
A105427,P14825,14,3,2024-12-08,2024-12-11,3,Emergency,Skin Disorder,Recovered
A105428,P13116,26,6,2024-08-26,2024-08-29,3,Referral,Heart Disease,Recovered
A105429,P10219,28,6,2025-05-06,2025-05-13,7,Scheduled,Hypertension,Recovered
A105430,P10126,47,10,2025-12-29,2026-01-02,4,Scheduled,Skin Disorder,Recovered
A105431,P14978,36,8,2024-06-25,2024-07-07,12,Scheduled,Heart Disease,Recovered
A105432,P14415,31,7,2024-02-13,2024-02-20,7,Emergency,Skin Disorder,Transferred
A105433,P11329,27,6,2024-10-30,2024-11-01,2,Emergency,Fracture,Recovered
A105434,P11224,2,1,2025-10-31,2025-11-07,7,Referral,Hypertension,Recovered
A105435,P14181,19,4,2024-09-25,2024-09-29,4,Referral,Migraine,Follow-up Required
A105436,P12771,28,6,2025-11-13,2025-11-16,3,Scheduled,Infection,Recovered
A105437,P11575,45,9,2025-02-03,2025-02-06,3,Referral,Asthma,Deceased
A105438,P11943,44,9,2025-08-25,2025-09-08,14,Referral,Fracture,Recovered
A105439,P13341,21,5,2025-03-06,2025-03-10,4,Emergency,ENT Infection,Transferred
A105440,P14458,45,9,2025-02-24,2025-03-02,6,Scheduled,Cancer,Follow-up Required
A105441,P12415,15,3,2024-05-10,2024-05-14,4,Emergency,ENT Infection,Follow-up Required
A105442,P11255,34,7,2025-02-13,2025-02-16,3,Emergency,ENT Infection,Recovered
A105443,P10988,40,8,2024-08-12,2024-08-19,7,Scheduled,Hypertension,Recovered
A105444,P11849,3,1,2024-05-22,2024-05-30,8,Emergency,Fracture,Recovered
A105445,P13902,1,1,2025-07-31,2025-08-01,1,Emergency,Infection,Follow-up Required
A105446,P14927,24,5,2025-06-23,2025-06-26,3,Scheduled,Asthma,Recovered
A105447,P13720,43,9,2024-05-04,2024-05-08,4,Emergency,Hypertension,Recovered
A105448,P11318,27,6,2024-07-30,2024-08-02,3,Emergency,Migraine,Recovered
A105449,P11372,9,2,2025-03-03,2025-03-10,7,Emergency,Asthma,Recovered
A105450,P14972,24,5,2025-03-12,2025-03-14,2,Referral,ENT Infection,Follow-up Required
A105451,P10361,17,4,2025-08-14,2025-08-21,7,Scheduled,Skin Disorder,Recovered
A105452,P10358,28,6,2024-08-25,2024-08-30,5,Referral,Migraine,Recovered
A105453,P13202,39,8,2025-10-05,2025-10-08,3,Referral,Migraine,Recovered
A105454,P13891,4,1,2024-11-23,2024-11-26,3,Referral,Cancer,Recovered
A105455,P12784,29,6,2024-04-28,2024-04-30,2,Emergency,Asthma,Recovered
A105456,P10064,45,9,2024-02-15,2024-02-18,3,Referral,ENT Infection,Recovered
A105457,P12229,28,6,2024-03-24,2024-03-30,6,Scheduled,Cancer,Transferred
A105458,P12635,37,8,2024-12-17,2024-12-20,3,Emergency,Asthma,Recovered
A105459,P13850,29,6,2024-01-13,2024-01-19,6,Scheduled,Skin Disorder,Recovered
A105460,P13939,44,9,2025-09-28,2025-10-02,4,Emergency,Cancer,Recovered
A105461,P11516,29,6,2024-06-20,2024-06-22,2,Emergency,Cancer,Recovered
A105462,P10580,5,1,2024-08-21,2024-08-25,4,Emergency,Hypertension,Recovered
A105463,P14418,11,3,2024-06-29,2024-07-06,7,Scheduled,Fracture,Recovered
A105464,P12332,2,1,2024-02-20,2024-02-23,3,Referral,Diabetes,Recovered
A105465,P12414,4,1,2025-11-11,2025-11-16,5,Emergency,Infection,Recovered
A105466,P12159,10,2,2025-01-29,2025-01-31,2,Scheduled,ENT Infection,Recovered
A105467,P12126,39,8,2025-03-04,2025-03-06,2,Emergency,Asthma,Recovered
A105468,P13770,44,9,2024-09-30,2024-10-03,3,Scheduled,Infection,Recovered
A105469,P12284,8,2,2024-07-25,2024-07-28,3,Emergency,Migraine,Recovered
A105470,P13767,23,5,2024-05-27,2024-06-03,7,Referral,Heart Disease,Recovered
A105471,P13106,27,6,2024-10-26,2024-10-30,4,Referral,Fracture,Follow-up Required
A105472,P13553,23,5,2025-03-28,2025-03-29,1,Emergency,ENT Infection,Recovered
A105473,P13476,48,10,2025-07-02,2025-07-07,5,Referral,Hypertension,Recovered
A105474,P11839,34,7,2025-11-03,2025-11-07,4,Scheduled,Migraine,Recovered
A105475,P10222,35,7,2025-01-17,2025-01-20,3,Emergency,Asthma,Recovered
A105476,P10896,17,4,2025-09-09,2025-09-16,7,Scheduled,Infection,Recovered
A105477,P13412,47,10,2025-06-17,2025-06-19,2,Referral,Cancer,Recovered
A105478,P13009,50,10,2024-08-20,2024-08-30,10,Scheduled,Migraine,Transferred
A105479,P10985,10,2,2025-09-25,2025-09-28,3,Scheduled,Hypertension,Follow-up Required
A105480,P11633,2,1,2024-05-08,2024-05-12,4,Scheduled,Migraine,Transferred
A105481,P13671,17,4,2025-12-29,2026-01-08,10,Scheduled,Hypertension,Recovered
A105482,P12891,31,7,2025-10-21,2025-10-28,7,Emergency,Cancer,Follow-up Required
A105483,P12044,16,4,2025-07-23,2025-07-24,1,Scheduled,Diabetes,Follow-up Required
A105484,P11409,24,5,2024-08-24,2024-08-29,5,Scheduled,Diabetes,Follow-up Required
A105485,P13873,7,2,2025-08-04,2025-08-07,3,Scheduled,Asthma,Recovered
A105486,P14678,19,4,2025-12-01,2025-12-05,4,Scheduled,Skin Disorder,Recovered
A105487,P11336,16,4,2025-07-28,2025-08-03,6,Emergency,Migraine,Recovered
A105488,P13638,33,7,2025-04-29,2025-05-03,4,Emergency,Asthma,Recovered
A105489,P13459,36,8,2024-08-28,2024-08-29,1,Referral,Heart Disease,Recovered
A105490,P14398,45,9,2025-11-27,2025-12-01,4,Scheduled,Skin Disorder,Follow-up Required
A105491,P13601,10,2,2024-08-10,2024-08-11,1,Scheduled,Fracture,Transferred
A105492,P14887,43,9,2024-04-08,2024-04-11,3,Emergency,Asthma,Follow-up Required
A105493,P11376,15,3,2025-07-10,2025-07-14,4,Emergency,Fracture,Follow-up Required
A105494,P11534,43,9,2024-09-29,2024-10-04,5,Emergency,Asthma,Recovered
A105495,P11953,3,1,2025-02-02,2025-02-06,4,Scheduled,Hypertension,Recovered
A105496,P13258,2,1,2025-05-31,2025-06-02,2,Scheduled,Hypertension,Recovered
A105497,P12992,43,9,2025-03-05,2025-03-17,12,Scheduled,Hypertension,Recovered
A105498,P14691,42,9,2025-06-06,2025-06-12,6,Referral,ENT Infection,Follow-up Required
A105499,P13497,35,7,2024-12-13,2024-12-16,3,Emergency,Diabetes,Transferred
A105500,P14158,27,6,2025-07-04,2025-07-18,14,Emergency,Infection,Recovered
A105501,P13473,5,1,2025-03-26,2025-04-03,8,Emergency,Heart Disease,Follow-up Required
A105502,P12918,15,3,2024-02-11,2024-02-13,2,Scheduled,Hypertension,Recovered
A105503,P11166,36,8,2025-12-15,2025-12-21,6,Referral,Cancer,Recovered
A105504,P14562,49,10,2024-04-03,2024-04-08,5,Referral,Cancer,Follow-up Required
A105505,P12359,33,7,2025-04-30,2025-05-02,2,Scheduled,Fracture,Recovered
A105506,P13239,1,1,2025-05-31,2025-06-02,2,Scheduled,Infection,Recovered
A105507,P14912,12,3,2025-07-17,2025-07-22,5,Referral,Diabetes,Recovered
A105508,P12151,42,9,2024-05-29,2024-06-01,3,Scheduled,Asthma,Recovered
A105509,P12076,41,9,2025-12-17,2025-12-25,8,Emergency,Skin Disorder,Recovered
A105510,P13668,9,2,2025-05-13,2025-05-14,1,Scheduled,Infection,Recovered
A105511,P14604,20,4,2025-01-05,2025-01-15,10,Scheduled,Asthma,Transferred
A105512,P12182,30,6,2025-11-29,2025-12-07,8,Scheduled,ENT Infection,Follow-up Required
A105513,P10059,14,3,2025-04-29,2025-05-05,6,Emergency,Diabetes,Recovered
A105514,P11959,23,5,2025-10-26,2025-10-29,3,Scheduled,Fracture,Follow-up Required
A105515,P10185,29,6,2025-01-17,2025-01-23,6,Scheduled,Asthma,Recovered
A105516,P12620,42,9,2025-09-19,2025-09-23,4,Emergency,Migraine,Follow-up Required
A105517,P11681,35,7,2025-10-22,2025-10-27,5,Scheduled,Migraine,Recovered
A105518,P10578,27,6,2024-07-10,2024-07-13,3,Emergency,Fracture,Follow-up Required
A105519,P13955,49,10,2024-08-08,2024-08-16,8,Scheduled,Cancer,Recovered
A105520,P14278,27,6,2024-02-16,2024-02-17,1,Emergency,Cancer,Recovered
A105521,P10071,30,6,2024-05-06,2024-05-12,6,Referral,Migraine,Follow-up Required
A105522,P10556,3,1,2025-12-27,2026-01-03,7,Emergency,Infection,Recovered
A105523,P10852,12,3,2024-01-07,2024-01-12,5,Scheduled,Diabetes,Follow-up Required
A105524,P11219,47,10,2025-11-26,2025-11-28,2,Emergency,Heart Disease,Recovered
A105525,P13641,31,7,2024-04-25,2024-04-28,3,Emergency,ENT Infection,Recovered
A105526,P11913,37,8,2025-07-17,2025-07-21,4,Scheduled,Skin Disorder,Recovered
A105527,P12731,27,6,2024-12-31,2025-01-03,3,Emergency,Infection,Follow-up Required
A105528,P12366,47,10,2024-02-15,2024-02-16,1,Scheduled,Asthma,Transferred
A105529,P14925,24,5,2025-01-27,2025-01-28,1,Emergency,Infection,Recovered
A105530,P10267,48,10,2024-01-23,2024-01-30,7,Scheduled,Asthma,Follow-up Required
A105531,P13917,41,9,2024-05-10,2024-05-11,1,Scheduled,Diabetes,Recovered
A105532,P14710,40,8,2024-05-06,2024-05-16,10,Referral,Heart Disease,Follow-up Required
A105533,P11401,11,3,2025-03-20,2025-03-24,4,Scheduled,Migraine,Recovered
A105534,P14674,27,6,2024-11-04,2024-11-11,7,Referral,Diabetes,Recovered
A105535,P13694,9,2,2025-12-08,2025-12-10,2,Referral,Heart Disease,Recovered
A105536,P14728,16,4,2025-03-08,2025-03-18,10,Emergency,Infection,Follow-up Required
A105537,P12327,14,3,2025-04-17,2025-04-18,1,Referral,Diabetes,Recovered
A105538,P12802,47,10,2024-02-17,2024-02-18,1,Scheduled,Asthma,Recovered
A105539,P12035,30,6,2024-03-22,2024-03-23,1,Emergency,ENT Infection,Recovered
A105540,P12831,46,10,2024-04-18,2024-04-20,2,Referral,Migraine,Recovered
A105541,P10985,24,5,2024-09-19,2024-09-23,4,Emergency,Heart Disease,Recovered
A105542,P14100,42,9,2024-01-31,2024-02-07,7,Scheduled,Cancer,Recovered
A105543,P11076,13,3,2024-12-23,2024-12-26,3,Scheduled,Asthma,Follow-up Required
A105544,P11024,33,7,2025-07-21,2025-07-27,6,Scheduled,Skin Disorder,Recovered
A105545,P13898,9,2,2025-04-24,2025-05-01,7,Scheduled,Hypertension,Follow-up Required
A105546,P14875,49,10,2024-07-07,2024-07-17,10,Emergency,Heart Disease,Recovered
A105547,P10280,26,6,2024-01-05,2024-01-07,2,Scheduled,ENT Infection,Recovered
A105548,P11112,49,10,2024-10-12,2024-10-14,2,Emergency,Cancer,Recovered
A105549,P11184,42,9,2025-10-18,2025-10-20,2,Emergency,Hypertension,Recovered
A105550,P12076,45,9,2025-01-28,2025-01-31,3,Referral,Cancer,Recovered
A105551,P13600,50,10,2025-03-30,2025-04-03,4,Scheduled,ENT Infection,Recovered
A105552,P14906,13,3,2025-12-08,2025-12-12,4,Scheduled,Migraine,Recovered
A105553,P13943,21,5,2025-03-01,2025-03-04,3,Emergency,Cancer,Recovered
A105554,P10272,29,6,2024-01-27,2024-02-01,5,Scheduled,ENT Infection,Recovered
A105555,P11124,28,6,2024-05-06,2024-05-09,3,Emergency,Infection,Recovered
A105556,P13980,24,5,2024-05-14,2024-05-17,3,Scheduled,Skin Disorder,Deceased
A105557,P11228,13,3,2025-06-18,2025-06-20,2,Emergency,Infection,Recovered
A105558,P10190,42,9,2024-11-26,2024-12-01,5,Scheduled,Fracture,Follow-up Required
A105559,P10546,20,4,2025-09-20,2025-09-26,6,Scheduled,Hypertension,Recovered
A105560,P12342,39,8,2025-01-26,2025-02-02,7,Referral,Diabetes,Recovered
A105561,P13967,7,2,2024-01-08,2024-01-18,10,Emergency,Diabetes,Recovered
A105562,P14015,41,9,2025-09-04,2025-09-11,7,Emergency,Hypertension,Follow-up Required
A105563,P14944,48,10,2024-09-17,2024-09-19,2,Referral,ENT Infection,Recovered
A105564,P14867,15,3,2024-07-17,2024-07-19,2,Scheduled,Infection,Recovered
A105565,P10769,25,5,2025-08-20,2025-08-30,10,Scheduled,Fracture,Recovered
A105566,P13776,35,7,2025-01-20,2025-01-27,7,Scheduled,ENT Infection,Deceased
A105567,P12732,13,3,2025-04-16,2025-04-23,7,Emergency,Infection,Recovered
A105568,P11011,43,9,2024-06-27,2024-07-03,6,Emergency,Cancer,Recovered
A105569,P14799,8,2,2025-03-25,2025-03-28,3,Emergency,Asthma,Recovered
A105570,P10465,21,5,2024-08-27,2024-09-04,8,Scheduled,Cancer,Recovered
A105571,P12601,6,2,2025-06-07,2025-06-09,2,Referral,Diabetes,Recovered
A105572,P10917,10,2,2024-07-01,2024-07-04,3,Scheduled,Hypertension,Follow-up Required
A105573,P11453,49,10,2024-12-23,2024-12-26,3,Scheduled,Skin Disorder,Recovered
A105574,P13469,41,9,2025-01-10,2025-01-15,5,Emergency,Skin Disorder,Recovered
A105575,P14290,21,5,2025-12-02,2025-12-06,4,Scheduled,Skin Disorder,Recovered
A105576,P10066,14,3,2025-12-27,2025-12-31,4,Referral,Fracture,Recovered
A105577,P12603,45,9,2025-06-21,2025-06-26,5,Referral,Skin Disorder,Recovered
A105578,P11726,33,7,2024-03-22,2024-03-26,4,Emergency,Skin Disorder,Recovered
A105579,P14697,25,5,2024-12-23,2024-12-26,3,Emergency,Migraine,Recovered
A105580,P11500,19,4,2024-07-03,2024-07-09,6,Scheduled,Hypertension,Recovered
A105581,P11905,9,2,2024-10-14,2024-10-21,7,Scheduled,Cancer,Deceased
A105582,P14572,49,10,2024-03-02,2024-03-06,4,Scheduled,Hypertension,Follow-up Required
A105583,P13965,47,10,2025-05-21,2025-05-26,5,Scheduled,Heart Disease,Recovered
A105584,P12810,37,8,2025-04-06,2025-04-11,5,Emergency,Heart Disease,Recovered
A105585,P14091,36,8,2024-01-30,2024-01-31,1,Emergency,Migraine,Recovered
A105586,P10887,36,8,2024-01-31,2024-02-04,4,Emergency,Migraine,Recovered
A105587,P13809,15,3,2024-10-19,2024-10-20,1,Emergency,Migraine,Follow-up Required
A105588,P14178,5,1,2024-06-21,2024-06-27,6,Emergency,Fracture,Recovered
A105589,P11961,17,4,2025-09-05,2025-09-09,4,Emergency,Hypertension,Follow-up Required
A105590,P12748,30,6,2024-05-07,2024-05-09,2,Emergency,Fracture,Recovered
A105591,P10044,7,2,2024-03-26,2024-03-31,5,Emergency,ENT Infection,Follow-up Required
A105592,P13843,6,2,2024-11-10,2024-11-20,10,Emergency,Cancer,Recovered
A105593,P14706,15,3,2024-01-28,2024-01-31,3,Scheduled,Migraine,Recovered
A105594,P11889,46,10,2024-05-01,2024-05-15,14,Referral,Infection,Recovered
A105595,P13899,10,2,2024-09-07,2024-09-19,12,Emergency,Hypertension,Recovered
A105596,P13893,6,2,2025-07-26,2025-08-02,7,Emergency,Migraine,Follow-up Required
A105597,P10720,42,9,2025-02-06,2025-02-13,7,Scheduled,ENT Infection,Follow-up Required
A105598,P10691,41,9,2025-11-13,2025-11-17,4,Referral,Cancer,Follow-up Required
A105599,P11946,13,3,2025-03-18,2025-03-22,4,Emergency,Migraine,Recovered
A105600,P10110,14,3,2024-09-28,2024-10-10,12,Emergency,Hypertension,Follow-up Required
A105601,P14315,1,1,2024-04-22,2024-04-25,3,Referral,Diabetes,Follow-up Required
A105602,P14559,33,7,2025-12-06,2025-12-07,1,Emergency,Asthma,Recovered
A105603,P10515,19,4,2025-01-28,2025-01-30,2,Referral,Diabetes,Recovered
A105604,P10637,9,2,2024-01-19,2024-01-25,6,Referral,Skin Disorder,Recovered
A105605,P13329,37,8,2025-08-27,2025-08-30,3,Scheduled,Skin Disorder,Recovered
A105606,P10627,49,10,2025-12-29,2025-12-31,2,Scheduled,Diabetes,Follow-up Required
A105607,P10070,48,10,2025-04-09,2025-04-16,7,Emergency,Hypertension,Recovered
A105608,P12507,12,3,2025-11-21,2025-11-25,4,Scheduled,Infection,Recovered
A105609,P13890,5,1,2024-07-09,2024-07-14,5,Emergency,Infection,Recovered
A105610,P13800,6,2,2025-05-07,2025-05-09,2,Scheduled,Heart Disease,Recovered
A105611,P11851,11,3,2024-06-11,2024-06-13,2,Emergency,Diabetes,Recovered
A105612,P14320,38,8,2025-09-03,2025-09-05,2,Emergency,Skin Disorder,Recovered
A105613,P12879,10,2,2025-11-29,2025-12-03,4,Scheduled,Skin Disorder,Recovered
A105614,P13353,15,3,2024-10-21,2024-10-28,7,Scheduled,Asthma,Recovered
A105615,P13978,50,10,2025-08-01,2025-08-07,6,Emergency,Infection,Recovered
A105616,P11635,39,8,2024-03-13,2024-03-16,3,Scheduled,Diabetes,Transferred
A105617,P13477,28,6,2025-12-01,2025-12-09,8,Scheduled,Asthma,Follow-up Required
A105618,P12544,3,1,2025-07-15,2025-07-17,2,Scheduled,Asthma,Recovered
A105619,P10769,16,4,2024-11-04,2024-11-06,2,Scheduled,Cancer,Follow-up Required
A105620,P12604,45,9,2024-10-28,2024-11-05,8,Scheduled,Skin Disorder,Recovered
A105621,P10992,17,4,2024-11-03,2024-11-06,3,Referral,Diabetes,Recovered
A105622,P11729,36,8,2024-05-03,2024-05-09,6,Scheduled,Infection,Follow-up Required
A105623,P12029,19,4,2025-10-30,2025-10-31,1,Referral,Skin Disorder,Recovered
A105624,P11530,4,1,2024-09-17,2024-09-18,1,Scheduled,Asthma,Follow-up Required
A105625,P10489,25,5,2024-07-13,2024-07-18,5,Emergency,Infection,Recovered
A105626,P14153,27,6,2024-12-16,2024-12-18,2,Scheduled,Skin Disorder,Recovered
A105627,P10512,12,3,2025-05-03,2025-05-04,1,Emergency,ENT Infection,Recovered
A105628,P13320,27,6,2024-07-18,2024-07-22,4,Referral,Fracture,Recovered
A105629,P12152,4,1,2025-05-22,2025-05-25,3,Scheduled,Diabetes,Recovered
A105630,P12605,24,5,2025-08-02,2025-08-09,7,Scheduled,Diabetes,Recovered
A105631,P12108,17,4,2025-03-21,2025-03-28,7,Scheduled,Hypertension,Recovered
A105632,P10735,26,6,2024-03-20,2024-03-25,5,Emergency,Skin Disorder,Recovered
A105633,P13310,18,4,2025-11-28,2025-12-01,3,Scheduled,ENT Infection,Follow-up Required
A105634,P10371,22,5,2025-09-08,2025-09-12,4,Scheduled,Fracture,Recovered
A105635,P12074,6,2,2025-04-13,2025-04-19,6,Referral,Migraine,Recovered
A105636,P14702,19,4,2025-03-17,2025-03-18,1,Scheduled,Fracture,Recovered
A105637,P14206,37,8,2025-10-15,2025-10-18,3,Scheduled,Fracture,Recovered
A105638,P14869,34,7,2024-09-28,2024-10-05,7,Referral,Asthma,Transferred
A105639,P12302,11,3,2024-12-08,2024-12-12,4,Emergency,Asthma,Recovered
A105640,P11831,24,5,2024-05-03,2024-05-08,5,Emergency,Hypertension,Recovered
A105641,P11860,45,9,2024-08-10,2024-08-11,1,Emergency,Hypertension,Recovered
A105642,P10917,37,8,2025-05-04,2025-05-11,7,Referral,Infection,Recovered
A105643,P13176,23,5,2025-11-16,2025-11-18,2,Emergency,Hypertension,Transferred
A105644,P12663,40,8,2025-12-03,2025-12-11,8,Scheduled,Hypertension,Recovered
A105645,P12635,43,9,2025-10-13,2025-10-15,2,Scheduled,Asthma,Recovered
A105646,P14693,4,1,2024-10-23,2024-11-02,10,Emergency,Cancer,Recovered
A105647,P11238,18,4,2024-04-28,2024-05-01,3,Referral,Infection,Recovered
A105648,P12161,30,6,2024-03-16,2024-03-21,5,Scheduled,Asthma,Follow-up Required
A105649,P11336,15,3,2025-09-12,2025-09-20,8,Scheduled,Infection,Follow-up Required
A105650,P12617,37,8,2025-09-22,2025-09-23,1,Emergency,Diabetes,Follow-up Required
A105651,P12944,23,5,2024-09-14,2024-09-17,3,Emergency,Asthma,Recovered
A105652,P10762,12,3,2025-06-15,2025-06-25,10,Scheduled,Skin Disorder,Recovered
A105653,P13719,4,1,2025-09-22,2025-09-25,3,Emergency,Fracture,Recovered
A105654,P12701,4,1,2024-12-16,2024-12-22,6,Scheduled,Diabetes,Recovered
A105655,P12132,41,9,2025-10-10,2025-10-12,2,Emergency,Skin Disorder,Follow-up Required
A105656,P14815,41,9,2024-10-03,2024-10-09,6,Referral,Cancer,Recovered
A105657,P11954,14,3,2024-09-11,2024-09-12,1,Scheduled,Cancer,Recovered
A105658,P10949,8,2,2024-09-20,2024-09-26,6,Scheduled,Infection,Recovered
A105659,P10302,23,5,2025-11-09,2025-11-12,3,Emergency,Cancer,Follow-up Required
A105660,P14025,1,1,2025-11-07,2025-11-11,4,Scheduled,Heart Disease,Follow-up Required
A105661,P12589,11,3,2024-01-29,2024-01-31,2,Emergency,Asthma,Recovered
A105662,P13695,27,6,2025-04-11,2025-04-16,5,Emergency,Infection,Recovered
A105663,P12702,4,1,2024-02-04,2024-02-07,3,Emergency,Migraine,Transferred
A105664,P11476,29,6,2024-10-20,2024-10-23,3,Referral,Diabetes,Recovered
A105665,P10614,17,4,2025-08-24,2025-08-30,6,Referral,ENT Infection,Recovered
A105666,P10669,49,10,2024-07-21,2024-07-23,2,Scheduled,Infection,Recovered
A105667,P12129,19,4,2024-03-08,2024-03-16,8,Scheduled,Diabetes,Transferred
A105668,P10218,45,9,2024-05-10,2024-05-16,6,Scheduled,Skin Disorder,Recovered
A105669,P12932,49,10,2024-04-20,2024-04-25,5,Emergency,Skin Disorder,Recovered
A105670,P10749,24,5,2025-06-07,2025-06-09,2,Referral,ENT Infection,Follow-up Required
A105671,P14221,44,9,2024-10-14,2024-10-20,6,Scheduled,Asthma,Recovered
A105672,P10201,46,10,2025-11-17,2025-11-18,1,Scheduled,Fracture,Recovered
A105673,P12622,41,9,2025-10-27,2025-11-03,7,Referral,ENT Infection,Recovered
A105674,P10722,44,9,2024-02-12,2024-02-15,3,Referral,Fracture,Follow-up Required
A105675,P10952,32,7,2025-12-17,2025-12-19,2,Scheduled,Migraine,Recovered
A105676,P11882,31,7,2025-11-14,2025-11-16,2,Scheduled,Infection,Recovered
A105677,P12228,49,10,2024-10-20,2024-11-03,14,Referral,Cancer,Recovered
A105678,P11433,16,4,2024-10-11,2024-10-18,7,Scheduled,ENT Infection,Recovered
A105679,P12321,32,7,2025-07-17,2025-07-19,2,Referral,Cancer,Recovered
A105680,P11777,44,9,2025-09-18,2025-10-02,14,Emergency,Infection,Recovered
A105681,P10699,42,9,2024-01-19,2024-01-21,2,Emergency,Asthma,Recovered
A105682,P12969,34,7,2025-05-21,2025-05-27,6,Scheduled,Diabetes,Follow-up Required
A105683,P10622,35,7,2025-06-30,2025-07-06,6,Emergency,Cancer,Recovered
A105684,P12588,37,8,2024-02-17,2024-02-24,7,Referral,Fracture,Recovered
A105685,P10460,16,4,2024-08-06,2024-08-09,3,Scheduled,Cancer,Recovered
A105686,P11085,21,5,2025-09-13,2025-09-17,4,Referral,Migraine,Recovered
A105687,P10300,13,3,2024-07-06,2024-07-11,5,Emergency,Heart Disease,Follow-up Required
A105688,P12545,18,4,2024-01-31,2024-02-04,4,Emergency,Asthma,Recovered
A105689,P11276,2,1,2024-09-15,2024-09-16,1,Emergency,Diabetes,Recovered
A105690,P11431,33,7,2025-11-05,2025-11-11,6,Emergency,Asthma,Recovered
A105691,P13453,41,9,2024-12-09,2024-12-14,5,Scheduled,Asthma,Recovered
A105692,P12389,18,4,2024-11-03,2024-11-07,4,Emergency,Hypertension,Recovered
A105693,P11822,28,6,2024-03-11,2024-03-14,3,Scheduled,ENT Infection,Recovered
A105694,P10989,37,8,2024-11-02,2024-11-05,3,Scheduled,Migraine,Follow-up Required
A105695,P10214,35,7,2025-07-21,2025-07-27,6,Emergency,Migraine,Recovered
A105696,P10532,37,8,2024-04-08,2024-04-14,6,Emergency,Cancer,Follow-up Required
A105697,P12918,12,3,2024-01-21,2024-01-28,7,Scheduled,Infection,Recovered
A105698,P13620,40,8,2025-09-11,2025-09-18,7,Scheduled,Skin Disorder,Recovered
A105699,P11985,8,2,2025-07-18,2025-07-25,7,Referral,ENT Infection,Follow-up Required
A105700,P12259,25,5,2024-01-06,2024-01-09,3,Scheduled,Heart Disease,Transferred
A105701,P12219,7,2,2024-08-18,2024-08-20,2,Referral,Hypertension,Recovered
A105702,P14634,2,1,2024-03-22,2024-03-29,7,Emergency,Infection,Recovered
A105703,P14772,33,7,2024-08-04,2024-08-05,1,Emergency,Skin Disorder,Follow-up Required
A105704,P14486,33,7,2024-11-30,2024-12-14,14,Referral,ENT Infection,Deceased
A105705,P12110,40,8,2025-07-12,2025-07-20,8,Referral,ENT Infection,Follow-up Required
A105706,P13061,49,10,2025-11-20,2025-11-25,5,Scheduled,Infection,Recovered
A105707,P11609,23,5,2025-08-16,2025-08-19,3,Scheduled,ENT Infection,Recovered
A105708,P12525,5,1,2025-12-04,2025-12-08,4,Emergency,Infection,Recovered
A105709,P14416,14,3,2025-10-16,2025-10-22,6,Emergency,ENT Infection,Recovered
A105710,P10690,8,2,2025-07-06,2025-07-13,7,Emergency,Asthma,Recovered
A105711,P12100,20,4,2025-04-03,2025-04-04,1,Emergency,Migraine,Recovered
A105712,P14753,18,4,2024-03-27,2024-04-03,7,Scheduled,Migraine,Recovered
A105713,P14924,23,5,2025-05-29,2025-06-03,5,Emergency,Cancer,Follow-up Required
A105714,P11101,29,6,2025-12-23,2025-12-24,1,Scheduled,Skin Disorder,Recovered
A105715,P10119,7,2,2025-05-27,2025-05-30,3,Referral,Fracture,Recovered
A105716,P12769,24,5,2025-08-09,2025-08-13,4,Scheduled,ENT Infection,Recovered
A105717,P10506,46,10,2025-04-22,2025-04-24,2,Emergency,Hypertension,Recovered
A105718,P12201,25,5,2025-05-12,2025-05-14,2,Scheduled,Migraine,Recovered
A105719,P11042,14,3,2025-03-24,2025-03-25,1,Referral,Fracture,Recovered
A105720,P13136,38,8,2025-08-10,2025-08-20,10,Emergency,Fracture,Follow-up Required
A105721,P10497,3,1,2024-09-16,2024-09-17,1,Referral,Hypertension,Recovered
A105722,P14175,46,10,2025-06-20,2025-06-23,3,Emergency,Heart Disease,Recovered
A105723,P10059,14,3,2024-07-18,2024-07-20,2,Scheduled,Heart Disease,Transferred
A105724,P13133,3,1,2025-04-07,2025-04-13,6,Emergency,Cancer,Recovered
A105725,P13539,42,9,2024-04-03,2024-04-09,6,Scheduled,Asthma,Recovered
A105726,P11654,9,2,2024-12-17,2024-12-24,7,Scheduled,Asthma,Recovered
A105727,P11707,7,2,2024-04-17,2024-04-22,5,Scheduled,Asthma,Recovered
A105728,P10244,26,6,2024-12-20,2024-12-25,5,Scheduled,Cancer,Recovered
A105729,P12256,7,2,2025-04-13,2025-04-17,4,Referral,Migraine,Follow-up Required
A105730,P11675,7,2,2024-04-04,2024-04-09,5,Emergency,Heart Disease,Recovered
A105731,P12693,44,9,2024-03-31,2024-04-02,2,Scheduled,Hypertension,Recovered
A105732,P10039,36,8,2024-02-13,2024-02-19,6,Emergency,Cancer,Recovered
A105733,P13248,13,3,2025-03-31,2025-04-02,2,Scheduled,ENT Infection,Recovered
A105734,P11616,3,1,2025-01-18,2025-01-26,8,Scheduled,Fracture,Follow-up Required
A105735,P10020,20,4,2024-01-23,2024-01-27,4,Emergency,Heart Disease,Recovered
A105736,P10221,9,2,2025-12-02,2025-12-07,5,Emergency,Cancer,Recovered
A105737,P13772,22,5,2024-01-23,2024-01-28,5,Referral,ENT Infection,Recovered
A105738,P10251,45,9,2024-08-21,2024-08-28,7,Emergency,Infection,Recovered
A105739,P14308,33,7,2025-11-28,2025-12-02,4,Emergency,Cancer,Recovered
A105740,P14515,23,5,2024-11-06,2024-11-10,4,Scheduled,Diabetes,Recovered
A105741,P10507,23,5,2025-02-20,2025-02-23,3,Emergency,Cancer,Follow-up Required
A105742,P14742,38,8,2024-11-28,2024-11-30,2,Emergency,Fracture,Recovered
A105743,P10869,26,6,2025-07-28,2025-07-30,2,Scheduled,Diabetes,Transferred
A105744,P13991,32,7,2024-04-12,2024-04-13,1,Emergency,Fracture,Follow-up Required
A105745,P14588,28,6,2025-05-14,2025-05-22,8,Referral,Cancer,Recovered
A105746,P11170,30,6,2025-04-27,2025-05-04,7,Referral,Asthma,Recovered
A105747,P10740,40,8,2024-07-07,2024-07-09,2,Scheduled,Heart Disease,Recovered
A105748,P11791,17,4,2025-04-04,2025-04-05,1,Emergency,Infection,Recovered
A105749,P10424,18,4,2024-07-07,2024-07-11,4,Scheduled,Asthma,Recovered
A105750,P13056,25,5,2024-12-16,2024-12-20,4,Emergency,Migraine,Recovered
A105751,P14388,4,1,2025-08-03,2025-08-10,7,Scheduled,Asthma,Recovered
A105752,P12204,26,6,2024-04-23,2024-04-27,4,Emergency,Heart Disease,Recovered
A105753,P11984,31,7,2024-04-13,2024-04-21,8,Scheduled,Migraine,Recovered
A105754,P13923,12,3,2025-09-11,2025-09-12,1,Emergency,Heart Disease,Recovered
A105755,P12398,48,10,2025-05-22,2025-05-25,3,Scheduled,Diabetes,Follow-up Required
A105756,P11958,18,4,2024-12-10,2024-12-22,12,Emergency,Diabetes,Recovered
A105757,P14339,10,2,2024-01-21,2024-01-22,1,Scheduled,Diabetes,Transferred
A105758,P11790,36,8,2025-01-21,2025-01-25,4,Emergency,ENT Infection,Follow-up Required
A105759,P10585,2,1,2024-07-27,2024-07-30,3,Referral,Fracture,Recovered
A105760,P13201,25,5,2025-11-12,2025-11-17,5,Scheduled,Diabetes,Recovered
A105761,P11343,47,10,2025-04-27,2025-04-30,3,Emergency,Fracture,Recovered
A105762,P14191,9,2,2025-04-17,2025-04-25,8,Emergency,Skin Disorder,Recovered
A105763,P14397,47,10,2025-12-06,2025-12-18,12,Emergency,Heart Disease,Recovered
A105764,P11209,32,7,2025-01-27,2025-02-04,8,Scheduled,Migraine,Recovered
A105765,P12823,5,1,2025-09-26,2025-09-30,4,Emergency,Diabetes,Follow-up Required
A105766,P13694,3,1,2025-11-19,2025-12-09,20,Scheduled,Infection,Recovered
A105767,P12448,17,4,2025-05-30,2025-06-05,6,Emergency,ENT Infection,Recovered
A105768,P14786,13,3,2024-07-06,2024-07-09,3,Scheduled,Migraine,Recovered
A105769,P11166,3,1,2024-12-11,2024-12-12,1,Scheduled,Infection,Recovered
A105770,P14757,28,6,2024-12-17,2024-12-23,6,Referral,Heart Disease,Recovered
A105771,P12306,4,1,2025-06-24,2025-06-30,6,Referral,Asthma,Follow-up Required
A105772,P11063,18,4,2025-08-20,2025-08-22,2,Referral,Heart Disease,Recovered
A105773,P14401,35,7,2024-02-16,2024-02-21,5,Emergency,Hypertension,Recovered
A105774,P13355,14,3,2024-03-17,2024-04-06,20,Scheduled,Cancer,Recovered
A105775,P11848,16,4,2024-12-08,2024-12-11,3,Scheduled,Skin Disorder,Recovered
A105776,P10526,12,3,2024-07-09,2024-07-12,3,Scheduled,Migraine,Recovered
A105777,P14503,11,3,2025-06-26,2025-07-06,10,Referral,Hypertension,Follow-up Required
A105778,P11383,2,1,2025-11-11,2025-11-13,2,Emergency,Diabetes,Recovered
A105779,P14982,33,7,2024-02-05,2024-02-17,12,Scheduled,Cancer,Recovered
A105780,P14969,13,3,2025-02-27,2025-03-06,7,Scheduled,Infection,Recovered
A105781,P14107,30,6,2024-12-16,2024-12-20,4,Emergency,Fracture,Recovered
A105782,P12723,26,6,2024-07-06,2024-07-07,1,Referral,Heart Disease,Transferred
A105783,P11988,50,10,2025-06-10,2025-06-11,1,Emergency,Fracture,Follow-up Required
A105784,P14068,18,4,2024-11-29,2024-12-02,3,Scheduled,Migraine,Follow-up Required
A105785,P14105,13,3,2025-04-27,2025-05-03,6,Referral,Fracture,Recovered
A105786,P14124,4,1,2024-08-03,2024-08-07,4,Scheduled,Skin Disorder,Recovered
A105787,P10686,33,7,2024-06-06,2024-06-12,6,Referral,Hypertension,Recovered
A105788,P12550,15,3,2025-10-28,2025-11-03,6,Emergency,Hypertension,Recovered
A105789,P14678,17,4,2024-08-28,2024-09-02,5,Scheduled,ENT Infection,Recovered
A105790,P13867,6,2,2024-10-22,2024-11-05,14,Scheduled,Infection,Recovered
A105791,P12826,5,1,2025-04-06,2025-04-12,6,Scheduled,Heart Disease,Recovered
A105792,P13735,33,7,2024-02-14,2024-02-24,10,Emergency,Fracture,Recovered
A105793,P11242,16,4,2025-05-09,2025-05-12,3,Scheduled,Hypertension,Recovered
A105794,P13501,46,10,2024-06-23,2024-06-29,6,Emergency,Diabetes,Recovered
A105795,P11662,24,5,2024-12-11,2024-12-16,5,Emergency,Migraine,Transferred
A105796,P12051,5,1,2024-02-25,2024-03-06,10,Scheduled,Fracture,Follow-up Required
A105797,P14139,3,1,2025-07-19,2025-07-23,4,Scheduled,Heart Disease,Recovered
A105798,P13262,35,7,2024-12-06,2024-12-09,3,Referral,Diabetes,Recovered
A105799,P14138,27,6,2024-04-17,2024-04-20,3,Scheduled,Hypertension,Recovered
A105800,P13844,12,3,2025-12-10,2025-12-12,2,Scheduled,Hypertension,Follow-up Required
A105801,P14826,50,10,2024-08-01,2024-08-03,2,Emergency,Hypertension,Recovered
A105802,P11982,41,9,2025-05-13,2025-05-17,4,Emergency,Infection,Recovered
A105803,P10648,25,5,2025-01-31,2025-02-10,10,Scheduled,Hypertension,Recovered
A105804,P13924,17,4,2025-07-03,2025-07-05,2,Emergency,Diabetes,Recovered
A105805,P12705,49,10,2025-05-11,2025-05-14,3,Scheduled,Diabetes,Transferred
A105806,P11983,20,4,2024-06-21,2024-06-29,8,Emergency,Cancer,Follow-up Required
A105807,P11929,28,6,2024-04-14,2024-04-17,3,Emergency,Migraine,Recovered
A105808,P12558,50,10,2025-07-05,2025-07-19,14,Scheduled,Fracture,Follow-up Required
A105809,P14133,35,7,2025-04-23,2025-04-26,3,Referral,Heart Disease,Recovered
A105810,P12020,50,10,2025-02-02,2025-02-06,4,Emergency,Cancer,Recovered
A105811,P10823,15,3,2025-03-09,2025-03-10,1,Emergency,ENT Infection,Recovered
A105812,P14675,33,7,2025-10-03,2025-10-23,20,Referral,Asthma,Recovered
A105813,P12565,3,1,2025-11-23,2025-12-03,10,Scheduled,Infection,Recovered
A105814,P12833,7,2,2024-07-12,2024-07-19,7,Referral,Migraine,Recovered
A105815,P11021,10,2,2025-04-10,2025-04-12,2,Emergency,Migraine,Follow-up Required
A105816,P11082,41,9,2024-12-06,2024-12-20,14,Scheduled,ENT Infection,Recovered
A105817,P12023,26,6,2024-02-28,2024-03-09,10,Emergency,Cancer,Recovered
A105818,P14209,41,9,2025-06-21,2025-06-25,4,Emergency,Hypertension,Recovered
A105819,P13676,40,8,2025-04-22,2025-04-28,6,Emergency,Heart Disease,Recovered
A105820,P12884,6,2,2024-04-12,2024-05-02,20,Emergency,Infection,Recovered
A105821,P11780,33,7,2025-06-16,2025-06-20,4,Referral,Heart Disease,Recovered
A105822,P11820,16,4,2025-08-14,2025-08-16,2,Scheduled,Skin Disorder,Follow-up Required
A105823,P14697,24,5,2025-12-11,2025-12-19,8,Scheduled,Diabetes,Recovered
A105824,P14538,30,6,2024-11-17,2024-11-21,4,Referral,Hypertension,Recovered
A105825,P13762,10,2,2025-07-02,2025-07-22,20,Emergency,Infection,Recovered
A105826,P10228,11,3,2024-01-14,2024-01-19,5,Emergency,Skin Disorder,Recovered
A105827,P10874,44,9,2025-03-31,2025-04-01,1,Emergency,Fracture,Recovered
A105828,P13651,22,5,2024-08-08,2024-08-12,4,Referral,Skin Disorder,Recovered
A105829,P14767,3,1,2025-01-25,2025-01-31,6,Scheduled,Heart Disease,Follow-up Required
A105830,P13429,38,8,2025-11-08,2025-11-09,1,Scheduled,Cancer,Recovered
A105831,P11292,40,8,2024-06-21,2024-06-25,4,Referral,Skin Disorder,Recovered
A105832,P14791,23,5,2025-10-23,2025-10-25,2,Emergency,Migraine,Recovered
A105833,P12917,45,9,2025-11-14,2025-11-19,5,Emergency,Migraine,Recovered
A105834,P11028,19,4,2024-03-21,2024-04-02,12,Scheduled,Migraine,Follow-up Required
A105835,P13550,40,8,2024-12-01,2024-12-06,5,Scheduled,Skin Disorder,Recovered
A105836,P10121,13,3,2024-08-12,2024-08-18,6,Emergency,Skin Disorder,Follow-up Required
A105837,P10742,36,8,2024-02-04,2024-02-08,4,Emergency,Heart Disease,Recovered
A105838,P13882,3,1,2024-07-06,2024-07-11,5,Scheduled,Fracture,Transferred
A105839,P11510,22,5,2024-08-11,2024-08-16,5,Emergency,Asthma,Recovered
A105840,P11243,25,5,2025-10-04,2025-10-11,7,Scheduled,Cancer,Follow-up Required
A105841,P14790,20,4,2025-05-08,2025-05-16,8,Scheduled,Diabetes,Recovered
A105842,P14353,28,6,2024-11-06,2024-11-12,6,Scheduled,Fracture,Recovered
A105843,P12091,3,1,2025-06-04,2025-06-18,14,Referral,Migraine,Recovered
A105844,P12918,22,5,2025-08-03,2025-08-10,7,Scheduled,Asthma,Recovered
A105845,P13782,44,9,2025-06-23,2025-06-25,2,Emergency,Hypertension,Recovered
A105846,P11713,37,8,2025-01-03,2025-01-07,4,Scheduled,Asthma,Recovered
A105847,P12636,38,8,2025-04-19,2025-04-29,10,Emergency,ENT Infection,Recovered
A105848,P13765,18,4,2024-01-31,2024-02-12,12,Referral,Infection,Recovered
A105849,P10594,20,4,2024-08-19,2024-08-22,3,Scheduled,Skin Disorder,Recovered
A105850,P11034,46,10,2025-05-11,2025-05-17,6,Scheduled,Cancer,Recovered
A105851,P12840,5,1,2025-07-19,2025-07-23,4,Referral,Heart Disease,Recovered
A105852,P10212,43,9,2024-06-23,2024-06-25,2,Scheduled,Migraine,Follow-up Required
A105853,P11406,9,2,2024-10-24,2024-11-01,8,Referral,Hypertension,Follow-up Required
A105854,P13812,29,6,2024-12-30,2025-01-11,12,Emergency,Skin Disorder,Recovered
A105855,P13077,17,4,2024-03-26,2024-03-30,4,Emergency,ENT Infection,Recovered
A105856,P10922,12,3,2025-07-30,2025-07-31,1,Scheduled,Infection,Recovered
A105857,P12040,26,6,2024-03-29,2024-04-05,7,Emergency,Heart Disease,Recovered
A105858,P12200,33,7,2024-02-23,2024-02-27,4,Scheduled,Asthma,Recovered
A105859,P14063,33,7,2025-09-21,2025-09-22,1,Scheduled,ENT Infection,Follow-up Required
A105860,P13239,36,8,2024-12-26,2024-12-28,2,Scheduled,Hypertension,Follow-up Required
A105861,P11494,29,6,2025-04-20,2025-04-22,2,Referral,Heart Disease,Recovered
A105862,P14174,22,5,2024-08-16,2024-08-22,6,Scheduled,Hypertension,Follow-up Required
A105863,P14508,18,4,2025-06-17,2025-06-20,3,Referral,Infection,Follow-up Required
A105864,P11578,17,4,2025-01-07,2025-01-09,2,Scheduled,Heart Disease,Recovered
A105865,P11598,44,9,2025-04-13,2025-04-23,10,Scheduled,Migraine,Recovered
A105866,P12429,24,5,2025-02-23,2025-03-07,12,Scheduled,Migraine,Recovered
A105867,P12996,22,5,2025-06-15,2025-06-17,2,Referral,Skin Disorder,Recovered
A105868,P10313,44,9,2025-02-03,2025-02-05,2,Emergency,Hypertension,Recovered
A105869,P12443,5,1,2024-07-02,2024-07-07,5,Scheduled,Heart Disease,Recovered
A105870,P13982,1,1,2025-07-15,2025-07-17,2,Emergency,Fracture,Follow-up Required
A105871,P14076,19,4,2024-03-30,2024-04-01,2,Emergency,Fracture,Transferred
A105872,P10004,30,6,2025-09-07,2025-09-10,3,Referral,Cancer,Follow-up Required
A105873,P14205,39,8,2025-12-06,2025-12-18,12,Emergency,Cancer,Transferred
A105874,P10886,15,3,2025-01-17,2025-01-31,14,Scheduled,Fracture,Recovered
A105875,P14189,46,10,2025-01-03,2025-01-11,8,Scheduled,ENT Infection,Recovered
A105876,P10192,35,7,2024-03-14,2024-03-20,6,Referral,Skin Disorder,Recovered
A105877,P12381,5,1,2024-09-25,2024-10-01,6,Scheduled,Skin Disorder,Recovered
A105878,P11236,6,2,2024-01-15,2024-01-19,4,Emergency,Heart Disease,Recovered
A105879,P13279,25,5,2024-11-24,2024-11-29,5,Scheduled,Skin Disorder,Recovered
A105880,P14723,11,3,2025-01-26,2025-01-31,5,Emergency,Cancer,Recovered
A105881,P13034,22,5,2025-12-10,2025-12-16,6,Scheduled,Fracture,Follow-up Required
A105882,P14669,34,7,2025-03-09,2025-03-10,1,Scheduled,ENT Infection,Deceased
A105883,P12404,44,9,2024-12-09,2024-12-11,2,Emergency,Migraine,Recovered
A105884,P14292,14,3,2024-07-13,2024-07-27,14,Referral,Diabetes,Recovered
A105885,P10262,9,2,2024-02-05,2024-02-08,3,Emergency,Infection,Recovered
A105886,P12370,20,4,2024-07-23,2024-07-26,3,Emergency,Diabetes,Recovered
A105887,P12468,16,4,2025-10-12,2025-10-16,4,Emergency,Hypertension,Follow-up Required
A105888,P11935,17,4,2024-02-26,2024-02-29,3,Emergency,ENT Infection,Recovered
A105889,P14428,17,4,2024-04-19,2024-04-20,1,Scheduled,Migraine,Recovered
A105890,P11260,34,7,2025-11-16,2025-11-18,2,Emergency,Cancer,Recovered
A105891,P14777,42,9,2025-05-10,2025-05-15,5,Referral,Fracture,Recovered
A105892,P12055,11,3,2025-12-18,2025-12-20,2,Referral,Hypertension,Transferred
A105893,P10534,35,7,2024-08-12,2024-08-17,5,Scheduled,Fracture,Recovered
A105894,P12120,34,7,2025-01-20,2025-01-22,2,Scheduled,Skin Disorder,Transferred
A105895,P11524,36,8,2024-03-04,2024-03-05,1,Referral,Cancer,Recovered
A105896,P12666,8,2,2024-12-17,2024-12-25,8,Scheduled,Skin Disorder,Recovered
A105897,P12187,19,4,2025-04-07,2025-04-14,7,Emergency,Infection,Recovered
A105898,P13458,50,10,2024-11-15,2024-11-21,6,Scheduled,Asthma,Follow-up Required
A105899,P12590,33,7,2024-12-22,2024-12-23,1,Emergency,Asthma,Recovered
A105900,P14420,23,5,2024-04-02,2024-04-04,2,Scheduled,Hypertension,Follow-up Required
A105901,P11941,2,1,2025-11-25,2025-12-02,7,Scheduled,Heart Disease,Recovered
A105902,P13737,8,2,2024-10-26,2024-10-28,2,Scheduled,Diabetes,Recovered
A105903,P10073,29,6,2025-12-26,2026-01-02,7,Emergency,Infection,Recovered
A105904,P12888,42,9,2025-05-08,2025-05-13,5,Emergency,ENT Infection,Recovered
A105905,P10988,7,2,2025-10-15,2025-10-21,6,Referral,Asthma,Follow-up Required
A105906,P11346,49,10,2025-08-17,2025-08-22,5,Referral,Heart Disease,Recovered
A105907,P13413,29,6,2025-01-23,2025-01-27,4,Scheduled,Fracture,Recovered
A105908,P11787,31,7,2025-09-02,2025-09-05,3,Scheduled,Hypertension,Recovered
A105909,P11032,30,6,2025-03-09,2025-03-15,6,Scheduled,Fracture,Recovered
A105910,P12007,35,7,2024-04-11,2024-04-18,7,Scheduled,Diabetes,Recovered
A105911,P11231,25,5,2025-01-12,2025-01-13,1,Emergency,Migraine,Recovered
A105912,P10411,47,10,2025-08-05,2025-08-08,3,Scheduled,Skin Disorder,Follow-up Required
A105913,P12306,4,1,2024-12-03,2024-12-06,3,Referral,Skin Disorder,Follow-up Required
A105914,P11820,49,10,2025-05-06,2025-05-11,5,Referral,Hypertension,Recovered
A105915,P13093,43,9,2025-10-03,2025-10-05,2,Scheduled,Asthma,Recovered
A105916,P12592,38,8,2024-02-29,2024-03-12,12,Emergency,Diabetes,Recovered
A105917,P12503,17,4,2025-05-23,2025-05-28,5,Referral,Hypertension,Recovered
A105918,P10662,10,2,2025-01-26,2025-02-05,10,Scheduled,Skin Disorder,Recovered
A105919,P11230,1,1,2024-04-28,2024-05-05,7,Scheduled,Diabetes,Recovered
A105920,P11357,18,4,2025-04-15,2025-04-17,2,Emergency,Asthma,Follow-up Required
A105921,P13093,46,10,2024-11-23,2024-11-25,2,Scheduled,Asthma,Follow-up Required
A105922,P11674,19,4,2024-01-21,2024-01-29,8,Emergency,Heart Disease,Recovered
A105923,P11089,50,10,2024-04-06,2024-04-11,5,Scheduled,Asthma,Recovered
A105924,P13649,32,7,2025-05-27,2025-05-28,1,Scheduled,Fracture,Recovered
A105925,P13551,31,7,2025-12-15,2025-12-27,12,Scheduled,Cancer,Recovered
A105926,P11961,33,7,2025-10-01,2025-10-05,4,Scheduled,Fracture,Recovered
A105927,P13446,22,5,2024-12-15,2024-12-18,3,Scheduled,Infection,Recovered
A105928,P10500,1,1,2024-05-11,2024-05-15,4,Emergency,ENT Infection,Follow-up Required
A105929,P10326,41,9,2025-06-29,2025-07-06,7,Scheduled,Diabetes,Recovered
A105930,P14649,46,10,2025-08-21,2025-08-23,2,Emergency,Asthma,Recovered
A105931,P10888,35,7,2024-02-01,2024-02-04,3,Scheduled,ENT Infection,Follow-up Required
A105932,P10996,44,9,2024-09-15,2024-09-18,3,Scheduled,Migraine,Recovered
A105933,P13674,49,10,2025-04-20,2025-04-28,8,Scheduled,Hypertension,Deceased
A105934,P13041,17,4,2024-02-02,2024-02-09,7,Scheduled,Migraine,Recovered
A105935,P10929,34,7,2025-01-22,2025-01-26,4,Scheduled,Asthma,Recovered
A105936,P12969,29,6,2025-07-14,2025-07-20,6,Emergency,Diabetes,Follow-up Required
A105937,P14404,6,2,2025-03-31,2025-04-04,4,Scheduled,Infection,Recovered
A105938,P11923,1,1,2025-08-16,2025-08-21,5,Emergency,Hypertension,Deceased
A105939,P14566,27,6,2024-05-23,2024-06-12,20,Scheduled,Hypertension,Recovered
A105940,P13256,12,3,2025-08-26,2025-08-31,5,Scheduled,Hypertension,Transferred
A105941,P11655,4,1,2024-08-11,2024-08-31,20,Emergency,Diabetes,Recovered
A105942,P10625,16,4,2024-08-04,2024-08-10,6,Scheduled,Hypertension,Recovered
A105943,P14345,11,3,2024-06-04,2024-06-06,2,Referral,Infection,Recovered
A105944,P12372,20,4,2025-06-03,2025-06-10,7,Scheduled,Migraine,Recovered
A105945,P14700,26,6,2024-02-05,2024-02-07,2,Scheduled,Infection,Follow-up Required
A105946,P10059,28,6,2025-09-27,2025-10-02,5,Referral,Migraine,Recovered
A105947,P12317,42,9,2024-01-09,2024-01-14,5,Scheduled,Cancer,Recovered
A105948,P11278,8,2,2024-02-09,2024-02-19,10,Scheduled,ENT Infection,Recovered
A105949,P10687,2,1,2025-04-13,2025-04-15,2,Emergency,Cancer,Recovered
A105950,P14611,40,8,2024-06-27,2024-07-05,8,Emergency,Skin Disorder,Follow-up Required
A105951,P10533,26,6,2025-10-02,2025-10-14,12,Emergency,Heart Disease,Recovered
A105952,P13176,27,6,2025-05-15,2025-05-16,1,Emergency,Diabetes,Recovered
A105953,P13905,33,7,2025-01-07,2025-01-15,8,Scheduled,Infection,Recovered
A105954,P14498,7,2,2024-03-08,2024-03-11,3,Emergency,Infection,Recovered
A105955,P13853,46,10,2025-10-27,2025-10-28,1,Referral,Heart Disease,Recovered
A105956,P13405,36,8,2025-02-27,2025-03-11,12,Referral,Diabetes,Transferred
A105957,P12769,21,5,2025-05-29,2025-06-02,4,Referral,ENT Infection,Recovered
A105958,P12925,49,10,2024-12-29,2025-01-03,5,Referral,Diabetes,Recovered
A105959,P12656,34,7,2025-03-26,2025-03-31,5,Referral,Heart Disease,Follow-up Required
A105960,P12141,23,5,2025-05-30,2025-06-01,2,Scheduled,Cancer,Transferred
A105961,P10574,34,7,2024-11-24,2024-11-30,6,Scheduled,Cancer,Deceased
A105962,P11566,40,8,2025-01-04,2025-01-05,1,Emergency,Hypertension,Follow-up Required
A105963,P11806,7,2,2025-08-19,2025-08-21,2,Scheduled,Skin Disorder,Recovered
A105964,P10437,26,6,2025-01-21,2025-02-02,12,Scheduled,Migraine,Recovered
A105965,P13082,40,8,2025-06-30,2025-07-12,12,Scheduled,Migraine,Recovered
A105966,P12504,49,10,2024-04-23,2024-04-27,4,Emergency,Diabetes,Recovered
A105967,P12463,17,4,2025-07-24,2025-07-26,2,Scheduled,Migraine,Recovered
A105968,P13590,31,7,2024-02-07,2024-02-11,4,Emergency,Asthma,Transferred
A105969,P11399,39,8,2025-06-28,2025-07-06,8,Scheduled,Infection,Recovered
A105970,P11555,25,5,2025-01-11,2025-01-12,1,Scheduled,Hypertension,Recovered
A105971,P12752,37,8,2025-02-02,2025-02-04,2,Referral,Heart Disease,Recovered
A105972,P12930,15,3,2024-07-21,2024-07-31,10,Referral,Fracture,Recovered
A105973,P14858,2,1,2024-07-20,2024-07-24,4,Emergency,Infection,Recovered
A105974,P13828,11,3,2024-04-09,2024-04-10,1,Referral,Cancer,Transferred
A105975,P13922,32,7,2025-02-01,2025-02-03,2,Referral,Migraine,Follow-up Required
A105976,P13267,30,6,2025-03-25,2025-04-02,8,Scheduled,Infection,Recovered
A105977,P12694,17,4,2024-04-27,2024-05-01,4,Referral,Diabetes,Recovered
A105978,P12945,24,5,2025-02-24,2025-02-26,2,Emergency,Cancer,Recovered
A105979,P13498,45,9,2024-08-30,2024-09-09,10,Referral,Diabetes,Recovered
A105980,P14072,4,1,2025-06-24,2025-07-02,8,Scheduled,Heart Disease,Follow-up Required
A105981,P14957,50,10,2024-08-14,2024-08-15,1,Referral,Heart Disease,Follow-up Required
A105982,P11975,46,10,2025-05-15,2025-05-20,5,Scheduled,Asthma,Follow-up Required
A105983,P10867,32,7,2024-07-31,2024-08-03,3,Scheduled,ENT Infection,Follow-up Required
A105984,P11054,19,4,2025-11-29,2025-12-04,5,Scheduled,Asthma,Follow-up Required
A105985,P12535,3,1,2024-04-22,2024-04-25,3,Scheduled,Hypertension,Recovered
A105986,P10028,4,1,2025-01-07,2025-01-10,3,Referral,ENT Infection,Follow-up Required
A105987,P13218,25,5,2024-10-25,2024-10-30,5,Scheduled,Diabetes,Recovered
A105988,P12336,9,2,2025-11-03,2025-11-08,5,Referral,Migraine,Transferred
A105989,P14677,21,5,2024-01-19,2024-01-23,4,Scheduled,Skin Disorder,Follow-up Required
A105990,P12998,23,5,2025-11-01,2025-11-03,2,Referral,Asthma,Recovered
A105991,P12158,46,10,2024-01-11,2024-01-25,14,Scheduled,Asthma,Follow-up Required
A105992,P12692,29,6,2024-01-08,2024-01-10,2,Emergency,Hypertension,Recovered
A105993,P13343,30,6,2024-06-01,2024-06-06,5,Scheduled,Cancer,Deceased
A105994,P11556,25,5,2025-09-16,2025-09-17,1,Emergency,Skin Disorder,Recovered
A105995,P10276,49,10,2025-10-21,2025-10-27,6,Referral,Migraine,Recovered
A105996,P12737,29,6,2025-07-03,2025-07-04,1,Emergency,ENT Infection,Recovered
A105997,P13683,34,7,2024-05-14,2024-05-16,2,Scheduled,Heart Disease,Recovered
A105998,P11348,14,3,2025-01-07,2025-01-12,5,Scheduled,ENT Infection,Recovered
A105999,P13090,22,5,2025-04-05,2025-04-08,3,Scheduled,Migraine,Recovered
A106000,P12173,48,10,2024-08-22,2024-08-27,5,Scheduled,Migraine,Recovered
A106001,P13392,16,4,2024-09-11,2024-09-13,2,Referral,Hypertension,Recovered
A106002,P10153,11,3,2025-08-08,2025-08-10,2,Scheduled,Skin Disorder,Follow-up Required
A106003,P11605,14,3,2024-11-23,2024-11-29,6,Scheduled,ENT Infection,Recovered
A106004,P12068,7,2,2024-12-27,2024-12-28,1,Emergency,Diabetes,Recovered
A106005,P11827,5,1,2025-01-08,2025-01-10,2,Scheduled,Migraine,Recovered
A106006,P10247,40,8,2024-07-27,2024-07-29,2,Emergency,Hypertension,Recovered
A106007,P11371,29,6,2024-09-23,2024-09-24,1,Scheduled,Infection,Follow-up Required
A106008,P13548,17,4,2025-10-17,2025-10-18,1,Emergency,Infection,Recovered
A106009,P11692,30,6,2025-07-07,2025-07-10,3,Referral,Migraine,Recovered
A106010,P12151,25,5,2025-05-20,2025-05-21,1,Emergency,ENT Infection,Recovered
A106011,P12645,14,3,2025-07-17,2025-07-25,8,Emergency,ENT Infection,Recovered
A106012,P13391,42,9,2025-02-24,2025-02-25,1,Scheduled,Diabetes,Recovered
A106013,P12399,22,5,2024-11-03,2024-11-11,8,Emergency,Cancer,Recovered
A106014,P12282,44,9,2024-05-16,2024-05-23,7,Emergency,Heart Disease,Recovered
A106015,P11671,5,1,2025-02-22,2025-02-24,2,Scheduled,Migraine,Recovered
A106016,P10037,40,8,2024-07-13,2024-07-14,1,Scheduled,Asthma,Follow-up Required
A106017,P13417,28,6,2024-04-04,2024-04-05,1,Emergency,Asthma,Transferred
A106018,P11628,12,3,2025-05-04,2025-05-09,5,Emergency,Cancer,Recovered
A106019,P12340,36,8,2024-09-14,2024-09-20,6,Scheduled,Hypertension,Recovered
A106020,P11372,13,3,2024-01-25,2024-01-30,5,Scheduled,Migraine,Recovered
A106021,P10677,21,5,2024-08-19,2024-08-24,5,Scheduled,Infection,Recovered
A106022,P10253,32,7,2024-11-27,2024-11-29,2,Emergency,Migraine,Transferred
A106023,P12865,49,10,2025-08-28,2025-09-05,8,Scheduled,Cancer,Deceased
A106024,P11617,21,5,2024-08-08,2024-08-11,3,Referral,Diabetes,Recovered
A106025,P12017,37,8,2024-10-23,2024-11-12,20,Scheduled,Migraine,Recovered
A106026,P12232,38,8,2024-07-21,2024-07-24,3,Emergency,Fracture,Recovered
A106027,P10761,9,2,2024-12-08,2024-12-11,3,Scheduled,Heart Disease,Recovered
A106028,P13287,37,8,2025-08-15,2025-08-25,10,Referral,Diabetes,Recovered
A106029,P10393,2,1,2024-07-23,2024-07-28,5,Emergency,Cancer,Follow-up Required
A106030,P13092,3,1,2024-03-17,2024-03-23,6,Scheduled,Fracture,Follow-up Required
A106031,P13543,43,9,2025-07-03,2025-07-07,4,Referral,ENT Infection,Follow-up Required
A106032,P10431,10,2,2025-12-07,2025-12-15,8,Emergency,ENT Infection,Recovered
A106033,P13731,35,7,2024-02-11,2024-02-21,10,Referral,Fracture,Recovered
A106034,P10997,9,2,2025-03-30,2025-04-03,4,Scheduled,Fracture,Transferred
A106035,P11092,40,8,2024-06-30,2024-07-03,3,Scheduled,Skin Disorder,Recovered
A106036,P11101,48,10,2024-07-13,2024-07-18,5,Referral,Infection,Recovered
A106037,P10102,32,7,2025-08-12,2025-08-24,12,Emergency,ENT Infection,Recovered
A106038,P12700,21,5,2025-01-22,2025-01-27,5,Scheduled,Heart Disease,Recovered
A106039,P10893,34,7,2025-09-28,2025-10-10,12,Referral,Migraine,Recovered
A106040,P12261,25,5,2024-05-20,2024-05-23,3,Scheduled,Fracture,Recovered
A106041,P11789,42,9,2024-01-27,2024-02-06,10,Emergency,Hypertension,Follow-up Required
A106042,P12181,32,7,2024-11-10,2024-11-12,2,Scheduled,Fracture,Recovered
A106043,P13097,46,10,2024-11-16,2024-11-19,3,Emergency,Infection,Recovered
A106044,P14568,37,8,2025-03-23,2025-03-27,4,Scheduled,Migraine,Transferred
A106045,P13685,22,5,2024-10-19,2024-10-25,6,Scheduled,Asthma,Transferred
A106046,P11781,25,5,2024-08-23,2024-08-26,3,Scheduled,Asthma,Recovered
A106047,P13615,1,1,2025-12-15,2025-12-25,10,Scheduled,Infection,Recovered
A106048,P14014,45,9,2025-04-01,2025-04-11,10,Emergency,Hypertension,Recovered
A106049,P11280,36,8,2025-10-15,2025-10-22,7,Emergency,Asthma,Follow-up Required
A106050,P14009,21,5,2025-08-28,2025-08-30,2,Referral,Skin Disorder,Deceased
A106051,P13287,41,9,2025-10-25,2025-10-26,1,Emergency,ENT Infection,Recovered
A106052,P12682,16,4,2024-03-07,2024-03-11,4,Emergency,Migraine,Follow-up Required
A106053,P14518,32,7,2024-06-24,2024-07-01,7,Referral,Infection,Recovered
A106054,P12629,21,5,2025-05-24,2025-05-26,2,Scheduled,Heart Disease,Recovered
A106055,P10539,28,6,2025-09-06,2025-09-11,5,Scheduled,Fracture,Recovered
A106056,P11781,19,4,2024-03-31,2024-04-04,4,Emergency,Fracture,Recovered
A106057,P13527,14,3,2025-12-05,2025-12-11,6,Emergency,Asthma,Recovered
A106058,P12349,23,5,2024-06-14,2024-06-18,4,Scheduled,Heart Disease,Recovered
A106059,P11961,24,5,2025-08-24,2025-08-30,6,Scheduled,Heart Disease,Recovered
A106060,P13092,20,4,2025-03-13,2025-03-15,2,Referral,ENT Infection,Recovered
A106061,P13563,32,7,2024-02-20,2024-02-22,2,Scheduled,Migraine,Recovered
A106062,P14902,40,8,2025-11-08,2025-11-18,10,Emergency,Diabetes,Follow-up Required
A106063,P12305,10,2,2025-11-16,2025-11-19,3,Scheduled,Hypertension,Recovered
A106064,P12501,1,1,2024-09-22,2024-10-12,20,Emergency,Diabetes,Transferred
A106065,P12486,31,7,2025-06-04,2025-06-05,1,Emergency,Skin Disorder,Recovered
A106066,P12446,37,8,2024-03-27,2024-03-31,4,Scheduled,Heart Disease,Follow-up Required
A106067,P10649,15,3,2025-08-28,2025-08-31,3,Emergency,Heart Disease,Recovered
A106068,P12270,40,8,2024-02-21,2024-03-12,20,Emergency,Hypertension,Recovered
A106069,P13816,31,7,2024-06-27,2024-07-17,20,Referral,Diabetes,Recovered
A106070,P11552,28,6,2024-10-04,2024-10-06,2,Scheduled,Asthma,Recovered
A106071,P14722,10,2,2024-08-26,2024-08-29,3,Emergency,Diabetes,Recovered
A106072,P14872,6,2,2025-08-07,2025-08-13,6,Emergency,ENT Infection,Recovered
A106073,P11303,15,3,2024-12-04,2024-12-12,8,Referral,ENT Infection,Follow-up Required
A106074,P12633,47,10,2024-03-12,2024-03-18,6,Referral,Cancer,Follow-up Required
A106075,P12533,27,6,2025-01-08,2025-01-16,8,Scheduled,Asthma,Recovered
A106076,P11269,10,2,2025-08-02,2025-08-03,1,Scheduled,Diabetes,Follow-up Required
A106077,P11774,21,5,2025-05-31,2025-06-05,5,Scheduled,ENT Infection,Recovered
A106078,P13090,19,4,2024-08-25,2024-08-31,6,Referral,Asthma,Follow-up Required
A106079,P13628,4,1,2025-04-10,2025-04-12,2,Emergency,Diabetes,Recovered
A106080,P11167,22,5,2024-04-30,2024-05-07,7,Referral,Hypertension,Recovered
A106081,P12549,38,8,2025-02-16,2025-02-28,12,Referral,Migraine,Recovered
A106082,P11551,15,3,2025-12-23,2026-01-02,10,Scheduled,Migraine,Recovered
A106083,P12141,6,2,2025-07-23,2025-07-26,3,Emergency,Cancer,Recovered
A106084,P13521,50,10,2024-02-12,2024-02-15,3,Scheduled,Fracture,Recovered
A106085,P13655,11,3,2025-05-18,2025-05-22,4,Emergency,Diabetes,Follow-up Required
A106086,P10621,44,9,2024-07-15,2024-07-17,2,Emergency,Infection,Recovered
A106087,P12524,30,6,2024-03-12,2024-03-24,12,Referral,Heart Disease,Recovered
A106088,P14768,40,8,2024-03-31,2024-04-02,2,Scheduled,Heart Disease,Recovered
A106089,P14897,24,5,2025-07-02,2025-07-09,7,Scheduled,Cancer,Recovered
A106090,P10171,22,5,2025-05-05,2025-05-08,3,Emergency,Heart Disease,Recovered
A106091,P12420,30,6,2025-01-17,2025-01-22,5,Scheduled,Diabetes,Recovered
A106092,P12780,46,10,2025-04-10,2025-04-11,1,Scheduled,ENT Infection,Recovered
A106093,P11417,4,1,2024-06-02,2024-06-04,2,Emergency,Skin Disorder,Recovered
A106094,P10939,50,10,2024-06-18,2024-06-22,4,Scheduled,Cancer,Recovered
A106095,P14931,6,2,2024-09-28,2024-10-04,6,Emergency,Diabetes,Recovered
A106096,P12032,38,8,2024-04-19,2024-04-26,7,Scheduled,Cancer,Recovered
A106097,P13178,26,6,2024-05-30,2024-05-31,1,Referral,Migraine,Recovered
A106098,P12772,19,4,2025-03-06,2025-03-08,2,Emergency,ENT Infection,Follow-up Required
A106099,P13797,2,1,2025-03-26,2025-04-01,6,Emergency,ENT Infection,Recovered
A106100,P12885,4,1,2025-10-04,2025-10-11,7,Scheduled,Fracture,Recovered
A106101,P11732,5,1,2024-01-23,2024-01-25,2,Scheduled,ENT Infection,Recovered
A106102,P11273,47,10,2025-01-01,2025-01-03,2,Emergency,Migraine,Follow-up Required
A106103,P11753,35,7,2025-10-12,2025-10-13,1,Scheduled,ENT Infection,Recovered
A106104,P11957,29,6,2024-08-26,2024-08-28,2,Emergency,Migraine,Recovered
A106105,P13488,16,4,2025-03-09,2025-03-10,1,Emergency,Hypertension,Recovered
A106106,P11692,45,9,2025-12-04,2025-12-09,5,Emergency,Migraine,Recovered
A106107,P14166,12,3,2024-05-06,2024-05-16,10,Emergency,Infection,Recovered
A106108,P11258,21,5,2025-06-24,2025-06-26,2,Scheduled,Cancer,Recovered
A106109,P10432,9,2,2025-09-24,2025-10-01,7,Scheduled,Cancer,Recovered
A106110,P14266,11,3,2024-07-16,2024-07-21,5,Emergency,Diabetes,Recovered
A106111,P12084,8,2,2025-11-16,2025-11-28,12,Emergency,ENT Infection,Recovered
A106112,P13906,26,6,2025-10-17,2025-10-24,7,Scheduled,Hypertension,Follow-up Required
A106113,P14355,32,7,2025-04-26,2025-05-04,8,Scheduled,Fracture,Recovered
A106114,P12299,39,8,2024-06-27,2024-07-02,5,Emergency,Heart Disease,Follow-up Required
A106115,P12105,4,1,2025-06-06,2025-06-13,7,Emergency,Cancer,Recovered
A106116,P11185,34,7,2025-10-12,2025-10-15,3,Scheduled,Asthma,Recovered
A106117,P10437,28,6,2025-03-12,2025-03-14,2,Emergency,Migraine,Recovered
A106118,P14326,25,5,2024-11-09,2024-11-19,10,Scheduled,Skin Disorder,Follow-up Required
A106119,P14927,44,9,2024-01-19,2024-01-25,6,Scheduled,Asthma,Follow-up Required
A106120,P14937,35,7,2024-06-08,2024-06-09,1,Referral,Asthma,Recovered
A106121,P14716,19,4,2024-05-01,2024-05-09,8,Scheduled,Hypertension,Follow-up Required
A106122,P12400,35,7,2024-03-12,2024-03-15,3,Scheduled,Skin Disorder,Recovered
A106123,P10622,39,8,2024-02-24,2024-02-27,3,Scheduled,Diabetes,Follow-up Required
A106124,P13714,29,6,2025-04-04,2025-04-09,5,Scheduled,Hypertension,Follow-up Required
A106125,P10635,14,3,2024-06-17,2024-06-22,5,Scheduled,Infection,Deceased
A106126,P13013,21,5,2025-09-02,2025-09-07,5,Emergency,Migraine,Recovered
A106127,P11994,36,8,2025-08-04,2025-08-07,3,Referral,Asthma,Recovered
A106128,P12676,38,8,2024-05-28,2024-06-09,12,Referral,Fracture,Recovered
A106129,P12341,14,3,2025-09-20,2025-10-02,12,Emergency,Cancer,Recovered
A106130,P11410,40,8,2024-01-26,2024-01-27,1,Referral,Infection,Recovered
A106131,P13817,50,10,2024-09-04,2024-09-07,3,Scheduled,Hypertension,Recovered
A106132,P10829,15,3,2025-12-21,2025-12-22,1,Scheduled,Asthma,Recovered
A106133,P12282,50,10,2024-08-14,2024-08-22,8,Scheduled,Heart Disease,Recovered
A106134,P10537,30,6,2025-09-17,2025-09-25,8,Emergency,Cancer,Recovered
A106135,P11403,47,10,2025-12-06,2025-12-10,4,Referral,Asthma,Recovered
A106136,P10805,12,3,2025-04-28,2025-05-06,8,Scheduled,Asthma,Transferred
A106137,P13282,50,10,2024-01-10,2024-01-16,6,Scheduled,Migraine,Recovered
A106138,P10852,5,1,2024-04-04,2024-04-08,4,Scheduled,Cancer,Deceased
A106139,P12226,27,6,2024-04-30,2024-05-03,3,Scheduled,Asthma,Recovered
A106140,P10556,15,3,2024-05-05,2024-05-08,3,Emergency,Infection,Recovered
A106141,P13144,26,6,2025-07-02,2025-07-05,3,Emergency,Skin Disorder,Recovered
A106142,P14324,9,2,2024-03-09,2024-03-14,5,Referral,Asthma,Recovered
A106143,P11865,40,8,2024-10-23,2024-10-25,2,Referral,Asthma,Recovered
A106144,P14350,40,8,2025-11-16,2025-11-18,2,Referral,Skin Disorder,Recovered
A106145,P12095,35,7,2025-05-15,2025-05-16,1,Emergency,Asthma,Transferred
A106146,P13479,13,3,2024-02-14,2024-02-19,5,Scheduled,Infection,Follow-up Required
A106147,P12931,45,9,2025-09-26,2025-10-16,20,Scheduled,Fracture,Recovered
A106148,P12628,44,9,2025-01-16,2025-01-24,8,Scheduled,Migraine,Recovered
A106149,P10254,47,10,2024-01-27,2024-02-02,6,Scheduled,Cancer,Recovered
A106150,P13521,46,10,2025-12-05,2025-12-12,7,Emergency,ENT Infection,Recovered
A106151,P10059,33,7,2025-05-11,2025-05-15,4,Emergency,ENT Infection,Recovered
A106152,P13703,34,7,2024-05-15,2024-05-18,3,Emergency,Migraine,Recovered
A106153,P11722,4,1,2025-12-07,2025-12-10,3,Scheduled,Fracture,Recovered
A106154,P12608,13,3,2024-02-18,2024-02-19,1,Emergency,Cancer,Recovered
A106155,P10265,10,2,2025-08-30,2025-09-04,5,Referral,Migraine,Recovered
A106156,P11708,45,9,2025-05-21,2025-05-23,2,Emergency,Diabetes,Transferred
A106157,P13215,1,1,2024-04-30,2024-05-07,7,Scheduled,ENT Infection,Follow-up Required
A106158,P12294,11,3,2024-08-04,2024-08-06,2,Referral,Cancer,Recovered
A106159,P13288,50,10,2025-09-17,2025-09-19,2,Scheduled,Cancer,Recovered
A106160,P12485,9,2,2025-06-09,2025-06-21,12,Emergency,Infection,Recovered
A106161,P12736,38,8,2025-07-27,2025-07-29,2,Emergency,Skin Disorder,Follow-up Required
A106162,P12524,23,5,2024-02-12,2024-02-16,4,Scheduled,Skin Disorder,Follow-up Required
A106163,P13456,13,3,2024-04-05,2024-04-06,1,Emergency,Fracture,Recovered
A106164,P10938,5,1,2024-01-27,2024-01-28,1,Referral,Infection,Recovered
A106165,P10878,25,5,2024-08-29,2024-09-03,5,Scheduled,Hypertension,Follow-up Required
A106166,P12705,10,2,2025-05-01,2025-05-06,5,Scheduled,Hypertension,Recovered
A106167,P10547,5,1,2024-08-27,2024-08-29,2,Scheduled,Heart Disease,Follow-up Required
A106168,P12463,22,5,2024-10-30,2024-11-07,8,Referral,Asthma,Recovered
A106169,P13204,42,9,2024-03-07,2024-03-13,6,Scheduled,ENT Infection,Recovered
A106170,P14494,25,5,2024-10-07,2024-10-10,3,Scheduled,Cancer,Recovered
A106171,P13579,37,8,2024-07-10,2024-07-13,3,Referral,Migraine,Recovered
A106172,P13632,20,4,2024-04-28,2024-05-05,7,Referral,Heart Disease,Recovered
A106173,P12216,28,6,2024-05-31,2024-06-06,6,Emergency,Diabetes,Follow-up Required
A106174,P13847,21,5,2025-01-26,2025-01-28,2,Emergency,ENT Infection,Recovered
A106175,P10230,11,3,2024-08-18,2024-08-21,3,Emergency,Cancer,Recovered
A106176,P14799,29,6,2024-12-16,2024-12-18,2,Emergency,Skin Disorder,Recovered
A106177,P11428,5,1,2025-07-24,2025-07-27,3,Referral,Infection,Transferred
A106178,P11700,37,8,2025-06-12,2025-06-15,3,Emergency,Asthma,Recovered
A106179,P13970,49,10,2024-06-19,2024-07-03,14,Emergency,ENT Infection,Recovered
A106180,P13066,5,1,2024-05-11,2024-05-18,7,Emergency,Diabetes,Recovered
A106181,P12146,33,7,2024-12-22,2024-12-29,7,Referral,Diabetes,Recovered
A106182,P10007,45,9,2025-10-09,2025-10-12,3,Referral,Asthma,Transferred
A106183,P14273,36,8,2024-02-11,2024-02-12,1,Scheduled,Skin Disorder,Recovered
A106184,P11230,8,2,2024-10-31,2024-11-01,1,Scheduled,Skin Disorder,Transferred
A106185,P14395,6,2,2024-01-06,2024-01-11,5,Scheduled,Skin Disorder,Follow-up Required
A106186,P11824,15,3,2024-11-24,2024-11-27,3,Scheduled,Heart Disease,Recovered
A106187,P13985,15,3,2024-06-18,2024-06-20,2,Emergency,Heart Disease,Follow-up Required
A106188,P12277,48,10,2024-12-03,2024-12-04,1,Scheduled,Skin Disorder,Follow-up Required
A106189,P12944,9,2,2025-12-27,2026-01-04,8,Scheduled,Migraine,Follow-up Required
A106190,P10631,5,1,2024-03-09,2024-03-14,5,Scheduled,Heart Disease,Recovered
A106191,P10270,26,6,2025-06-22,2025-06-24,2,Scheduled,Infection,Follow-up Required
A106192,P14177,23,5,2025-05-21,2025-05-28,7,Referral,Asthma,Recovered
A106193,P13772,16,4,2025-04-30,2025-05-07,7,Scheduled,ENT Infection,Follow-up Required
A106194,P14916,39,8,2025-03-18,2025-03-21,3,Scheduled,Heart Disease,Recovered
A106195,P10501,35,7,2024-02-20,2024-02-22,2,Referral,Asthma,Recovered
A106196,P12751,10,2,2024-05-28,2024-06-04,7,Scheduled,ENT Infection,Recovered
A106197,P11313,27,6,2025-08-09,2025-08-12,3,Emergency,Skin Disorder,Recovered
A106198,P12154,16,4,2024-04-01,2024-04-09,8,Scheduled,Diabetes,Follow-up Required
A106199,P14737,21,5,2025-01-02,2025-01-03,1,Scheduled,Migraine,Transferred
A106200,P10609,12,3,2025-08-02,2025-08-06,4,Emergency,ENT Infection,Recovered
A106201,P13044,9,2,2025-10-17,2025-10-19,2,Scheduled,Migraine,Recovered
A106202,P11664,16,4,2024-03-16,2024-03-22,6,Referral,Asthma,Recovered
A106203,P13295,9,2,2024-03-26,2024-04-15,20,Scheduled,Diabetes,Recovered
A106204,P11998,29,6,2024-08-14,2024-08-18,4,Scheduled,Asthma,Recovered
A106205,P12430,23,5,2024-12-28,2024-12-30,2,Emergency,Hypertension,Follow-up Required
A106206,P14200,39,8,2025-07-21,2025-07-24,3,Referral,ENT Infection,Follow-up Required
A106207,P12712,43,9,2025-08-14,2025-08-24,10,Scheduled,Infection,Recovered
A106208,P13186,49,10,2024-01-24,2024-01-31,7,Scheduled,Hypertension,Recovered
A106209,P11532,24,5,2024-01-28,2024-01-30,2,Scheduled,Diabetes,Recovered
A106210,P14217,22,5,2024-04-30,2024-05-12,12,Emergency,Fracture,Recovered
A106211,P13707,31,7,2025-05-04,2025-05-09,5,Emergency,Migraine,Transferred
A106212,P13075,10,2,2025-08-27,2025-08-29,2,Emergency,ENT Infection,Recovered
A106213,P14503,47,10,2025-09-15,2025-09-20,5,Emergency,Hypertension,Recovered
A106214,P10676,42,9,2024-12-10,2024-12-14,4,Scheduled,Hypertension,Recovered
A106215,P11655,27,6,2024-01-31,2024-02-07,7,Scheduled,Migraine,Recovered
A106216,P14528,34,7,2025-10-16,2025-10-19,3,Scheduled,Asthma,Recovered
A106217,P14157,48,10,2024-08-14,2024-08-22,8,Scheduled,Heart Disease,Recovered
A106218,P13545,39,8,2024-09-06,2024-09-13,7,Emergency,Migraine,Follow-up Required
A106219,P13819,24,5,2024-02-19,2024-02-25,6,Scheduled,Diabetes,Recovered
A106220,P13444,21,5,2025-12-26,2025-12-29,3,Emergency,Cancer,Recovered
A106221,P11048,15,3,2025-01-23,2025-02-06,14,Scheduled,Heart Disease,Transferred
A106222,P12454,17,4,2024-10-14,2024-10-19,5,Scheduled,Heart Disease,Recovered
A106223,P11332,45,9,2025-12-07,2025-12-17,10,Emergency,Skin Disorder,Follow-up Required
A106224,P14083,19,4,2025-08-13,2025-08-15,2,Scheduled,Fracture,Recovered
A106225,P12661,25,5,2025-04-19,2025-05-03,14,Scheduled,ENT Infection,Recovered
A106226,P12263,40,8,2025-08-25,2025-09-01,7,Scheduled,Heart Disease,Recovered
A106227,P14358,22,5,2024-01-06,2024-01-18,12,Scheduled,Migraine,Follow-up Required
A106228,P10764,41,9,2025-02-15,2025-02-17,2,Emergency,Asthma,Recovered
A106229,P12368,49,10,2025-10-23,2025-10-27,4,Scheduled,ENT Infection,Follow-up Required
A106230,P13409,42,9,2024-11-19,2024-11-20,1,Referral,Hypertension,Recovered
A106231,P11685,14,3,2025-02-02,2025-02-04,2,Scheduled,Infection,Recovered
A106232,P14465,28,6,2024-10-08,2024-10-11,3,Emergency,Fracture,Recovered
A106233,P10870,12,3,2024-07-09,2024-07-21,12,Scheduled,Skin Disorder,Recovered
A106234,P12734,27,6,2025-08-07,2025-08-13,6,Emergency,Diabetes,Transferred
A106235,P10914,24,5,2025-05-14,2025-05-17,3,Referral,Diabetes,Transferred
A106236,P13132,22,5,2025-08-02,2025-08-14,12,Referral,ENT Infection,Recovered
A106237,P11631,39,8,2025-03-09,2025-03-15,6,Scheduled,Diabetes,Recovered
A106238,P10543,41,9,2024-03-03,2024-03-13,10,Referral,ENT Infection,Follow-up Required
A106239,P12204,50,10,2025-03-28,2025-04-07,10,Emergency,ENT Infection,Follow-up Required
A106240,P12936,39,8,2025-05-07,2025-05-14,7,Emergency,Cancer,Recovered
A106241,P10752,36,8,2025-10-07,2025-10-10,3,Emergency,Diabetes,Recovered
A106242,P12112,23,5,2025-03-17,2025-04-06,20,Scheduled,Fracture,Follow-up Required
A106243,P10421,8,2,2024-11-02,2024-11-05,3,Scheduled,ENT Infection,Recovered
A106244,P12371,28,6,2024-05-05,2024-05-11,6,Emergency,Hypertension,Recovered
A106245,P11487,50,10,2024-09-21,2024-09-29,8,Emergency,Fracture,Recovered
A106246,P10547,29,6,2024-01-07,2024-01-09,2,Referral,Asthma,Recovered
A106247,P14962,15,3,2025-02-16,2025-02-21,5,Emergency,Asthma,Recovered
A106248,P12558,39,8,2024-07-24,2024-07-27,3,Emergency,Heart Disease,Recovered
A106249,P11572,8,2,2024-06-27,2024-06-30,3,Emergency,Skin Disorder,Recovered
A106250,P10454,28,6,2025-04-12,2025-04-13,1,Emergency,Migraine,Follow-up Required
A106251,P12692,33,7,2025-05-10,2025-05-18,8,Emergency,Skin Disorder,Recovered
A106252,P11758,11,3,2025-11-25,2025-11-27,2,Scheduled,Diabetes,Recovered
A106253,P14775,42,9,2025-03-18,2025-03-26,8,Scheduled,Heart Disease,Follow-up Required
A106254,P14370,37,8,2024-08-15,2024-08-20,5,Scheduled,Infection,Recovered
A106255,P10060,25,5,2024-05-25,2024-05-30,5,Scheduled,Migraine,Recovered
A106256,P14438,34,7,2025-07-23,2025-07-30,7,Referral,Skin Disorder,Transferred
A106257,P11418,22,5,2024-10-22,2024-10-26,4,Emergency,Diabetes,Recovered
A106258,P12161,2,1,2024-08-28,2024-08-31,3,Emergency,Skin Disorder,Recovered
A106259,P11339,16,4,2024-10-13,2024-10-15,2,Emergency,Cancer,Recovered
A106260,P10467,11,3,2025-11-05,2025-11-10,5,Scheduled,Migraine,Recovered
A106261,P12311,14,3,2024-01-26,2024-01-31,5,Emergency,Hypertension,Follow-up Required
A106262,P12472,32,7,2025-03-27,2025-03-30,3,Scheduled,ENT Infection,Recovered
A106263,P10720,22,5,2024-04-15,2024-04-20,5,Scheduled,Hypertension,Recovered
A106264,P11236,5,1,2024-08-27,2024-08-31,4,Scheduled,Infection,Recovered
A106265,P10563,36,8,2025-02-21,2025-02-28,7,Scheduled,Diabetes,Follow-up Required
A106266,P10983,23,5,2024-11-27,2024-12-02,5,Scheduled,Hypertension,Follow-up Required
A106267,P12967,19,4,2024-02-11,2024-02-23,12,Referral,Heart Disease,Recovered
A106268,P12336,29,6,2025-10-06,2025-10-10,4,Emergency,Diabetes,Recovered
A106269,P14521,42,9,2025-07-09,2025-07-17,8,Scheduled,Heart Disease,Follow-up Required
A106270,P14650,23,5,2024-02-04,2024-02-08,4,Emergency,Skin Disorder,Recovered
A106271,P14855,9,2,2024-12-12,2024-12-17,5,Scheduled,Skin Disorder,Recovered
A106272,P11731,18,4,2025-01-18,2025-01-21,3,Referral,Skin Disorder,Transferred
A106273,P14340,31,7,2025-05-27,2025-05-31,4,Emergency,Asthma,Recovered
A106274,P13048,37,8,2024-10-14,2024-10-26,12,Scheduled,Heart Disease,Recovered
A106275,P11358,17,4,2024-02-02,2024-02-04,2,Referral,Asthma,Recovered
A106276,P12376,18,4,2024-04-04,2024-04-06,2,Scheduled,Heart Disease,Recovered
A106277,P12763,27,6,2024-07-23,2024-07-31,8,Emergency,Cancer,Recovered
A106278,P11786,21,5,2025-09-12,2025-09-17,5,Referral,Migraine,Recovered
A106279,P11963,1,1,2024-01-30,2024-02-02,3,Emergency,Diabetes,Recovered
A106280,P11189,32,7,2024-09-22,2024-09-26,4,Emergency,Migraine,Follow-up Required
A106281,P12679,14,3,2024-01-23,2024-01-27,4,Referral,Heart Disease,Recovered
A106282,P13008,46,10,2025-08-31,2025-09-05,5,Emergency,Diabetes,Recovered
A106283,P13124,14,3,2024-02-08,2024-02-15,7,Referral,ENT Infection,Recovered
A106284,P13144,33,7,2024-06-21,2024-06-25,4,Emergency,ENT Infection,Recovered
A106285,P12801,36,8,2025-02-16,2025-02-22,6,Referral,Cancer,Recovered
A106286,P10324,39,8,2025-02-17,2025-02-25,8,Scheduled,Skin Disorder,Recovered
A106287,P13684,12,3,2025-11-04,2025-11-12,8,Scheduled,Heart Disease,Recovered
A106288,P12203,45,9,2025-11-22,2025-11-25,3,Scheduled,ENT Infection,Recovered
A106289,P11795,25,5,2025-09-06,2025-09-09,3,Emergency,Fracture,Recovered
A106290,P12249,15,3,2024-07-27,2024-08-01,5,Emergency,Infection,Recovered
A106291,P12343,20,4,2024-01-22,2024-01-30,8,Scheduled,Infection,Recovered
A106292,P13394,34,7,2024-01-05,2024-01-12,7,Referral,Diabetes,Follow-up Required
A106293,P13401,14,3,2025-10-12,2025-10-17,5,Scheduled,Hypertension,Recovered
A106294,P11976,30,6,2024-08-01,2024-08-15,14,Referral,Heart Disease,Recovered
A106295,P13046,44,9,2025-11-02,2025-11-06,4,Referral,Diabetes,Follow-up Required
A106296,P11308,13,3,2024-05-18,2024-05-26,8,Scheduled,Cancer,Recovered
A106297,P11456,14,3,2025-10-18,2025-10-25,7,Referral,Migraine,Recovered
A106298,P10963,29,6,2025-11-02,2025-11-12,10,Emergency,Skin Disorder,Recovered
A106299,P11718,26,6,2025-08-17,2025-09-06,20,Scheduled,Infection,Recovered
A106300,P12430,3,1,2025-10-28,2025-11-01,4,Scheduled,Hypertension,Recovered
A106301,P12540,25,5,2024-11-12,2024-11-14,2,Emergency,Asthma,Follow-up Required
A106302,P13619,27,6,2025-07-29,2025-08-02,4,Referral,Fracture,Recovered
A106303,P12379,45,9,2025-12-04,2025-12-12,8,Emergency,ENT Infection,Recovered
A106304,P10875,40,8,2024-06-04,2024-06-12,8,Scheduled,Hypertension,Recovered
A106305,P13671,16,4,2025-02-27,2025-03-02,3,Emergency,Diabetes,Recovered
A106306,P12206,38,8,2025-05-14,2025-05-15,1,Scheduled,Hypertension,Recovered
A106307,P14528,11,3,2024-03-31,2024-04-04,4,Scheduled,ENT Infection,Recovered
A106308,P11140,29,6,2025-10-15,2025-10-19,4,Scheduled,Migraine,Recovered
A106309,P13592,47,10,2024-02-11,2024-02-12,1,Scheduled,Migraine,Deceased
A106310,P14715,24,5,2024-10-21,2024-10-28,7,Scheduled,Fracture,Recovered
A106311,P14715,29,6,2024-12-02,2024-12-05,3,Scheduled,Hypertension,Recovered
A106312,P12674,34,7,2024-01-01,2024-01-06,5,Emergency,Hypertension,Recovered
A106313,P14531,11,3,2024-04-18,2024-04-20,2,Scheduled,Infection,Transferred
A106314,P11546,20,4,2024-05-04,2024-05-12,8,Referral,ENT Infection,Recovered
A106315,P12844,20,4,2024-03-04,2024-03-10,6,Scheduled,Skin Disorder,Recovered
A106316,P14668,9,2,2024-07-24,2024-07-27,3,Scheduled,Infection,Transferred
A106317,P10266,23,5,2025-02-18,2025-02-23,5,Emergency,Fracture,Transferred
A106318,P10102,36,8,2024-08-31,2024-09-02,2,Emergency,Fracture,Recovered
A106319,P12757,49,10,2025-08-12,2025-09-01,20,Referral,Skin Disorder,Recovered
A106320,P13974,27,6,2025-09-14,2025-09-21,7,Referral,Asthma,Transferred
A106321,P11535,24,5,2025-10-15,2025-10-22,7,Emergency,ENT Infection,Recovered
A106322,P12270,40,8,2024-08-03,2024-08-05,2,Scheduled,Diabetes,Recovered
A106323,P12963,25,5,2025-06-11,2025-06-12,1,Scheduled,Hypertension,Recovered
A106324,P12484,25,5,2025-07-19,2025-07-24,5,Scheduled,Asthma,Recovered
A106325,P11214,48,10,2025-10-14,2025-10-16,2,Scheduled,Hypertension,Recovered
A106326,P14736,33,7,2025-01-14,2025-01-21,7,Scheduled,Heart Disease,Recovered
A106327,P12993,31,7,2024-03-19,2024-03-23,4,Referral,Asthma,Recovered
A106328,P14430,10,2,2025-02-18,2025-02-21,3,Referral,Migraine,Recovered
A106329,P10907,39,8,2025-03-28,2025-03-29,1,Referral,Skin Disorder,Recovered
A106330,P11582,15,3,2024-05-28,2024-06-17,20,Scheduled,Asthma,Recovered
A106331,P11605,1,1,2025-09-30,2025-10-12,12,Emergency,Heart Disease,Follow-up Required
A106332,P10570,16,4,2025-10-31,2025-11-02,2,Scheduled,ENT Infection,Recovered
A106333,P11546,21,5,2024-02-07,2024-02-10,3,Scheduled,Fracture,Recovered
A106334,P10909,2,1,2024-06-05,2024-06-09,4,Referral,Migraine,Recovered
A106335,P14463,3,1,2024-11-28,2024-12-01,3,Referral,Fracture,Recovered
A106336,P14084,15,3,2024-10-14,2024-10-26,12,Scheduled,Heart Disease,Recovered
A106337,P13341,32,7,2024-04-21,2024-04-27,6,Emergency,Skin Disorder,Recovered
A106338,P12426,50,10,2025-12-02,2025-12-14,12,Emergency,Skin Disorder,Follow-up Required
A106339,P13219,47,10,2025-09-09,2025-09-17,8,Scheduled,Migraine,Recovered
A106340,P12166,27,6,2024-03-31,2024-04-07,7,Emergency,Hypertension,Recovered
A106341,P11014,36,8,2024-02-18,2024-02-24,6,Referral,Hypertension,Follow-up Required
A106342,P13207,35,7,2024-06-09,2024-06-17,8,Scheduled,Infection,Follow-up Required
A106343,P11873,39,8,2025-05-30,2025-06-05,6,Referral,Heart Disease,Deceased
A106344,P14910,24,5,2025-02-05,2025-02-07,2,Emergency,Cancer,Recovered
A106345,P10206,8,2,2025-12-10,2025-12-15,5,Emergency,Asthma,Follow-up Required
A106346,P10816,7,2,2024-11-15,2024-11-19,4,Scheduled,Asthma,Recovered
A106347,P10066,4,1,2024-12-29,2025-01-12,14,Referral,Asthma,Recovered
A106348,P14046,30,6,2025-03-17,2025-03-21,4,Scheduled,Asthma,Recovered
A106349,P12052,10,2,2025-04-19,2025-04-20,1,Referral,Heart Disease,Follow-up Required
A106350,P10003,25,5,2025-08-24,2025-08-27,3,Scheduled,Asthma,Recovered
A106351,P10325,42,9,2024-11-07,2024-11-17,10,Referral,Heart Disease,Recovered
A106352,P10605,47,10,2025-06-15,2025-06-29,14,Emergency,Migraine,Recovered
A106353,P14892,32,7,2025-08-11,2025-08-17,6,Scheduled,Hypertension,Follow-up Required
A106354,P12583,32,7,2024-08-07,2024-08-08,1,Emergency,Diabetes,Recovered
A106355,P12647,50,10,2025-11-04,2025-11-05,1,Emergency,Diabetes,Recovered
A106356,P13123,32,7,2025-05-11,2025-05-15,4,Scheduled,Skin Disorder,Recovered
A106357,P13115,10,2,2024-12-08,2024-12-28,20,Emergency,Migraine,Follow-up Required
A106358,P13276,9,2,2025-09-18,2025-09-26,8,Scheduled,Hypertension,Recovered
A106359,P10347,25,5,2024-04-03,2024-04-15,12,Scheduled,Diabetes,Recovered
A106360,P14155,25,5,2024-05-12,2024-05-17,5,Scheduled,Asthma,Recovered
A106361,P12728,41,9,2025-05-15,2025-05-23,8,Referral,Asthma,Recovered
A106362,P12559,16,4,2024-06-20,2024-06-23,3,Referral,Diabetes,Recovered
A106363,P13390,49,10,2025-09-17,2025-09-18,1,Referral,Heart Disease,Follow-up Required
A106364,P13444,16,4,2024-01-09,2024-01-19,10,Scheduled,Fracture,Recovered
A106365,P12255,30,6,2025-11-12,2025-11-14,2,Scheduled,ENT Infection,Recovered
A106366,P10111,38,8,2024-11-16,2024-11-22,6,Emergency,Hypertension,Follow-up Required
A106367,P10023,5,1,2024-04-07,2024-04-13,6,Emergency,ENT Infection,Transferred
A106368,P13817,7,2,2024-06-17,2024-06-19,2,Scheduled,Diabetes,Follow-up Required
A106369,P11964,13,3,2024-11-06,2024-11-08,2,Scheduled,Infection,Recovered
A106370,P14883,8,2,2025-12-30,2026-01-02,3,Scheduled,Asthma,Recovered
A106371,P11708,33,7,2024-12-08,2024-12-15,7,Scheduled,Migraine,Transferred
A106372,P13083,10,2,2025-03-05,2025-03-06,1,Emergency,Cancer,Follow-up Required
A106373,P13816,20,4,2025-07-09,2025-07-13,4,Scheduled,Heart Disease,Recovered
A106374,P10747,32,7,2025-05-14,2025-05-20,6,Scheduled,Cancer,Follow-up Required
A106375,P10515,29,6,2024-10-11,2024-10-13,2,Scheduled,Migraine,Recovered
A106376,P13040,1,1,2025-09-29,2025-10-01,2,Scheduled,Skin Disorder,Deceased
A106377,P12857,27,6,2024-09-16,2024-09-20,4,Emergency,Skin Disorder,Follow-up Required
A106378,P12342,20,4,2025-05-09,2025-05-12,3,Referral,Infection,Recovered
A106379,P10325,14,3,2024-12-20,2024-12-25,5,Emergency,Heart Disease,Transferred
A106380,P13363,15,3,2024-08-01,2024-08-15,14,Scheduled,Fracture,Recovered
A106381,P13491,6,2,2024-07-18,2024-07-19,1,Referral,Asthma,Follow-up Required
A106382,P12508,2,1,2024-08-23,2024-09-02,10,Emergency,Hypertension,Recovered
A106383,P13179,29,6,2024-05-15,2024-05-19,4,Scheduled,Diabetes,Follow-up Required
A106384,P13325,39,8,2025-09-19,2025-09-25,6,Scheduled,Asthma,Recovered
A106385,P11563,32,7,2025-10-28,2025-11-05,8,Emergency,Skin Disorder,Transferred
A106386,P11545,5,1,2025-02-25,2025-03-02,5,Scheduled,Fracture,Recovered
A106387,P13230,22,5,2024-12-06,2024-12-07,1,Scheduled,Heart Disease,Recovered
A106388,P10526,28,6,2024-12-07,2024-12-09,2,Emergency,Cancer,Recovered
A106389,P14634,32,7,2025-06-13,2025-06-20,7,Scheduled,Infection,Follow-up Required
A106390,P11750,29,6,2025-01-22,2025-01-24,2,Emergency,Diabetes,Recovered
A106391,P14723,40,8,2024-01-04,2024-01-09,5,Referral,ENT Infection,Transferred
A106392,P10841,3,1,2025-11-07,2025-11-11,4,Scheduled,Fracture,Follow-up Required
A106393,P12266,31,7,2025-09-30,2025-10-03,3,Emergency,ENT Infection,Follow-up Required
A106394,P14689,13,3,2025-02-02,2025-02-09,7,Referral,Asthma,Recovered
A106395,P10713,6,2,2025-02-25,2025-03-03,6,Scheduled,Diabetes,Recovered
A106396,P10067,21,5,2025-02-14,2025-02-19,5,Emergency,Asthma,Follow-up Required
A106397,P10761,14,3,2024-07-31,2024-08-03,3,Emergency,Skin Disorder,Recovered
A106398,P10465,25,5,2025-07-13,2025-07-15,2,Scheduled,Fracture,Follow-up Required
A106399,P14192,7,2,2025-07-11,2025-07-15,4,Emergency,ENT Infection,Recovered
A106400,P14504,43,9,2025-07-11,2025-07-18,7,Emergency,Infection,Recovered
A106401,P13190,22,5,2024-02-17,2024-02-22,5,Scheduled,Skin Disorder,Transferred
A106402,P14900,32,7,2024-07-05,2024-07-19,14,Referral,Cancer,Follow-up Required
A106403,P11468,41,9,2025-05-16,2025-05-17,1,Scheduled,Diabetes,Recovered
A106404,P14853,32,7,2025-09-23,2025-10-13,20,Scheduled,Skin Disorder,Recovered
A106405,P12761,42,9,2025-10-05,2025-10-11,6,Referral,Cancer,Transferred
A106406,P14457,30,6,2025-06-14,2025-06-22,8,Emergency,Migraine,Recovered
A106407,P11394,17,4,2025-04-19,2025-04-22,3,Emergency,Skin Disorder,Recovered
A106408,P13694,40,8,2024-02-11,2024-02-15,4,Referral,Asthma,Recovered
A106409,P14308,38,8,2025-08-26,2025-09-02,7,Scheduled,Skin Disorder,Recovered
A106410,P11700,21,5,2024-09-17,2024-09-24,7,Emergency,Skin Disorder,Recovered
A106411,P11121,26,6,2024-02-17,2024-02-20,3,Scheduled,Heart Disease,Recovered
A106412,P11572,43,9,2025-08-08,2025-08-11,3,Referral,Infection,Follow-up Required
A106413,P14874,3,1,2025-12-28,2026-01-03,6,Emergency,Fracture,Transferred
A106414,P10729,38,8,2025-03-21,2025-04-02,12,Scheduled,Fracture,Recovered
A106415,P13505,17,4,2024-08-08,2024-08-12,4,Emergency,Infection,Recovered
A106416,P10616,39,8,2025-09-12,2025-09-15,3,Scheduled,Asthma,Follow-up Required
A106417,P10371,6,2,2025-10-08,2025-10-18,10,Scheduled,Fracture,Recovered
A106418,P13465,21,5,2024-12-08,2024-12-14,6,Emergency,Migraine,Transferred
A106419,P14728,45,9,2024-08-25,2024-08-28,3,Scheduled,Asthma,Recovered
A106420,P14857,46,10,2024-06-03,2024-06-04,1,Scheduled,Fracture,Recovered
A106421,P14943,40,8,2024-02-25,2024-03-02,6,Emergency,Cancer,Recovered
A106422,P10948,13,3,2025-01-21,2025-01-24,3,Scheduled,Fracture,Recovered
A106423,P11120,9,2,2025-12-10,2025-12-11,1,Scheduled,ENT Infection,Recovered
A106424,P11456,5,1,2024-11-10,2024-11-15,5,Scheduled,Fracture,Recovered
A106425,P12549,43,9,2024-02-07,2024-02-10,3,Referral,ENT Infection,Recovered
A106426,P12423,7,2,2024-12-06,2024-12-09,3,Emergency,ENT Infection,Follow-up Required
A106427,P13612,38,8,2025-12-29,2026-01-02,4,Emergency,Hypertension,Recovered
A106428,P12547,44,9,2024-08-18,2024-08-24,6,Scheduled,Asthma,Recovered
A106429,P11341,44,9,2025-03-27,2025-03-30,3,Scheduled,Hypertension,Recovered
A106430,P13846,38,8,2024-12-07,2024-12-08,1,Referral,Skin Disorder,Recovered
A106431,P11519,31,7,2025-03-28,2025-04-01,4,Emergency,Migraine,Follow-up Required
A106432,P11960,4,1,2024-09-13,2024-09-14,1,Scheduled,Diabetes,Recovered
A106433,P10711,13,3,2025-03-09,2025-03-15,6,Scheduled,Skin Disorder,Follow-up Required
A106434,P14571,44,9,2024-07-27,2024-08-08,12,Referral,Cancer,Recovered
A106435,P10574,15,3,2024-07-19,2024-07-25,6,Scheduled,Fracture,Recovered
A106436,P12844,40,8,2024-05-16,2024-05-19,3,Scheduled,Heart Disease,Follow-up Required
A106437,P10508,13,3,2025-10-01,2025-10-03,2,Emergency,Fracture,Transferred
A106438,P12223,43,9,2025-07-18,2025-07-20,2,Scheduled,ENT Infection,Recovered
A106439,P14788,43,9,2025-01-28,2025-01-30,2,Emergency,Fracture,Recovered
A106440,P11295,43,9,2025-08-18,2025-08-21,3,Referral,Skin Disorder,Recovered
A106441,P11698,26,6,2025-12-21,2025-12-22,1,Emergency,Asthma,Recovered
A106442,P10788,19,4,2024-02-05,2024-02-15,10,Scheduled,Fracture,Recovered
A106443,P13790,49,10,2024-08-02,2024-08-10,8,Emergency,Diabetes,Follow-up Required
A106444,P14668,1,1,2024-01-27,2024-02-01,5,Referral,Skin Disorder,Transferred
A106445,P12234,13,3,2025-10-19,2025-10-20,1,Scheduled,Infection,Recovered
A106446,P10587,25,5,2024-01-18,2024-01-25,7,Referral,Migraine,Recovered
A106447,P13166,20,4,2025-09-21,2025-09-22,1,Emergency,Diabetes,Recovered
A106448,P13651,41,9,2024-05-16,2024-05-18,2,Emergency,Hypertension,Follow-up Required
A106449,P14610,23,5,2025-08-01,2025-08-04,3,Scheduled,Infection,Recovered
A106450,P13250,24,5,2024-01-30,2024-02-03,4,Scheduled,Heart Disease,Deceased
A106451,P12702,43,9,2024-03-13,2024-03-16,3,Emergency,Cancer,Recovered
A106452,P14037,41,9,2024-05-02,2024-05-04,2,Scheduled,Fracture,Recovered
A106453,P10556,49,10,2024-08-15,2024-08-17,2,Emergency,Migraine,Recovered
A106454,P11710,39,8,2024-12-03,2024-12-11,8,Scheduled,Heart Disease,Recovered
A106455,P13976,40,8,2024-09-29,2024-10-02,3,Scheduled,Infection,Recovered
A106456,P14391,30,6,2025-03-12,2025-03-14,2,Scheduled,Fracture,Recovered
A106457,P13308,34,7,2024-02-08,2024-02-12,4,Scheduled,Hypertension,Follow-up Required
A106458,P11511,46,10,2025-11-12,2025-11-13,1,Emergency,Migraine,Transferred
A106459,P12587,10,2,2025-03-01,2025-03-06,5,Referral,Diabetes,Recovered
A106460,P13547,41,9,2024-11-10,2024-11-13,3,Scheduled,Infection,Follow-up Required
A106461,P14077,1,1,2025-09-05,2025-09-10,5,Scheduled,Diabetes,Follow-up Required
A106462,P13507,12,3,2025-05-23,2025-05-28,5,Scheduled,Fracture,Follow-up Required
A106463,P14344,46,10,2024-06-05,2024-06-12,7,Emergency,Diabetes,Recovered
A106464,P13634,29,6,2024-09-13,2024-09-15,2,Scheduled,Infection,Recovered
A106465,P12407,11,3,2025-09-26,2025-09-30,4,Scheduled,Heart Disease,Recovered
A106466,P11462,41,9,2025-03-31,2025-04-14,14,Scheduled,Diabetes,Recovered
A106467,P12172,17,4,2024-02-16,2024-02-22,6,Referral,Diabetes,Follow-up Required
A106468,P10403,20,4,2024-11-27,2024-12-11,14,Emergency,Diabetes,Follow-up Required
A106469,P10284,38,8,2024-01-10,2024-01-20,10,Emergency,Asthma,Follow-up Required
A106470,P10241,6,2,2024-05-23,2024-05-28,5,Scheduled,Cancer,Recovered
A106471,P14263,20,4,2025-03-06,2025-03-09,3,Scheduled,Infection,Recovered
A106472,P14657,10,2,2024-05-31,2024-06-07,7,Emergency,ENT Infection,Recovered
A106473,P12196,10,2,2025-05-01,2025-05-07,6,Scheduled,Hypertension,Recovered
A106474,P10701,31,7,2024-05-15,2024-05-20,5,Emergency,Heart Disease,Recovered
A106475,P12671,26,6,2025-08-09,2025-08-15,6,Scheduled,Cancer,Recovered
A106476,P11920,17,4,2024-01-26,2024-01-31,5,Scheduled,Cancer,Recovered
A106477,P14361,14,3,2024-01-07,2024-01-11,4,Referral,Skin Disorder,Recovered
A106478,P12549,5,1,2025-08-13,2025-08-17,4,Scheduled,Infection,Recovered
A106479,P12327,3,1,2024-01-15,2024-01-16,1,Referral,Migraine,Transferred
A106480,P12797,43,9,2025-03-07,2025-03-15,8,Scheduled,Heart Disease,Recovered
A106481,P12207,20,4,2025-02-03,2025-02-11,8,Referral,Cancer,Follow-up Required
A106482,P14595,46,10,2024-07-25,2024-07-30,5,Referral,Migraine,Deceased
A106483,P11611,15,3,2025-08-23,2025-08-26,3,Scheduled,Migraine,Recovered
A106484,P10488,3,1,2025-08-31,2025-09-01,1,Scheduled,Cancer,Transferred
A106485,P10465,3,1,2024-08-03,2024-08-04,1,Scheduled,Cancer,Recovered
A106486,P14324,23,5,2025-05-16,2025-05-17,1,Scheduled,Cancer,Deceased
A106487,P10666,9,2,2025-04-03,2025-04-06,3,Emergency,Fracture,Follow-up Required
A106488,P11490,11,3,2024-09-15,2024-09-17,2,Referral,Heart Disease,Follow-up Required
A106489,P10799,47,10,2024-11-24,2024-11-27,3,Scheduled,Asthma,Recovered
A106490,P12801,49,10,2025-03-29,2025-04-04,6,Emergency,Migraine,Follow-up Required
A106491,P13299,44,9,2025-01-09,2025-01-21,12,Scheduled,ENT Infection,Transferred
A106492,P13241,49,10,2025-04-08,2025-04-10,2,Referral,Migraine,Follow-up Required
A106493,P13356,41,9,2024-03-15,2024-03-19,4,Referral,Migraine,Recovered
A106494,P13930,13,3,2024-08-29,2024-09-18,20,Scheduled,Heart Disease,Recovered
A106495,P14358,8,2,2024-01-17,2024-01-29,12,Emergency,Infection,Recovered
A106496,P13874,22,5,2025-11-19,2025-11-22,3,Scheduled,Migraine,Follow-up Required
A106497,P10860,38,8,2024-09-15,2024-09-18,3,Scheduled,Fracture,Recovered
A106498,P10364,27,6,2024-05-02,2024-05-05,3,Emergency,Fracture,Transferred
A106499,P13933,26,6,2024-11-06,2024-11-08,2,Referral,Infection,Recovered
A106500,P12146,23,5,2024-04-20,2024-04-24,4,Emergency,Hypertension,Recovered
A106501,P12832,39,8,2024-09-12,2024-09-15,3,Scheduled,Cancer,Recovered
A106502,P14679,31,7,2024-08-21,2024-08-27,6,Emergency,Hypertension,Follow-up Required
A106503,P13573,29,6,2025-05-11,2025-05-13,2,Referral,Asthma,Recovered
A106504,P10916,1,1,2024-02-09,2024-02-15,6,Emergency,Fracture,Recovered
A106505,P11775,10,2,2024-05-01,2024-05-04,3,Scheduled,Infection,Recovered
A106506,P13366,47,10,2025-03-25,2025-03-30,5,Referral,Asthma,Recovered
A106507,P10151,46,10,2025-12-27,2026-01-01,5,Emergency,Migraine,Follow-up Required
A106508,P14964,4,1,2025-06-02,2025-06-08,6,Emergency,Migraine,Recovered
A106509,P13221,31,7,2024-04-01,2024-04-03,2,Emergency,Asthma,Recovered
A106510,P13022,4,1,2024-12-26,2024-12-29,3,Scheduled,Infection,Recovered
A106511,P14238,29,6,2024-05-02,2024-05-05,3,Scheduled,Heart Disease,Recovered
A106512,P13818,9,2,2024-12-02,2024-12-07,5,Scheduled,Heart Disease,Recovered
A106513,P11071,15,3,2025-08-30,2025-08-31,1,Emergency,Infection,Recovered
A106514,P13444,44,9,2025-05-27,2025-05-31,4,Scheduled,Heart Disease,Recovered
A106515,P14190,41,9,2025-08-25,2025-08-26,1,Referral,Infection,Recovered
A106516,P10761,3,1,2025-03-03,2025-03-06,3,Referral,Diabetes,Recovered
A106517,P14452,15,3,2025-03-08,2025-03-14,6,Scheduled,Cancer,Recovered
A106518,P14628,11,3,2024-01-07,2024-01-11,4,Referral,Skin Disorder,Recovered
A106519,P12740,6,2,2024-04-29,2024-05-02,3,Referral,Asthma,Recovered
A106520,P12018,47,10,2025-01-21,2025-01-26,5,Scheduled,Diabetes,Recovered
A106521,P10917,7,2,2024-12-15,2024-12-21,6,Emergency,Skin Disorder,Recovered
A106522,P13944,46,10,2025-10-02,2025-10-05,3,Referral,Migraine,Follow-up Required
A106523,P13461,4,1,2025-11-21,2025-11-24,3,Referral,Fracture,Recovered
A106524,P11493,21,5,2024-04-07,2024-04-12,5,Emergency,Infection,Recovered
A106525,P13622,1,1,2024-02-12,2024-02-26,14,Referral,Asthma,Transferred
A106526,P10727,23,5,2024-07-01,2024-07-03,2,Scheduled,Fracture,Recovered
A106527,P14862,13,3,2025-11-27,2025-12-03,6,Emergency,ENT Infection,Recovered
A106528,P11610,43,9,2025-07-18,2025-07-28,10,Emergency,Diabetes,Recovered
A106529,P14749,28,6,2025-11-03,2025-11-07,4,Emergency,Fracture,Follow-up Required
A106530,P14842,29,6,2024-08-22,2024-08-25,3,Scheduled,Hypertension,Deceased
A106531,P10940,18,4,2025-03-21,2025-03-27,6,Scheduled,Cancer,Follow-up Required
A106532,P10088,23,5,2024-07-18,2024-07-19,1,Scheduled,Fracture,Recovered
A106533,P10563,28,6,2025-05-27,2025-05-30,3,Scheduled,Diabetes,Transferred
A106534,P11269,9,2,2025-06-09,2025-06-12,3,Scheduled,Migraine,Follow-up Required
A106535,P11491,43,9,2024-07-31,2024-08-02,2,Emergency,Hypertension,Follow-up Required
A106536,P14538,6,2,2025-01-12,2025-01-14,2,Referral,Diabetes,Recovered
A106537,P13080,16,4,2025-06-29,2025-07-05,6,Scheduled,Cancer,Recovered
A106538,P11573,37,8,2025-04-30,2025-05-12,12,Scheduled,Fracture,Follow-up Required
A106539,P14655,1,1,2024-12-26,2024-12-29,3,Scheduled,Skin Disorder,Recovered
A106540,P13172,22,5,2024-06-16,2024-06-17,1,Referral,ENT Infection,Follow-up Required
A106541,P12801,46,10,2025-11-12,2025-11-18,6,Emergency,Fracture,Recovered
A106542,P13414,23,5,2025-08-16,2025-08-21,5,Emergency,Diabetes,Recovered
A106543,P11258,21,5,2025-02-07,2025-02-13,6,Referral,Cancer,Follow-up Required
A106544,P14889,31,7,2024-05-16,2024-05-21,5,Scheduled,ENT Infection,Recovered
A106545,P14786,38,8,2024-08-20,2024-08-30,10,Emergency,Fracture,Follow-up Required
A106546,P14573,28,6,2024-04-24,2024-04-26,2,Scheduled,Cancer,Recovered
A106547,P14781,44,9,2024-09-08,2024-09-10,2,Scheduled,Diabetes,Recovered
A106548,P12420,27,6,2025-05-07,2025-05-10,3,Scheduled,Fracture,Recovered
A106549,P11144,39,8,2024-10-15,2024-10-19,4,Scheduled,Hypertension,Recovered
A106550,P14638,42,9,2024-02-18,2024-02-28,10,Referral,Cancer,Follow-up Required
A106551,P14275,42,9,2025-03-27,2025-04-06,10,Referral,Asthma,Recovered
A106552,P13166,13,3,2025-05-30,2025-06-07,8,Referral,Diabetes,Recovered
A106553,P12615,32,7,2025-11-18,2025-11-20,2,Scheduled,Heart Disease,Recovered
A106554,P10748,7,2,2024-09-28,2024-10-04,6,Emergency,Asthma,Recovered
A106555,P13490,33,7,2025-03-06,2025-03-09,3,Scheduled,ENT Infection,Transferred
A106556,P12634,47,10,2024-01-26,2024-02-07,12,Scheduled,Skin Disorder,Recovered
A106557,P13489,46,10,2024-03-10,2024-03-12,2,Emergency,ENT Infection,Recovered
A106558,P11848,13,3,2024-10-19,2024-10-21,2,Scheduled,Infection,Follow-up Required
A106559,P14026,32,7,2025-02-09,2025-02-17,8,Scheduled,Skin Disorder,Recovered
A106560,P11146,7,2,2024-08-21,2024-08-27,6,Referral,ENT Infection,Recovered
A106561,P12105,12,3,2024-08-18,2024-08-25,7,Emergency,Fracture,Recovered
A106562,P13857,40,8,2024-09-19,2024-09-21,2,Scheduled,Cancer,Recovered
A106563,P12769,15,3,2025-08-08,2025-08-16,8,Scheduled,Diabetes,Recovered
A106564,P14060,49,10,2024-04-30,2024-05-06,6,Emergency,Diabetes,Follow-up Required
A106565,P11809,21,5,2025-04-07,2025-04-13,6,Emergency,Fracture,Recovered
A106566,P10410,12,3,2025-06-01,2025-06-06,5,Emergency,Heart Disease,Follow-up Required
A106567,P10646,13,3,2024-01-24,2024-01-31,7,Emergency,Cancer,Recovered
A106568,P13921,40,8,2025-12-06,2025-12-10,4,Emergency,Diabetes,Follow-up Required
A106569,P11552,42,9,2025-11-10,2025-11-12,2,Referral,Fracture,Deceased
A106570,P11114,39,8,2025-01-11,2025-01-16,5,Emergency,Skin Disorder,Recovered
A106571,P13588,2,1,2025-05-14,2025-05-20,6,Referral,Skin Disorder,Recovered
A106572,P10062,29,6,2025-03-12,2025-03-14,2,Referral,Fracture,Recovered
A106573,P11236,48,10,2025-12-22,2025-12-24,2,Scheduled,Heart Disease,Recovered
A106574,P14344,29,6,2025-10-06,2025-10-12,6,Emergency,Hypertension,Recovered
A106575,P11728,36,8,2025-05-13,2025-05-16,3,Scheduled,Hypertension,Recovered
A106576,P14593,38,8,2024-06-22,2024-06-24,2,Emergency,Cancer,Recovered
A106577,P14555,7,2,2025-10-24,2025-11-01,8,Emergency,Skin Disorder,Recovered
A106578,P12967,30,6,2025-08-22,2025-08-24,2,Scheduled,Skin Disorder,Recovered
A106579,P13361,23,5,2025-05-23,2025-05-26,3,Scheduled,Migraine,Recovered
A106580,P11413,28,6,2024-11-05,2024-11-09,4,Scheduled,Diabetes,Recovered
A106581,P13585,23,5,2024-03-10,2024-03-14,4,Scheduled,Infection,Recovered
A106582,P11734,36,8,2024-07-23,2024-07-26,3,Referral,Fracture,Recovered
A106583,P13631,42,9,2024-12-06,2024-12-16,10,Emergency,ENT Infection,Recovered
A106584,P13870,29,6,2024-02-01,2024-02-07,6,Emergency,Fracture,Follow-up Required
A106585,P12492,4,1,2024-02-12,2024-02-15,3,Scheduled,Fracture,Recovered
A106586,P12040,20,4,2024-04-27,2024-04-30,3,Referral,ENT Infection,Recovered
A106587,P14888,5,1,2024-01-15,2024-01-19,4,Referral,Heart Disease,Follow-up Required
A106588,P11308,46,10,2024-11-17,2024-11-18,1,Scheduled,Fracture,Deceased
A106589,P14013,11,3,2025-09-18,2025-09-28,10,Scheduled,Diabetes,Recovered
A106590,P11725,2,1,2024-12-02,2024-12-04,2,Scheduled,Skin Disorder,Recovered
A106591,P14691,41,9,2025-06-15,2025-06-21,6,Emergency,Infection,Deceased
A106592,P12456,44,9,2025-11-20,2025-11-27,7,Scheduled,Hypertension,Recovered
A106593,P10942,24,5,2025-08-13,2025-08-20,7,Scheduled,Migraine,Recovered
A106594,P12037,33,7,2025-01-15,2025-01-17,2,Scheduled,Diabetes,Recovered
A106595,P11814,22,5,2025-05-25,2025-05-30,5,Referral,Heart Disease,Recovered
A106596,P13062,47,10,2024-04-29,2024-04-30,1,Referral,Heart Disease,Recovered
A106597,P12395,6,2,2024-01-26,2024-02-02,7,Emergency,Infection,Recovered
A106598,P14368,24,5,2025-06-17,2025-06-21,4,Referral,Heart Disease,Recovered
A106599,P11285,29,6,2025-12-13,2025-12-15,2,Emergency,Infection,Follow-up Required
A106600,P10396,49,10,2024-03-04,2024-03-10,6,Emergency,Cancer,Follow-up Required
A106601,P13764,32,7,2025-04-04,2025-04-07,3,Referral,Diabetes,Transferred
A106602,P14250,47,10,2025-12-26,2025-12-28,2,Scheduled,Hypertension,Recovered
A106603,P11091,30,6,2024-11-09,2024-11-13,4,Referral,Asthma,Recovered
A106604,P12889,46,10,2025-08-12,2025-08-14,2,Emergency,Skin Disorder,Recovered
A106605,P11723,41,9,2024-08-03,2024-08-15,12,Referral,Asthma,Recovered
A106606,P14444,3,1,2025-03-31,2025-04-03,3,Referral,Cancer,Recovered
A106607,P14007,25,5,2025-06-23,2025-06-28,5,Scheduled,Migraine,Recovered
A106608,P11087,28,6,2025-12-13,2025-12-25,12,Scheduled,Cancer,Recovered
A106609,P11305,15,3,2025-08-01,2025-08-05,4,Referral,Fracture,Recovered
A106610,P13113,17,4,2025-04-17,2025-04-20,3,Scheduled,Asthma,Transferred
A106611,P11015,2,1,2024-12-24,2024-12-26,2,Scheduled,Cancer,Recovered
A106612,P14373,27,6,2024-05-05,2024-05-17,12,Scheduled,Hypertension,Recovered
A106613,P10221,36,8,2025-12-07,2025-12-14,7,Scheduled,Asthma,Follow-up Required
A106614,P13806,14,3,2025-11-16,2025-11-18,2,Referral,Cancer,Recovered
A106615,P11127,43,9,2024-03-27,2024-03-30,3,Emergency,Migraine,Transferred
A106616,P13257,32,7,2024-12-08,2024-12-18,10,Scheduled,Heart Disease,Follow-up Required
A106617,P11931,12,3,2025-01-29,2025-02-03,5,Scheduled,Migraine,Recovered
A106618,P12123,23,5,2025-04-28,2025-05-03,5,Scheduled,Heart Disease,Transferred
A106619,P10473,16,4,2025-10-27,2025-11-01,5,Emergency,Asthma,Follow-up Required
A106620,P10416,44,9,2025-03-31,2025-04-07,7,Scheduled,Asthma,Recovered
A106621,P11869,2,1,2025-04-20,2025-05-02,12,Referral,Migraine,Follow-up Required
A106622,P14113,7,2,2024-07-28,2024-08-04,7,Scheduled,Infection,Recovered
A106623,P11534,21,5,2025-06-08,2025-06-20,12,Emergency,Infection,Follow-up Required
A106624,P11463,31,7,2025-11-06,2025-11-13,7,Scheduled,Asthma,Recovered
A106625,P11866,23,5,2025-07-29,2025-07-30,1,Scheduled,Asthma,Recovered
A106626,P14010,25,5,2024-11-02,2024-11-04,2,Scheduled,Fracture,Recovered
A106627,P13131,35,7,2024-03-16,2024-03-24,8,Scheduled,Fracture,Recovered
A106628,P11737,35,7,2024-01-22,2024-01-23,1,Emergency,Heart Disease,Follow-up Required
A106629,P13187,45,9,2024-02-29,2024-03-07,7,Scheduled,ENT Infection,Follow-up Required
A106630,P10472,7,2,2025-01-20,2025-01-28,8,Scheduled,Infection,Recovered
A106631,P13178,5,1,2024-02-25,2024-02-29,4,Scheduled,Heart Disease,Deceased
A106632,P12927,32,7,2024-06-16,2024-06-19,3,Emergency,Skin Disorder,Follow-up Required
A106633,P12866,5,1,2025-02-15,2025-02-17,2,Emergency,Skin Disorder,Transferred
A106634,P13198,25,5,2025-12-17,2025-12-18,1,Scheduled,Asthma,Recovered
A106635,P12462,31,7,2024-07-09,2024-07-15,6,Scheduled,Infection,Recovered
A106636,P13582,20,4,2025-04-26,2025-04-27,1,Emergency,Heart Disease,Recovered
A106637,P10501,22,5,2025-07-20,2025-08-01,12,Emergency,Heart Disease,Recovered
A106638,P10121,38,8,2025-02-19,2025-02-22,3,Emergency,Hypertension,Transferred
A106639,P11776,13,3,2024-12-05,2024-12-12,7,Scheduled,Asthma,Recovered
A106640,P10607,39,8,2024-09-15,2024-09-16,1,Scheduled,Heart Disease,Recovered
A106641,P14446,2,1,2024-12-15,2024-12-20,5,Emergency,Hypertension,Recovered
A106642,P10820,22,5,2025-08-23,2025-08-26,3,Scheduled,Cancer,Follow-up Required
A106643,P13265,9,2,2025-03-12,2025-03-13,1,Emergency,Cancer,Recovered
A106644,P10784,2,1,2024-08-09,2024-08-15,6,Emergency,Cancer,Recovered
A106645,P11847,45,9,2025-02-16,2025-02-28,12,Referral,Cancer,Recovered
A106646,P14593,32,7,2024-12-15,2024-12-16,1,Scheduled,Migraine,Recovered
A106647,P10392,8,2,2025-04-26,2025-04-29,3,Scheduled,Infection,Recovered
A106648,P13746,16,4,2025-08-23,2025-08-29,6,Emergency,Heart Disease,Follow-up Required
A106649,P11133,33,7,2024-02-28,2024-03-07,8,Emergency,ENT Infection,Recovered
A106650,P12977,11,3,2024-05-31,2024-06-02,2,Scheduled,Diabetes,Deceased
A106651,P12518,32,7,2025-06-23,2025-06-24,1,Scheduled,Asthma,Recovered
A106652,P14446,8,2,2024-08-12,2024-08-13,1,Scheduled,Hypertension,Recovered
A106653,P14871,32,7,2024-11-13,2024-11-15,2,Scheduled,Diabetes,Follow-up Required
A106654,P12197,21,5,2025-07-16,2025-07-17,1,Emergency,Infection,Recovered
A106655,P13461,25,5,2024-10-05,2024-10-08,3,Scheduled,Skin Disorder,Recovered
A106656,P14440,20,4,2025-07-11,2025-07-15,4,Referral,Infection,Recovered
A106657,P10677,1,1,2025-04-18,2025-04-22,4,Scheduled,ENT Infection,Follow-up Required
A106658,P10595,21,5,2025-09-09,2025-09-11,2,Emergency,Cancer,Recovered
A106659,P13885,7,2,2024-01-24,2024-01-28,4,Scheduled,Cancer,Follow-up Required
A106660,P13152,25,5,2025-06-02,2025-06-03,1,Scheduled,ENT Infection,Recovered
A106661,P13325,9,2,2025-01-02,2025-01-04,2,Emergency,Heart Disease,Recovered
A106662,P12935,22,5,2024-11-30,2024-12-03,3,Scheduled,Asthma,Transferred
A106663,P14334,2,1,2025-03-08,2025-03-10,2,Referral,Diabetes,Follow-up Required
A106664,P12986,19,4,2024-01-03,2024-01-10,7,Scheduled,Skin Disorder,Follow-up Required
A106665,P12364,6,2,2024-09-14,2024-09-16,2,Emergency,Infection,Follow-up Required
A106666,P10840,5,1,2024-09-19,2024-09-26,7,Scheduled,Heart Disease,Recovered
A106667,P12511,45,9,2024-04-30,2024-05-04,4,Emergency,Asthma,Follow-up Required
A106668,P13770,10,2,2025-12-20,2025-12-24,4,Emergency,ENT Infection,Recovered
A106669,P14688,1,1,2024-01-21,2024-01-26,5,Emergency,Hypertension,Recovered
A106670,P12888,26,6,2024-05-19,2024-05-20,1,Emergency,Infection,Recovered
A106671,P13044,26,6,2025-04-21,2025-04-22,1,Referral,Skin Disorder,Follow-up Required
A106672,P11632,18,4,2024-10-15,2024-10-18,3,Scheduled,Migraine,Follow-up Required
A106673,P11406,21,5,2024-07-24,2024-07-28,4,Emergency,Skin Disorder,Recovered
A106674,P14246,46,10,2024-02-12,2024-02-16,4,Referral,Cancer,Recovered
A106675,P12490,12,3,2024-04-27,2024-05-03,6,Scheduled,Cancer,Recovered
A106676,P14491,38,8,2024-01-05,2024-01-06,1,Scheduled,Asthma,Recovered
A106677,P13437,14,3,2024-07-25,2024-08-06,12,Emergency,Heart Disease,Recovered
A106678,P10006,49,10,2025-09-26,2025-09-28,2,Scheduled,Fracture,Recovered
A106679,P12582,32,7,2024-12-10,2024-12-13,3,Scheduled,Hypertension,Recovered
A106680,P10220,39,8,2024-05-21,2024-05-31,10,Emergency,Asthma,Follow-up Required
A106681,P12919,35,7,2025-01-06,2025-01-07,1,Emergency,Infection,Recovered
A106682,P10012,17,4,2024-08-19,2024-09-08,20,Emergency,ENT Infection,Follow-up Required
A106683,P12843,10,2,2024-06-12,2024-06-13,1,Scheduled,Skin Disorder,Recovered
A106684,P10458,35,7,2025-06-30,2025-07-02,2,Emergency,Migraine,Recovered
A106685,P12273,16,4,2024-12-29,2025-01-01,3,Scheduled,Diabetes,Recovered
A106686,P10167,6,2,2024-11-30,2024-12-04,4,Emergency,Infection,Recovered
A106687,P11974,4,1,2024-01-11,2024-01-15,4,Scheduled,Infection,Deceased
A106688,P11945,9,2,2025-02-11,2025-02-13,2,Scheduled,Migraine,Recovered
A106689,P12196,29,6,2024-03-15,2024-03-16,1,Scheduled,Diabetes,Recovered
A106690,P14132,7,2,2024-10-26,2024-10-27,1,Emergency,Infection,Recovered
A106691,P13829,16,4,2025-01-15,2025-01-18,3,Emergency,Hypertension,Recovered
A106692,P14738,6,2,2025-12-10,2025-12-20,10,Emergency,Asthma,Recovered
A106693,P10240,44,9,2025-09-25,2025-09-28,3,Scheduled,Asthma,Recovered
A106694,P10917,3,1,2025-08-08,2025-08-15,7,Emergency,Asthma,Recovered
A106695,P12953,44,9,2024-01-28,2024-01-30,2,Scheduled,Heart Disease,Transferred
A106696,P13439,14,3,2025-04-07,2025-04-08,1,Emergency,Heart Disease,Recovered
A106697,P10856,14,3,2025-01-30,2025-02-04,5,Referral,Hypertension,Transferred
A106698,P12665,9,2,2025-11-13,2025-11-20,7,Scheduled,Fracture,Recovered
A106699,P13239,36,8,2025-01-10,2025-01-20,10,Emergency,Infection,Recovered
A106700,P10554,23,5,2025-02-24,2025-03-01,5,Emergency,Hypertension,Recovered
A106701,P12814,15,3,2024-12-29,2025-01-01,3,Emergency,ENT Infection,Follow-up Required
A106702,P11886,7,2,2024-08-03,2024-08-05,2,Referral,ENT Infection,Recovered
A106703,P12946,20,4,2024-04-10,2024-04-16,6,Emergency,Diabetes,Recovered
A106704,P11229,19,4,2024-04-02,2024-04-05,3,Scheduled,ENT Infection,Recovered
A106705,P10195,6,2,2025-07-28,2025-08-05,8,Scheduled,Diabetes,Recovered
A106706,P13688,39,8,2024-09-22,2024-09-27,5,Referral,Migraine,Recovered
A106707,P11426,1,1,2024-07-24,2024-08-01,8,Referral,Cancer,Follow-up Required
A106708,P13820,7,2,2024-03-20,2024-03-25,5,Referral,Migraine,Recovered
A106709,P12694,35,7,2024-02-06,2024-02-13,7,Emergency,Hypertension,Follow-up Required
A106710,P13754,25,5,2024-01-11,2024-01-14,3,Scheduled,Hypertension,Recovered
A106711,P11972,38,8,2025-09-18,2025-09-22,4,Emergency,Migraine,Recovered
A106712,P10500,23,5,2024-03-30,2024-03-31,1,Emergency,Diabetes,Recovered
A106713,P14115,25,5,2024-01-19,2024-01-24,5,Scheduled,Heart Disease,Follow-up Required
A106714,P13774,38,8,2025-07-17,2025-07-22,5,Scheduled,Diabetes,Recovered
A106715,P13648,11,3,2025-01-08,2025-01-15,7,Scheduled,Skin Disorder,Recovered
A106716,P12867,34,7,2024-04-03,2024-04-09,6,Referral,Migraine,Recovered
A106717,P10687,31,7,2024-02-01,2024-02-06,5,Referral,Hypertension,Recovered
A106718,P12068,38,8,2025-10-24,2025-10-25,1,Scheduled,Heart Disease,Recovered
A106719,P13922,50,10,2024-05-19,2024-05-29,10,Scheduled,Cancer,Recovered
A106720,P10448,46,10,2025-07-23,2025-07-24,1,Emergency,Fracture,Recovered
A106721,P11767,12,3,2024-01-21,2024-01-28,7,Scheduled,Cancer,Recovered
A106722,P11125,9,2,2024-05-28,2024-06-01,4,Scheduled,Hypertension,Recovered
A106723,P10294,13,3,2024-08-08,2024-08-15,7,Scheduled,Cancer,Recovered
A106724,P14161,20,4,2024-08-06,2024-08-10,4,Referral,ENT Infection,Follow-up Required
A106725,P12547,21,5,2025-06-24,2025-06-29,5,Emergency,Skin Disorder,Recovered
A106726,P10076,22,5,2025-07-12,2025-07-15,3,Referral,Infection,Recovered
A106727,P13776,1,1,2024-02-27,2024-03-04,6,Scheduled,Heart Disease,Transferred
A106728,P12683,40,8,2025-02-28,2025-03-03,3,Emergency,Diabetes,Recovered
A106729,P13197,41,9,2024-10-01,2024-10-07,6,Scheduled,Hypertension,Follow-up Required
A106730,P12075,17,4,2024-05-19,2024-05-21,2,Scheduled,ENT Infection,Recovered
A106731,P11300,45,9,2024-01-23,2024-01-29,6,Scheduled,ENT Infection,Recovered
A106732,P12728,4,1,2025-01-12,2025-01-15,3,Emergency,Infection,Transferred
A106733,P14179,6,2,2025-01-07,2025-01-10,3,Scheduled,Hypertension,Recovered
A106734,P13535,45,9,2024-03-03,2024-03-10,7,Emergency,Asthma,Follow-up Required
A106735,P12054,49,10,2025-07-17,2025-07-24,7,Referral,Hypertension,Recovered
A106736,P11700,19,4,2024-12-07,2024-12-13,6,Referral,ENT Infection,Recovered
A106737,P14464,30,6,2024-06-15,2024-06-25,10,Scheduled,Fracture,Deceased
A106738,P12519,23,5,2024-05-30,2024-06-01,2,Emergency,Migraine,Recovered
A106739,P11738,32,7,2025-06-06,2025-06-09,3,Scheduled,Hypertension,Recovered
A106740,P11931,29,6,2025-08-29,2025-09-01,3,Scheduled,Cancer,Recovered
A106741,P10370,8,2,2025-08-06,2025-08-09,3,Referral,Infection,Recovered
A106742,P13740,21,5,2025-05-15,2025-05-18,3,Emergency,Hypertension,Recovered
A106743,P14374,17,4,2025-07-13,2025-07-19,6,Scheduled,Migraine,Transferred
A106744,P10340,17,4,2024-12-13,2024-12-16,3,Scheduled,Fracture,Follow-up Required
A106745,P12863,21,5,2024-09-28,2024-10-01,3,Emergency,Hypertension,Recovered
A106746,P10614,15,3,2025-03-05,2025-03-10,5,Emergency,Fracture,Follow-up Required
A106747,P11104,27,6,2025-08-29,2025-08-31,2,Scheduled,Fracture,Transferred
A106748,P13778,25,5,2024-08-20,2024-08-23,3,Emergency,Asthma,Recovered
A106749,P10793,33,7,2025-07-13,2025-07-14,1,Referral,Fracture,Recovered
A106750,P10067,2,1,2024-07-26,2024-08-07,12,Referral,Migraine,Recovered
A106751,P14311,42,9,2025-03-28,2025-03-31,3,Scheduled,ENT Infection,Recovered
A106752,P14512,16,4,2025-05-15,2025-05-23,8,Scheduled,Heart Disease,Transferred
A106753,P14648,36,8,2025-08-11,2025-08-15,4,Emergency,Infection,Recovered
A106754,P13796,8,2,2024-08-06,2024-08-08,2,Referral,Heart Disease,Recovered
A106755,P10571,16,4,2024-03-21,2024-03-23,2,Scheduled,Migraine,Recovered
A106756,P10540,7,2,2025-07-02,2025-07-08,6,Scheduled,Diabetes,Recovered
A106757,P10117,5,1,2025-09-05,2025-09-19,14,Referral,ENT Infection,Recovered
A106758,P12199,23,5,2025-12-03,2025-12-05,2,Emergency,ENT Infection,Follow-up Required
A106759,P13032,8,2,2025-06-24,2025-06-26,2,Scheduled,Cancer,Recovered
A106760,P13457,3,1,2024-09-07,2024-09-10,3,Scheduled,Fracture,Recovered
A106761,P13052,35,7,2025-08-28,2025-09-01,4,Emergency,Hypertension,Follow-up Required
A106762,P12482,50,10,2025-02-18,2025-02-25,7,Emergency,Diabetes,Transferred
A106763,P12368,36,8,2024-03-26,2024-03-30,4,Scheduled,Infection,Recovered
A106764,P11635,36,8,2025-09-13,2025-09-14,1,Scheduled,Infection,Recovered
A106765,P10242,15,3,2024-08-04,2024-08-14,10,Emergency,Diabetes,Recovered
A106766,P10465,30,6,2024-07-14,2024-07-17,3,Referral,Cancer,Recovered
A106767,P12251,15,3,2024-10-23,2024-10-29,6,Emergency,Hypertension,Recovered
A106768,P14645,29,6,2024-02-13,2024-02-19,6,Scheduled,Fracture,Follow-up Required
A106769,P14954,4,1,2025-01-27,2025-01-28,1,Emergency,Cancer,Recovered
A106770,P11879,34,7,2025-03-18,2025-03-19,1,Emergency,Migraine,Recovered
A106771,P14882,23,5,2024-03-30,2024-03-31,1,Scheduled,Cancer,Recovered
A106772,P14637,35,7,2024-06-03,2024-06-15,12,Scheduled,Cancer,Recovered
A106773,P12535,28,6,2025-04-22,2025-04-29,7,Scheduled,Skin Disorder,Transferred
A106774,P11906,31,7,2025-09-12,2025-09-14,2,Scheduled,Hypertension,Follow-up Required
A106775,P13810,42,9,2024-02-28,2024-03-04,5,Emergency,Hypertension,Recovered
A106776,P10572,33,7,2024-04-19,2024-04-24,5,Scheduled,Skin Disorder,Recovered
A106777,P12709,18,4,2025-04-23,2025-04-24,1,Scheduled,Infection,Follow-up Required
A106778,P13642,5,1,2025-09-09,2025-09-13,4,Emergency,Skin Disorder,Recovered
A106779,P13505,9,2,2025-08-16,2025-08-22,6,Referral,Diabetes,Follow-up Required
A106780,P13620,20,4,2024-02-18,2024-02-20,2,Scheduled,Cancer,Recovered
A106781,P10657,38,8,2025-01-11,2025-01-19,8,Emergency,Hypertension,Recovered
A106782,P13152,9,2,2024-02-01,2024-02-07,6,Scheduled,Fracture,Recovered
A106783,P10949,18,4,2025-04-30,2025-05-01,1,Referral,Cancer,Recovered
A106784,P14111,15,3,2025-08-23,2025-08-31,8,Scheduled,Fracture,Recovered
A106785,P13023,15,3,2025-06-14,2025-06-15,1,Scheduled,Heart Disease,Recovered
A106786,P10307,14,3,2024-01-03,2024-01-11,8,Scheduled,Infection,Recovered
A106787,P10705,35,7,2025-01-12,2025-01-15,3,Scheduled,Migraine,Follow-up Required
A106788,P14493,40,8,2025-07-25,2025-07-31,6,Scheduled,Hypertension,Recovered
A106789,P10678,43,9,2024-08-29,2024-09-05,7,Scheduled,Fracture,Recovered
A106790,P12913,36,8,2025-06-24,2025-06-27,3,Scheduled,Fracture,Recovered
A106791,P13994,47,10,2025-08-09,2025-08-12,3,Emergency,Hypertension,Follow-up Required
A106792,P10211,42,9,2025-08-04,2025-08-08,4,Emergency,ENT Infection,Recovered
A106793,P14495,20,4,2025-08-17,2025-08-22,5,Referral,Migraine,Recovered
A106794,P11397,11,3,2024-12-22,2024-12-25,3,Referral,Diabetes,Recovered
A106795,P13461,41,9,2025-11-15,2025-12-05,20,Scheduled,Cancer,Recovered
A106796,P14354,17,4,2024-07-15,2024-07-21,6,Scheduled,Skin Disorder,Recovered
A106797,P12163,41,9,2025-02-22,2025-02-25,3,Emergency,Diabetes,Recovered
A106798,P14430,25,5,2025-10-20,2025-10-25,5,Scheduled,ENT Infection,Deceased
A106799,P14445,29,6,2024-09-29,2024-10-03,4,Scheduled,ENT Infection,Recovered
A106800,P12281,23,5,2025-05-16,2025-05-24,8,Emergency,Fracture,Recovered
A106801,P14545,9,2,2024-02-04,2024-02-07,3,Scheduled,Diabetes,Recovered
A106802,P13149,25,5,2025-09-16,2025-09-18,2,Scheduled,Migraine,Follow-up Required
A106803,P14081,41,9,2025-04-05,2025-04-06,1,Scheduled,Infection,Follow-up Required
A106804,P10828,23,5,2025-12-18,2026-01-01,14,Referral,Migraine,Transferred
A106805,P12656,2,1,2025-10-31,2025-11-03,3,Referral,Migraine,Follow-up Required
A106806,P12146,45,9,2024-09-09,2024-09-11,2,Scheduled,Diabetes,Recovered
A106807,P13702,1,1,2025-09-25,2025-09-29,4,Emergency,Heart Disease,Recovered
A106808,P14558,38,8,2025-05-26,2025-05-29,3,Referral,Asthma,Recovered
A106809,P10500,6,2,2024-02-17,2024-02-19,2,Emergency,Asthma,Follow-up Required
A106810,P12679,48,10,2024-07-03,2024-07-08,5,Scheduled,Hypertension,Recovered
A106811,P11062,44,9,2025-05-05,2025-05-06,1,Referral,Hypertension,Recovered
A106812,P13497,15,3,2024-09-29,2024-10-03,4,Emergency,ENT Infection,Transferred
A106813,P14223,7,2,2025-09-04,2025-09-07,3,Scheduled,Skin Disorder,Transferred
A106814,P11127,2,1,2025-06-10,2025-06-15,5,Scheduled,Diabetes,Recovered
A106815,P11990,30,6,2024-05-07,2024-05-10,3,Scheduled,Diabetes,Recovered
A106816,P12525,29,6,2024-07-28,2024-08-02,5,Referral,Skin Disorder,Follow-up Required
A106817,P13301,12,3,2025-09-15,2025-09-16,1,Referral,Migraine,Recovered
A106818,P12771,34,7,2024-05-21,2024-05-24,3,Emergency,Asthma,Follow-up Required
A106819,P14181,30,6,2024-06-21,2024-06-23,2,Emergency,Heart Disease,Recovered
A106820,P11383,36,8,2025-11-08,2025-11-12,4,Referral,Infection,Follow-up Required
A106821,P14882,35,7,2025-03-22,2025-03-26,4,Scheduled,Diabetes,Recovered
A106822,P14168,2,1,2024-04-28,2024-05-03,5,Emergency,Migraine,Follow-up Required
A106823,P13167,50,10,2025-12-15,2025-12-20,5,Scheduled,Fracture,Recovered
A106824,P12636,3,1,2024-01-11,2024-01-15,4,Emergency,Cancer,Recovered
A106825,P11030,42,9,2024-10-30,2024-11-01,2,Emergency,Diabetes,Recovered
A106826,P11619,12,3,2024-06-02,2024-06-07,5,Scheduled,Hypertension,Recovered
A106827,P14248,4,1,2024-11-18,2024-12-02,14,Scheduled,Diabetes,Recovered
A106828,P13629,7,2,2025-06-20,2025-06-22,2,Emergency,Diabetes,Recovered
A106829,P11236,20,4,2025-03-20,2025-03-21,1,Scheduled,Cancer,Recovered
A106830,P12631,19,4,2024-12-07,2024-12-10,3,Referral,Hypertension,Follow-up Required
A106831,P13984,8,2,2024-08-08,2024-08-12,4,Scheduled,Hypertension,Recovered
A106832,P11406,3,1,2024-04-19,2024-04-22,3,Scheduled,ENT Infection,Follow-up Required
A106833,P14238,27,6,2025-02-13,2025-02-21,8,Scheduled,Hypertension,Recovered
A106834,P11548,15,3,2025-02-21,2025-02-25,4,Scheduled,Heart Disease,Recovered
A106835,P11885,8,2,2025-08-24,2025-08-27,3,Scheduled,Migraine,Recovered
A106836,P12185,18,4,2025-05-19,2025-05-31,12,Emergency,Cancer,Transferred
A106837,P10219,29,6,2024-02-09,2024-02-11,2,Emergency,Cancer,Recovered
A106838,P14351,46,10,2025-05-23,2025-05-25,2,Scheduled,ENT Infection,Follow-up Required
A106839,P10812,36,8,2025-04-03,2025-04-06,3,Emergency,Migraine,Recovered
A106840,P10270,3,1,2024-09-19,2024-09-20,1,Scheduled,Migraine,Transferred
A106841,P14979,9,2,2025-10-31,2025-11-07,7,Emergency,Infection,Follow-up Required
A106842,P14700,10,2,2024-04-27,2024-04-30,3,Emergency,Hypertension,Transferred
A106843,P13206,40,8,2025-03-25,2025-03-31,6,Scheduled,Hypertension,Follow-up Required
A106844,P11187,20,4,2025-02-17,2025-02-24,7,Referral,Hypertension,Recovered
A106845,P11734,2,1,2025-12-08,2025-12-10,2,Scheduled,Cancer,Recovered
A106846,P14797,1,1,2025-06-09,2025-06-13,4,Emergency,Cancer,Recovered
A106847,P12968,27,6,2025-04-05,2025-04-09,4,Referral,Fracture,Recovered
A106848,P10073,4,1,2024-04-27,2024-05-05,8,Scheduled,Migraine,Recovered
A106849,P14994,48,10,2024-08-04,2024-08-05,1,Emergency,Infection,Recovered
A106850,P14639,37,8,2025-12-17,2025-12-20,3,Scheduled,Asthma,Follow-up Required
A106851,P14062,32,7,2024-03-17,2024-03-25,8,Emergency,Diabetes,Recovered
A106852,P10631,18,4,2025-02-24,2025-02-26,2,Scheduled,Infection,Recovered
A106853,P12843,14,3,2024-06-20,2024-06-22,2,Referral,Diabetes,Recovered
A106854,P10878,45,9,2025-01-24,2025-01-29,5,Scheduled,Fracture,Follow-up Required
A106855,P10757,48,10,2024-01-26,2024-01-29,3,Scheduled,Fracture,Recovered
A106856,P12666,15,3,2024-05-07,2024-05-11,4,Emergency,Migraine,Recovered
A106857,P14294,4,1,2025-01-08,2025-01-15,7,Emergency,Hypertension,Recovered
A106858,P11451,19,4,2025-10-15,2025-10-19,4,Referral,Heart Disease,Recovered
A106859,P12541,24,5,2024-01-24,2024-01-28,4,Emergency,Cancer,Recovered
A106860,P10082,30,6,2025-04-14,2025-04-17,3,Scheduled,Asthma,Recovered
A106861,P11332,13,3,2025-02-26,2025-03-05,7,Scheduled,Heart Disease,Follow-up Required
A106862,P11723,11,3,2024-06-25,2024-07-01,6,Emergency,Diabetes,Transferred
A106863,P10357,28,6,2025-06-21,2025-06-23,2,Referral,Asthma,Transferred
A106864,P11320,50,10,2024-09-22,2024-09-25,3,Emergency,Heart Disease,Recovered
A106865,P10580,11,3,2025-09-20,2025-09-27,7,Scheduled,Infection,Recovered
A106866,P14396,1,1,2025-07-23,2025-07-26,3,Referral,Infection,Recovered
A106867,P10646,47,10,2024-09-26,2024-09-30,4,Scheduled,Diabetes,Recovered
A106868,P12234,42,9,2024-11-24,2024-11-27,3,Referral,Fracture,Transferred
A106869,P12632,4,1,2025-03-30,2025-04-01,2,Scheduled,Heart Disease,Recovered
A106870,P13300,38,8,2024-10-21,2024-10-24,3,Scheduled,Cancer,Transferred
A106871,P10308,34,7,2024-05-01,2024-05-08,7,Referral,Cancer,Recovered
A106872,P10234,49,10,2024-06-07,2024-06-11,4,Referral,Fracture,Recovered
A106873,P11035,12,3,2024-06-26,2024-06-30,4,Scheduled,Fracture,Follow-up Required
A106874,P12223,24,5,2025-10-17,2025-10-19,2,Scheduled,Asthma,Follow-up Required
A106875,P12821,37,8,2024-11-23,2024-11-25,2,Scheduled,Asthma,Recovered
A106876,P14739,32,7,2024-11-02,2024-11-03,1,Emergency,Asthma,Recovered
A106877,P11736,19,4,2024-03-29,2024-03-30,1,Emergency,Diabetes,Recovered
A106878,P14278,29,6,2024-02-07,2024-02-11,4,Emergency,Cancer,Recovered
A106879,P10942,38,8,2025-08-13,2025-08-17,4,Referral,Infection,Recovered
A106880,P10350,49,10,2024-12-11,2024-12-14,3,Scheduled,Diabetes,Recovered
A106881,P12687,29,6,2024-09-08,2024-09-28,20,Referral,Cancer,Recovered
A106882,P11406,19,4,2024-05-28,2024-06-01,4,Scheduled,Hypertension,Recovered
A106883,P13628,20,4,2024-01-16,2024-01-23,7,Emergency,ENT Infection,Recovered
A106884,P11546,3,1,2025-01-01,2025-01-03,2,Emergency,Infection,Recovered
A106885,P14321,40,8,2024-04-27,2024-04-30,3,Scheduled,Asthma,Recovered
A106886,P11752,5,1,2025-12-04,2025-12-09,5,Referral,Skin Disorder,Recovered
A106887,P11747,23,5,2024-11-12,2024-11-13,1,Referral,Heart Disease,Recovered
A106888,P14382,5,1,2024-10-14,2024-10-15,1,Scheduled,Skin Disorder,Recovered
A106889,P11355,30,6,2024-12-16,2024-12-18,2,Scheduled,Migraine,Recovered
A106890,P13633,32,7,2024-10-23,2024-10-25,2,Scheduled,Migraine,Recovered
A106891,P14289,24,5,2024-07-12,2024-07-16,4,Emergency,Asthma,Recovered
A106892,P11169,49,10,2025-01-26,2025-02-01,6,Emergency,Heart Disease,Recovered
A106893,P14767,42,9,2025-03-18,2025-03-21,3,Scheduled,Fracture,Follow-up Required
A106894,P14045,35,7,2024-10-07,2024-10-09,2,Emergency,ENT Infection,Deceased
A106895,P12586,32,7,2024-10-27,2024-11-03,7,Scheduled,Asthma,Transferred
A106896,P14708,45,9,2025-03-01,2025-03-03,2,Scheduled,Migraine,Follow-up Required
A106897,P10901,48,10,2024-09-06,2024-09-12,6,Emergency,ENT Infection,Follow-up Required
A106898,P13342,44,9,2025-05-29,2025-06-10,12,Scheduled,Cancer,Transferred
A106899,P14147,22,5,2025-11-16,2025-11-18,2,Scheduled,Infection,Follow-up Required
A106900,P10128,21,5,2025-02-09,2025-02-10,1,Emergency,Hypertension,Recovered
A106901,P11676,28,6,2025-09-07,2025-09-21,14,Referral,Asthma,Recovered
A106902,P11778,49,10,2024-08-31,2024-09-03,3,Scheduled,Migraine,Recovered
A106903,P10234,34,7,2025-01-01,2025-01-04,3,Scheduled,ENT Infection,Recovered
A106904,P12496,16,4,2024-04-29,2024-05-03,4,Referral,Skin Disorder,Recovered
A106905,P10584,11,3,2025-03-15,2025-03-17,2,Emergency,Heart Disease,Recovered
A106906,P11467,33,7,2025-05-18,2025-06-07,20,Referral,Fracture,Follow-up Required
A106907,P10503,44,9,2025-08-04,2025-08-05,1,Scheduled,Fracture,Follow-up Required
A106908,P14381,38,8,2025-03-08,2025-03-12,4,Emergency,Fracture,Transferred
A106909,P11156,19,4,2024-07-01,2024-07-06,5,Scheduled,Skin Disorder,Recovered
A106910,P11500,28,6,2025-04-05,2025-04-09,4,Referral,Cancer,Transferred
A106911,P10936,29,6,2024-04-27,2024-05-01,4,Scheduled,Skin Disorder,Follow-up Required
A106912,P12592,37,8,2024-01-31,2024-02-20,20,Scheduled,Fracture,Recovered
A106913,P10356,3,1,2024-05-28,2024-06-05,8,Emergency,Heart Disease,Recovered
A106914,P11995,18,4,2025-06-11,2025-06-14,3,Emergency,Migraine,Recovered
A106915,P11446,18,4,2024-09-29,2024-10-04,5,Scheduled,Diabetes,Recovered
A106916,P12660,12,3,2025-01-19,2025-01-20,1,Scheduled,Migraine,Recovered
A106917,P13281,18,4,2024-04-11,2024-04-15,4,Referral,Diabetes,Recovered
A106918,P13975,32,7,2024-03-12,2024-03-14,2,Scheduled,ENT Infection,Recovered
A106919,P12505,42,9,2025-12-05,2025-12-11,6,Emergency,Diabetes,Transferred
A106920,P12147,36,8,2025-09-14,2025-09-16,2,Emergency,Infection,Recovered
A106921,P11211,19,4,2025-02-11,2025-02-17,6,Emergency,ENT Infection,Recovered
A106922,P10630,4,1,2024-12-12,2024-12-15,3,Emergency,Fracture,Follow-up Required
A106923,P12718,11,3,2025-01-01,2025-01-11,10,Scheduled,Asthma,Recovered
A106924,P14883,3,1,2025-09-09,2025-09-13,4,Emergency,Skin Disorder,Recovered
A106925,P11495,27,6,2025-07-02,2025-07-10,8,Referral,ENT Infection,Follow-up Required
A106926,P11108,47,10,2024-10-17,2024-10-22,5,Scheduled,Heart Disease,Recovered
A106927,P13078,16,4,2025-02-25,2025-03-11,14,Referral,Hypertension,Recovered
A106928,P14987,44,9,2024-06-29,2024-07-05,6,Scheduled,Heart Disease,Follow-up Required
A106929,P13435,18,4,2025-10-16,2025-10-22,6,Scheduled,Heart Disease,Recovered
A106930,P13055,30,6,2024-04-23,2024-04-26,3,Scheduled,Heart Disease,Recovered
A106931,P12816,24,5,2024-08-25,2024-08-29,4,Referral,Fracture,Follow-up Required
A106932,P13782,6,2,2024-04-03,2024-04-06,3,Scheduled,Heart Disease,Transferred
A106933,P12036,47,10,2024-09-16,2024-09-17,1,Scheduled,Migraine,Follow-up Required
A106934,P10170,34,7,2024-04-16,2024-04-22,6,Scheduled,Cancer,Follow-up Required
A106935,P13832,12,3,2024-08-31,2024-09-02,2,Emergency,Heart Disease,Recovered
A106936,P12297,42,9,2025-02-26,2025-03-02,4,Scheduled,ENT Infection,Recovered
A106937,P14758,23,5,2024-11-30,2024-12-03,3,Referral,Asthma,Recovered
A106938,P12788,36,8,2024-01-23,2024-01-25,2,Emergency,Hypertension,Follow-up Required
A106939,P13316,40,8,2024-09-27,2024-09-28,1,Scheduled,Fracture,Transferred
A106940,P10632,15,3,2024-05-19,2024-05-22,3,Scheduled,Hypertension,Follow-up Required
A106941,P10805,16,4,2025-04-10,2025-04-11,1,Referral,Diabetes,Recovered
A106942,P13035,45,9,2025-03-29,2025-04-03,5,Emergency,Heart Disease,Recovered
A106943,P13088,47,10,2025-01-18,2025-01-19,1,Emergency,Migraine,Deceased
A106944,P14481,14,3,2025-08-16,2025-08-28,12,Emergency,Skin Disorder,Recovered
A106945,P13413,15,3,2025-01-11,2025-01-25,14,Emergency,Skin Disorder,Recovered
A106946,P14989,12,3,2025-03-13,2025-03-16,3,Scheduled,Heart Disease,Transferred
A106947,P13870,43,9,2025-02-25,2025-02-28,3,Emergency,Cancer,Follow-up Required
A106948,P10792,35,7,2024-06-04,2024-06-06,2,Scheduled,Diabetes,Recovered
A106949,P14142,25,5,2024-11-30,2024-12-10,10,Referral,Skin Disorder,Recovered
A106950,P12552,14,3,2025-06-14,2025-06-19,5,Emergency,Fracture,Recovered
A106951,P13842,2,1,2025-08-03,2025-08-08,5,Emergency,Diabetes,Transferred
A106952,P13215,18,4,2024-05-11,2024-05-21,10,Referral,Migraine,Recovered
A106953,P13357,35,7,2025-12-21,2025-12-31,10,Scheduled,Infection,Recovered
A106954,P14926,9,2,2025-05-15,2025-05-22,7,Emergency,Asthma,Follow-up Required
A106955,P12573,11,3,2025-06-05,2025-06-12,7,Emergency,Skin Disorder,Recovered
A106956,P13905,26,6,2024-05-19,2024-05-27,8,Referral,Infection,Recovered
A106957,P12095,3,1,2024-05-14,2024-05-22,8,Emergency,Asthma,Recovered
A106958,P14624,5,1,2025-02-10,2025-02-13,3,Scheduled,Cancer,Recovered
A106959,P10616,32,7,2024-04-03,2024-04-17,14,Emergency,Infection,Recovered
A106960,P13994,41,9,2024-08-28,2024-09-03,6,Scheduled,Infection,Recovered
A106961,P14297,10,2,2024-06-13,2024-06-16,3,Referral,Cancer,Follow-up Required
A106962,P12302,38,8,2024-11-20,2024-11-24,4,Emergency,Asthma,Recovered
A106963,P12231,6,2,2025-10-21,2025-10-27,6,Emergency,ENT Infection,Recovered
A106964,P11573,11,3,2024-08-05,2024-08-08,3,Scheduled,Migraine,Recovered
A106965,P13029,17,4,2025-09-11,2025-09-18,7,Scheduled,Fracture,Recovered
A106966,P12538,2,1,2024-08-18,2024-08-20,2,Emergency,Cancer,Recovered
A106967,P10505,41,9,2025-08-04,2025-08-14,10,Scheduled,Skin Disorder,Recovered
A106968,P11946,24,5,2025-08-08,2025-08-11,3,Emergency,Skin Disorder,Recovered
A106969,P11862,50,10,2024-06-27,2024-06-29,2,Emergency,Fracture,Recovered
A106970,P13723,5,1,2024-03-20,2024-03-28,8,Scheduled,Skin Disorder,Recovered
A106971,P13684,21,5,2024-12-19,2024-12-21,2,Referral,Diabetes,Transferred
A106972,P10404,6,2,2025-11-01,2025-11-09,8,Emergency,Infection,Recovered
A106973,P14332,4,1,2025-11-11,2025-11-14,3,Scheduled,Fracture,Recovered
A106974,P11620,9,2,2024-06-09,2024-06-21,12,Emergency,Fracture,Recovered
A106975,P12907,5,1,2025-03-02,2025-03-04,2,Emergency,Cancer,Recovered
A106976,P13014,4,1,2025-02-06,2025-02-07,1,Emergency,Heart Disease,Recovered
A106977,P13617,9,2,2024-02-01,2024-02-13,12,Scheduled,Migraine,Follow-up Required
A106978,P14729,18,4,2024-04-30,2024-05-02,2,Emergency,Migraine,Recovered
A106979,P11570,43,9,2025-12-27,2026-01-08,12,Scheduled,Heart Disease,Recovered
A106980,P13717,16,4,2025-05-29,2025-06-05,7,Referral,Fracture,Transferred
A106981,P10140,2,1,2025-01-19,2025-01-20,1,Emergency,Skin Disorder,Recovered
A106982,P14684,29,6,2025-02-28,2025-03-04,4,Scheduled,Heart Disease,Recovered
A106983,P11844,48,10,2025-04-20,2025-04-21,1,Emergency,ENT Infection,Recovered
A106984,P13379,42,9,2025-07-13,2025-07-16,3,Emergency,Skin Disorder,Recovered
A106985,P12965,36,8,2024-06-15,2024-06-18,3,Emergency,ENT Infection,Recovered
A106986,P14666,12,3,2025-01-23,2025-01-28,5,Scheduled,Hypertension,Recovered
A106987,P13170,41,9,2024-11-28,2024-12-12,14,Emergency,Migraine,Recovered
A106988,P12173,45,9,2025-06-06,2025-06-08,2,Scheduled,Migraine,Follow-up Required
A106989,P13421,37,8,2025-04-15,2025-04-18,3,Emergency,Skin Disorder,Transferred
A106990,P13044,34,7,2025-12-04,2025-12-09,5,Scheduled,Cancer,Recovered
A106991,P11250,35,7,2025-06-07,2025-06-09,2,Scheduled,Infection,Recovered
A106992,P12698,40,8,2024-02-22,2024-02-28,6,Emergency,Hypertension,Recovered
A106993,P12754,6,2,2025-07-20,2025-07-24,4,Scheduled,Infection,Recovered
A106994,P14435,37,8,2024-01-21,2024-02-02,12,Emergency,Diabetes,Recovered
A106995,P14935,36,8,2024-01-19,2024-01-24,5,Emergency,Skin Disorder,Follow-up Required
A106996,P13885,20,4,2025-03-31,2025-04-03,3,Referral,Heart Disease,Follow-up Required
A106997,P10095,16,4,2024-11-17,2024-11-23,6,Emergency,Skin Disorder,Recovered
A106998,P14292,8,2,2025-03-08,2025-03-16,8,Referral,Migraine,Recovered
A106999,P14288,44,9,2024-02-28,2024-03-06,7,Emergency,Fracture,Follow-up Required
A107000,P14618,22,5,2024-05-30,2024-06-02,3,Scheduled,Migraine,Recovered
A107001,P14849,5,1,2025-03-15,2025-03-19,4,Emergency,Diabetes,Deceased
A107002,P11676,5,1,2024-02-27,2024-03-02,4,Scheduled,Cancer,Recovered
A107003,P10013,45,9,2025-12-28,2025-12-31,3,Scheduled,Cancer,Recovered
A107004,P12302,11,3,2025-07-27,2025-07-30,3,Emergency,Cancer,Recovered
A107005,P14084,43,9,2025-10-19,2025-10-26,7,Scheduled,Cancer,Recovered
A107006,P10373,19,4,2024-10-19,2024-10-20,1,Emergency,Infection,Recovered
A107007,P14490,39,8,2024-06-30,2024-07-03,3,Referral,Diabetes,Transferred
A107008,P10418,17,4,2025-08-29,2025-08-31,2,Scheduled,Cancer,Recovered
A107009,P10817,37,8,2024-03-18,2024-03-20,2,Scheduled,Asthma,Recovered
A107010,P14870,38,8,2025-10-15,2025-10-18,3,Referral,Migraine,Recovered
A107011,P11804,18,4,2024-04-14,2024-04-21,7,Emergency,Diabetes,Recovered
A107012,P13613,50,10,2024-09-17,2024-10-01,14,Emergency,Heart Disease,Recovered
A107013,P13405,9,2,2025-08-29,2025-09-02,4,Emergency,Fracture,Recovered
A107014,P12940,50,10,2024-08-10,2024-08-13,3,Emergency,Fracture,Recovered
A107015,P11333,17,4,2025-04-28,2025-05-05,7,Emergency,Migraine,Follow-up Required
A107016,P13247,41,9,2025-12-02,2025-12-03,1,Scheduled,Diabetes,Follow-up Required
A107017,P10756,33,7,2024-05-08,2024-05-09,1,Scheduled,Skin Disorder,Transferred
A107018,P13526,20,4,2024-11-14,2024-11-17,3,Emergency,Skin Disorder,Follow-up Required
A107019,P11797,18,4,2025-12-07,2025-12-11,4,Emergency,Skin Disorder,Follow-up Required
A107020,P13970,24,5,2025-05-23,2025-05-30,7,Emergency,Migraine,Follow-up Required
A107021,P13060,13,3,2024-01-20,2024-01-30,10,Emergency,Fracture,Recovered
A107022,P12178,40,8,2024-08-22,2024-08-27,5,Scheduled,Skin Disorder,Recovered
A107023,P13557,28,6,2025-08-19,2025-08-23,4,Scheduled,Cancer,Recovered
A107024,P12051,46,10,2025-08-28,2025-08-30,2,Emergency,Infection,Transferred
A107025,P11990,3,1,2025-07-07,2025-07-11,4,Scheduled,Migraine,Recovered
A107026,P10555,36,8,2024-12-15,2024-12-25,10,Scheduled,Cancer,Recovered
A107027,P10266,11,3,2025-03-28,2025-04-01,4,Scheduled,Migraine,Transferred
A107028,P10923,39,8,2025-08-08,2025-08-10,2,Emergency,Diabetes,Follow-up Required
A107029,P12072,21,5,2025-05-23,2025-05-26,3,Emergency,Asthma,Follow-up Required
A107030,P10534,37,8,2025-09-18,2025-09-22,4,Scheduled,Diabetes,Follow-up Required
A107031,P13984,2,1,2025-02-26,2025-03-03,5,Referral,ENT Infection,Recovered
A107032,P11694,6,2,2024-07-08,2024-07-12,4,Scheduled,Skin Disorder,Recovered
A107033,P14976,5,1,2024-05-04,2024-05-11,7,Emergency,Infection,Recovered
A107034,P12052,47,10,2024-01-06,2024-01-11,5,Emergency,Heart Disease,Transferred
A107035,P13691,43,9,2025-04-02,2025-04-08,6,Scheduled,ENT Infection,Recovered
A107036,P14904,32,7,2025-07-07,2025-07-15,8,Scheduled,Cancer,Follow-up Required
A107037,P12832,37,8,2025-07-23,2025-07-31,8,Emergency,Hypertension,Recovered
A107038,P14328,50,10,2025-06-05,2025-06-07,2,Scheduled,Skin Disorder,Transferred
A107039,P12921,40,8,2024-03-29,2024-04-03,5,Scheduled,Infection,Recovered
A107040,P14846,11,3,2024-04-20,2024-04-26,6,Scheduled,ENT Infection,Recovered
A107041,P14168,17,4,2025-07-04,2025-07-06,2,Scheduled,Diabetes,Recovered
A107042,P14624,14,3,2025-01-31,2025-02-08,8,Scheduled,Cancer,Recovered
A107043,P10886,2,1,2025-11-09,2025-11-11,2,Emergency,Asthma,Follow-up Required
A107044,P11459,39,8,2024-01-11,2024-01-18,7,Scheduled,Asthma,Recovered
A107045,P13796,18,4,2025-09-13,2025-09-15,2,Referral,Fracture,Follow-up Required
A107046,P13156,33,7,2025-05-11,2025-05-17,6,Referral,Migraine,Recovered
A107047,P13411,30,6,2024-01-16,2024-01-18,2,Emergency,Skin Disorder,Follow-up Required
A107048,P14025,15,3,2024-02-02,2024-02-05,3,Scheduled,Infection,Recovered
A107049,P10563,29,6,2025-05-03,2025-05-05,2,Referral,Hypertension,Recovered
A107050,P14027,26,6,2024-07-06,2024-07-09,3,Scheduled,Diabetes,Recovered
A107051,P12972,1,1,2025-07-24,2025-08-07,14,Emergency,Hypertension,Recovered
A107052,P10345,17,4,2025-04-02,2025-04-04,2,Referral,Skin Disorder,Follow-up Required
A107053,P12717,39,8,2024-02-20,2024-02-24,4,Emergency,ENT Infection,Recovered
A107054,P12679,48,10,2024-09-27,2024-10-03,6,Emergency,Hypertension,Recovered
A107055,P11673,2,1,2025-04-08,2025-04-09,1,Scheduled,Heart Disease,Recovered
A107056,P13128,15,3,2024-02-12,2024-02-14,2,Emergency,Asthma,Recovered
A107057,P14894,22,5,2025-06-22,2025-06-24,2,Emergency,Asthma,Follow-up Required
A107058,P13954,20,4,2025-07-21,2025-07-26,5,Scheduled,Skin Disorder,Recovered
A107059,P11120,29,6,2024-04-30,2024-05-10,10,Scheduled,Skin Disorder,Recovered
A107060,P11913,25,5,2025-09-16,2025-09-23,7,Referral,Fracture,Recovered
A107061,P13003,43,9,2024-11-11,2024-11-25,14,Scheduled,Hypertension,Follow-up Required
A107062,P12263,24,5,2024-04-24,2024-04-29,5,Referral,ENT Infection,Follow-up Required
A107063,P10743,34,7,2025-09-12,2025-09-26,14,Scheduled,Skin Disorder,Recovered
A107064,P14154,43,9,2025-03-29,2025-04-01,3,Emergency,Diabetes,Recovered
A107065,P12453,21,5,2025-11-17,2025-11-21,4,Scheduled,ENT Infection,Transferred
A107066,P12769,48,10,2025-09-15,2025-09-19,4,Scheduled,ENT Infection,Recovered
A107067,P10783,2,1,2025-09-03,2025-09-04,1,Scheduled,Fracture,Recovered
A107068,P10097,16,4,2025-06-03,2025-06-10,7,Emergency,Infection,Recovered
A107069,P10587,40,8,2025-10-08,2025-10-09,1,Scheduled,Diabetes,Recovered
A107070,P14637,21,5,2024-12-02,2024-12-08,6,Scheduled,Skin Disorder,Follow-up Required
A107071,P14912,37,8,2024-08-27,2024-08-31,4,Emergency,Migraine,Recovered
A107072,P12239,8,2,2025-01-20,2025-01-21,1,Referral,ENT Infection,Recovered
A107073,P10917,14,3,2024-05-24,2024-05-27,3,Scheduled,Skin Disorder,Recovered
A107074,P13350,46,10,2025-01-11,2025-01-14,3,Scheduled,Skin Disorder,Recovered
A107075,P12587,22,5,2024-01-04,2024-01-18,14,Emergency,Cancer,Recovered
A107076,P14181,18,4,2024-11-23,2024-11-29,6,Scheduled,Heart Disease,Recovered
A107077,P12489,5,1,2024-07-15,2024-07-20,5,Referral,Skin Disorder,Transferred
A107078,P13794,42,9,2025-01-23,2025-01-25,2,Emergency,Heart Disease,Recovered
A107079,P12838,47,10,2025-10-01,2025-10-05,4,Emergency,Skin Disorder,Recovered
A107080,P12387,45,9,2024-09-17,2024-09-18,1,Scheduled,Diabetes,Recovered
A107081,P11842,30,6,2025-08-25,2025-09-01,7,Scheduled,Infection,Recovered
A107082,P11203,31,7,2024-04-03,2024-04-05,2,Scheduled,Diabetes,Recovered
A107083,P14770,9,2,2024-09-13,2024-09-18,5,Scheduled,Migraine,Recovered
A107084,P10730,31,7,2024-05-15,2024-05-21,6,Scheduled,Diabetes,Follow-up Required
A107085,P10317,31,7,2025-06-08,2025-06-11,3,Scheduled,Cancer,Recovered
A107086,P10076,41,9,2025-12-10,2025-12-15,5,Emergency,Diabetes,Recovered
A107087,P13047,9,2,2025-05-12,2025-05-19,7,Referral,Skin Disorder,Recovered
A107088,P10204,37,8,2024-06-26,2024-06-28,2,Emergency,Diabetes,Recovered
A107089,P14289,6,2,2024-04-21,2024-04-26,5,Scheduled,Fracture,Recovered
A107090,P13776,42,9,2024-09-20,2024-09-26,6,Emergency,Infection,Follow-up Required
A107091,P12945,26,6,2025-02-17,2025-02-20,3,Referral,Skin Disorder,Recovered
A107092,P14356,10,2,2025-01-03,2025-01-05,2,Referral,Heart Disease,Follow-up Required
A107093,P13052,6,2,2025-08-13,2025-08-16,3,Scheduled,Diabetes,Recovered
A107094,P12664,33,7,2025-01-12,2025-01-24,12,Emergency,Asthma,Recovered
A107095,P10432,45,9,2025-08-08,2025-08-11,3,Scheduled,Hypertension,Recovered
A107096,P12764,30,6,2025-01-17,2025-01-19,2,Emergency,Migraine,Recovered
A107097,P14792,40,8,2025-11-03,2025-11-04,1,Scheduled,Cancer,Recovered
A107098,P13163,24,5,2025-05-25,2025-05-27,2,Referral,Heart Disease,Recovered
A107099,P10198,28,6,2025-12-13,2025-12-15,2,Scheduled,Migraine,Recovered
A107100,P10039,45,9,2025-01-11,2025-01-15,4,Referral,Skin Disorder,Recovered
A107101,P12519,38,8,2025-06-28,2025-07-01,3,Emergency,Hypertension,Recovered
A107102,P12127,29,6,2024-03-13,2024-03-21,8,Referral,Skin Disorder,Recovered
A107103,P10729,44,9,2025-05-18,2025-05-26,8,Emergency,Hypertension,Deceased
A107104,P13900,15,3,2024-12-17,2024-12-21,4,Emergency,Fracture,Follow-up Required
A107105,P13166,8,2,2025-12-10,2025-12-18,8,Referral,Hypertension,Recovered
A107106,P14780,23,5,2024-11-20,2024-11-24,4,Scheduled,Cancer,Follow-up Required
A107107,P14228,43,9,2025-01-22,2025-01-27,5,Scheduled,Infection,Recovered
A107108,P12125,9,2,2024-08-27,2024-08-29,2,Referral,Heart Disease,Recovered
A107109,P14135,11,3,2024-03-14,2024-03-15,1,Scheduled,Migraine,Recovered
A107110,P13772,6,2,2024-01-31,2024-02-02,2,Emergency,Diabetes,Follow-up Required
A107111,P13258,47,10,2025-04-23,2025-04-26,3,Scheduled,ENT Infection,Recovered
A107112,P13207,49,10,2024-01-14,2024-01-21,7,Emergency,Migraine,Recovered
A107113,P12599,12,3,2025-12-17,2025-12-19,2,Emergency,Migraine,Recovered
A107114,P14436,34,7,2024-11-11,2024-11-13,2,Scheduled,Skin Disorder,Transferred
A107115,P13314,21,5,2024-03-08,2024-03-18,10,Referral,Migraine,Follow-up Required
A107116,P11245,32,7,2025-10-01,2025-10-07,6,Scheduled,Diabetes,Transferred
A107117,P14088,36,8,2025-06-21,2025-06-25,4,Emergency,Heart Disease,Recovered
A107118,P10658,25,5,2025-11-26,2025-11-27,1,Referral,Asthma,Recovered
A107119,P12966,35,7,2025-10-10,2025-10-18,8,Referral,Hypertension,Recovered
A107120,P11700,34,7,2024-10-17,2024-10-19,2,Emergency,Asthma,Recovered
A107121,P14457,19,4,2025-09-09,2025-09-14,5,Emergency,Migraine,Recovered
A107122,P13044,37,8,2024-01-24,2024-01-30,6,Emergency,Diabetes,Recovered
A107123,P14425,17,4,2025-02-18,2025-02-22,4,Scheduled,Diabetes,Deceased
A107124,P11800,16,4,2025-12-06,2025-12-16,10,Emergency,Diabetes,Recovered
A107125,P14536,16,4,2025-11-11,2025-11-12,1,Scheduled,Heart Disease,Recovered
A107126,P13627,44,9,2024-02-05,2024-02-12,7,Scheduled,ENT Infection,Recovered
A107127,P13978,4,1,2024-04-10,2024-04-15,5,Scheduled,Diabetes,Recovered
A107128,P11977,49,10,2025-06-29,2025-07-04,5,Referral,Heart Disease,Recovered
A107129,P14929,30,6,2024-02-08,2024-02-28,20,Scheduled,Skin Disorder,Deceased
A107130,P13670,34,7,2024-07-29,2024-08-03,5,Emergency,Heart Disease,Follow-up Required
A107131,P14193,5,1,2025-08-14,2025-08-21,7,Scheduled,Infection,Recovered
A107132,P10938,33,7,2024-06-20,2024-06-22,2,Referral,Heart Disease,Recovered
A107133,P11290,46,10,2025-03-17,2025-03-24,7,Emergency,Asthma,Follow-up Required
A107134,P14671,9,2,2024-02-28,2024-03-06,7,Emergency,Skin Disorder,Recovered
A107135,P12151,17,4,2025-02-13,2025-02-27,14,Scheduled,Asthma,Follow-up Required
A107136,P14925,12,3,2025-06-17,2025-06-29,12,Emergency,Fracture,Follow-up Required
A107137,P10513,24,5,2024-12-30,2025-01-01,2,Scheduled,Migraine,Follow-up Required
A107138,P14762,12,3,2025-01-01,2025-01-05,4,Scheduled,Cancer,Recovered
A107139,P11517,15,3,2024-12-09,2024-12-19,10,Scheduled,Cancer,Recovered
A107140,P12083,16,4,2024-10-22,2024-10-27,5,Scheduled,Infection,Recovered
A107141,P11405,23,5,2024-12-06,2024-12-10,4,Emergency,Migraine,Recovered
A107142,P14493,18,4,2025-08-28,2025-08-30,2,Scheduled,Skin Disorder,Transferred
A107143,P11932,22,5,2025-06-06,2025-06-09,3,Emergency,Hypertension,Follow-up Required
A107144,P11886,46,10,2025-09-20,2025-09-26,6,Referral,Fracture,Recovered
A107145,P12354,44,9,2024-09-21,2024-09-28,7,Scheduled,ENT Infection,Recovered
A107146,P13808,31,7,2025-06-07,2025-06-11,4,Scheduled,Infection,Recovered
A107147,P12747,43,9,2025-10-27,2025-10-28,1,Scheduled,Migraine,Recovered
A107148,P10581,15,3,2024-02-07,2024-02-12,5,Scheduled,Fracture,Recovered
A107149,P12213,21,5,2024-05-10,2024-05-20,10,Emergency,Migraine,Recovered
A107150,P13330,8,2,2025-01-16,2025-01-20,4,Emergency,Hypertension,Recovered
A107151,P10102,49,10,2024-08-12,2024-08-22,10,Emergency,Fracture,Recovered
A107152,P14551,40,8,2024-05-22,2024-05-25,3,Scheduled,Hypertension,Follow-up Required
A107153,P14289,36,8,2025-03-06,2025-03-14,8,Scheduled,Diabetes,Recovered
A107154,P13843,42,9,2025-01-23,2025-01-30,7,Scheduled,Skin Disorder,Recovered
A107155,P12964,38,8,2024-02-23,2024-03-08,14,Referral,Migraine,Follow-up Required
A107156,P14994,6,2,2024-01-24,2024-01-31,7,Scheduled,Skin Disorder,Recovered
A107157,P14906,17,4,2025-01-29,2025-02-01,3,Scheduled,Skin Disorder,Follow-up Required
A107158,P10299,40,8,2025-09-24,2025-10-04,10,Referral,ENT Infection,Recovered
A107159,P14117,45,9,2024-04-28,2024-05-04,6,Scheduled,Migraine,Recovered
A107160,P10045,47,10,2025-11-03,2025-11-05,2,Scheduled,Heart Disease,Recovered
A107161,P12544,36,8,2025-08-08,2025-08-09,1,Scheduled,Fracture,Recovered
A107162,P13860,28,6,2024-07-03,2024-07-06,3,Emergency,Migraine,Follow-up Required
A107163,P14779,47,10,2024-07-10,2024-07-17,7,Referral,Asthma,Recovered
A107164,P14395,23,5,2025-05-01,2025-05-06,5,Referral,Asthma,Recovered
A107165,P13553,31,7,2025-09-24,2025-09-28,4,Scheduled,Cancer,Recovered
A107166,P13156,46,10,2025-12-21,2025-12-22,1,Scheduled,Cancer,Recovered
A107167,P13132,11,3,2025-01-18,2025-01-22,4,Scheduled,Cancer,Recovered
A107168,P10288,20,4,2024-12-11,2024-12-13,2,Referral,Heart Disease,Recovered
A107169,P13706,32,7,2025-04-17,2025-04-21,4,Referral,Fracture,Recovered
A107170,P10517,17,4,2025-11-06,2025-11-26,20,Emergency,Fracture,Recovered
A107171,P12202,42,9,2024-01-03,2024-01-11,8,Scheduled,Infection,Recovered
A107172,P14438,38,8,2024-02-19,2024-02-22,3,Scheduled,Migraine,Recovered
A107173,P14182,6,2,2025-05-18,2025-05-23,5,Emergency,Fracture,Recovered
A107174,P13659,1,1,2024-07-29,2024-08-02,4,Scheduled,ENT Infection,Follow-up Required
A107175,P14287,37,8,2025-06-11,2025-06-13,2,Emergency,Migraine,Transferred
A107176,P13324,4,1,2025-11-10,2025-11-30,20,Referral,Hypertension,Recovered
A107177,P14077,31,7,2024-10-09,2024-10-13,4,Emergency,Fracture,Recovered
A107178,P13937,11,3,2025-01-13,2025-01-17,4,Referral,Infection,Recovered
A107179,P11170,17,4,2024-11-21,2024-11-26,5,Referral,Heart Disease,Follow-up Required
A107180,P10991,7,2,2024-10-24,2024-10-26,2,Emergency,Infection,Follow-up Required
A107181,P14972,35,7,2025-11-27,2025-11-29,2,Scheduled,Migraine,Follow-up Required
A107182,P13706,2,1,2024-05-17,2024-05-19,2,Scheduled,Hypertension,Recovered
A107183,P11852,40,8,2024-05-04,2024-05-07,3,Referral,Fracture,Recovered
A107184,P12710,37,8,2025-01-26,2025-01-28,2,Scheduled,ENT Infection,Recovered
A107185,P14008,37,8,2025-02-05,2025-02-15,10,Scheduled,Heart Disease,Recovered
A107186,P12622,10,2,2025-04-24,2025-04-30,6,Referral,Fracture,Recovered
A107187,P12179,12,3,2025-02-04,2025-02-14,10,Emergency,Asthma,Recovered
A107188,P10839,17,4,2025-07-23,2025-07-31,8,Scheduled,ENT Infection,Transferred
A107189,P11556,46,10,2024-12-27,2025-01-02,6,Referral,Fracture,Transferred
A107190,P11223,26,6,2024-03-06,2024-03-09,3,Emergency,Infection,Recovered
A107191,P14935,5,1,2025-03-03,2025-03-08,5,Referral,Cancer,Follow-up Required
A107192,P12044,5,1,2025-12-14,2025-12-16,2,Scheduled,Heart Disease,Transferred
A107193,P11434,38,8,2025-06-04,2025-06-06,2,Scheduled,Heart Disease,Recovered
A107194,P11169,47,10,2025-03-07,2025-03-12,5,Emergency,Diabetes,Recovered
A107195,P10948,27,6,2024-04-14,2024-04-19,5,Emergency,Asthma,Transferred
A107196,P10161,5,1,2024-03-29,2024-03-31,2,Emergency,Asthma,Recovered
A107197,P14560,8,2,2025-08-23,2025-08-26,3,Scheduled,Hypertension,Follow-up Required
A107198,P13132,31,7,2024-01-06,2024-01-07,1,Referral,Skin Disorder,Recovered
A107199,P12628,33,7,2024-06-06,2024-06-12,6,Scheduled,Diabetes,Recovered
A107200,P12536,21,5,2025-01-13,2025-02-02,20,Scheduled,Fracture,Recovered
A107201,P12273,35,7,2024-11-25,2024-12-01,6,Emergency,Skin Disorder,Recovered
A107202,P13464,21,5,2024-04-12,2024-04-20,8,Emergency,Infection,Follow-up Required
A107203,P14805,15,3,2024-08-10,2024-08-14,4,Referral,Heart Disease,Recovered
A107204,P10161,36,8,2025-02-05,2025-02-06,1,Emergency,ENT Infection,Recovered
A107205,P11785,2,1,2025-11-13,2025-11-19,6,Emergency,Diabetes,Follow-up Required
A107206,P11945,30,6,2025-06-28,2025-07-01,3,Scheduled,Skin Disorder,Transferred
A107207,P13183,28,6,2025-05-23,2025-05-26,3,Scheduled,Diabetes,Follow-up Required
A107208,P13975,17,4,2025-11-23,2025-11-29,6,Emergency,Fracture,Recovered
A107209,P13625,44,9,2024-07-02,2024-07-12,10,Referral,Diabetes,Follow-up Required
A107210,P13745,20,4,2024-03-27,2024-03-31,4,Scheduled,Infection,Recovered
A107211,P10767,40,8,2025-08-03,2025-08-17,14,Emergency,Asthma,Recovered
A107212,P12028,29,6,2025-01-14,2025-01-18,4,Referral,Cancer,Recovered
A107213,P14007,5,1,2025-06-21,2025-06-23,2,Emergency,Heart Disease,Recovered
A107214,P10185,25,5,2025-02-16,2025-02-20,4,Scheduled,Infection,Recovered
A107215,P11897,10,2,2025-06-01,2025-06-09,8,Referral,Cancer,Recovered
A107216,P13296,19,4,2025-11-24,2025-11-29,5,Referral,Hypertension,Recovered
A107217,P12405,41,9,2024-10-21,2024-10-27,6,Scheduled,Cancer,Recovered
A107218,P12540,48,10,2024-09-16,2024-09-21,5,Emergency,Hypertension,Recovered
A107219,P10733,1,1,2025-01-18,2025-01-23,5,Scheduled,Asthma,Recovered
A107220,P11622,47,10,2024-10-30,2024-11-02,3,Referral,Diabetes,Follow-up Required
A107221,P10578,34,7,2024-11-11,2024-11-13,2,Scheduled,Skin Disorder,Recovered
A107222,P12162,14,3,2025-12-19,2025-12-22,3,Scheduled,ENT Infection,Recovered
A107223,P10378,25,5,2024-03-17,2024-03-21,4,Emergency,ENT Infection,Recovered
A107224,P13849,26,6,2025-11-10,2025-11-17,7,Scheduled,ENT Infection,Recovered
A107225,P11309,21,5,2025-01-13,2025-01-20,7,Referral,Heart Disease,Recovered
A107226,P14193,16,4,2025-04-05,2025-04-07,2,Scheduled,Fracture,Recovered
A107227,P10842,10,2,2024-02-25,2024-03-01,5,Emergency,ENT Infection,Deceased
A107228,P12172,32,7,2024-03-21,2024-03-25,4,Scheduled,Migraine,Transferred
A107229,P10156,44,9,2025-11-09,2025-11-14,5,Scheduled,Heart Disease,Deceased
A107230,P14149,45,9,2024-06-24,2024-06-29,5,Scheduled,Infection,Recovered
A107231,P11703,20,4,2025-01-17,2025-01-20,3,Emergency,Diabetes,Follow-up Required
A107232,P12636,9,2,2024-05-28,2024-06-07,10,Emergency,Infection,Recovered
A107233,P13386,34,7,2024-10-07,2024-10-19,12,Referral,Migraine,Follow-up Required
A107234,P14822,31,7,2024-12-10,2024-12-12,2,Scheduled,Skin Disorder,Transferred
A107235,P11414,19,4,2025-02-12,2025-02-18,6,Referral,Diabetes,Recovered
A107236,P10045,47,10,2025-12-18,2025-12-19,1,Scheduled,Skin Disorder,Recovered
A107237,P11687,31,7,2024-01-30,2024-01-31,1,Scheduled,Skin Disorder,Recovered
A107238,P12170,30,6,2025-12-30,2026-01-11,12,Emergency,Cancer,Follow-up Required
A107239,P13242,47,10,2025-02-25,2025-03-03,6,Scheduled,Migraine,Recovered
A107240,P12726,24,5,2024-08-18,2024-08-21,3,Emergency,Heart Disease,Recovered
A107241,P11424,33,7,2024-12-24,2024-12-30,6,Referral,ENT Infection,Follow-up Required
A107242,P14015,18,4,2024-06-10,2024-06-18,8,Emergency,Hypertension,Follow-up Required
A107243,P14596,21,5,2025-12-29,2026-01-06,8,Emergency,ENT Infection,Transferred
A107244,P10074,31,7,2024-08-15,2024-08-16,1,Emergency,Heart Disease,Recovered
A107245,P13019,39,8,2024-08-08,2024-08-15,7,Scheduled,Asthma,Recovered
A107246,P11561,42,9,2024-03-13,2024-03-21,8,Referral,Fracture,Transferred
A107247,P10892,41,9,2025-02-02,2025-02-07,5,Emergency,Asthma,Recovered
A107248,P13133,43,9,2024-04-04,2024-04-08,4,Scheduled,Fracture,Recovered
A107249,P11890,4,1,2025-04-19,2025-04-21,2,Emergency,Skin Disorder,Transferred
A107250,P11247,26,6,2024-04-04,2024-04-06,2,Scheduled,Cancer,Follow-up Required
A107251,P13803,33,7,2024-05-03,2024-05-07,4,Emergency,ENT Infection,Recovered
A107252,P10473,44,9,2025-05-14,2025-05-22,8,Scheduled,Asthma,Recovered
A107253,P12218,33,7,2025-09-12,2025-09-19,7,Scheduled,ENT Infection,Transferred
A107254,P10701,49,10,2024-02-17,2024-02-21,4,Emergency,Cancer,Recovered
A107255,P12080,20,4,2024-04-04,2024-04-11,7,Scheduled,Infection,Recovered
A107256,P10053,41,9,2025-04-21,2025-04-28,7,Scheduled,Migraine,Transferred
A107257,P12988,8,2,2024-02-02,2024-02-07,5,Scheduled,Skin Disorder,Recovered
A107258,P10139,36,8,2024-04-27,2024-04-29,2,Scheduled,Fracture,Recovered
A107259,P11398,8,2,2025-10-05,2025-10-08,3,Scheduled,Fracture,Recovered
A107260,P12138,31,7,2024-09-07,2024-09-09,2,Scheduled,ENT Infection,Recovered
A107261,P10828,22,5,2024-10-29,2024-10-30,1,Referral,Skin Disorder,Recovered
A107262,P12084,42,9,2024-05-01,2024-05-02,1,Referral,Fracture,Follow-up Required
A107263,P12977,50,10,2024-08-05,2024-08-12,7,Scheduled,Fracture,Recovered
A107264,P11249,47,10,2024-02-22,2024-02-23,1,Referral,Cancer,Recovered
A107265,P14650,19,4,2024-05-05,2024-05-09,4,Referral,Asthma,Recovered
A107266,P14836,20,4,2024-06-07,2024-06-27,20,Emergency,Infection,Recovered
A107267,P14365,23,5,2025-11-01,2025-11-08,7,Referral,Fracture,Follow-up Required
A107268,P10186,24,5,2025-08-23,2025-08-30,7,Emergency,Hypertension,Recovered
A107269,P13443,43,9,2024-06-24,2024-06-27,3,Emergency,Fracture,Follow-up Required
A107270,P14965,24,5,2024-10-18,2024-10-23,5,Referral,Fracture,Recovered
A107271,P13194,36,8,2024-06-07,2024-06-11,4,Emergency,Diabetes,Recovered
A107272,P14929,9,2,2025-05-05,2025-05-10,5,Scheduled,Cancer,Recovered
A107273,P11413,40,8,2024-12-22,2024-12-26,4,Referral,Migraine,Follow-up Required
A107274,P13189,16,4,2025-09-25,2025-09-30,5,Emergency,Skin Disorder,Recovered
A107275,P12917,27,6,2024-08-24,2024-09-13,20,Emergency,Migraine,Recovered
A107276,P11016,45,9,2025-03-03,2025-03-06,3,Scheduled,Fracture,Recovered
A107277,P14538,37,8,2024-05-04,2024-05-06,2,Scheduled,Heart Disease,Deceased
A107278,P14135,13,3,2024-11-10,2024-11-14,4,Referral,ENT Infection,Follow-up Required
A107279,P14262,2,1,2024-10-05,2024-10-09,4,Referral,ENT Infection,Recovered
A107280,P11936,12,3,2025-08-26,2025-08-27,1,Emergency,Hypertension,Recovered
A107281,P11469,41,9,2024-04-14,2024-04-21,7,Scheduled,Infection,Recovered
A107282,P14539,33,7,2024-02-11,2024-02-15,4,Scheduled,Skin Disorder,Transferred
A107283,P14427,23,5,2025-01-31,2025-02-04,4,Scheduled,Diabetes,Follow-up Required
A107284,P11359,14,3,2025-10-02,2025-10-08,6,Emergency,Fracture,Recovered
A107285,P11770,39,8,2025-04-04,2025-04-11,7,Emergency,Cancer,Deceased
A107286,P12762,49,10,2025-05-05,2025-05-25,20,Emergency,Skin Disorder,Recovered
A107287,P12883,30,6,2025-07-18,2025-07-20,2,Referral,Skin Disorder,Recovered
A107288,P11190,46,10,2024-06-16,2024-06-19,3,Referral,Asthma,Follow-up Required
A107289,P11193,49,10,2025-08-24,2025-08-26,2,Emergency,Diabetes,Recovered
A107290,P12817,34,7,2024-06-22,2024-06-30,8,Emergency,Hypertension,Transferred
A107291,P13622,9,2,2025-01-06,2025-01-11,5,Scheduled,Fracture,Recovered
A107292,P14857,15,3,2025-08-21,2025-08-29,8,Referral,Asthma,Recovered
A107293,P11043,24,5,2024-05-29,2024-06-18,20,Referral,Diabetes,Recovered
A107294,P10226,48,10,2024-09-05,2024-09-10,5,Scheduled,Asthma,Follow-up Required
A107295,P11979,41,9,2025-09-18,2025-09-20,2,Emergency,Hypertension,Recovered
A107296,P13978,25,5,2024-06-28,2024-07-01,3,Emergency,Asthma,Recovered
A107297,P13832,36,8,2024-04-29,2024-04-30,1,Scheduled,Migraine,Recovered
A107298,P12645,32,7,2024-01-28,2024-02-05,8,Referral,Diabetes,Recovered
A107299,P11884,47,10,2024-04-26,2024-04-27,1,Emergency,Fracture,Recovered
A107300,P10541,21,5,2025-12-03,2025-12-08,5,Scheduled,Skin Disorder,Recovered
A107301,P10646,42,9,2025-10-18,2025-10-20,2,Emergency,Diabetes,Recovered
A107302,P14802,39,8,2024-09-18,2024-09-19,1,Scheduled,Migraine,Recovered
A107303,P14727,6,2,2025-10-15,2025-10-18,3,Scheduled,Heart Disease,Recovered
A107304,P14287,47,10,2025-09-17,2025-09-22,5,Scheduled,Diabetes,Recovered
A107305,P11689,25,5,2024-02-07,2024-02-08,1,Scheduled,ENT Infection,Recovered
A107306,P10855,2,1,2024-07-15,2024-07-20,5,Referral,Cancer,Recovered
A107307,P10405,31,7,2025-06-08,2025-06-14,6,Emergency,ENT Infection,Follow-up Required
A107308,P13344,30,6,2025-09-15,2025-09-29,14,Scheduled,Skin Disorder,Recovered
A107309,P12478,15,3,2025-03-12,2025-03-22,10,Referral,Asthma,Follow-up Required
A107310,P10520,18,4,2025-10-10,2025-10-15,5,Emergency,Migraine,Follow-up Required
A107311,P12941,32,7,2025-11-14,2025-11-21,7,Scheduled,Infection,Deceased
A107312,P11408,14,3,2025-09-30,2025-10-03,3,Referral,Heart Disease,Follow-up Required
A107313,P10821,18,4,2025-02-13,2025-02-18,5,Referral,Asthma,Recovered
A107314,P13675,35,7,2024-11-28,2024-12-02,4,Referral,Infection,Recovered
A107315,P14531,22,5,2025-06-14,2025-06-17,3,Emergency,Hypertension,Recovered
A107316,P13836,14,3,2025-04-09,2025-04-15,6,Referral,Fracture,Follow-up Required
A107317,P14068,38,8,2025-12-20,2025-12-23,3,Referral,Infection,Recovered
A107318,P13288,14,3,2024-06-06,2024-06-09,3,Scheduled,ENT Infection,Follow-up Required
A107319,P12182,34,7,2024-06-08,2024-06-11,3,Emergency,Asthma,Recovered
A107320,P14715,22,5,2024-11-29,2024-12-07,8,Scheduled,ENT Infection,Follow-up Required
A107321,P13233,16,4,2025-01-10,2025-01-12,2,Scheduled,Diabetes,Follow-up Required
A107322,P10425,48,10,2024-03-19,2024-03-22,3,Referral,Cancer,Recovered
A107323,P11552,49,10,2024-07-15,2024-07-23,8,Emergency,Infection,Follow-up Required
A107324,P10358,16,4,2024-04-29,2024-04-30,1,Emergency,Diabetes,Recovered
A107325,P13447,16,4,2025-10-12,2025-10-24,12,Scheduled,Skin Disorder,Follow-up Required
A107326,P11595,40,8,2024-08-13,2024-08-23,10,Scheduled,Asthma,Transferred
A107327,P11011,38,8,2025-08-17,2025-08-21,4,Scheduled,Diabetes,Transferred
A107328,P10197,18,4,2025-02-13,2025-02-19,6,Scheduled,Migraine,Recovered
A107329,P11034,23,5,2025-06-21,2025-07-11,20,Scheduled,Hypertension,Recovered
A107330,P10862,46,10,2025-10-01,2025-10-06,5,Emergency,Diabetes,Follow-up Required
A107331,P10349,48,10,2024-12-04,2024-12-05,1,Emergency,Skin Disorder,Follow-up Required
A107332,P13778,40,8,2025-07-09,2025-07-17,8,Scheduled,ENT Infection,Recovered
A107333,P11659,18,4,2025-08-18,2025-08-20,2,Emergency,Hypertension,Recovered
A107334,P10575,46,10,2025-06-20,2025-06-23,3,Scheduled,Fracture,Recovered
A107335,P11820,49,10,2024-08-07,2024-08-15,8,Scheduled,Skin Disorder,Recovered
A107336,P10931,22,5,2024-10-19,2024-10-22,3,Scheduled,Fracture,Follow-up Required
A107337,P14009,40,8,2024-07-22,2024-07-28,6,Referral,ENT Infection,Recovered
A107338,P14683,30,6,2025-12-05,2025-12-09,4,Emergency,Hypertension,Recovered
A107339,P10484,48,10,2025-05-28,2025-06-04,7,Emergency,Migraine,Deceased
A107340,P13913,42,9,2024-07-20,2024-07-22,2,Emergency,Asthma,Recovered
A107341,P10358,42,9,2024-02-01,2024-02-05,4,Scheduled,Hypertension,Recovered
A107342,P14481,18,4,2024-03-29,2024-04-01,3,Scheduled,Cancer,Recovered
A107343,P10254,18,4,2024-07-20,2024-07-23,3,Emergency,Hypertension,Recovered
A107344,P13995,41,9,2025-11-20,2025-11-23,3,Emergency,Asthma,Recovered
A107345,P10835,1,1,2025-12-05,2025-12-08,3,Referral,Skin Disorder,Follow-up Required
A107346,P11191,48,10,2025-11-02,2025-11-14,12,Scheduled,Heart Disease,Recovered
A107347,P11704,42,9,2024-10-19,2024-10-24,5,Scheduled,Migraine,Recovered
A107348,P14892,15,3,2025-12-16,2025-12-20,4,Referral,Hypertension,Follow-up Required
A107349,P14565,5,1,2024-04-24,2024-04-28,4,Referral,Hypertension,Deceased
A107350,P10493,27,6,2025-12-22,2026-01-11,20,Emergency,Diabetes,Recovered
A107351,P13410,17,4,2024-08-09,2024-08-15,6,Scheduled,Asthma,Recovered
A107352,P14147,41,9,2024-06-30,2024-07-06,6,Scheduled,Infection,Follow-up Required
A107353,P13128,32,7,2025-04-13,2025-04-16,3,Referral,Migraine,Recovered
A107354,P12121,38,8,2025-03-01,2025-03-05,4,Emergency,Hypertension,Recovered
A107355,P13866,26,6,2025-07-05,2025-07-07,2,Scheduled,Hypertension,Recovered
A107356,P10052,2,1,2024-02-29,2024-03-06,6,Scheduled,Hypertension,Follow-up Required
A107357,P10262,28,6,2025-04-29,2025-05-02,3,Referral,Heart Disease,Deceased
A107358,P13003,45,9,2024-01-11,2024-01-17,6,Referral,Fracture,Recovered
A107359,P11909,23,5,2025-09-23,2025-09-25,2,Scheduled,Cancer,Recovered
A107360,P13647,50,10,2025-01-19,2025-01-23,4,Scheduled,Skin Disorder,Follow-up Required
A107361,P12378,20,4,2025-02-13,2025-02-17,4,Referral,Migraine,Recovered
A107362,P13395,36,8,2024-02-11,2024-02-13,2,Scheduled,Fracture,Follow-up Required
A107363,P14337,42,9,2025-12-02,2025-12-03,1,Referral,ENT Infection,Recovered
A107364,P11626,22,5,2024-05-02,2024-05-05,3,Referral,Skin Disorder,Recovered
A107365,P11229,11,3,2025-12-01,2025-12-06,5,Referral,Asthma,Recovered
A107366,P14387,28,6,2024-09-08,2024-09-14,6,Emergency,Heart Disease,Recovered
A107367,P11390,45,9,2025-08-26,2025-08-30,4,Emergency,Infection,Recovered
A107368,P11488,22,5,2025-04-28,2025-05-02,4,Scheduled,Skin Disorder,Recovered
A107369,P10917,17,4,2024-07-31,2024-08-05,5,Scheduled,ENT Infection,Recovered
A107370,P12142,31,7,2025-12-14,2025-12-18,4,Emergency,Diabetes,Recovered
A107371,P10711,11,3,2024-09-24,2024-09-25,1,Emergency,Skin Disorder,Recovered
A107372,P11887,36,8,2025-10-28,2025-11-01,4,Scheduled,Diabetes,Recovered
A107373,P12217,14,3,2025-12-07,2025-12-09,2,Referral,Migraine,Recovered
A107374,P11321,35,7,2025-06-23,2025-06-28,5,Scheduled,Hypertension,Recovered
A107375,P12564,23,5,2025-12-06,2025-12-13,7,Emergency,Diabetes,Follow-up Required
A107376,P14446,29,6,2025-09-10,2025-09-15,5,Emergency,Infection,Transferred
A107377,P14832,23,5,2025-10-22,2025-10-24,2,Emergency,Fracture,Recovered
A107378,P12627,44,9,2024-05-14,2024-05-16,2,Referral,Infection,Recovered
A107379,P10401,36,8,2025-05-12,2025-05-13,1,Referral,Fracture,Recovered
A107380,P10751,16,4,2025-08-29,2025-09-02,4,Scheduled,Hypertension,Recovered
A107381,P14917,39,8,2024-05-05,2024-05-09,4,Scheduled,Asthma,Deceased
A107382,P11888,20,4,2024-12-24,2024-12-26,2,Scheduled,Skin Disorder,Follow-up Required
A107383,P13686,25,5,2025-05-17,2025-05-24,7,Emergency,Asthma,Recovered
A107384,P11419,19,4,2024-11-13,2024-11-16,3,Scheduled,Infection,Recovered
A107385,P12604,26,6,2024-01-12,2024-01-18,6,Scheduled,Infection,Recovered
A107386,P13772,32,7,2025-04-21,2025-04-26,5,Referral,Hypertension,Recovered
A107387,P12019,50,10,2024-10-20,2024-10-25,5,Scheduled,Diabetes,Recovered
A107388,P12037,21,5,2025-03-15,2025-03-25,10,Scheduled,Hypertension,Follow-up Required
A107389,P11646,9,2,2025-05-30,2025-05-31,1,Referral,Hypertension,Recovered
A107390,P13488,43,9,2025-01-25,2025-01-26,1,Scheduled,Cancer,Follow-up Required
A107391,P10814,19,4,2024-11-11,2024-11-17,6,Referral,Fracture,Transferred
A107392,P14734,49,10,2025-11-10,2025-11-13,3,Scheduled,ENT Infection,Recovered
A107393,P13170,21,5,2024-01-08,2024-01-28,20,Emergency,Cancer,Recovered
A107394,P11024,18,4,2025-05-22,2025-05-24,2,Emergency,Migraine,Transferred
A107395,P11510,6,2,2024-05-03,2024-05-05,2,Referral,Hypertension,Recovered
A107396,P12039,35,7,2025-01-06,2025-01-11,5,Emergency,Skin Disorder,Recovered
A107397,P11394,14,3,2024-11-09,2024-11-12,3,Scheduled,Heart Disease,Follow-up Required
A107398,P12347,9,2,2024-07-03,2024-07-06,3,Scheduled,Infection,Recovered
A107399,P10856,35,7,2025-06-30,2025-07-10,10,Scheduled,Infection,Recovered
A107400,P11167,2,1,2025-08-07,2025-08-08,1,Scheduled,ENT Infection,Recovered
A107401,P12755,6,2,2025-06-08,2025-06-13,5,Emergency,ENT Infection,Transferred
A107402,P11666,35,7,2024-02-08,2024-02-11,3,Emergency,Fracture,Follow-up Required
A107403,P14039,25,5,2024-03-24,2024-03-27,3,Emergency,Cancer,Recovered
A107404,P11973,9,2,2024-01-21,2024-01-24,3,Emergency,Cancer,Recovered
A107405,P13688,50,10,2024-09-09,2024-09-11,2,Emergency,Diabetes,Recovered
A107406,P11117,31,7,2024-10-29,2024-10-30,1,Scheduled,Cancer,Transferred
A107407,P13369,7,2,2024-09-14,2024-10-04,20,Emergency,Migraine,Follow-up Required
A107408,P14543,28,6,2025-06-25,2025-07-01,6,Emergency,Diabetes,Recovered
A107409,P10734,2,1,2025-10-01,2025-10-08,7,Scheduled,Asthma,Transferred
A107410,P13784,1,1,2025-07-05,2025-07-06,1,Emergency,Cancer,Transferred
A107411,P12922,37,8,2025-04-05,2025-04-06,1,Referral,Fracture,Recovered
A107412,P13330,24,5,2025-08-31,2025-09-05,5,Scheduled,ENT Infection,Deceased
A107413,P14618,35,7,2024-08-11,2024-08-17,6,Referral,Skin Disorder,Recovered
A107414,P11707,7,2,2024-04-01,2024-04-05,4,Emergency,Cancer,Follow-up Required
A107415,P13499,38,8,2024-10-06,2024-10-09,3,Emergency,Infection,Recovered
A107416,P11125,29,6,2024-06-18,2024-06-21,3,Scheduled,Infection,Recovered
A107417,P14718,1,1,2025-09-20,2025-09-22,2,Emergency,Cancer,Transferred
A107418,P14855,30,6,2024-09-04,2024-09-11,7,Scheduled,Infection,Recovered
A107419,P11859,46,10,2024-12-26,2024-12-28,2,Scheduled,Hypertension,Follow-up Required
A107420,P12292,32,7,2024-12-14,2024-12-17,3,Scheduled,Migraine,Recovered
A107421,P12514,10,2,2025-03-10,2025-03-16,6,Referral,Diabetes,Recovered
A107422,P14961,34,7,2025-02-09,2025-02-10,1,Emergency,Migraine,Recovered
A107423,P13516,11,3,2025-08-23,2025-08-30,7,Scheduled,Migraine,Recovered
A107424,P12001,48,10,2024-03-18,2024-03-28,10,Scheduled,Asthma,Recovered
A107425,P11798,49,10,2025-04-02,2025-04-03,1,Scheduled,Asthma,Recovered
A107426,P12317,37,8,2025-08-08,2025-08-13,5,Emergency,Asthma,Recovered
A107427,P12581,27,6,2025-01-26,2025-01-30,4,Scheduled,Infection,Recovered
A107428,P12015,50,10,2024-01-14,2024-01-15,1,Scheduled,Diabetes,Recovered
A107429,P12168,48,10,2024-02-14,2024-02-20,6,Referral,Fracture,Recovered
A107430,P13029,10,2,2024-02-07,2024-02-12,5,Scheduled,Migraine,Recovered
A107431,P11948,38,8,2025-02-19,2025-02-24,5,Emergency,ENT Infection,Recovered
A107432,P11144,22,5,2024-09-01,2024-09-08,7,Scheduled,Infection,Recovered
A107433,P14806,24,5,2024-03-02,2024-03-05,3,Scheduled,Diabetes,Recovered
A107434,P14232,8,2,2025-05-07,2025-05-13,6,Scheduled,Cancer,Follow-up Required
A107435,P13149,6,2,2025-08-30,2025-09-05,6,Scheduled,Diabetes,Recovered
A107436,P10936,4,1,2024-11-18,2024-11-20,2,Scheduled,Migraine,Transferred
A107437,P13158,5,1,2024-09-08,2024-09-20,12,Scheduled,Skin Disorder,Deceased
A107438,P10001,6,2,2025-04-12,2025-04-15,3,Emergency,Diabetes,Follow-up Required
A107439,P10077,47,10,2024-03-01,2024-03-07,6,Scheduled,Diabetes,Recovered
A107440,P12629,32,7,2024-04-28,2024-05-05,7,Scheduled,Diabetes,Recovered
A107441,P12196,38,8,2024-03-27,2024-03-31,4,Emergency,Infection,Follow-up Required
A107442,P10574,20,4,2025-08-17,2025-08-19,2,Scheduled,Migraine,Recovered
A107443,P11549,40,8,2024-03-20,2024-03-23,3,Emergency,Skin Disorder,Recovered
A107444,P10186,45,9,2024-08-15,2024-08-17,2,Emergency,Fracture,Transferred
A107445,P14618,36,8,2025-04-27,2025-05-01,4,Scheduled,Hypertension,Recovered
A107446,P13843,49,10,2025-09-14,2025-09-17,3,Referral,Cancer,Recovered
A107447,P13493,14,3,2024-11-05,2024-11-10,5,Scheduled,Asthma,Transferred
A107448,P12244,50,10,2025-08-05,2025-08-08,3,Scheduled,Skin Disorder,Follow-up Required
A107449,P10034,47,10,2025-04-29,2025-04-30,1,Scheduled,Heart Disease,Recovered
A107450,P11621,19,4,2024-01-25,2024-01-28,3,Emergency,ENT Infection,Recovered
A107451,P11897,11,3,2024-07-20,2024-07-25,5,Scheduled,Infection,Recovered
A107452,P12456,39,8,2024-08-12,2024-08-19,7,Emergency,Hypertension,Follow-up Required
A107453,P11801,1,1,2025-05-24,2025-05-25,1,Scheduled,Diabetes,Follow-up Required
A107454,P14633,35,7,2025-09-20,2025-09-23,3,Scheduled,Migraine,Recovered
A107455,P12084,19,4,2025-08-01,2025-08-21,20,Scheduled,ENT Infection,Recovered
A107456,P11406,33,7,2025-07-12,2025-07-15,3,Scheduled,Diabetes,Recovered
A107457,P13689,32,7,2025-11-20,2025-11-27,7,Referral,Cancer,Follow-up Required
A107458,P12653,36,8,2025-06-03,2025-06-07,4,Referral,Migraine,Recovered
A107459,P14539,24,5,2024-07-01,2024-07-03,2,Emergency,Skin Disorder,Recovered
A107460,P11187,43,9,2024-03-17,2024-03-22,5,Emergency,Heart Disease,Recovered
A107461,P14134,7,2,2025-03-01,2025-03-15,14,Referral,Asthma,Follow-up Required
A107462,P12140,7,2,2024-03-07,2024-03-15,8,Scheduled,Fracture,Follow-up Required
A107463,P12679,46,10,2025-10-21,2025-10-27,6,Scheduled,Infection,Recovered
A107464,P13795,47,10,2025-05-08,2025-05-12,4,Emergency,Infection,Recovered
A107465,P12720,5,1,2025-11-15,2025-11-18,3,Scheduled,Migraine,Recovered
A107466,P14603,14,3,2025-06-30,2025-07-03,3,Emergency,ENT Infection,Recovered
A107467,P12227,45,9,2024-03-17,2024-03-20,3,Referral,Migraine,Recovered
A107468,P12332,26,6,2025-11-27,2025-12-07,10,Emergency,Fracture,Follow-up Required
A107469,P14024,50,10,2024-02-24,2024-02-26,2,Scheduled,Skin Disorder,Recovered
A107470,P14451,1,1,2025-08-28,2025-08-31,3,Emergency,Infection,Transferred
A107471,P13369,13,3,2025-04-17,2025-04-21,4,Scheduled,Asthma,Follow-up Required
A107472,P13958,23,5,2025-10-17,2025-10-21,4,Referral,Heart Disease,Recovered
A107473,P10488,20,4,2024-09-03,2024-09-04,1,Emergency,Migraine,Recovered
A107474,P10279,7,2,2025-03-14,2025-03-17,3,Emergency,Fracture,Follow-up Required
A107475,P12592,6,2,2025-12-12,2025-12-16,4,Scheduled,Migraine,Recovered
A107476,P10650,9,2,2024-11-09,2024-11-16,7,Scheduled,Diabetes,Recovered
A107477,P12979,28,6,2024-11-15,2024-11-20,5,Referral,Migraine,Recovered
A107478,P10355,10,2,2024-08-07,2024-08-10,3,Emergency,Infection,Recovered
A107479,P12243,35,7,2025-01-05,2025-01-11,6,Scheduled,ENT Infection,Recovered
A107480,P14900,7,2,2024-08-03,2024-08-09,6,Scheduled,ENT Infection,Recovered
A107481,P12481,25,5,2024-02-18,2024-02-21,3,Emergency,Heart Disease,Recovered
A107482,P10558,30,6,2025-04-07,2025-04-09,2,Emergency,Fracture,Recovered
A107483,P13487,43,9,2024-04-27,2024-05-04,7,Referral,Hypertension,Follow-up Required
A107484,P10162,26,6,2024-03-22,2024-03-26,4,Referral,Skin Disorder,Recovered
A107485,P10699,44,9,2024-09-19,2024-09-21,2,Emergency,Heart Disease,Recovered
A107486,P11974,12,3,2025-08-11,2025-08-14,3,Referral,ENT Infection,Recovered
A107487,P13545,13,3,2025-12-23,2025-12-30,7,Emergency,Asthma,Recovered
A107488,P13778,40,8,2025-05-10,2025-05-16,6,Emergency,Hypertension,Recovered
A107489,P12206,4,1,2025-09-25,2025-10-07,12,Scheduled,Migraine,Follow-up Required
A107490,P10492,1,1,2025-08-24,2025-08-28,4,Referral,ENT Infection,Recovered
A107491,P11993,6,2,2025-11-03,2025-11-04,1,Scheduled,Migraine,Recovered
A107492,P11033,2,1,2024-06-24,2024-06-30,6,Referral,Migraine,Recovered
A107493,P13284,46,10,2024-03-29,2024-04-01,3,Referral,Hypertension,Recovered
A107494,P13511,27,6,2025-09-30,2025-10-03,3,Emergency,Infection,Recovered
A107495,P14920,18,4,2024-12-24,2024-12-26,2,Emergency,Migraine,Recovered
A107496,P14775,42,9,2024-10-12,2024-10-15,3,Emergency,Hypertension,Recovered
A107497,P10786,29,6,2024-10-23,2024-10-30,7,Scheduled,Cancer,Transferred
A107498,P11834,33,7,2024-09-16,2024-09-21,5,Scheduled,Asthma,Follow-up Required
A107499,P10992,3,1,2025-04-19,2025-04-21,2,Emergency,Infection,Recovered
A107500,P14207,20,4,2025-09-14,2025-09-19,5,Scheduled,Fracture,Follow-up Required
A107501,P11784,4,1,2025-06-19,2025-06-24,5,Scheduled,Hypertension,Recovered
A107502,P11185,18,4,2025-07-15,2025-07-23,8,Scheduled,Cancer,Recovered
A107503,P12462,8,2,2024-02-06,2024-02-14,8,Scheduled,Hypertension,Recovered
A107504,P11669,22,5,2024-06-29,2024-06-30,1,Emergency,Skin Disorder,Recovered
A107505,P12314,41,9,2024-01-25,2024-02-02,8,Scheduled,Asthma,Follow-up Required
A107506,P10572,22,5,2024-12-14,2024-12-15,1,Emergency,Migraine,Recovered
A107507,P14301,19,4,2025-09-28,2025-09-30,2,Scheduled,Diabetes,Recovered
A107508,P13739,28,6,2025-06-26,2025-06-28,2,Scheduled,Cancer,Follow-up Required
A107509,P10584,2,1,2024-08-14,2024-08-16,2,Scheduled,Skin Disorder,Recovered
A107510,P12221,9,2,2024-12-13,2024-12-20,7,Emergency,Heart Disease,Recovered
A107511,P10308,35,7,2024-02-07,2024-02-13,6,Scheduled,ENT Infection,Recovered
A107512,P14546,22,5,2025-01-17,2025-01-23,6,Referral,Cancer,Recovered
A107513,P10062,26,6,2025-07-23,2025-08-02,10,Scheduled,ENT Infection,Follow-up Required
A107514,P14571,34,7,2024-08-23,2024-08-27,4,Referral,Migraine,Recovered
A107515,P13789,7,2,2024-06-29,2024-06-30,1,Emergency,ENT Infection,Recovered
A107516,P12134,30,6,2024-04-23,2024-04-28,5,Emergency,Fracture,Transferred
A107517,P11960,49,10,2024-11-01,2024-11-09,8,Scheduled,ENT Infection,Recovered
A107518,P12033,25,5,2024-05-11,2024-05-25,14,Scheduled,Skin Disorder,Recovered
A107519,P13763,49,10,2024-12-13,2024-12-16,3,Emergency,Infection,Recovered
A107520,P12787,9,2,2024-06-28,2024-07-05,7,Scheduled,Fracture,Recovered
A107521,P11543,27,6,2025-02-18,2025-02-26,8,Scheduled,Migraine,Recovered
A107522,P11676,1,1,2025-08-12,2025-08-14,2,Scheduled,Migraine,Recovered
A107523,P14622,33,7,2025-10-15,2025-10-20,5,Emergency,Diabetes,Recovered
A107524,P10034,8,2,2025-01-19,2025-01-21,2,Referral,Migraine,Recovered
A107525,P13962,49,10,2025-05-26,2025-05-30,4,Scheduled,Heart Disease,Follow-up Required
A107526,P12800,32,7,2024-02-12,2024-02-20,8,Scheduled,Migraine,Recovered
A107527,P11856,40,8,2025-04-24,2025-05-01,7,Referral,Hypertension,Follow-up Required
A107528,P13681,19,4,2024-04-27,2024-05-02,5,Emergency,Cancer,Recovered
A107529,P12686,36,8,2025-07-24,2025-07-31,7,Scheduled,Skin Disorder,Recovered
A107530,P11058,50,10,2024-03-01,2024-03-03,2,Referral,Skin Disorder,Recovered
A107531,P14502,45,9,2025-07-06,2025-07-08,2,Scheduled,Cancer,Follow-up Required
A107532,P12962,22,5,2024-07-06,2024-07-08,2,Scheduled,Diabetes,Recovered
A107533,P14389,39,8,2025-03-28,2025-04-04,7,Referral,Diabetes,Recovered
A107534,P12628,26,6,2024-07-05,2024-07-15,10,Emergency,ENT Infection,Recovered
A107535,P13821,3,1,2025-04-08,2025-04-13,5,Emergency,Migraine,Recovered
A107536,P13158,46,10,2024-06-12,2024-06-24,12,Scheduled,Asthma,Transferred
A107537,P13644,9,2,2025-02-27,2025-03-05,6,Scheduled,Migraine,Recovered
A107538,P13763,35,7,2024-04-11,2024-04-16,5,Emergency,Hypertension,Recovered
A107539,P12132,7,2,2024-09-23,2024-09-28,5,Emergency,Hypertension,Recovered
A107540,P10607,15,3,2025-09-27,2025-10-05,8,Referral,Cancer,Deceased
A107541,P12356,4,1,2024-06-01,2024-06-02,1,Scheduled,Migraine,Follow-up Required
A107542,P12300,37,8,2025-03-04,2025-03-06,2,Emergency,Cancer,Recovered
A107543,P13917,28,6,2025-11-21,2025-11-24,3,Referral,Heart Disease,Recovered
A107544,P14276,9,2,2025-03-02,2025-03-12,10,Scheduled,Migraine,Recovered
A107545,P11334,35,7,2025-07-31,2025-08-12,12,Scheduled,Diabetes,Recovered
A107546,P14009,48,10,2025-09-02,2025-09-05,3,Scheduled,Cancer,Recovered
A107547,P12474,48,10,2025-06-19,2025-06-29,10,Scheduled,Hypertension,Recovered
A107548,P13558,25,5,2024-11-28,2024-12-03,5,Scheduled,Migraine,Recovered
A107549,P13734,9,2,2025-11-07,2025-11-11,4,Emergency,Infection,Recovered
A107550,P12087,33,7,2025-03-15,2025-03-23,8,Emergency,ENT Infection,Recovered
A107551,P13351,17,4,2025-08-28,2025-09-02,5,Emergency,Migraine,Transferred
A107552,P14912,12,3,2024-05-03,2024-05-07,4,Emergency,Heart Disease,Recovered
A107553,P10376,9,2,2024-10-28,2024-10-29,1,Scheduled,Fracture,Follow-up Required
A107554,P11953,5,1,2025-10-29,2025-10-30,1,Scheduled,Skin Disorder,Recovered
A107555,P13711,47,10,2024-12-14,2024-12-19,5,Emergency,Migraine,Recovered
A107556,P12089,26,6,2024-09-05,2024-09-06,1,Referral,Heart Disease,Transferred
A107557,P11694,45,9,2024-09-27,2024-10-03,6,Scheduled,Infection,Recovered
A107558,P13556,19,4,2025-03-04,2025-03-09,5,Scheduled,Asthma,Recovered
A107559,P14281,35,7,2025-07-23,2025-07-27,4,Referral,Heart Disease,Recovered
A107560,P10072,2,1,2025-12-07,2025-12-13,6,Referral,ENT Infection,Recovered
A107561,P11775,45,9,2025-12-13,2026-01-02,20,Emergency,Heart Disease,Recovered
A107562,P10574,7,2,2025-08-06,2025-08-09,3,Scheduled,Fracture,Recovered
A107563,P14665,9,2,2024-09-03,2024-09-08,5,Referral,ENT Infection,Recovered
A107564,P14067,22,5,2025-04-25,2025-05-03,8,Emergency,Heart Disease,Recovered
A107565,P13708,42,9,2024-04-07,2024-04-08,1,Emergency,Asthma,Recovered
A107566,P10153,33,7,2024-11-24,2024-11-26,2,Emergency,Hypertension,Recovered
A107567,P10729,16,4,2025-08-15,2025-08-19,4,Emergency,Hypertension,Transferred
A107568,P12280,43,9,2025-02-28,2025-03-05,5,Referral,Infection,Recovered
A107569,P11553,24,5,2025-07-30,2025-07-31,1,Scheduled,Cancer,Recovered
A107570,P13664,8,2,2025-02-27,2025-03-03,4,Emergency,Fracture,Follow-up Required
A107571,P13568,30,6,2024-01-05,2024-01-09,4,Scheduled,Infection,Recovered
A107572,P14272,26,6,2025-04-03,2025-04-07,4,Emergency,Diabetes,Recovered
A107573,P14345,45,9,2025-08-15,2025-08-21,6,Scheduled,Skin Disorder,Recovered
A107574,P13107,48,10,2025-05-12,2025-05-19,7,Emergency,Skin Disorder,Follow-up Required
A107575,P14897,35,7,2024-03-27,2024-03-31,4,Emergency,Infection,Recovered
A107576,P11000,45,9,2025-02-05,2025-02-09,4,Emergency,Migraine,Recovered
A107577,P11135,17,4,2024-10-19,2024-10-25,6,Scheduled,Infection,Recovered
A107578,P14743,38,8,2024-10-07,2024-10-12,5,Emergency,Infection,Recovered
A107579,P13146,10,2,2024-07-15,2024-07-23,8,Referral,Heart Disease,Recovered
A107580,P12716,41,9,2024-03-23,2024-03-27,4,Emergency,Infection,Recovered
A107581,P10354,50,10,2024-01-27,2024-02-01,5,Scheduled,Heart Disease,Recovered
A107582,P11303,17,4,2025-11-24,2025-11-26,2,Referral,Heart Disease,Recovered
A107583,P14083,7,2,2024-05-14,2024-05-22,8,Emergency,Infection,Recovered
A107584,P13732,2,1,2024-03-30,2024-04-03,4,Scheduled,Infection,Recovered
A107585,P14622,11,3,2024-07-24,2024-07-30,6,Scheduled,Asthma,Follow-up Required
A107586,P10510,50,10,2024-01-27,2024-01-31,4,Emergency,Infection,Follow-up Required
A107587,P11538,3,1,2025-01-12,2025-01-13,1,Emergency,ENT Infection,Recovered
A107588,P10178,46,10,2025-07-24,2025-07-28,4,Scheduled,ENT Infection,Deceased
A107589,P12377,20,4,2025-08-06,2025-08-08,2,Emergency,Migraine,Recovered
A107590,P10801,13,3,2025-02-18,2025-02-22,4,Emergency,Skin Disorder,Recovered
A107591,P13244,23,5,2024-08-14,2024-08-17,3,Scheduled,Hypertension,Recovered
A107592,P13667,17,4,2025-08-25,2025-08-27,2,Referral,Migraine,Follow-up Required
A107593,P10938,29,6,2024-03-08,2024-03-10,2,Emergency,Heart Disease,Follow-up Required
A107594,P13028,43,9,2024-12-27,2025-01-02,6,Scheduled,Cancer,Recovered
A107595,P12021,39,8,2024-09-16,2024-09-23,7,Referral,Infection,Recovered
A107596,P12783,32,7,2025-10-19,2025-10-22,3,Emergency,Hypertension,Follow-up Required
A107597,P13541,35,7,2024-03-03,2024-03-07,4,Scheduled,Skin Disorder,Recovered
A107598,P11975,35,7,2025-11-22,2025-11-26,4,Emergency,Migraine,Follow-up Required
A107599,P11519,34,7,2025-09-14,2025-09-17,3,Referral,Hypertension,Recovered
A107600,P12670,21,5,2025-12-03,2025-12-06,3,Emergency,Hypertension,Recovered
A107601,P11259,16,4,2025-01-26,2025-01-28,2,Emergency,Cancer,Transferred
A107602,P13111,23,5,2024-09-02,2024-09-10,8,Scheduled,Heart Disease,Recovered
A107603,P11243,11,3,2024-10-04,2024-10-12,8,Scheduled,Skin Disorder,Recovered
A107604,P12754,14,3,2024-12-12,2024-12-16,4,Scheduled,Cancer,Recovered
A107605,P12676,3,1,2025-01-06,2025-01-12,6,Scheduled,Asthma,Follow-up Required
A107606,P13673,7,2,2024-05-02,2024-05-06,4,Referral,Asthma,Recovered
A107607,P10420,40,8,2024-02-26,2024-02-27,1,Referral,Migraine,Recovered
A107608,P10653,45,9,2024-06-08,2024-06-15,7,Scheduled,Diabetes,Recovered
A107609,P12872,11,3,2024-05-06,2024-05-08,2,Referral,Asthma,Recovered
A107610,P13246,33,7,2025-08-29,2025-09-04,6,Referral,Cancer,Transferred
A107611,P14910,19,4,2024-11-06,2024-11-10,4,Scheduled,Asthma,Transferred
A107612,P10868,45,9,2025-06-01,2025-06-07,6,Referral,Infection,Deceased
A107613,P14209,49,10,2024-09-21,2024-09-25,4,Referral,Diabetes,Recovered
A107614,P12988,41,9,2024-10-14,2024-10-20,6,Scheduled,Diabetes,Follow-up Required
A107615,P10174,23,5,2025-02-23,2025-02-24,1,Scheduled,Heart Disease,Recovered
A107616,P14733,23,5,2025-06-11,2025-06-12,1,Emergency,ENT Infection,Recovered
A107617,P11560,29,6,2024-05-19,2024-05-29,10,Emergency,Infection,Follow-up Required
A107618,P14128,6,2,2025-12-07,2025-12-13,6,Scheduled,Cancer,Follow-up Required
A107619,P14593,39,8,2025-11-28,2025-12-05,7,Scheduled,Fracture,Recovered
A107620,P12243,5,1,2025-04-19,2025-04-23,4,Scheduled,ENT Infection,Transferred
A107621,P14624,32,7,2025-09-28,2025-10-02,4,Referral,Asthma,Follow-up Required
A107622,P12489,40,8,2025-06-12,2025-06-17,5,Scheduled,Skin Disorder,Follow-up Required
A107623,P11513,26,6,2025-01-23,2025-01-26,3,Emergency,Infection,Follow-up Required
A107624,P12772,14,3,2025-05-25,2025-05-31,6,Scheduled,Fracture,Recovered
A107625,P11644,18,4,2025-06-21,2025-06-28,7,Emergency,Cancer,Follow-up Required
A107626,P10024,21,5,2024-07-31,2024-08-10,10,Scheduled,Cancer,Recovered
A107627,P12338,25,5,2025-05-27,2025-05-31,4,Scheduled,Infection,Recovered
A107628,P12944,20,4,2024-09-21,2024-09-25,4,Scheduled,Migraine,Recovered
A107629,P14400,24,5,2024-12-08,2024-12-16,8,Scheduled,ENT Infection,Follow-up Required
A107630,P14727,3,1,2024-02-07,2024-02-14,7,Emergency,ENT Infection,Follow-up Required
A107631,P11717,22,5,2024-08-20,2024-08-28,8,Emergency,Asthma,Deceased
A107632,P14134,8,2,2024-09-16,2024-09-22,6,Scheduled,ENT Infection,Recovered
A107633,P10745,46,10,2024-11-03,2024-11-11,8,Scheduled,Heart Disease,Recovered
A107634,P14178,46,10,2025-02-06,2025-02-07,1,Scheduled,Heart Disease,Recovered
A107635,P10050,29,6,2024-09-17,2024-09-23,6,Emergency,Fracture,Follow-up Required
A107636,P13050,7,2,2025-04-20,2025-04-21,1,Referral,Diabetes,Follow-up Required
A107637,P12743,6,2,2024-04-15,2024-04-21,6,Referral,Asthma,Recovered
A107638,P13890,6,2,2024-09-03,2024-09-08,5,Emergency,Heart Disease,Follow-up Required
A107639,P11623,12,3,2024-10-30,2024-10-31,1,Scheduled,Diabetes,Recovered
A107640,P13398,22,5,2024-12-08,2024-12-13,5,Emergency,Skin Disorder,Recovered
A107641,P11788,47,10,2025-03-22,2025-03-24,2,Scheduled,Hypertension,Recovered
A107642,P13356,26,6,2024-02-07,2024-02-09,2,Scheduled,Fracture,Recovered
A107643,P11014,25,5,2024-02-15,2024-02-17,2,Scheduled,Skin Disorder,Follow-up Required
A107644,P10154,19,4,2025-12-22,2025-12-26,4,Emergency,Migraine,Recovered
A107645,P12902,36,8,2025-08-27,2025-08-29,2,Referral,Asthma,Recovered
A107646,P12315,35,7,2024-08-07,2024-08-09,2,Emergency,Fracture,Recovered
A107647,P13457,13,3,2024-09-12,2024-09-15,3,Referral,ENT Infection,Recovered
A107648,P12303,25,5,2024-05-16,2024-05-17,1,Emergency,Asthma,Recovered
A107649,P14267,48,10,2024-08-18,2024-08-21,3,Emergency,Infection,Recovered
A107650,P14014,45,9,2025-12-14,2025-12-19,5,Scheduled,Asthma,Recovered
A107651,P10617,32,7,2025-07-31,2025-08-05,5,Referral,Asthma,Recovered
A107652,P13050,30,6,2024-02-07,2024-02-21,14,Scheduled,Heart Disease,Recovered
A107653,P14644,21,5,2024-06-03,2024-06-05,2,Emergency,Cancer,Recovered
A107654,P11926,42,9,2025-05-17,2025-05-25,8,Referral,Cancer,Recovered
A107655,P12458,45,9,2024-04-14,2024-04-18,4,Scheduled,Fracture,Recovered
A107656,P11612,40,8,2024-09-11,2024-09-14,3,Emergency,Cancer,Follow-up Required
A107657,P14242,44,9,2025-02-07,2025-02-10,3,Scheduled,Skin Disorder,Follow-up Required
A107658,P13110,8,2,2025-05-02,2025-05-04,2,Scheduled,Migraine,Follow-up Required
A107659,P12538,41,9,2025-04-02,2025-04-06,4,Scheduled,Heart Disease,Recovered
A107660,P14358,42,9,2025-06-11,2025-06-18,7,Scheduled,Infection,Recovered
A107661,P11628,7,2,2025-08-13,2025-08-21,8,Referral,Fracture,Recovered
A107662,P14441,3,1,2025-06-08,2025-06-22,14,Referral,Cancer,Recovered
A107663,P11999,37,8,2025-01-04,2025-01-11,7,Scheduled,Heart Disease,Recovered
A107664,P12927,3,1,2024-04-11,2024-04-16,5,Emergency,Hypertension,Recovered
A107665,P11132,18,4,2025-10-25,2025-10-29,4,Scheduled,Migraine,Recovered
A107666,P11993,42,9,2025-11-20,2025-11-28,8,Referral,Asthma,Transferred
A107667,P10514,9,2,2025-08-21,2025-08-27,6,Emergency,Skin Disorder,Transferred
A107668,P10713,24,5,2025-08-22,2025-08-24,2,Scheduled,Heart Disease,Follow-up Required
A107669,P13162,7,2,2025-06-24,2025-06-30,6,Scheduled,Asthma,Recovered
A107670,P10215,33,7,2025-05-26,2025-05-30,4,Scheduled,Cancer,Deceased
A107671,P10604,25,5,2025-01-23,2025-01-28,5,Referral,ENT Infection,Follow-up Required
A107672,P13770,42,9,2024-12-28,2025-01-07,10,Scheduled,Fracture,Recovered
A107673,P14868,34,7,2025-09-03,2025-09-09,6,Scheduled,ENT Infection,Recovered
A107674,P10670,38,8,2024-04-24,2024-05-06,12,Emergency,ENT Infection,Recovered
A107675,P11081,21,5,2025-12-22,2025-12-30,8,Referral,Asthma,Recovered
A107676,P14655,38,8,2024-12-08,2024-12-10,2,Emergency,Heart Disease,Recovered
A107677,P11426,40,8,2024-03-14,2024-03-15,1,Referral,ENT Infection,Recovered
A107678,P12270,18,4,2024-05-14,2024-05-17,3,Emergency,Skin Disorder,Recovered
A107679,P10475,39,8,2025-08-12,2025-08-20,8,Emergency,Asthma,Recovered
A107680,P11132,50,10,2025-01-14,2025-01-16,2,Scheduled,Diabetes,Recovered
A107681,P10863,33,7,2025-05-04,2025-05-10,6,Scheduled,Infection,Recovered
A107682,P10812,28,6,2024-05-04,2024-05-08,4,Scheduled,Infection,Recovered
A107683,P14273,25,5,2024-02-07,2024-02-13,6,Scheduled,Hypertension,Recovered
A107684,P10487,14,3,2024-11-05,2024-11-07,2,Scheduled,Fracture,Recovered
A107685,P10692,20,4,2024-04-15,2024-04-17,2,Referral,Hypertension,Deceased
A107686,P13109,39,8,2025-07-09,2025-07-12,3,Referral,Asthma,Recovered
A107687,P12623,20,4,2024-08-12,2024-08-17,5,Emergency,Migraine,Recovered
A107688,P10268,7,2,2024-08-29,2024-09-01,3,Scheduled,Heart Disease,Recovered
A107689,P10785,4,1,2025-01-31,2025-02-07,7,Scheduled,Skin Disorder,Recovered
A107690,P13874,31,7,2024-06-01,2024-06-04,3,Scheduled,Skin Disorder,Recovered
A107691,P12972,30,6,2025-06-19,2025-06-25,6,Emergency,Asthma,Deceased
A107692,P12402,37,8,2025-09-27,2025-10-09,12,Scheduled,Asthma,Recovered
A107693,P14910,21,5,2025-02-05,2025-02-10,5,Scheduled,Skin Disorder,Recovered
A107694,P13342,1,1,2024-05-25,2024-05-28,3,Emergency,Diabetes,Recovered
A107695,P13072,3,1,2024-07-09,2024-07-17,8,Emergency,Hypertension,Follow-up Required
A107696,P12317,13,3,2025-11-07,2025-11-08,1,Emergency,ENT Infection,Recovered
A107697,P11202,7,2,2025-08-05,2025-08-08,3,Referral,Heart Disease,Recovered
A107698,P10277,6,2,2024-07-19,2024-07-22,3,Referral,Cancer,Recovered
A107699,P10307,6,2,2024-01-12,2024-01-14,2,Emergency,Diabetes,Deceased
A107700,P10631,34,7,2024-02-21,2024-02-26,5,Scheduled,Cancer,Follow-up Required
A107701,P12586,32,7,2024-10-28,2024-11-02,5,Scheduled,ENT Infection,Recovered
A107702,P11138,16,4,2024-10-26,2024-10-30,4,Scheduled,Asthma,Recovered
A107703,P12182,38,8,2025-06-04,2025-06-07,3,Scheduled,Fracture,Recovered
A107704,P11714,8,2,2024-05-19,2024-05-23,4,Scheduled,Fracture,Recovered
A107705,P11049,21,5,2024-04-09,2024-04-12,3,Referral,Infection,Recovered
A107706,P11584,11,3,2025-04-29,2025-05-01,2,Scheduled,Infection,Recovered
A107707,P13352,50,10,2024-05-16,2024-05-19,3,Emergency,Skin Disorder,Recovered
A107708,P14909,23,5,2024-12-31,2025-01-05,5,Emergency,Fracture,Recovered
A107709,P11835,6,2,2025-06-17,2025-06-22,5,Referral,Skin Disorder,Recovered
A107710,P10952,46,10,2025-05-21,2025-05-24,3,Emergency,Fracture,Recovered
A107711,P12033,15,3,2025-10-18,2025-10-30,12,Scheduled,Diabetes,Deceased
A107712,P11225,11,3,2024-06-09,2024-06-12,3,Scheduled,Infection,Follow-up Required
A107713,P10033,27,6,2024-06-23,2024-06-29,6,Emergency,Skin Disorder,Recovered
A107714,P10097,15,3,2024-03-28,2024-03-29,1,Scheduled,ENT Infection,Recovered
A107715,P14359,45,9,2025-02-02,2025-02-08,6,Referral,Diabetes,Recovered
A107716,P13142,38,8,2025-04-24,2025-04-28,4,Emergency,Asthma,Recovered
A107717,P12778,4,1,2025-06-28,2025-07-03,5,Emergency,Asthma,Recovered
A107718,P13279,14,3,2025-04-21,2025-04-23,2,Referral,ENT Infection,Deceased
A107719,P10172,45,9,2024-10-09,2024-10-13,4,Scheduled,Heart Disease,Recovered
A107720,P14854,10,2,2025-03-27,2025-04-03,7,Scheduled,Cancer,Deceased
A107721,P10901,29,6,2025-09-15,2025-09-22,7,Scheduled,Migraine,Recovered
A107722,P14367,12,3,2024-03-22,2024-03-24,2,Scheduled,Fracture,Recovered
A107723,P10742,40,8,2024-07-31,2024-08-03,3,Emergency,Fracture,Recovered
A107724,P12615,20,4,2025-06-03,2025-06-04,1,Scheduled,Migraine,Recovered
A107725,P11923,37,8,2024-05-13,2024-05-14,1,Emergency,ENT Infection,Follow-up Required
A107726,P12698,2,1,2025-03-22,2025-03-24,2,Scheduled,Fracture,Recovered
A107727,P10391,20,4,2024-04-27,2024-04-30,3,Scheduled,Asthma,Recovered
A107728,P10959,12,3,2025-08-18,2025-08-25,7,Referral,Cancer,Recovered
A107729,P14671,38,8,2024-08-30,2024-09-03,4,Referral,Diabetes,Recovered
A107730,P10344,30,6,2024-05-29,2024-06-05,7,Referral,Infection,Follow-up Required
A107731,P13482,47,10,2025-06-16,2025-06-23,7,Scheduled,Asthma,Follow-up Required
A107732,P11570,18,4,2025-10-07,2025-10-12,5,Emergency,Fracture,Follow-up Required
A107733,P10456,50,10,2025-01-13,2025-01-17,4,Scheduled,Diabetes,Deceased
A107734,P10444,10,2,2025-08-30,2025-09-11,12,Scheduled,Hypertension,Recovered
A107735,P14293,7,2,2025-06-08,2025-06-13,5,Scheduled,Cancer,Recovered
A107736,P12916,42,9,2025-05-27,2025-05-31,4,Emergency,Cancer,Recovered
A107737,P12411,5,1,2025-10-23,2025-10-31,8,Referral,Skin Disorder,Recovered
A107738,P13482,48,10,2024-04-26,2024-04-27,1,Emergency,Migraine,Follow-up Required
A107739,P11418,29,6,2025-10-25,2025-10-31,6,Scheduled,Skin Disorder,Recovered
A107740,P10671,35,7,2025-07-29,2025-07-31,2,Scheduled,Fracture,Recovered
A107741,P12285,39,8,2025-10-23,2025-10-30,7,Scheduled,ENT Infection,Follow-up Required
A107742,P14557,12,3,2024-11-12,2024-11-19,7,Scheduled,Fracture,Recovered
A107743,P10100,10,2,2024-01-12,2024-01-16,4,Emergency,Migraine,Recovered
A107744,P12788,37,8,2024-03-30,2024-04-05,6,Referral,Heart Disease,Recovered
A107745,P10408,2,1,2025-01-22,2025-01-29,7,Referral,Migraine,Follow-up Required
A107746,P10978,3,1,2024-03-23,2024-03-27,4,Scheduled,Migraine,Recovered
A107747,P12799,14,3,2025-01-30,2025-02-09,10,Emergency,ENT Infection,Deceased
A107748,P10143,47,10,2025-06-28,2025-07-02,4,Emergency,Fracture,Recovered
A107749,P13077,20,4,2025-10-22,2025-11-01,10,Emergency,Migraine,Recovered
A107750,P10720,45,9,2025-10-01,2025-10-06,5,Scheduled,Migraine,Recovered
A107751,P11460,49,10,2024-04-09,2024-04-13,4,Scheduled,Skin Disorder,Recovered
A107752,P10418,4,1,2025-04-01,2025-04-02,1,Scheduled,Hypertension,Follow-up Required
A107753,P11105,26,6,2024-11-23,2024-11-26,3,Scheduled,Infection,Recovered
A107754,P10545,47,10,2025-12-24,2026-01-01,8,Referral,Hypertension,Transferred
A107755,P13289,15,3,2024-03-14,2024-03-18,4,Emergency,Hypertension,Recovered
A107756,P10773,9,2,2024-04-05,2024-04-09,4,Scheduled,Heart Disease,Recovered
A107757,P11694,3,1,2024-04-01,2024-04-05,4,Scheduled,Migraine,Recovered
A107758,P11069,2,1,2024-11-25,2024-11-28,3,Referral,Skin Disorder,Recovered
A107759,P13704,39,8,2024-06-23,2024-06-27,4,Scheduled,Skin Disorder,Transferred
A107760,P14224,41,9,2024-11-10,2024-11-13,3,Scheduled,Hypertension,Recovered
A107761,P11574,30,6,2025-11-17,2025-11-27,10,Scheduled,Heart Disease,Recovered
A107762,P14973,37,8,2025-07-21,2025-07-26,5,Referral,Hypertension,Recovered
A107763,P13794,17,4,2025-05-11,2025-05-19,8,Referral,Hypertension,Recovered
A107764,P12654,3,1,2024-09-25,2024-10-01,6,Emergency,Skin Disorder,Recovered
A107765,P10541,9,2,2025-03-03,2025-03-05,2,Scheduled,Diabetes,Recovered
A107766,P12212,8,2,2024-02-04,2024-02-12,8,Scheduled,Hypertension,Recovered
A107767,P12697,9,2,2024-04-28,2024-04-29,1,Scheduled,Asthma,Recovered
A107768,P11559,17,4,2025-01-05,2025-01-09,4,Scheduled,Diabetes,Recovered
A107769,P10131,24,5,2025-07-21,2025-07-23,2,Emergency,Migraine,Recovered
A107770,P12744,8,2,2025-03-26,2025-03-31,5,Scheduled,Heart Disease,Recovered
A107771,P14600,14,3,2024-11-04,2024-11-07,3,Scheduled,ENT Infection,Recovered
A107772,P13821,16,4,2024-12-22,2024-12-28,6,Scheduled,Migraine,Recovered
A107773,P12232,18,4,2025-01-10,2025-01-22,12,Referral,Cancer,Recovered
A107774,P10826,49,10,2024-04-14,2024-04-20,6,Emergency,Asthma,Recovered
A107775,P12719,24,5,2025-01-24,2025-01-27,3,Scheduled,Cancer,Transferred
A107776,P11023,39,8,2024-06-24,2024-06-29,5,Referral,Asthma,Recovered
A107777,P12602,47,10,2024-04-15,2024-04-23,8,Scheduled,Fracture,Recovered
A107778,P14227,27,6,2025-08-14,2025-08-17,3,Scheduled,Fracture,Follow-up Required
A107779,P10697,28,6,2024-06-11,2024-06-13,2,Emergency,ENT Infection,Recovered
A107780,P11038,7,2,2024-09-23,2024-09-25,2,Scheduled,ENT Infection,Recovered
A107781,P10814,34,7,2025-07-16,2025-07-20,4,Referral,Heart Disease,Follow-up Required
A107782,P13838,27,6,2024-10-05,2024-10-11,6,Referral,Cancer,Recovered
A107783,P10659,34,7,2024-10-29,2024-11-04,6,Scheduled,ENT Infection,Recovered
A107784,P12428,39,8,2025-08-09,2025-08-13,4,Scheduled,Skin Disorder,Recovered
A107785,P11084,19,4,2024-05-06,2024-05-12,6,Emergency,Cancer,Recovered
A107786,P12975,6,2,2024-09-02,2024-09-07,5,Scheduled,Skin Disorder,Recovered
A107787,P11184,30,6,2024-08-21,2024-08-26,5,Emergency,ENT Infection,Recovered
A107788,P12625,28,6,2025-10-28,2025-10-30,2,Referral,Skin Disorder,Recovered
A107789,P12733,12,3,2025-08-07,2025-08-10,3,Scheduled,Heart Disease,Recovered
A107790,P11998,15,3,2025-03-14,2025-03-17,3,Scheduled,Fracture,Follow-up Required
A107791,P12012,45,9,2024-05-16,2024-05-23,7,Emergency,Heart Disease,Recovered
A107792,P11249,39,8,2025-07-09,2025-07-16,7,Scheduled,Migraine,Transferred
A107793,P13737,39,8,2024-05-28,2024-05-31,3,Scheduled,Skin Disorder,Recovered
A107794,P12414,15,3,2024-02-25,2024-02-26,1,Emergency,Heart Disease,Recovered
A107795,P14344,36,8,2025-11-18,2025-11-25,7,Scheduled,Asthma,Recovered
A107796,P10012,3,1,2024-12-21,2024-12-25,4,Scheduled,Fracture,Recovered
A107797,P12011,1,1,2024-09-13,2024-09-15,2,Scheduled,Hypertension,Follow-up Required
A107798,P13608,7,2,2024-03-03,2024-03-05,2,Emergency,Cancer,Recovered
A107799,P10737,9,2,2024-03-03,2024-03-04,1,Referral,Heart Disease,Transferred
A107800,P10510,1,1,2024-01-29,2024-02-02,4,Emergency,Cancer,Follow-up Required
A107801,P11269,5,1,2025-07-05,2025-07-08,3,Scheduled,Migraine,Recovered
A107802,P14267,47,10,2025-10-20,2025-10-26,6,Scheduled,Cancer,Follow-up Required
A107803,P14817,36,8,2025-08-22,2025-09-05,14,Scheduled,Hypertension,Recovered
A107804,P13043,10,2,2025-07-21,2025-07-23,2,Scheduled,Asthma,Recovered
A107805,P14911,2,1,2024-10-26,2024-10-29,3,Emergency,Heart Disease,Recovered
A107806,P11059,23,5,2025-12-05,2025-12-08,3,Referral,Migraine,Follow-up Required
A107807,P14301,39,8,2025-09-03,2025-09-07,4,Emergency,Fracture,Recovered
A107808,P10890,29,6,2024-08-02,2024-08-08,6,Emergency,Skin Disorder,Recovered
A107809,P12953,19,4,2024-05-20,2024-05-23,3,Scheduled,Heart Disease,Recovered
A107810,P13338,38,8,2025-05-21,2025-05-23,2,Referral,Infection,Follow-up Required
A107811,P13682,47,10,2025-07-14,2025-07-20,6,Emergency,Fracture,Follow-up Required
A107812,P12745,20,4,2025-05-13,2025-05-20,7,Scheduled,Heart Disease,Recovered
A107813,P14846,12,3,2025-09-18,2025-09-21,3,Scheduled,ENT Infection,Recovered
A107814,P11509,11,3,2025-05-16,2025-05-18,2,Emergency,Heart Disease,Recovered
A107815,P13338,35,7,2025-08-09,2025-08-13,4,Scheduled,Fracture,Recovered
A107816,P13034,49,10,2024-07-09,2024-07-11,2,Scheduled,Infection,Follow-up Required
A107817,P11768,7,2,2025-12-11,2025-12-14,3,Scheduled,Skin Disorder,Transferred
A107818,P11133,23,5,2025-11-05,2025-11-12,7,Emergency,Asthma,Recovered
A107819,P11202,50,10,2025-10-12,2025-10-14,2,Referral,Hypertension,Recovered
A107820,P10249,17,4,2024-02-18,2024-02-25,7,Emergency,Cancer,Recovered
A107821,P11896,48,10,2024-12-28,2025-01-03,6,Scheduled,Diabetes,Follow-up Required
A107822,P10230,2,1,2025-09-18,2025-09-20,2,Referral,Skin Disorder,Follow-up Required
A107823,P12676,5,1,2025-11-10,2025-11-14,4,Emergency,Heart Disease,Recovered
A107824,P11285,21,5,2025-05-10,2025-05-15,5,Emergency,ENT Infection,Recovered
A107825,P12876,13,3,2024-10-03,2024-10-05,2,Emergency,Infection,Recovered
A107826,P10321,11,3,2024-02-16,2024-02-18,2,Scheduled,Asthma,Recovered
A107827,P10028,24,5,2024-08-03,2024-08-08,5,Scheduled,Skin Disorder,Recovered
A107828,P12899,33,7,2024-08-17,2024-08-23,6,Referral,Heart Disease,Recovered
A107829,P10510,27,6,2025-09-30,2025-10-04,4,Scheduled,Diabetes,Follow-up Required
A107830,P10641,35,7,2024-11-18,2024-11-19,1,Referral,Heart Disease,Recovered
A107831,P14637,18,4,2025-02-24,2025-03-06,10,Scheduled,Fracture,Recovered
A107832,P13251,21,5,2024-08-12,2024-08-18,6,Referral,Migraine,Transferred
A107833,P13748,4,1,2025-10-23,2025-10-28,5,Scheduled,Asthma,Recovered
A107834,P12720,41,9,2024-10-13,2024-10-18,5,Emergency,Infection,Recovered
A107835,P13904,32,7,2024-02-15,2024-02-19,4,Emergency,ENT Infection,Transferred
A107836,P11312,43,9,2024-01-14,2024-01-28,14,Emergency,Heart Disease,Recovered
A107837,P13337,49,10,2025-09-24,2025-09-26,2,Emergency,Skin Disorder,Deceased
A107838,P11491,11,3,2025-01-09,2025-01-15,6,Scheduled,Heart Disease,Recovered
A107839,P11419,3,1,2025-12-03,2025-12-07,4,Emergency,Heart Disease,Recovered
A107840,P11459,21,5,2024-11-28,2024-12-06,8,Scheduled,Cancer,Follow-up Required
A107841,P13460,43,9,2024-06-14,2024-06-20,6,Emergency,ENT Infection,Recovered
A107842,P14905,14,3,2025-05-21,2025-05-26,5,Scheduled,Heart Disease,Recovered
A107843,P12568,6,2,2024-04-26,2024-05-08,12,Referral,Infection,Recovered
A107844,P11338,29,6,2025-09-27,2025-10-07,10,Scheduled,Hypertension,Recovered
A107845,P13693,31,7,2025-07-19,2025-07-20,1,Emergency,Hypertension,Recovered
A107846,P14610,47,10,2025-03-14,2025-03-16,2,Emergency,Migraine,Recovered
A107847,P13082,28,6,2024-10-30,2024-11-05,6,Scheduled,Skin Disorder,Recovered
A107848,P10347,43,9,2025-04-01,2025-04-11,10,Emergency,Cancer,Recovered
A107849,P10117,50,10,2024-09-27,2024-10-01,4,Scheduled,Diabetes,Follow-up Required
A107850,P12459,36,8,2025-12-11,2025-12-12,1,Scheduled,Cancer,Transferred
A107851,P11421,28,6,2024-08-03,2024-08-08,5,Emergency,ENT Infection,Recovered
A107852,P11855,19,4,2024-04-22,2024-04-24,2,Scheduled,Skin Disorder,Follow-up Required
A107853,P13083,3,1,2024-01-16,2024-01-21,5,Emergency,Fracture,Recovered
A107854,P11632,12,3,2024-08-03,2024-08-06,3,Emergency,Skin Disorder,Transferred
A107855,P12000,36,8,2025-03-02,2025-03-07,5,Emergency,Fracture,Transferred
A107856,P12146,24,5,2024-05-14,2024-05-26,12,Scheduled,Cancer,Recovered
A107857,P14378,12,3,2024-02-12,2024-02-16,4,Referral,Infection,Recovered
A107858,P10807,24,5,2024-10-10,2024-10-11,1,Scheduled,Infection,Follow-up Required
A107859,P11692,1,1,2024-04-07,2024-04-12,5,Scheduled,Skin Disorder,Transferred
A107860,P12705,28,6,2024-02-29,2024-03-03,3,Emergency,Cancer,Recovered
A107861,P13436,16,4,2024-08-17,2024-08-24,7,Emergency,ENT Infection,Recovered
A107862,P10211,21,5,2025-10-04,2025-10-08,4,Scheduled,ENT Infection,Recovered
A107863,P11691,30,6,2025-01-19,2025-01-25,6,Referral,Asthma,Follow-up Required
A107864,P11778,34,7,2024-06-07,2024-06-17,10,Emergency,Fracture,Recovered
A107865,P13148,26,6,2025-04-15,2025-04-18,3,Scheduled,Migraine,Recovered
A107866,P12500,35,7,2025-08-18,2025-09-07,20,Referral,Fracture,Recovered
A107867,P10687,31,7,2024-07-26,2024-07-28,2,Scheduled,Hypertension,Follow-up Required
A107868,P12671,16,4,2024-06-22,2024-06-27,5,Scheduled,Asthma,Recovered
A107869,P10930,42,9,2024-03-21,2024-03-22,1,Scheduled,Skin Disorder,Deceased
A107870,P14114,29,6,2024-01-18,2024-01-20,2,Emergency,Infection,Recovered
A107871,P11315,29,6,2025-12-08,2025-12-13,5,Emergency,ENT Infection,Recovered
A107872,P12834,9,2,2024-10-17,2024-10-18,1,Emergency,Fracture,Recovered
A107873,P11774,14,3,2024-12-25,2024-12-27,2,Emergency,Hypertension,Recovered
A107874,P12246,8,2,2024-10-05,2024-10-08,3,Scheduled,Cancer,Follow-up Required
A107875,P11186,2,1,2025-01-31,2025-02-05,5,Scheduled,Diabetes,Follow-up Required
A107876,P12465,11,3,2024-05-21,2024-05-22,1,Scheduled,Diabetes,Recovered
A107877,P10384,2,1,2025-11-07,2025-11-11,4,Emergency,Infection,Deceased
A107878,P14991,47,10,2025-05-31,2025-06-05,5,Referral,Cancer,Recovered
A107879,P13924,18,4,2024-09-07,2024-09-11,4,Emergency,Diabetes,Deceased
A107880,P11522,5,1,2025-10-23,2025-10-24,1,Emergency,Diabetes,Recovered
A107881,P10980,7,2,2025-06-23,2025-06-28,5,Scheduled,Fracture,Follow-up Required
A107882,P14178,23,5,2024-08-24,2024-08-29,5,Referral,Skin Disorder,Recovered
A107883,P13611,19,4,2024-05-11,2024-05-15,4,Scheduled,Skin Disorder,Recovered
A107884,P13271,19,4,2024-11-01,2024-11-07,6,Scheduled,Cancer,Recovered
A107885,P11954,48,10,2024-12-23,2024-12-25,2,Scheduled,Infection,Follow-up Required
A107886,P11485,19,4,2024-10-11,2024-10-17,6,Scheduled,Cancer,Follow-up Required
A107887,P10884,49,10,2024-10-19,2024-10-21,2,Emergency,Infection,Recovered
A107888,P12528,45,9,2024-06-11,2024-06-15,4,Scheduled,Heart Disease,Follow-up Required
A107889,P14824,40,8,2025-02-22,2025-02-23,1,Scheduled,Fracture,Follow-up Required
A107890,P10124,28,6,2025-04-12,2025-04-19,7,Scheduled,Diabetes,Recovered
A107891,P10526,11,3,2025-10-03,2025-10-08,5,Emergency,Cancer,Follow-up Required
A107892,P12087,50,10,2025-07-23,2025-08-06,14,Scheduled,Cancer,Recovered
A107893,P12156,11,3,2025-05-21,2025-06-02,12,Scheduled,Infection,Follow-up Required
A107894,P11377,9,2,2025-10-19,2025-11-08,20,Scheduled,Skin Disorder,Recovered
A107895,P14407,14,3,2025-04-22,2025-04-24,2,Scheduled,Infection,Recovered
A107896,P13462,34,7,2024-12-27,2025-01-01,5,Scheduled,Heart Disease,Follow-up Required
A107897,P14136,29,6,2024-11-07,2024-11-11,4,Scheduled,Cancer,Recovered
A107898,P14877,49,10,2025-09-25,2025-09-30,5,Emergency,Heart Disease,Recovered
A107899,P10581,21,5,2025-12-04,2025-12-07,3,Referral,Hypertension,Recovered
A107900,P11994,48,10,2024-09-01,2024-09-02,1,Referral,Hypertension,Recovered
A107901,P14526,5,1,2025-04-21,2025-04-27,6,Emergency,Fracture,Recovered
A107902,P13936,33,7,2025-09-06,2025-09-20,14,Referral,Diabetes,Recovered
A107903,P10457,9,2,2025-03-11,2025-03-16,5,Scheduled,ENT Infection,Recovered
A107904,P12801,3,1,2024-09-06,2024-09-09,3,Scheduled,Cancer,Recovered
A107905,P11452,14,3,2024-01-22,2024-02-03,12,Referral,Hypertension,Follow-up Required
A107906,P10204,18,4,2025-04-21,2025-04-24,3,Referral,Asthma,Follow-up Required
A107907,P12827,12,3,2025-07-25,2025-08-04,10,Emergency,Fracture,Recovered
A107908,P14214,23,5,2025-05-25,2025-06-02,8,Scheduled,Cancer,Follow-up Required
A107909,P11853,14,3,2024-12-01,2024-12-05,4,Referral,Heart Disease,Recovered
A107910,P13466,16,4,2025-10-07,2025-10-13,6,Scheduled,Migraine,Recovered
A107911,P14046,37,8,2024-12-07,2024-12-13,6,Emergency,Infection,Recovered
A107912,P14993,20,4,2024-12-03,2024-12-08,5,Referral,Hypertension,Recovered
A107913,P12444,20,4,2025-04-24,2025-04-26,2,Emergency,Fracture,Recovered
A107914,P12053,15,3,2024-02-11,2024-02-17,6,Scheduled,Diabetes,Follow-up Required
A107915,P14604,41,9,2024-03-14,2024-03-15,1,Scheduled,Fracture,Transferred
A107916,P12193,25,5,2024-01-22,2024-01-28,6,Scheduled,Diabetes,Transferred
A107917,P12710,17,4,2024-08-07,2024-08-12,5,Emergency,Diabetes,Recovered
A107918,P11183,12,3,2024-03-19,2024-03-22,3,Emergency,ENT Infection,Transferred
A107919,P12829,45,9,2024-08-22,2024-08-29,7,Emergency,Infection,Recovered
A107920,P10959,42,9,2024-06-05,2024-06-09,4,Scheduled,Cancer,Follow-up Required
A107921,P14075,39,8,2024-11-22,2024-11-26,4,Scheduled,Infection,Transferred
A107922,P12059,7,2,2024-04-23,2024-04-24,1,Scheduled,Skin Disorder,Recovered
A107923,P10069,8,2,2025-08-30,2025-09-03,4,Scheduled,Cancer,Recovered
A107924,P11638,24,5,2025-10-03,2025-10-05,2,Emergency,Cancer,Recovered
A107925,P10202,47,10,2025-09-12,2025-09-15,3,Referral,Asthma,Recovered
A107926,P10266,25,5,2025-08-09,2025-08-12,3,Emergency,Migraine,Transferred
A107927,P13126,21,5,2024-10-01,2024-10-02,1,Scheduled,Hypertension,Follow-up Required
A107928,P10239,50,10,2025-01-15,2025-01-19,4,Scheduled,Diabetes,Recovered
A107929,P10291,33,7,2024-01-20,2024-01-24,4,Emergency,ENT Infection,Recovered
A107930,P13395,10,2,2025-11-03,2025-11-08,5,Emergency,Hypertension,Recovered
A107931,P11809,22,5,2024-07-27,2024-07-31,4,Referral,Skin Disorder,Recovered
A107932,P12090,19,4,2025-08-28,2025-09-05,8,Emergency,Fracture,Recovered
A107933,P10955,29,6,2025-08-16,2025-08-17,1,Scheduled,Heart Disease,Follow-up Required
A107934,P14729,3,1,2025-09-07,2025-09-12,5,Referral,ENT Infection,Follow-up Required
A107935,P11931,39,8,2024-06-08,2024-06-16,8,Referral,Diabetes,Recovered
A107936,P14081,4,1,2025-07-26,2025-07-27,1,Emergency,Infection,Follow-up Required
A107937,P10284,37,8,2024-02-07,2024-02-11,4,Emergency,Asthma,Follow-up Required
A107938,P10807,31,7,2024-04-27,2024-05-02,5,Scheduled,ENT Infection,Recovered
A107939,P11907,6,2,2025-01-24,2025-01-26,2,Emergency,ENT Infection,Recovered
A107940,P12677,28,6,2025-11-10,2025-11-13,3,Scheduled,Infection,Follow-up Required
A107941,P13572,10,2,2025-01-11,2025-01-18,7,Scheduled,Hypertension,Recovered
A107942,P14672,12,3,2025-01-10,2025-01-15,5,Scheduled,Hypertension,Recovered
A107943,P13760,46,10,2025-08-03,2025-08-06,3,Scheduled,ENT Infection,Recovered
A107944,P14070,2,1,2025-08-17,2025-08-24,7,Referral,Fracture,Recovered
A107945,P11619,3,1,2024-02-11,2024-02-17,6,Emergency,Migraine,Transferred
A107946,P14907,1,1,2025-09-02,2025-09-05,3,Scheduled,Diabetes,Recovered
A107947,P10809,35,7,2025-04-14,2025-04-18,4,Emergency,ENT Infection,Recovered
A107948,P13787,24,5,2025-04-02,2025-04-08,6,Emergency,Asthma,Transferred
A107949,P10942,47,10,2024-05-09,2024-05-12,3,Emergency,Diabetes,Follow-up Required
A107950,P10040,48,10,2024-01-28,2024-02-02,5,Scheduled,Infection,Recovered
A107951,P11339,34,7,2025-09-20,2025-09-23,3,Referral,ENT Infection,Follow-up Required
A107952,P14653,20,4,2024-11-21,2024-11-24,3,Scheduled,Diabetes,Follow-up Required
A107953,P11322,16,4,2025-05-23,2025-05-26,3,Emergency,Hypertension,Recovered
A107954,P11655,30,6,2025-09-10,2025-09-22,12,Scheduled,Skin Disorder,Recovered
A107955,P13069,47,10,2024-11-20,2024-11-28,8,Emergency,Fracture,Follow-up Required
A107956,P14739,39,8,2024-06-08,2024-06-13,5,Scheduled,Hypertension,Recovered
A107957,P10395,25,5,2025-05-30,2025-06-04,5,Referral,Cancer,Follow-up Required
A107958,P10792,5,1,2025-10-22,2025-10-23,1,Emergency,Skin Disorder,Recovered
A107959,P13634,29,6,2024-09-10,2024-09-15,5,Emergency,Asthma,Recovered
A107960,P11945,37,8,2024-09-04,2024-09-07,3,Emergency,ENT Infection,Recovered
A107961,P10744,28,6,2024-12-18,2024-12-23,5,Emergency,ENT Infection,Follow-up Required
A107962,P14373,41,9,2025-02-01,2025-02-09,8,Scheduled,Fracture,Recovered
A107963,P10194,23,5,2025-08-04,2025-08-05,1,Emergency,Diabetes,Recovered
A107964,P14275,32,7,2024-07-21,2024-07-26,5,Emergency,Cancer,Recovered
A107965,P13898,46,10,2024-10-28,2024-11-02,5,Scheduled,Heart Disease,Follow-up Required
A107966,P10218,18,4,2024-05-27,2024-05-29,2,Referral,Asthma,Recovered
A107967,P13583,41,9,2024-08-08,2024-08-13,5,Scheduled,Asthma,Follow-up Required
A107968,P14653,35,7,2025-11-28,2025-12-03,5,Scheduled,Hypertension,Follow-up Required
A107969,P13491,43,9,2025-07-13,2025-07-20,7,Emergency,Infection,Recovered
A107970,P12816,24,5,2024-09-19,2024-09-21,2,Scheduled,Infection,Recovered
A107971,P13904,47,10,2024-10-22,2024-10-26,4,Emergency,Migraine,Recovered
A107972,P13924,28,6,2024-11-10,2024-11-30,20,Referral,Diabetes,Recovered
A107973,P11786,36,8,2024-10-18,2024-10-24,6,Emergency,Fracture,Transferred
A107974,P14173,21,5,2025-11-14,2025-11-20,6,Emergency,Infection,Recovered
A107975,P14695,5,1,2024-01-31,2024-02-03,3,Emergency,Asthma,Follow-up Required
A107976,P13834,26,6,2025-11-12,2025-11-13,1,Referral,Skin Disorder,Follow-up Required
A107977,P11183,50,10,2024-02-13,2024-02-25,12,Scheduled,Cancer,Recovered
A107978,P10524,23,5,2025-07-08,2025-07-10,2,Scheduled,Migraine,Recovered
A107979,P13297,44,9,2024-05-13,2024-06-02,20,Scheduled,Infection,Follow-up Required
A107980,P14480,33,7,2024-12-14,2024-12-16,2,Referral,Heart Disease,Recovered
A107981,P10369,26,6,2024-08-06,2024-08-08,2,Emergency,Fracture,Recovered
A107982,P14384,22,5,2025-03-25,2025-03-28,3,Emergency,Infection,Recovered
A107983,P10399,20,4,2025-05-18,2025-05-22,4,Scheduled,Hypertension,Recovered
A107984,P12152,2,1,2024-03-26,2024-04-02,7,Scheduled,Skin Disorder,Recovered
A107985,P13881,41,9,2024-09-07,2024-09-21,14,Scheduled,Infection,Recovered
A107986,P10127,18,4,2024-09-21,2024-09-24,3,Scheduled,Skin Disorder,Follow-up Required
A107987,P12088,5,1,2025-06-06,2025-06-07,1,Scheduled,Infection,Recovered
A107988,P13144,32,7,2024-03-20,2024-03-25,5,Referral,Migraine,Recovered
A107989,P11771,46,10,2025-09-12,2025-09-18,6,Referral,Hypertension,Recovered
A107990,P14054,11,3,2025-04-05,2025-04-09,4,Emergency,Infection,Recovered
A107991,P10247,21,5,2025-09-21,2025-09-23,2,Scheduled,ENT Infection,Recovered
A107992,P13319,22,5,2024-09-08,2024-09-11,3,Scheduled,Skin Disorder,Recovered
A107993,P12082,3,1,2024-01-18,2024-01-24,6,Scheduled,Heart Disease,Recovered
A107994,P12058,9,2,2024-09-12,2024-09-16,4,Emergency,Migraine,Recovered
A107995,P12990,2,1,2024-09-01,2024-09-07,6,Scheduled,ENT Infection,Recovered
A107996,P13598,46,10,2024-06-01,2024-06-03,2,Referral,Heart Disease,Recovered
A107997,P10340,28,6,2025-08-31,2025-09-08,8,Emergency,Hypertension,Recovered
A107998,P12729,34,7,2025-05-14,2025-05-16,2,Referral,Cancer,Recovered
A107999,P11592,10,2,2025-04-02,2025-04-05,3,Emergency,Infection,Recovered
A108000,P13162,19,4,2025-11-28,2025-12-03,5,Scheduled,ENT Infection,Recovered
A108001,P11309,29,6,2025-06-25,2025-07-01,6,Scheduled,Cancer,Follow-up Required
A108002,P14630,2,1,2024-04-24,2024-04-27,3,Emergency,Heart Disease,Recovered
A108003,P13339,48,10,2025-03-22,2025-04-03,12,Referral,Migraine,Recovered
A108004,P14905,6,2,2024-12-18,2024-12-24,6,Referral,Infection,Recovered
A108005,P12699,44,9,2025-09-16,2025-09-18,2,Scheduled,Skin Disorder,Recovered
A108006,P13124,7,2,2025-06-24,2025-06-30,6,Scheduled,Asthma,Recovered
A108007,P12298,36,8,2024-11-17,2024-11-23,6,Scheduled,Heart Disease,Recovered
A108008,P12054,8,2,2025-04-03,2025-04-10,7,Emergency,Infection,Recovered
A108009,P14945,19,4,2024-08-13,2024-08-23,10,Emergency,Infection,Recovered
A108010,P11510,10,2,2024-12-26,2025-01-01,6,Scheduled,Heart Disease,Recovered
A108011,P13808,33,7,2025-06-14,2025-06-17,3,Scheduled,Migraine,Recovered
A108012,P10013,37,8,2024-04-21,2024-04-28,7,Emergency,Asthma,Deceased
A108013,P14035,38,8,2024-07-30,2024-08-05,6,Referral,Hypertension,Recovered
A108014,P11581,27,6,2024-08-20,2024-08-25,5,Emergency,Hypertension,Recovered
A108015,P13434,29,6,2024-06-07,2024-06-10,3,Emergency,Fracture,Recovered
A108016,P14634,19,4,2025-07-25,2025-08-04,10,Referral,ENT Infection,Recovered
A108017,P12052,18,4,2024-11-19,2024-11-23,4,Scheduled,Infection,Recovered
A108018,P13877,23,5,2024-04-02,2024-04-07,5,Scheduled,Infection,Follow-up Required
A108019,P14818,1,1,2024-09-04,2024-09-08,4,Emergency,Cancer,Follow-up Required
A108020,P11824,43,9,2025-10-31,2025-11-07,7,Referral,Asthma,Recovered
A108021,P13431,3,1,2024-05-20,2024-05-23,3,Emergency,Infection,Recovered
A108022,P12741,10,2,2025-02-07,2025-02-14,7,Emergency,Asthma,Deceased
A108023,P11789,7,2,2025-02-07,2025-02-09,2,Emergency,Migraine,Follow-up Required
A108024,P11953,49,10,2025-08-23,2025-08-29,6,Scheduled,ENT Infection,Recovered
A108025,P12705,26,6,2025-10-28,2025-11-01,4,Referral,Asthma,Follow-up Required
A108026,P10952,16,4,2025-02-17,2025-02-23,6,Emergency,ENT Infection,Recovered
A108027,P14724,39,8,2025-03-15,2025-03-20,5,Emergency,Fracture,Recovered
A108028,P13421,45,9,2024-08-20,2024-08-22,2,Scheduled,Infection,Follow-up Required
A108029,P13028,32,7,2024-07-11,2024-07-15,4,Referral,Cancer,Recovered
A108030,P13102,12,3,2024-04-08,2024-04-22,14,Emergency,Cancer,Follow-up Required
A108031,P13961,44,9,2024-04-22,2024-04-29,7,Scheduled,Fracture,Recovered
A108032,P13589,8,2,2025-09-10,2025-09-13,3,Scheduled,Heart Disease,Follow-up Required
A108033,P13846,8,2,2025-06-19,2025-07-01,12,Referral,Infection,Recovered
A108034,P11148,45,9,2024-10-07,2024-10-14,7,Scheduled,Infection,Follow-up Required
A108035,P13518,11,3,2025-12-16,2025-12-19,3,Emergency,Heart Disease,Recovered
A108036,P13059,33,7,2025-06-06,2025-06-11,5,Scheduled,Hypertension,Recovered
A108037,P11418,25,5,2024-12-15,2024-12-19,4,Emergency,Heart Disease,Follow-up Required
A108038,P13910,17,4,2024-11-11,2024-11-12,1,Scheduled,Heart Disease,Recovered
A108039,P14746,31,7,2025-12-17,2025-12-24,7,Emergency,Asthma,Transferred
A108040,P13690,19,4,2025-05-14,2025-05-16,2,Emergency,Diabetes,Recovered
A108041,P12773,45,9,2025-06-20,2025-06-24,4,Emergency,Fracture,Recovered
A108042,P14908,15,3,2025-10-13,2025-10-19,6,Referral,Migraine,Recovered
A108043,P12829,44,9,2025-09-26,2025-10-08,12,Scheduled,Asthma,Recovered
A108044,P12170,49,10,2025-03-11,2025-03-12,1,Emergency,ENT Infection,Follow-up Required
A108045,P12250,35,7,2025-06-06,2025-06-10,4,Emergency,Skin Disorder,Follow-up Required
A108046,P13859,39,8,2025-08-15,2025-08-20,5,Emergency,ENT Infection,Follow-up Required
A108047,P11626,2,1,2025-03-19,2025-03-26,7,Emergency,Migraine,Recovered
A108048,P12750,34,7,2025-09-12,2025-09-22,10,Scheduled,Diabetes,Recovered
A108049,P12606,25,5,2024-07-26,2024-07-27,1,Scheduled,Infection,Follow-up Required
A108050,P11848,38,8,2024-10-02,2024-10-07,5,Referral,ENT Infection,Follow-up Required
A108051,P10579,4,1,2025-05-11,2025-05-12,1,Referral,Hypertension,Follow-up Required
A108052,P11137,16,4,2024-10-23,2024-10-30,7,Scheduled,Cancer,Follow-up Required
A108053,P13411,32,7,2025-01-08,2025-01-10,2,Referral,Infection,Follow-up Required
A108054,P13134,15,3,2025-07-28,2025-08-07,10,Scheduled,Cancer,Follow-up Required
A108055,P12275,42,9,2024-07-02,2024-07-04,2,Scheduled,Hypertension,Follow-up Required
A108056,P12222,14,3,2024-02-01,2024-02-08,7,Referral,Asthma,Follow-up Required
A108057,P11158,41,9,2024-10-09,2024-10-12,3,Referral,Migraine,Recovered
A108058,P13859,15,3,2025-03-07,2025-03-12,5,Referral,Diabetes,Follow-up Required
A108059,P11650,7,2,2025-06-02,2025-06-07,5,Emergency,Cancer,Transferred
A108060,P14665,7,2,2025-11-16,2025-11-18,2,Emergency,ENT Infection,Recovered
A108061,P14373,8,2,2025-04-06,2025-04-09,3,Referral,Diabetes,Recovered
A108062,P11587,19,4,2025-01-02,2025-01-04,2,Scheduled,Diabetes,Recovered
A108063,P11959,18,4,2025-10-19,2025-10-20,1,Scheduled,Skin Disorder,Recovered
A108064,P12324,17,4,2024-09-08,2024-09-10,2,Scheduled,Asthma,Transferred
A108065,P10234,18,4,2024-06-14,2024-06-18,4,Scheduled,Heart Disease,Recovered
A108066,P11266,19,4,2025-09-06,2025-09-12,6,Emergency,Skin Disorder,Follow-up Required
A108067,P10032,40,8,2025-12-05,2025-12-12,7,Scheduled,Diabetes,Follow-up Required
A108068,P13439,13,3,2025-06-12,2025-06-13,1,Referral,Cancer,Follow-up Required
A108069,P11372,11,3,2025-08-24,2025-08-27,3,Scheduled,Fracture,Recovered
A108070,P10760,7,2,2025-01-05,2025-01-12,7,Scheduled,ENT Infection,Recovered
A108071,P13204,27,6,2025-08-20,2025-08-24,4,Scheduled,Diabetes,Recovered
A108072,P11795,37,8,2024-04-12,2024-04-14,2,Emergency,Migraine,Recovered
A108073,P14889,5,1,2025-08-16,2025-08-20,4,Emergency,Heart Disease,Recovered
A108074,P10762,8,2,2024-05-05,2024-05-08,3,Scheduled,Skin Disorder,Recovered
A108075,P14361,10,2,2024-02-07,2024-02-08,1,Emergency,Cancer,Recovered
A108076,P14081,37,8,2024-12-13,2024-12-20,7,Emergency,Asthma,Recovered
A108077,P10282,26,6,2024-07-31,2024-08-03,3,Referral,Asthma,Recovered
A108078,P14072,15,3,2024-11-14,2024-11-26,12,Scheduled,Skin Disorder,Follow-up Required
A108079,P13904,16,4,2025-03-01,2025-03-09,8,Referral,Diabetes,Recovered
A108080,P14626,29,6,2024-09-03,2024-09-09,6,Emergency,Infection,Recovered
A108081,P14056,28,6,2025-10-09,2025-10-12,3,Scheduled,Heart Disease,Follow-up Required
A108082,P10816,10,2,2024-10-12,2024-10-15,3,Emergency,Heart Disease,Recovered
A108083,P14560,40,8,2024-08-18,2024-08-22,4,Emergency,Fracture,Follow-up Required
A108084,P11471,4,1,2024-11-15,2024-11-18,3,Referral,Migraine,Recovered
A108085,P13288,46,10,2025-05-26,2025-06-05,10,Emergency,Migraine,Recovered
A108086,P14260,40,8,2025-06-04,2025-06-06,2,Emergency,ENT Infection,Recovered
A108087,P12586,14,3,2024-08-12,2024-08-18,6,Referral,Hypertension,Recovered
A108088,P10511,44,9,2025-05-20,2025-05-25,5,Referral,ENT Infection,Recovered
A108089,P10555,33,7,2024-04-16,2024-04-23,7,Referral,Asthma,Transferred
A108090,P13706,18,4,2025-11-29,2025-12-04,5,Emergency,Diabetes,Recovered
A108091,P11307,12,3,2025-08-29,2025-09-03,5,Emergency,Diabetes,Recovered
A108092,P13143,10,2,2025-12-07,2025-12-21,14,Scheduled,Skin Disorder,Follow-up Required
A108093,P10259,21,5,2024-11-26,2024-11-27,1,Scheduled,Hypertension,Follow-up Required
A108094,P11225,33,7,2024-01-05,2024-01-07,2,Emergency,Diabetes,Recovered
A108095,P11666,14,3,2025-04-12,2025-04-16,4,Emergency,ENT Infection,Follow-up Required
A108096,P11404,9,2,2025-05-30,2025-06-03,4,Scheduled,Skin Disorder,Transferred
A108097,P11866,26,6,2024-06-11,2024-06-13,2,Scheduled,Fracture,Recovered
A108098,P10766,15,3,2025-10-14,2025-10-15,1,Emergency,Fracture,Recovered
A108099,P10065,21,5,2025-06-14,2025-06-15,1,Referral,ENT Infection,Follow-up Required
A108100,P13450,22,5,2024-03-22,2024-03-29,7,Emergency,Skin Disorder,Recovered
A108101,P12706,46,10,2025-04-25,2025-04-29,4,Referral,Migraine,Deceased
A108102,P14975,41,9,2025-05-30,2025-06-07,8,Referral,Fracture,Recovered
A108103,P10196,43,9,2025-10-01,2025-10-04,3,Scheduled,Skin Disorder,Follow-up Required
A108104,P11384,5,1,2024-07-05,2024-07-11,6,Scheduled,Fracture,Recovered
A108105,P12436,44,9,2024-05-25,2024-05-29,4,Emergency,Fracture,Recovered
A108106,P14161,16,4,2024-05-31,2024-06-05,5,Referral,Infection,Follow-up Required
A108107,P11451,35,7,2024-12-28,2024-12-31,3,Emergency,ENT Infection,Deceased
A108108,P10223,5,1,2024-04-02,2024-04-03,1,Scheduled,ENT Infection,Recovered
A108109,P10442,26,6,2024-01-31,2024-02-12,12,Scheduled,Hypertension,Transferred
A108110,P11438,26,6,2025-06-23,2025-07-01,8,Emergency,Heart Disease,Recovered
A108111,P13188,5,1,2025-10-10,2025-10-13,3,Referral,ENT Infection,Recovered
A108112,P14999,50,10,2025-08-24,2025-09-05,12,Referral,Fracture,Recovered
A108113,P12368,36,8,2024-02-18,2024-02-21,3,Emergency,Cancer,Transferred
A108114,P14866,24,5,2024-09-14,2024-09-18,4,Scheduled,Skin Disorder,Follow-up Required
A108115,P10883,15,3,2025-06-01,2025-06-08,7,Scheduled,Hypertension,Recovered
A108116,P10451,30,6,2025-06-24,2025-06-27,3,Referral,Heart Disease,Recovered
A108117,P10743,5,1,2025-02-13,2025-02-16,3,Emergency,Heart Disease,Recovered
A108118,P11545,40,8,2024-06-04,2024-06-08,4,Referral,Cancer,Follow-up Required
A108119,P13351,48,10,2025-06-29,2025-07-03,4,Emergency,Migraine,Recovered
A108120,P12830,22,5,2025-03-15,2025-03-17,2,Emergency,Migraine,Recovered
A108121,P12614,33,7,2024-08-24,2024-08-25,1,Scheduled,Cancer,Follow-up Required
A108122,P11916,5,1,2025-10-11,2025-10-21,10,Emergency,Asthma,Recovered
A108123,P11249,32,7,2025-01-02,2025-01-05,3,Referral,Asthma,Follow-up Required
A108124,P10528,50,10,2024-02-26,2024-02-28,2,Emergency,Infection,Recovered
A108125,P14820,48,10,2024-06-23,2024-06-30,7,Referral,ENT Infection,Recovered
A108126,P10241,23,5,2024-08-01,2024-08-04,3,Referral,Hypertension,Recovered
A108127,P12143,10,2,2024-01-27,2024-01-29,2,Referral,Skin Disorder,Recovered
A108128,P10365,36,8,2024-04-28,2024-05-12,14,Scheduled,Migraine,Recovered
A108129,P11209,50,10,2024-05-26,2024-06-05,10,Scheduled,Cancer,Follow-up Required
A108130,P14121,17,4,2024-09-21,2024-09-23,2,Scheduled,ENT Infection,Follow-up Required
A108131,P12366,27,6,2025-02-06,2025-02-16,10,Referral,Asthma,Follow-up Required
A108132,P12962,45,9,2024-09-14,2024-09-24,10,Emergency,Asthma,Recovered
A108133,P14658,8,2,2024-07-07,2024-07-12,5,Scheduled,Fracture,Transferred
A108134,P14777,40,8,2025-05-13,2025-05-17,4,Referral,Heart Disease,Recovered
A108135,P12148,44,9,2025-12-10,2025-12-12,2,Scheduled,Diabetes,Recovered
A108136,P12418,50,10,2024-08-26,2024-08-28,2,Scheduled,ENT Infection,Recovered
A108137,P11617,6,2,2024-11-22,2024-11-27,5,Scheduled,Fracture,Follow-up Required
A108138,P11036,7,2,2024-03-10,2024-03-17,7,Referral,Hypertension,Recovered
A108139,P10720,26,6,2025-12-05,2025-12-11,6,Emergency,Asthma,Recovered
A108140,P14683,17,4,2024-01-25,2024-01-27,2,Referral,Infection,Recovered
A108141,P10974,37,8,2025-08-04,2025-08-07,3,Emergency,Migraine,Recovered
A108142,P11847,23,5,2024-06-04,2024-06-09,5,Referral,ENT Infection,Recovered
A108143,P11372,27,6,2025-10-19,2025-10-24,5,Emergency,ENT Infection,Recovered
A108144,P11467,40,8,2024-08-06,2024-08-07,1,Emergency,ENT Infection,Recovered
A108145,P10691,19,4,2025-07-14,2025-07-19,5,Referral,Hypertension,Follow-up Required
A108146,P10088,27,6,2025-01-13,2025-01-19,6,Scheduled,Heart Disease,Follow-up Required
A108147,P12513,25,5,2024-07-12,2024-07-14,2,Scheduled,Asthma,Follow-up Required
A108148,P13849,40,8,2024-02-09,2024-02-12,3,Scheduled,Infection,Recovered
A108149,P10494,25,5,2025-08-19,2025-08-22,3,Scheduled,Skin Disorder,Recovered
A108150,P11246,21,5,2024-12-08,2024-12-20,12,Emergency,Diabetes,Follow-up Required
A108151,P11142,25,5,2025-05-17,2025-05-21,4,Emergency,Heart Disease,Recovered
A108152,P14232,7,2,2025-03-25,2025-03-30,5,Scheduled,Fracture,Recovered
A108153,P10978,35,7,2024-12-01,2024-12-07,6,Emergency,Migraine,Recovered
A108154,P12235,6,2,2024-01-04,2024-01-07,3,Scheduled,Infection,Recovered
A108155,P10542,40,8,2025-05-31,2025-06-02,2,Referral,Asthma,Recovered
A108156,P11403,50,10,2025-05-11,2025-05-17,6,Scheduled,Migraine,Recovered
A108157,P10811,15,3,2024-08-13,2024-08-19,6,Scheduled,Asthma,Follow-up Required
A108158,P14508,24,5,2024-05-29,2024-06-01,3,Scheduled,Hypertension,Follow-up Required
A108159,P13493,49,10,2024-08-25,2024-08-26,1,Emergency,Cancer,Recovered
A108160,P14313,4,1,2025-10-21,2025-10-27,6,Referral,Infection,Recovered
A108161,P14926,7,2,2024-04-12,2024-04-18,6,Scheduled,Heart Disease,Follow-up Required
A108162,P11134,30,6,2024-06-23,2024-06-24,1,Emergency,Diabetes,Recovered
A108163,P14381,17,4,2025-04-05,2025-04-11,6,Emergency,Skin Disorder,Recovered
A108164,P14866,38,8,2024-02-03,2024-02-15,12,Scheduled,Migraine,Recovered
A108165,P10569,30,6,2025-11-14,2025-11-16,2,Scheduled,Skin Disorder,Follow-up Required
A108166,P13001,45,9,2025-06-01,2025-06-05,4,Emergency,Skin Disorder,Follow-up Required
A108167,P11322,39,8,2025-03-15,2025-03-21,6,Scheduled,Heart Disease,Recovered
A108168,P12745,9,2,2024-10-11,2024-10-13,2,Scheduled,Heart Disease,Recovered
A108169,P14626,19,4,2024-08-12,2024-08-19,7,Emergency,Skin Disorder,Recovered
A108170,P13579,13,3,2025-07-18,2025-07-26,8,Scheduled,Heart Disease,Recovered
A108171,P11768,47,10,2024-09-13,2024-09-20,7,Emergency,Infection,Recovered
A108172,P12075,49,10,2024-02-28,2024-03-02,3,Emergency,Heart Disease,Recovered
A108173,P12044,37,8,2024-09-02,2024-09-09,7,Scheduled,Hypertension,Recovered
A108174,P11142,19,4,2025-06-02,2025-06-06,4,Scheduled,Heart Disease,Recovered
A108175,P11078,6,2,2024-08-01,2024-08-04,3,Emergency,Migraine,Recovered
A108176,P14600,12,3,2025-08-12,2025-08-14,2,Scheduled,ENT Infection,Follow-up Required
A108177,P10152,15,3,2025-12-01,2025-12-11,10,Scheduled,Cancer,Recovered
A108178,P14833,47,10,2024-08-03,2024-08-07,4,Scheduled,Infection,Recovered
A108179,P10479,3,1,2025-02-06,2025-02-14,8,Referral,ENT Infection,Transferred
A108180,P13234,4,1,2024-10-09,2024-10-11,2,Referral,Hypertension,Recovered
A108181,P11686,37,8,2025-07-26,2025-08-02,7,Scheduled,Diabetes,Recovered
A108182,P13492,38,8,2025-07-26,2025-07-28,2,Scheduled,Skin Disorder,Recovered
A108183,P11372,6,2,2024-08-02,2024-08-03,1,Emergency,ENT Infection,Recovered
A108184,P13901,49,10,2025-01-16,2025-02-05,20,Referral,Cancer,Recovered
A108185,P14946,28,6,2024-02-14,2024-02-15,1,Referral,Diabetes,Recovered
A108186,P12602,8,2,2024-06-20,2024-06-24,4,Scheduled,Heart Disease,Recovered
A108187,P13424,31,7,2024-08-08,2024-08-16,8,Emergency,Cancer,Deceased
A108188,P11697,21,5,2025-01-19,2025-01-26,7,Scheduled,Fracture,Recovered
A108189,P13658,45,9,2024-04-04,2024-04-08,4,Emergency,Diabetes,Recovered
A108190,P13977,29,6,2024-02-13,2024-02-18,5,Emergency,Fracture,Follow-up Required
A108191,P11399,15,3,2024-08-15,2024-08-20,5,Scheduled,Asthma,Transferred
A108192,P13981,49,10,2025-07-27,2025-07-29,2,Referral,Cancer,Recovered
A108193,P11402,24,5,2024-11-12,2024-11-15,3,Emergency,Heart Disease,Deceased
A108194,P11709,21,5,2025-12-31,2026-01-03,3,Emergency,Migraine,Follow-up Required
A108195,P11413,49,10,2024-11-30,2024-12-03,3,Emergency,Heart Disease,Recovered
A108196,P13231,23,5,2025-08-23,2025-08-26,3,Referral,Cancer,Recovered
A108197,P12503,31,7,2025-09-15,2025-09-18,3,Scheduled,Cancer,Recovered
A108198,P14723,34,7,2025-12-19,2025-12-22,3,Scheduled,Asthma,Recovered
A108199,P11265,28,6,2025-04-11,2025-04-14,3,Scheduled,ENT Infection,Recovered
A108200,P12260,32,7,2025-12-15,2025-12-19,4,Scheduled,Hypertension,Recovered
A108201,P10363,22,5,2024-10-23,2024-10-25,2,Emergency,Heart Disease,Follow-up Required
A108202,P12646,3,1,2025-06-28,2025-07-05,7,Emergency,Infection,Recovered
A108203,P11533,9,2,2025-05-03,2025-05-11,8,Scheduled,Cancer,Follow-up Required
A108204,P14753,6,2,2024-08-02,2024-08-05,3,Scheduled,Heart Disease,Recovered
A108205,P11384,1,1,2025-06-07,2025-06-09,2,Emergency,Asthma,Recovered
A108206,P10667,22,5,2024-01-02,2024-01-08,6,Scheduled,Diabetes,Follow-up Required
A108207,P12813,4,1,2025-10-22,2025-11-01,10,Emergency,Hypertension,Recovered
A108208,P12476,45,9,2025-10-15,2025-10-16,1,Scheduled,Skin Disorder,Follow-up Required
A108209,P13101,8,2,2024-07-25,2024-07-26,1,Emergency,Skin Disorder,Follow-up Required
A108210,P13402,37,8,2024-12-06,2024-12-08,2,Scheduled,Migraine,Recovered
A108211,P13106,42,9,2025-12-04,2025-12-10,6,Emergency,Hypertension,Recovered
A108212,P12552,19,4,2025-02-10,2025-02-24,14,Scheduled,Diabetes,Recovered
A108213,P13900,44,9,2024-11-01,2024-11-08,7,Scheduled,Hypertension,Follow-up Required
A108214,P12152,1,1,2025-05-21,2025-05-26,5,Scheduled,Asthma,Follow-up Required
A108215,P10388,41,9,2025-04-13,2025-04-19,6,Scheduled,Diabetes,Recovered
A108216,P13162,24,5,2025-12-16,2025-12-18,2,Emergency,Hypertension,Recovered
A108217,P12381,48,10,2025-07-11,2025-07-17,6,Referral,ENT Infection,Recovered
A108218,P10377,17,4,2025-05-09,2025-05-12,3,Emergency,Asthma,Recovered
A108219,P14336,32,7,2024-09-17,2024-09-19,2,Scheduled,Diabetes,Deceased
A108220,P14278,50,10,2025-07-31,2025-08-02,2,Referral,Skin Disorder,Recovered
A108221,P11281,14,3,2025-10-23,2025-10-29,6,Emergency,ENT Infection,Recovered
A108222,P10744,17,4,2025-08-04,2025-08-11,7,Emergency,Heart Disease,Follow-up Required
A108223,P14937,32,7,2024-12-29,2025-01-03,5,Emergency,ENT Infection,Recovered
A108224,P13487,33,7,2025-05-28,2025-05-29,1,Emergency,Cancer,Recovered
A108225,P11069,30,6,2025-06-24,2025-06-25,1,Scheduled,Skin Disorder,Recovered
A108226,P11009,47,10,2025-07-26,2025-07-28,2,Scheduled,ENT Infection,Follow-up Required
A108227,P14694,34,7,2025-09-03,2025-09-06,3,Scheduled,Migraine,Recovered
A108228,P14297,28,6,2025-03-30,2025-04-03,4,Referral,Asthma,Recovered
A108229,P10343,24,5,2024-05-23,2024-05-24,1,Scheduled,ENT Infection,Recovered
A108230,P13284,14,3,2024-07-10,2024-07-16,6,Scheduled,Migraine,Follow-up Required
A108231,P10631,34,7,2024-12-18,2024-12-24,6,Emergency,Asthma,Recovered
A108232,P10298,47,10,2024-10-25,2024-10-28,3,Emergency,Diabetes,Recovered
A108233,P10698,1,1,2025-04-04,2025-04-09,5,Emergency,Skin Disorder,Recovered
A108234,P11506,22,5,2025-03-02,2025-03-04,2,Scheduled,Infection,Recovered
A108235,P12761,33,7,2025-12-16,2025-12-20,4,Referral,Asthma,Recovered
A108236,P12826,44,9,2024-01-31,2024-02-08,8,Referral,Fracture,Recovered
A108237,P10379,47,10,2024-11-27,2024-12-03,6,Emergency,ENT Infection,Follow-up Required
A108238,P12796,18,4,2025-02-14,2025-02-16,2,Emergency,Skin Disorder,Recovered
A108239,P10706,47,10,2024-02-21,2024-02-29,8,Emergency,Infection,Recovered
A108240,P12415,39,8,2025-01-18,2025-01-24,6,Emergency,Fracture,Recovered
A108241,P10771,12,3,2024-08-30,2024-09-03,4,Emergency,Heart Disease,Recovered
A108242,P14002,10,2,2025-11-16,2025-11-22,6,Emergency,ENT Infection,Transferred
A108243,P11095,2,1,2025-09-03,2025-09-05,2,Emergency,Cancer,Recovered
A108244,P13465,2,1,2025-02-20,2025-02-25,5,Emergency,Asthma,Recovered
A108245,P13595,6,2,2025-04-19,2025-04-24,5,Emergency,Diabetes,Follow-up Required
A108246,P14445,20,4,2025-01-26,2025-02-05,10,Scheduled,Infection,Recovered
A108247,P11232,38,8,2025-01-23,2025-01-24,1,Scheduled,Cancer,Recovered
A108248,P11447,28,6,2025-07-26,2025-07-29,3,Referral,Migraine,Recovered
A108249,P14189,42,9,2025-11-30,2025-12-12,12,Scheduled,Heart Disease,Recovered
A108250,P12403,3,1,2025-04-13,2025-04-15,2,Scheduled,Cancer,Follow-up Required
A108251,P11827,48,10,2025-02-11,2025-02-18,7,Emergency,Diabetes,Recovered
A108252,P13848,37,8,2025-06-02,2025-06-03,1,Emergency,ENT Infection,Follow-up Required
A108253,P11093,37,8,2024-07-07,2024-07-08,1,Scheduled,Asthma,Follow-up Required
A108254,P14678,42,9,2025-08-17,2025-08-20,3,Emergency,Infection,Recovered
A108255,P11721,25,5,2024-12-16,2024-12-23,7,Scheduled,ENT Infection,Recovered
A108256,P10883,23,5,2024-10-09,2024-10-11,2,Scheduled,Skin Disorder,Recovered
A108257,P10124,13,3,2025-09-27,2025-09-30,3,Scheduled,Migraine,Follow-up Required
A108258,P13491,24,5,2024-06-05,2024-06-07,2,Scheduled,Hypertension,Recovered
A108259,P13595,3,1,2025-08-21,2025-08-23,2,Scheduled,ENT Infection,Recovered
A108260,P10603,50,10,2024-05-27,2024-05-31,4,Scheduled,Diabetes,Recovered
A108261,P13832,38,8,2024-03-10,2024-03-13,3,Scheduled,Cancer,Follow-up Required
A108262,P10305,28,6,2025-01-04,2025-01-06,2,Scheduled,Hypertension,Recovered
A108263,P13229,26,6,2025-08-10,2025-08-14,4,Emergency,Diabetes,Recovered
A108264,P13160,20,4,2025-09-17,2025-09-23,6,Emergency,Migraine,Recovered
A108265,P11252,27,6,2025-05-29,2025-05-31,2,Scheduled,ENT Infection,Recovered
A108266,P10937,1,1,2024-08-21,2024-08-25,4,Emergency,Heart Disease,Recovered
A108267,P13718,10,2,2025-11-09,2025-11-12,3,Referral,Fracture,Recovered
A108268,P12314,10,2,2025-09-02,2025-09-05,3,Emergency,ENT Infection,Transferred
A108269,P12132,1,1,2025-09-27,2025-10-04,7,Emergency,Migraine,Recovered
A108270,P13284,32,7,2025-04-11,2025-04-21,10,Scheduled,Heart Disease,Recovered
A108271,P13290,32,7,2025-07-10,2025-07-13,3,Referral,Migraine,Recovered
A108272,P14845,43,9,2024-10-13,2024-10-18,5,Scheduled,Heart Disease,Recovered
A108273,P12199,27,6,2025-09-09,2025-09-15,6,Emergency,Hypertension,Recovered
A108274,P10686,13,3,2024-10-20,2024-10-28,8,Scheduled,Infection,Recovered
A108275,P14236,17,4,2025-04-25,2025-05-05,10,Scheduled,Fracture,Recovered
A108276,P10055,28,6,2024-05-13,2024-05-17,4,Scheduled,Cancer,Follow-up Required
A108277,P13213,25,5,2024-01-08,2024-01-22,14,Scheduled,Fracture,Recovered
A108278,P14170,50,10,2024-01-28,2024-02-11,14,Scheduled,Infection,Follow-up Required
A108279,P13207,36,8,2025-06-03,2025-06-07,4,Emergency,Heart Disease,Recovered
A108280,P12956,47,10,2024-11-05,2024-11-10,5,Emergency,Diabetes,Recovered
A108281,P11945,2,1,2025-10-07,2025-10-13,6,Referral,Heart Disease,Recovered
A108282,P10642,32,7,2025-06-24,2025-06-27,3,Emergency,Infection,Follow-up Required
A108283,P14840,32,7,2025-09-18,2025-09-24,6,Emergency,Heart Disease,Recovered
A108284,P10062,6,2,2025-05-08,2025-05-12,4,Scheduled,ENT Infection,Follow-up Required
A108285,P11224,31,7,2024-02-03,2024-02-04,1,Scheduled,Cancer,Recovered
A108286,P12538,9,2,2024-01-07,2024-01-15,8,Scheduled,Cancer,Recovered
A108287,P10493,43,9,2024-02-09,2024-02-21,12,Emergency,Hypertension,Transferred
A108288,P11140,16,4,2024-11-25,2024-11-26,1,Emergency,Infection,Transferred
A108289,P11256,25,5,2024-03-02,2024-03-09,7,Scheduled,Cancer,Follow-up Required
A108290,P12496,40,8,2024-03-26,2024-03-29,3,Emergency,Skin Disorder,Follow-up Required
A108291,P13286,28,6,2025-12-25,2025-12-30,5,Scheduled,Cancer,Recovered
A108292,P12256,17,4,2024-04-25,2024-04-29,4,Scheduled,ENT Infection,Recovered
A108293,P11002,31,7,2025-07-30,2025-08-04,5,Referral,Asthma,Recovered
A108294,P11126,23,5,2024-10-23,2024-10-27,4,Referral,Cancer,Transferred
A108295,P13882,31,7,2025-01-13,2025-01-21,8,Referral,Heart Disease,Follow-up Required
A108296,P14106,26,6,2025-11-12,2025-11-18,6,Scheduled,Diabetes,Recovered
A108297,P13545,4,1,2025-09-19,2025-09-23,4,Referral,Hypertension,Recovered
A108298,P11147,39,8,2024-11-17,2024-11-23,6,Scheduled,Cancer,Deceased
A108299,P10787,43,9,2025-09-19,2025-10-03,14,Referral,Infection,Recovered
A108300,P12052,43,9,2025-01-29,2025-01-30,1,Emergency,Asthma,Transferred
A108301,P10259,43,9,2024-12-22,2024-12-25,3,Emergency,Heart Disease,Follow-up Required
A108302,P13850,15,3,2025-07-15,2025-07-23,8,Scheduled,Asthma,Recovered
A108303,P14617,37,8,2025-02-22,2025-02-28,6,Referral,Migraine,Recovered
A108304,P10716,38,8,2025-04-22,2025-05-04,12,Scheduled,Migraine,Follow-up Required
A108305,P11644,23,5,2024-12-01,2024-12-02,1,Referral,Fracture,Recovered
A108306,P10124,5,1,2025-08-13,2025-08-21,8,Emergency,Migraine,Follow-up Required
A108307,P11774,41,9,2024-01-20,2024-01-27,7,Emergency,Migraine,Recovered
A108308,P10922,43,9,2025-02-15,2025-02-22,7,Scheduled,Migraine,Recovered
A108309,P12178,25,5,2025-07-02,2025-07-07,5,Scheduled,ENT Infection,Recovered
A108310,P11504,30,6,2024-09-15,2024-09-16,1,Scheduled,ENT Infection,Recovered
A108311,P11853,26,6,2025-08-27,2025-09-01,5,Referral,Cancer,Recovered
A108312,P12125,3,1,2025-11-29,2025-12-03,4,Referral,Diabetes,Follow-up Required
A108313,P13255,4,1,2024-12-22,2024-12-26,4,Emergency,Diabetes,Follow-up Required
A108314,P12414,47,10,2024-07-19,2024-07-25,6,Referral,Asthma,Recovered
A108315,P14388,18,4,2025-02-14,2025-02-19,5,Emergency,Heart Disease,Recovered
A108316,P10157,37,8,2024-10-14,2024-10-17,3,Scheduled,ENT Infection,Recovered
A108317,P11124,11,3,2024-02-17,2024-02-22,5,Emergency,ENT Infection,Transferred
A108318,P10918,11,3,2025-07-11,2025-07-12,1,Emergency,ENT Infection,Recovered
A108319,P11703,36,8,2025-01-04,2025-01-05,1,Scheduled,ENT Infection,Recovered
A108320,P11666,16,4,2024-08-18,2024-08-22,4,Emergency,Fracture,Recovered
A108321,P14234,43,9,2024-04-04,2024-04-11,7,Emergency,Heart Disease,Deceased
A108322,P12112,25,5,2024-10-29,2024-11-05,7,Scheduled,Fracture,Follow-up Required
A108323,P13715,1,1,2024-08-05,2024-08-10,5,Scheduled,Diabetes,Recovered
A108324,P12555,26,6,2025-07-05,2025-07-13,8,Emergency,Skin Disorder,Follow-up Required
A108325,P13025,45,9,2025-01-21,2025-01-23,2,Emergency,Heart Disease,Follow-up Required
A108326,P14036,30,6,2025-12-15,2025-12-29,14,Emergency,Infection,Recovered
A108327,P12837,6,2,2025-09-19,2025-09-29,10,Emergency,Skin Disorder,Transferred
A108328,P12398,27,6,2024-03-31,2024-04-05,5,Scheduled,Skin Disorder,Follow-up Required
A108329,P12195,19,4,2024-02-27,2024-02-28,1,Emergency,Asthma,Recovered
A108330,P11556,38,8,2025-03-09,2025-03-13,4,Referral,Hypertension,Recovered
A108331,P13626,45,9,2025-06-05,2025-06-07,2,Emergency,ENT Infection,Recovered
A108332,P12910,43,9,2025-04-27,2025-05-02,5,Emergency,Diabetes,Follow-up Required
A108333,P14503,19,4,2025-01-01,2025-01-03,2,Scheduled,Skin Disorder,Recovered
A108334,P10344,39,8,2025-02-10,2025-02-14,4,Emergency,Migraine,Recovered
A108335,P14748,44,9,2025-06-01,2025-06-03,2,Emergency,ENT Infection,Recovered
A108336,P11545,32,7,2024-11-26,2024-11-28,2,Scheduled,Diabetes,Recovered
A108337,P13997,48,10,2025-11-30,2025-12-03,3,Scheduled,Asthma,Deceased
A108338,P12819,1,1,2024-08-22,2024-08-23,1,Emergency,Infection,Recovered
A108339,P10039,25,5,2025-02-14,2025-02-20,6,Scheduled,ENT Infection,Follow-up Required
A108340,P14383,47,10,2024-07-01,2024-07-04,3,Emergency,ENT Infection,Follow-up Required
A108341,P14987,13,3,2024-10-13,2024-10-19,6,Scheduled,ENT Infection,Deceased
A108342,P14758,10,2,2024-05-02,2024-05-08,6,Scheduled,Asthma,Deceased
A108343,P13424,18,4,2024-06-06,2024-06-07,1,Referral,Hypertension,Recovered
A108344,P11029,36,8,2024-11-18,2024-11-21,3,Scheduled,Hypertension,Transferred
A108345,P10236,22,5,2024-01-13,2024-01-18,5,Referral,Diabetes,Recovered
A108346,P10969,6,2,2025-07-19,2025-07-29,10,Emergency,Skin Disorder,Recovered
A108347,P11231,27,6,2025-07-08,2025-07-12,4,Scheduled,Hypertension,Follow-up Required
A108348,P10239,8,2,2025-09-12,2025-09-16,4,Emergency,Skin Disorder,Transferred
A108349,P11855,24,5,2025-11-08,2025-11-15,7,Referral,Asthma,Recovered
A108350,P14925,20,4,2025-09-09,2025-09-16,7,Scheduled,Diabetes,Recovered
A108351,P10052,22,5,2025-07-16,2025-07-26,10,Emergency,ENT Infection,Follow-up Required
A108352,P12156,9,2,2024-07-22,2024-07-26,4,Emergency,Heart Disease,Recovered
A108353,P11381,40,8,2024-10-28,2024-10-30,2,Emergency,Skin Disorder,Recovered
A108354,P11057,50,10,2024-02-12,2024-02-19,7,Scheduled,ENT Infection,Follow-up Required
A108355,P10022,39,8,2025-08-19,2025-08-21,2,Emergency,Diabetes,Follow-up Required
A108356,P10307,19,4,2025-12-29,2026-01-02,4,Scheduled,Migraine,Recovered
A108357,P14107,50,10,2025-10-31,2025-11-05,5,Scheduled,Cancer,Recovered
A108358,P12610,1,1,2025-05-20,2025-05-26,6,Scheduled,ENT Infection,Recovered
A108359,P14294,11,3,2025-09-30,2025-10-06,6,Referral,Asthma,Follow-up Required
A108360,P13601,41,9,2024-07-09,2024-07-11,2,Emergency,Cancer,Recovered
A108361,P11966,42,9,2024-02-29,2024-03-14,14,Scheduled,Asthma,Follow-up Required
A108362,P14647,10,2,2025-04-10,2025-04-12,2,Scheduled,Fracture,Recovered
A108363,P13579,1,1,2025-01-13,2025-01-14,1,Emergency,Cancer,Recovered
A108364,P12544,27,6,2025-03-04,2025-03-10,6,Referral,Skin Disorder,Follow-up Required
A108365,P10505,17,4,2024-03-02,2024-03-12,10,Scheduled,Migraine,Recovered
A108366,P10137,44,9,2024-10-28,2024-11-02,5,Scheduled,Heart Disease,Recovered
A108367,P11303,44,9,2025-09-29,2025-10-04,5,Scheduled,Hypertension,Recovered
A108368,P14015,17,4,2024-06-20,2024-06-25,5,Referral,Diabetes,Recovered
A108369,P13615,39,8,2025-05-19,2025-05-20,1,Emergency,Hypertension,Recovered
A108370,P14948,43,9,2024-03-03,2024-03-09,6,Emergency,ENT Infection,Recovered
A108371,P14807,2,1,2024-01-16,2024-01-19,3,Referral,Skin Disorder,Recovered
A108372,P10507,48,10,2025-11-21,2025-12-03,12,Emergency,Infection,Follow-up Required
A108373,P14782,23,5,2024-04-10,2024-04-12,2,Scheduled,ENT Infection,Recovered
A108374,P11534,41,9,2024-06-24,2024-06-27,3,Scheduled,Diabetes,Recovered
A108375,P13642,10,2,2024-07-11,2024-07-15,4,Referral,Heart Disease,Recovered
A108376,P14004,42,9,2024-09-29,2024-10-03,4,Emergency,Heart Disease,Transferred
A108377,P10708,30,6,2025-04-11,2025-04-15,4,Referral,Hypertension,Recovered
A108378,P11624,35,7,2024-06-23,2024-06-26,3,Emergency,Heart Disease,Transferred
A108379,P14238,25,5,2024-08-21,2024-08-23,2,Emergency,Hypertension,Recovered
A108380,P12329,17,4,2024-08-03,2024-08-10,7,Emergency,Heart Disease,Follow-up Required
A108381,P13015,46,10,2025-05-05,2025-05-09,4,Emergency,Heart Disease,Recovered
A108382,P11708,19,4,2025-02-20,2025-02-25,5,Referral,Migraine,Deceased
A108383,P10302,18,4,2025-06-16,2025-06-21,5,Scheduled,Heart Disease,Follow-up Required
A108384,P12445,18,4,2025-03-26,2025-03-31,5,Scheduled,ENT Infection,Recovered
A108385,P10318,46,10,2024-10-06,2024-10-12,6,Emergency,Heart Disease,Recovered
A108386,P12956,35,7,2024-08-31,2024-09-05,5,Scheduled,Hypertension,Recovered
A108387,P12928,10,2,2025-11-05,2025-11-08,3,Emergency,Skin Disorder,Recovered
A108388,P10858,23,5,2024-05-25,2024-05-30,5,Emergency,Hypertension,Recovered
A108389,P12721,45,9,2024-03-07,2024-03-10,3,Scheduled,Infection,Recovered
A108390,P13023,22,5,2024-04-12,2024-04-17,5,Scheduled,Infection,Follow-up Required
A108391,P10677,44,9,2024-11-05,2024-11-09,4,Scheduled,Cancer,Recovered
A108392,P10379,9,2,2025-09-28,2025-09-29,1,Scheduled,Infection,Recovered
A108393,P10217,32,7,2024-04-26,2024-05-02,6,Scheduled,ENT Infection,Recovered
A108394,P13701,26,6,2025-04-16,2025-04-19,3,Emergency,Asthma,Recovered
A108395,P12897,29,6,2024-11-16,2024-11-26,10,Referral,Cancer,Recovered
A108396,P14964,42,9,2025-03-10,2025-03-13,3,Referral,ENT Infection,Recovered
A108397,P14530,19,4,2025-01-04,2025-01-24,20,Scheduled,Fracture,Follow-up Required
A108398,P14852,48,10,2025-11-30,2025-12-04,4,Emergency,Fracture,Recovered
A108399,P12990,29,6,2024-07-05,2024-07-06,1,Scheduled,Heart Disease,Recovered
A108400,P13831,35,7,2025-08-10,2025-08-11,1,Emergency,Cancer,Recovered
A108401,P13657,12,3,2025-04-13,2025-04-14,1,Scheduled,Asthma,Transferred
A108402,P11507,8,2,2025-10-22,2025-10-23,1,Emergency,Cancer,Recovered
A108403,P11291,25,5,2025-12-07,2025-12-10,3,Emergency,Cancer,Recovered
A108404,P11940,27,6,2025-04-17,2025-04-20,3,Referral,Infection,Recovered
A108405,P14695,47,10,2025-07-09,2025-07-11,2,Scheduled,Heart Disease,Recovered
A108406,P10236,43,9,2025-03-29,2025-04-02,4,Scheduled,Migraine,Recovered
A108407,P11784,45,9,2025-03-21,2025-03-24,3,Scheduled,Diabetes,Recovered
A108408,P14196,6,2,2025-11-12,2025-11-17,5,Emergency,Hypertension,Transferred
A108409,P12787,13,3,2024-04-03,2024-04-05,2,Emergency,Heart Disease,Recovered
A108410,P11378,11,3,2024-02-07,2024-02-17,10,Scheduled,Fracture,Recovered
A108411,P12756,38,8,2025-04-26,2025-04-30,4,Scheduled,Fracture,Recovered
A108412,P12084,6,2,2024-04-20,2024-04-25,5,Emergency,Diabetes,Recovered
A108413,P14410,5,1,2025-02-13,2025-02-14,1,Emergency,Heart Disease,Recovered
A108414,P14096,7,2,2024-06-16,2024-06-21,5,Scheduled,Cancer,Recovered
A108415,P14647,19,4,2025-07-19,2025-07-22,3,Referral,Skin Disorder,Recovered
A108416,P14613,43,9,2025-01-31,2025-02-10,10,Referral,Diabetes,Recovered
A108417,P12701,6,2,2024-05-06,2024-05-14,8,Scheduled,Asthma,Recovered
A108418,P14105,25,5,2024-02-11,2024-02-16,5,Referral,Hypertension,Recovered
A108419,P13550,9,2,2024-02-10,2024-02-17,7,Emergency,Fracture,Recovered
A108420,P14153,20,4,2025-07-15,2025-07-20,5,Emergency,Skin Disorder,Recovered
A108421,P12331,25,5,2025-05-01,2025-05-02,1,Emergency,Hypertension,Follow-up Required
A108422,P14557,50,10,2025-11-01,2025-11-07,6,Referral,Heart Disease,Recovered
A108423,P13762,8,2,2025-02-02,2025-02-04,2,Referral,Infection,Recovered
A108424,P12012,50,10,2024-06-30,2024-07-06,6,Emergency,Cancer,Recovered
A108425,P12642,37,8,2024-06-29,2024-06-30,1,Scheduled,Infection,Recovered
A108426,P12113,38,8,2025-11-08,2025-11-11,3,Emergency,Infection,Recovered
A108427,P13501,2,1,2025-12-18,2025-12-22,4,Scheduled,Asthma,Follow-up Required
A108428,P14951,22,5,2025-04-08,2025-04-11,3,Scheduled,Infection,Deceased
A108429,P14232,36,8,2024-02-19,2024-02-25,6,Referral,Infection,Transferred
A108430,P14858,4,1,2025-02-11,2025-02-15,4,Emergency,Skin Disorder,Recovered
A108431,P11010,48,10,2025-02-04,2025-02-16,12,Scheduled,Skin Disorder,Recovered
A108432,P11630,1,1,2024-05-25,2024-05-28,3,Scheduled,ENT Infection,Recovered
A108433,P13120,48,10,2024-10-24,2024-10-30,6,Emergency,ENT Infection,Follow-up Required
A108434,P10850,33,7,2024-05-24,2024-06-01,8,Scheduled,ENT Infection,Recovered
A108435,P12868,24,5,2024-01-16,2024-01-19,3,Scheduled,Cancer,Recovered
A108436,P12040,49,10,2024-03-25,2024-04-01,7,Emergency,Skin Disorder,Recovered
A108437,P13236,5,1,2024-08-03,2024-08-07,4,Scheduled,Asthma,Recovered
A108438,P10479,48,10,2025-04-26,2025-04-28,2,Scheduled,Fracture,Recovered
A108439,P11311,35,7,2024-02-21,2024-02-22,1,Emergency,Skin Disorder,Recovered
A108440,P14632,42,9,2025-07-01,2025-07-07,6,Scheduled,Diabetes,Recovered
A108441,P12144,50,10,2024-04-16,2024-04-18,2,Scheduled,Cancer,Recovered
A108442,P10414,50,10,2024-08-06,2024-08-07,1,Emergency,Diabetes,Recovered
A108443,P11657,26,6,2024-12-02,2024-12-06,4,Scheduled,Infection,Recovered
A108444,P12632,49,10,2025-01-05,2025-01-08,3,Referral,Skin Disorder,Follow-up Required
A108445,P13937,43,9,2024-09-10,2024-09-16,6,Referral,ENT Infection,Follow-up Required
A108446,P11395,41,9,2025-02-08,2025-02-10,2,Emergency,Fracture,Follow-up Required
A108447,P12624,43,9,2025-08-02,2025-08-04,2,Scheduled,Cancer,Recovered
A108448,P12291,26,6,2025-11-29,2025-12-03,4,Scheduled,Infection,Recovered
A108449,P10639,41,9,2025-09-27,2025-10-01,4,Scheduled,ENT Infection,Recovered
A108450,P13445,49,10,2024-01-30,2024-02-06,7,Scheduled,Heart Disease,Recovered
A108451,P10353,5,1,2024-07-03,2024-07-08,5,Emergency,Hypertension,Recovered
A108452,P14522,44,9,2024-10-15,2024-10-25,10,Emergency,Cancer,Recovered
A108453,P13149,18,4,2024-12-24,2024-12-26,2,Scheduled,Skin Disorder,Recovered
A108454,P14606,25,5,2025-04-18,2025-04-23,5,Emergency,Migraine,Recovered
A108455,P13589,48,10,2025-07-18,2025-07-24,6,Scheduled,Fracture,Recovered
A108456,P10140,41,9,2025-02-03,2025-02-09,6,Emergency,Diabetes,Transferred
A108457,P10252,40,8,2025-11-19,2025-12-09,20,Emergency,Hypertension,Follow-up Required
A108458,P10669,38,8,2024-05-12,2024-05-16,4,Scheduled,Fracture,Recovered
A108459,P13843,49,10,2025-05-16,2025-05-19,3,Referral,Cancer,Recovered
A108460,P10317,46,10,2025-05-17,2025-05-25,8,Emergency,Skin Disorder,Recovered
A108461,P14019,21,5,2024-03-17,2024-03-19,2,Scheduled,Hypertension,Recovered
A108462,P12927,24,5,2024-12-15,2024-12-16,1,Emergency,Fracture,Recovered
A108463,P12010,28,6,2024-02-29,2024-03-04,4,Emergency,Migraine,Follow-up Required
A108464,P12946,46,10,2025-03-30,2025-04-02,3,Referral,Diabetes,Follow-up Required
A108465,P11053,4,1,2025-04-09,2025-04-13,4,Scheduled,Diabetes,Recovered
A108466,P14637,8,2,2024-11-06,2024-11-26,20,Emergency,Heart Disease,Recovered
A108467,P13564,49,10,2024-03-31,2024-04-03,3,Scheduled,Hypertension,Transferred
A108468,P11124,33,7,2024-10-24,2024-10-30,6,Emergency,Cancer,Recovered
A108469,P11344,3,1,2024-11-20,2024-11-23,3,Referral,Hypertension,Transferred
A108470,P10570,49,10,2024-10-06,2024-10-09,3,Emergency,Fracture,Recovered
A108471,P14819,20,4,2025-12-11,2025-12-14,3,Referral,Infection,Recovered
A108472,P13722,35,7,2024-04-27,2024-05-02,5,Emergency,Heart Disease,Recovered
A108473,P13917,39,8,2025-11-25,2025-11-27,2,Scheduled,Skin Disorder,Transferred
A108474,P11001,43,9,2025-07-20,2025-07-26,6,Referral,Heart Disease,Recovered
A108475,P12924,47,10,2024-09-27,2024-10-03,6,Emergency,Migraine,Deceased
A108476,P12237,7,2,2025-05-31,2025-06-04,4,Emergency,Diabetes,Recovered
A108477,P14546,27,6,2024-04-10,2024-04-11,1,Scheduled,Migraine,Recovered
A108478,P13926,5,1,2025-01-22,2025-01-23,1,Emergency,Diabetes,Recovered
A108479,P13253,49,10,2024-10-12,2024-10-17,5,Scheduled,Cancer,Recovered
A108480,P13393,37,8,2024-02-22,2024-03-01,8,Scheduled,Skin Disorder,Recovered
A108481,P12331,1,1,2025-12-30,2026-01-04,5,Emergency,Migraine,Recovered
A108482,P13393,22,5,2024-08-27,2024-08-31,4,Scheduled,Asthma,Recovered
A108483,P12618,7,2,2024-08-01,2024-08-09,8,Emergency,Fracture,Follow-up Required
A108484,P14121,49,10,2025-09-07,2025-09-09,2,Referral,ENT Infection,Follow-up Required
A108485,P14356,8,2,2024-12-26,2024-12-29,3,Emergency,Infection,Transferred
A108486,P12014,44,9,2024-12-29,2025-01-03,5,Scheduled,ENT Infection,Recovered
A108487,P11928,30,6,2025-12-01,2025-12-04,3,Emergency,Migraine,Recovered
A108488,P12545,28,6,2024-11-22,2024-12-12,20,Scheduled,Migraine,Recovered
A108489,P14548,26,6,2025-04-20,2025-04-24,4,Emergency,Hypertension,Recovered
A108490,P14796,34,7,2025-09-02,2025-09-03,1,Emergency,Diabetes,Recovered
A108491,P13720,49,10,2024-04-06,2024-04-08,2,Emergency,Diabetes,Recovered
A108492,P13674,32,7,2024-11-22,2024-11-27,5,Scheduled,Fracture,Follow-up Required
A108493,P11552,22,5,2024-03-13,2024-03-18,5,Scheduled,Migraine,Follow-up Required
A108494,P11683,20,4,2024-09-12,2024-09-26,14,Scheduled,ENT Infection,Transferred
A108495,P10385,14,3,2024-06-18,2024-06-23,5,Referral,Fracture,Recovered
A108496,P14709,23,5,2024-11-28,2024-12-04,6,Emergency,Heart Disease,Deceased
A108497,P13037,3,1,2024-06-05,2024-06-07,2,Scheduled,Fracture,Recovered
A108498,P12267,19,4,2025-02-22,2025-02-24,2,Scheduled,Migraine,Follow-up Required
A108499,P14653,14,3,2025-04-02,2025-04-07,5,Emergency,Heart Disease,Recovered
A108500,P14446,40,8,2024-04-08,2024-04-16,8,Emergency,Asthma,Transferred
A108501,P10390,39,8,2024-08-31,2024-09-05,5,Scheduled,Fracture,Recovered
A108502,P12919,37,8,2025-04-21,2025-04-25,4,Emergency,Diabetes,Follow-up Required
A108503,P12114,35,7,2025-03-16,2025-03-21,5,Referral,Heart Disease,Recovered
A108504,P11143,1,1,2024-07-12,2024-07-16,4,Referral,Hypertension,Recovered
A108505,P10746,19,4,2025-01-09,2025-01-11,2,Emergency,ENT Infection,Recovered
A108506,P11731,15,3,2025-10-23,2025-10-29,6,Emergency,Infection,Follow-up Required
A108507,P14123,25,5,2025-01-01,2025-01-06,5,Emergency,Migraine,Recovered
A108508,P14386,1,1,2024-06-03,2024-06-07,4,Scheduled,Infection,Recovered
A108509,P14124,31,7,2025-05-13,2025-05-18,5,Emergency,Migraine,Recovered
A108510,P13231,37,8,2025-06-17,2025-06-20,3,Referral,Hypertension,Recovered
A108511,P13217,43,9,2025-04-02,2025-04-06,4,Scheduled,Heart Disease,Recovered
A108512,P12515,46,10,2025-09-19,2025-09-24,5,Referral,Skin Disorder,Recovered
A108513,P11770,22,5,2024-04-22,2024-04-24,2,Scheduled,Infection,Transferred
A108514,P10108,50,10,2025-12-23,2025-12-29,6,Emergency,Infection,Transferred
A108515,P14987,20,4,2024-01-24,2024-01-28,4,Scheduled,Migraine,Recovered
A108516,P12487,41,9,2024-10-09,2024-10-17,8,Scheduled,Heart Disease,Recovered
A108517,P14299,47,10,2024-10-18,2024-10-26,8,Scheduled,ENT Infection,Recovered
A108518,P10777,43,9,2024-12-28,2025-01-01,4,Referral,Fracture,Follow-up Required
A108519,P11934,5,1,2025-02-04,2025-02-06,2,Scheduled,Fracture,Recovered
A108520,P10438,15,3,2025-07-21,2025-07-27,6,Emergency,Asthma,Recovered
A108521,P11035,2,1,2024-09-22,2024-09-26,4,Emergency,Asthma,Recovered
A108522,P10837,12,3,2024-02-23,2024-02-28,5,Scheduled,Infection,Follow-up Required
A108523,P14703,7,2,2025-09-11,2025-09-13,2,Scheduled,Cancer,Deceased
A108524,P10642,2,1,2025-12-14,2025-12-19,5,Scheduled,Skin Disorder,Follow-up Required
A108525,P13175,8,2,2025-12-14,2025-12-17,3,Emergency,Cancer,Follow-up Required
A108526,P11809,9,2,2025-02-25,2025-02-28,3,Referral,Skin Disorder,Recovered
A108527,P13876,27,6,2025-04-18,2025-05-02,14,Scheduled,Skin Disorder,Recovered
A108528,P10643,28,6,2025-12-30,2026-01-03,4,Emergency,Heart Disease,Follow-up Required
A108529,P10703,37,8,2024-08-30,2024-09-05,6,Scheduled,Infection,Recovered
A108530,P12849,15,3,2024-12-19,2024-12-24,5,Scheduled,Heart Disease,Recovered
A108531,P12918,19,4,2025-01-22,2025-01-24,2,Scheduled,Migraine,Recovered
A108532,P13613,30,6,2024-06-26,2024-07-02,6,Scheduled,ENT Infection,Recovered
A108533,P11723,13,3,2025-04-19,2025-04-22,3,Scheduled,Skin Disorder,Recovered
A108534,P10849,45,9,2025-07-26,2025-08-02,7,Emergency,Cancer,Follow-up Required
A108535,P12555,6,2,2025-02-08,2025-02-13,5,Scheduled,Heart Disease,Recovered
A108536,P11463,30,6,2024-02-05,2024-02-08,3,Emergency,Asthma,Follow-up Required
A108537,P13830,1,1,2024-12-23,2024-12-26,3,Emergency,Migraine,Recovered
A108538,P13783,42,9,2025-07-11,2025-07-17,6,Scheduled,ENT Infection,Recovered
A108539,P10511,38,8,2025-08-29,2025-09-03,5,Emergency,Fracture,Recovered
A108540,P12157,25,5,2024-11-22,2024-11-28,6,Emergency,Asthma,Recovered
A108541,P12920,35,7,2024-02-13,2024-02-15,2,Scheduled,Cancer,Recovered
A108542,P10733,26,6,2024-11-15,2024-11-22,7,Referral,Cancer,Recovered
A108543,P12951,13,3,2025-10-19,2025-10-22,3,Scheduled,Heart Disease,Recovered
A108544,P13961,19,4,2025-04-16,2025-04-21,5,Emergency,Asthma,Recovered
A108545,P11238,10,2,2024-09-25,2024-09-27,2,Scheduled,Hypertension,Recovered
A108546,P11481,45,9,2025-06-08,2025-06-11,3,Scheduled,Hypertension,Recovered
A108547,P12466,7,2,2024-01-25,2024-01-30,5,Emergency,Hypertension,Follow-up Required
A108548,P12011,15,3,2025-10-01,2025-10-04,3,Emergency,Skin Disorder,Recovered
A108549,P14758,23,5,2025-07-04,2025-07-12,8,Emergency,ENT Infection,Follow-up Required
A108550,P12736,36,8,2024-06-05,2024-06-11,6,Scheduled,Skin Disorder,Recovered
A108551,P14200,43,9,2024-07-03,2024-07-11,8,Scheduled,ENT Infection,Deceased
A108552,P12760,31,7,2024-06-22,2024-06-26,4,Scheduled,Migraine,Recovered
A108553,P10578,8,2,2025-01-28,2025-01-29,1,Referral,Infection,Follow-up Required
A108554,P13497,30,6,2024-07-04,2024-07-09,5,Emergency,Fracture,Recovered
A108555,P10819,34,7,2024-10-07,2024-10-10,3,Referral,Diabetes,Transferred
A108556,P14175,33,7,2025-08-08,2025-08-12,4,Scheduled,Asthma,Follow-up Required
A108557,P11890,1,1,2024-10-21,2024-10-27,6,Emergency,Diabetes,Recovered
A108558,P10559,16,4,2025-06-11,2025-06-17,6,Referral,Infection,Recovered
A108559,P12934,50,10,2024-07-06,2024-07-07,1,Scheduled,Fracture,Recovered
A108560,P11620,11,3,2025-02-15,2025-02-22,7,Emergency,Fracture,Recovered
A108561,P10070,27,6,2025-11-14,2025-11-18,4,Emergency,Diabetes,Recovered
A108562,P11190,22,5,2024-07-04,2024-07-09,5,Emergency,Skin Disorder,Recovered
A108563,P12903,40,8,2025-06-27,2025-06-30,3,Referral,Heart Disease,Recovered
A108564,P14341,19,4,2025-07-28,2025-08-01,4,Emergency,Asthma,Recovered
A108565,P13117,44,9,2024-10-27,2024-11-02,6,Referral,ENT Infection,Recovered
A108566,P10684,6,2,2024-11-04,2024-11-11,7,Emergency,Skin Disorder,Recovered
A108567,P13911,48,10,2024-07-07,2024-07-10,3,Emergency,Cancer,Recovered
A108568,P13773,40,8,2025-02-14,2025-02-20,6,Emergency,Skin Disorder,Recovered
A108569,P10071,39,8,2025-06-21,2025-06-24,3,Scheduled,Infection,Recovered
A108570,P11263,20,4,2025-01-21,2025-01-29,8,Emergency,Skin Disorder,Recovered
A108571,P12156,3,1,2025-07-04,2025-07-09,5,Scheduled,ENT Infection,Recovered
A108572,P14818,1,1,2024-07-11,2024-07-18,7,Emergency,Skin Disorder,Recovered
A108573,P14398,23,5,2024-06-11,2024-06-15,4,Referral,Migraine,Recovered
A108574,P11372,38,8,2024-02-22,2024-02-24,2,Referral,Infection,Follow-up Required
A108575,P11916,3,1,2025-04-19,2025-04-23,4,Emergency,Migraine,Transferred
A108576,P13806,34,7,2024-06-22,2024-06-25,3,Scheduled,Hypertension,Follow-up Required
A108577,P14352,17,4,2024-07-14,2024-07-17,3,Referral,Infection,Recovered
A108578,P11548,48,10,2024-07-29,2024-07-31,2,Scheduled,Skin Disorder,Recovered
A108579,P13899,27,6,2025-11-30,2025-12-07,7,Scheduled,Migraine,Follow-up Required
A108580,P14456,39,8,2025-01-24,2025-01-25,1,Scheduled,Fracture,Deceased
A108581,P13556,23,5,2024-11-03,2024-11-11,8,Scheduled,Migraine,Recovered
A108582,P11214,38,8,2025-04-01,2025-04-03,2,Emergency,Fracture,Follow-up Required
A108583,P12141,11,3,2024-11-26,2024-12-10,14,Emergency,Skin Disorder,Follow-up Required
A108584,P10861,15,3,2025-12-26,2026-01-15,20,Emergency,ENT Infection,Deceased
A108585,P10990,26,6,2025-05-09,2025-05-13,4,Scheduled,Cancer,Recovered
A108586,P14580,11,3,2024-11-24,2024-12-14,20,Emergency,Migraine,Recovered
A108587,P12924,7,2,2024-01-29,2024-02-06,8,Emergency,Migraine,Recovered
A108588,P11433,47,10,2025-11-13,2025-11-14,1,Scheduled,Migraine,Recovered
A108589,P10341,48,10,2024-05-01,2024-05-13,12,Emergency,Infection,Recovered
A108590,P12378,8,2,2025-04-02,2025-04-03,1,Emergency,ENT Infection,Transferred
A108591,P11199,5,1,2025-02-21,2025-02-23,2,Scheduled,Infection,Follow-up Required
A108592,P11468,17,4,2024-06-07,2024-06-12,5,Referral,Heart Disease,Recovered
A108593,P14297,23,5,2025-08-20,2025-08-21,1,Emergency,Hypertension,Recovered
A108594,P14839,2,1,2025-05-30,2025-06-01,2,Emergency,Cancer,Recovered
A108595,P14194,27,6,2024-01-02,2024-01-14,12,Emergency,ENT Infection,Deceased
A108596,P11292,21,5,2025-10-06,2025-10-26,20,Referral,Fracture,Recovered
A108597,P14935,7,2,2024-10-28,2024-11-04,7,Scheduled,Fracture,Recovered
A108598,P10352,38,8,2024-03-19,2024-03-23,4,Emergency,Skin Disorder,Recovered
A108599,P11302,26,6,2025-10-20,2025-10-30,10,Scheduled,Infection,Recovered
A108600,P13640,30,6,2025-11-08,2025-11-10,2,Emergency,Infection,Recovered
A108601,P13088,12,3,2024-11-10,2024-11-22,12,Emergency,Cancer,Recovered
A108602,P10456,48,10,2024-11-23,2024-11-26,3,Emergency,Hypertension,Follow-up Required
A108603,P13251,11,3,2024-10-02,2024-10-10,8,Emergency,Skin Disorder,Recovered
A108604,P11158,17,4,2025-12-16,2025-12-22,6,Scheduled,Hypertension,Recovered
A108605,P10258,10,2,2025-03-27,2025-04-10,14,Scheduled,ENT Infection,Deceased
A108606,P12110,48,10,2025-07-18,2025-07-26,8,Scheduled,Migraine,Recovered
A108607,P10482,16,4,2025-04-30,2025-05-08,8,Scheduled,Skin Disorder,Recovered
A108608,P14731,15,3,2024-04-16,2024-04-21,5,Scheduled,Heart Disease,Recovered
A108609,P13114,15,3,2025-07-20,2025-07-28,8,Scheduled,Diabetes,Follow-up Required
A108610,P11397,20,4,2024-09-02,2024-09-09,7,Scheduled,Diabetes,Recovered
A108611,P12627,4,1,2024-06-12,2024-06-14,2,Emergency,Infection,Recovered
A108612,P10648,32,7,2025-06-10,2025-06-15,5,Scheduled,Migraine,Recovered
A108613,P11612,22,5,2024-01-01,2024-01-03,2,Referral,Cancer,Transferred
A108614,P13826,35,7,2024-05-16,2024-05-24,8,Scheduled,Migraine,Recovered
A108615,P14589,14,3,2024-05-30,2024-05-31,1,Scheduled,Diabetes,Recovered
A108616,P14587,30,6,2024-06-28,2024-07-18,20,Emergency,Infection,Recovered
A108617,P12269,31,7,2025-05-01,2025-05-05,4,Referral,Infection,Recovered
A108618,P13885,10,2,2025-11-30,2025-12-02,2,Referral,Diabetes,Recovered
A108619,P12755,6,2,2024-01-18,2024-01-30,12,Referral,Asthma,Recovered
A108620,P14983,27,6,2024-08-12,2024-08-13,1,Emergency,Migraine,Follow-up Required
A108621,P13587,11,3,2024-04-14,2024-04-18,4,Referral,Fracture,Recovered
A108622,P13385,36,8,2025-12-18,2025-12-25,7,Emergency,ENT Infection,Recovered
A108623,P14590,10,2,2025-11-28,2025-12-01,3,Scheduled,Cancer,Recovered
A108624,P10759,16,4,2024-03-05,2024-03-09,4,Scheduled,Cancer,Recovered
A108625,P10633,24,5,2024-11-28,2024-12-04,6,Referral,Migraine,Follow-up Required
A108626,P13585,21,5,2025-01-06,2025-01-18,12,Scheduled,Fracture,Recovered
A108627,P10330,40,8,2024-07-25,2024-07-27,2,Scheduled,Skin Disorder,Recovered
A108628,P13020,41,9,2024-08-16,2024-08-18,2,Referral,Migraine,Recovered
A108629,P10010,36,8,2025-08-03,2025-08-07,4,Scheduled,Fracture,Recovered
A108630,P14054,49,10,2024-05-21,2024-05-25,4,Scheduled,Diabetes,Recovered
A108631,P12175,42,9,2025-12-18,2025-12-22,4,Emergency,Asthma,Recovered
A108632,P10985,45,9,2025-11-16,2025-11-19,3,Scheduled,Migraine,Recovered
A108633,P10669,23,5,2025-12-09,2025-12-14,5,Emergency,Asthma,Recovered
A108634,P12279,21,5,2024-11-26,2024-12-04,8,Referral,Hypertension,Follow-up Required
A108635,P10442,32,7,2025-12-09,2025-12-11,2,Referral,Asthma,Recovered
A108636,P12926,17,4,2024-09-27,2024-09-29,2,Emergency,Migraine,Recovered
A108637,P14021,17,4,2025-12-11,2025-12-17,6,Scheduled,Infection,Recovered
A108638,P10274,21,5,2024-11-20,2024-11-21,1,Emergency,Hypertension,Recovered
A108639,P14714,4,1,2025-06-10,2025-06-16,6,Emergency,Heart Disease,Recovered
A108640,P11027,23,5,2025-12-28,2025-12-31,3,Scheduled,Diabetes,Recovered
A108641,P12374,25,5,2025-06-30,2025-07-03,3,Emergency,Asthma,Recovered
A108642,P14349,32,7,2024-03-09,2024-03-13,4,Emergency,Hypertension,Recovered
A108643,P11558,6,2,2024-07-30,2024-08-02,3,Scheduled,Heart Disease,Recovered
A108644,P13127,14,3,2025-07-11,2025-07-19,8,Emergency,Fracture,Follow-up Required
A108645,P12934,41,9,2025-01-16,2025-01-28,12,Scheduled,Asthma,Recovered
A108646,P10448,38,8,2025-02-23,2025-02-28,5,Emergency,Migraine,Recovered
A108647,P13369,42,9,2025-08-19,2025-08-24,5,Referral,Migraine,Recovered
A108648,P13694,38,8,2024-02-17,2024-02-18,1,Scheduled,Migraine,Recovered
A108649,P13807,41,9,2024-08-18,2024-08-24,6,Scheduled,Hypertension,Deceased
A108650,P14565,45,9,2025-08-01,2025-08-06,5,Emergency,Cancer,Recovered
A108651,P13997,16,4,2025-04-21,2025-04-22,1,Emergency,ENT Infection,Recovered
A108652,P13318,32,7,2024-03-29,2024-03-31,2,Referral,Diabetes,Recovered
A108653,P10070,16,4,2025-12-31,2026-01-02,2,Scheduled,Asthma,Follow-up Required
A108654,P14577,19,4,2024-02-21,2024-02-23,2,Scheduled,Infection,Recovered
A108655,P12578,37,8,2025-06-17,2025-06-23,6,Referral,ENT Infection,Follow-up Required
A108656,P14586,43,9,2025-02-25,2025-03-07,10,Emergency,ENT Infection,Transferred
A108657,P14599,21,5,2025-09-02,2025-09-09,7,Scheduled,Fracture,Follow-up Required
A108658,P13057,15,3,2025-03-21,2025-03-25,4,Emergency,Cancer,Recovered
A108659,P10117,26,6,2024-05-10,2024-05-14,4,Scheduled,Hypertension,Recovered
A108660,P11814,30,6,2025-08-22,2025-08-25,3,Emergency,Skin Disorder,Recovered
A108661,P10904,40,8,2025-10-09,2025-10-14,5,Emergency,Fracture,Recovered
A108662,P14524,15,3,2025-01-08,2025-01-11,3,Scheduled,ENT Infection,Follow-up Required
A108663,P10494,43,9,2025-07-04,2025-07-06,2,Scheduled,Skin Disorder,Recovered
A108664,P13859,13,3,2025-06-13,2025-06-18,5,Referral,Diabetes,Recovered
A108665,P12684,27,6,2024-04-14,2024-04-18,4,Scheduled,ENT Infection,Recovered
A108666,P14176,23,5,2025-01-21,2025-01-22,1,Scheduled,Cancer,Recovered
A108667,P13731,34,7,2025-10-19,2025-10-20,1,Scheduled,Migraine,Follow-up Required
A108668,P14691,34,7,2024-12-01,2024-12-04,3,Scheduled,Infection,Recovered
A108669,P11541,23,5,2024-04-26,2024-04-30,4,Scheduled,Migraine,Follow-up Required
A108670,P10626,44,9,2024-01-01,2024-01-04,3,Emergency,Asthma,Transferred
A108671,P14380,20,4,2025-09-20,2025-09-21,1,Scheduled,Infection,Follow-up Required
A108672,P14859,9,2,2025-06-21,2025-06-23,2,Scheduled,Skin Disorder,Recovered
A108673,P10838,20,4,2025-03-11,2025-03-12,1,Referral,Asthma,Follow-up Required
A108674,P12016,47,10,2025-05-10,2025-05-22,12,Referral,Hypertension,Recovered
A108675,P12016,39,8,2024-01-12,2024-01-15,3,Scheduled,Hypertension,Recovered
A108676,P13080,14,3,2024-10-20,2024-10-21,1,Scheduled,Hypertension,Recovered
A108677,P10072,49,10,2025-05-22,2025-05-28,6,Scheduled,ENT Infection,Recovered
A108678,P13453,26,6,2025-11-11,2025-11-13,2,Emergency,Migraine,Recovered
A108679,P14749,27,6,2025-07-18,2025-07-23,5,Scheduled,Asthma,Recovered
A108680,P13879,34,7,2024-05-07,2024-05-09,2,Referral,Asthma,Deceased
A108681,P10064,29,6,2024-03-16,2024-03-30,14,Referral,Skin Disorder,Follow-up Required
A108682,P10030,32,7,2024-09-25,2024-10-09,14,Scheduled,ENT Infection,Follow-up Required
A108683,P13972,41,9,2024-05-25,2024-05-31,6,Scheduled,Hypertension,Recovered
A108684,P14653,45,9,2025-02-06,2025-02-12,6,Emergency,Heart Disease,Recovered
A108685,P12326,5,1,2025-05-13,2025-05-17,4,Emergency,Fracture,Recovered
A108686,P14373,4,1,2025-07-13,2025-07-27,14,Referral,Skin Disorder,Follow-up Required
A108687,P14766,23,5,2024-07-17,2024-07-21,4,Scheduled,Hypertension,Transferred
A108688,P12880,21,5,2025-08-05,2025-08-07,2,Scheduled,Cancer,Follow-up Required
A108689,P12189,33,7,2025-05-17,2025-05-19,2,Scheduled,Heart Disease,Follow-up Required
A108690,P12782,41,9,2025-08-26,2025-08-28,2,Scheduled,Cancer,Recovered
A108691,P14122,24,5,2025-02-06,2025-02-11,5,Scheduled,Diabetes,Recovered
A108692,P12146,16,4,2024-07-27,2024-07-30,3,Scheduled,Asthma,Recovered
A108693,P10276,32,7,2024-12-07,2024-12-13,6,Scheduled,Diabetes,Recovered
A108694,P11267,19,4,2024-02-17,2024-02-20,3,Referral,Infection,Follow-up Required
A108695,P13974,26,6,2025-06-24,2025-07-02,8,Scheduled,Asthma,Transferred
A108696,P14105,3,1,2024-06-24,2024-06-29,5,Referral,Infection,Recovered
A108697,P12944,35,7,2025-05-25,2025-05-30,5,Referral,Skin Disorder,Follow-up Required
A108698,P12981,39,8,2024-01-19,2024-01-24,5,Scheduled,ENT Infection,Recovered
A108699,P12320,18,4,2025-05-09,2025-05-17,8,Emergency,Skin Disorder,Recovered
A108700,P10032,7,2,2024-12-20,2024-12-21,1,Emergency,Asthma,Recovered
A108701,P10852,32,7,2025-07-12,2025-07-13,1,Emergency,Cancer,Recovered
A108702,P10605,24,5,2024-12-10,2024-12-16,6,Referral,ENT Infection,Follow-up Required
A108703,P13200,16,4,2024-02-29,2024-03-07,7,Referral,Asthma,Recovered
A108704,P12065,24,5,2025-11-18,2025-11-22,4,Emergency,ENT Infection,Recovered
A108705,P13545,4,1,2024-08-16,2024-08-19,3,Emergency,Diabetes,Follow-up Required
A108706,P12349,45,9,2024-05-26,2024-05-29,3,Referral,Migraine,Recovered
A108707,P11808,32,7,2024-10-24,2024-10-26,2,Emergency,Migraine,Follow-up Required
A108708,P13860,42,9,2024-11-28,2024-12-08,10,Referral,Fracture,Follow-up Required
A108709,P14138,34,7,2024-11-27,2024-11-30,3,Scheduled,Skin Disorder,Recovered
A108710,P12199,19,4,2025-03-08,2025-03-13,5,Referral,Diabetes,Recovered
A108711,P13873,14,3,2025-02-02,2025-02-09,7,Scheduled,Infection,Recovered
A108712,P13563,38,8,2025-11-30,2025-12-01,1,Emergency,Asthma,Recovered
A108713,P13199,13,3,2024-11-30,2024-12-01,1,Scheduled,Heart Disease,Recovered
A108714,P14505,22,5,2024-07-27,2024-07-30,3,Referral,Infection,Recovered
A108715,P11893,31,7,2025-02-14,2025-02-20,6,Emergency,Cancer,Follow-up Required
A108716,P14440,44,9,2025-08-09,2025-08-12,3,Scheduled,Fracture,Recovered
A108717,P13170,44,9,2025-11-25,2025-11-26,1,Scheduled,Cancer,Recovered
A108718,P12948,30,6,2025-08-21,2025-08-24,3,Referral,Asthma,Recovered
A108719,P14124,23,5,2024-09-27,2024-09-28,1,Emergency,Migraine,Recovered
A108720,P13101,12,3,2024-06-28,2024-06-30,2,Scheduled,Cancer,Deceased
A108721,P13922,43,9,2025-02-18,2025-02-21,3,Emergency,Asthma,Follow-up Required
A108722,P14730,14,3,2024-12-11,2024-12-13,2,Scheduled,ENT Infection,Recovered
A108723,P14308,36,8,2025-06-02,2025-06-08,6,Scheduled,Cancer,Transferred
A108724,P14784,45,9,2025-03-13,2025-03-16,3,Emergency,Asthma,Recovered
A108725,P13689,8,2,2024-01-13,2024-01-19,6,Referral,Fracture,Follow-up Required
A108726,P10072,24,5,2025-02-07,2025-02-12,5,Scheduled,Diabetes,Recovered
A108727,P12158,3,1,2025-01-14,2025-01-24,10,Scheduled,Heart Disease,Recovered
A108728,P11137,14,3,2025-11-22,2025-11-23,1,Scheduled,Infection,Follow-up Required
A108729,P14328,50,10,2025-02-24,2025-02-26,2,Scheduled,Asthma,Recovered
A108730,P14078,11,3,2024-06-28,2024-07-06,8,Emergency,Asthma,Recovered
A108731,P10043,45,9,2025-09-29,2025-10-06,7,Referral,Skin Disorder,Follow-up Required
A108732,P14361,38,8,2024-10-09,2024-10-11,2,Emergency,Migraine,Recovered
A108733,P11832,28,6,2025-02-21,2025-02-23,2,Scheduled,Skin Disorder,Recovered
A108734,P10046,23,5,2024-12-21,2024-12-29,8,Emergency,Hypertension,Recovered
A108735,P13642,18,4,2025-12-02,2025-12-04,2,Scheduled,Heart Disease,Follow-up Required
A108736,P11676,20,4,2024-01-16,2024-01-24,8,Referral,Migraine,Recovered
A108737,P13353,33,7,2024-11-10,2024-11-24,14,Scheduled,Infection,Recovered
A108738,P11270,2,1,2025-06-16,2025-06-18,2,Emergency,Migraine,Recovered
A108739,P13984,39,8,2024-01-16,2024-01-24,8,Emergency,Fracture,Recovered
A108740,P13964,37,8,2025-04-09,2025-04-13,4,Referral,Migraine,Recovered
A108741,P13024,26,6,2025-04-07,2025-04-14,7,Emergency,Hypertension,Recovered
A108742,P12791,2,1,2025-06-28,2025-07-02,4,Referral,Migraine,Recovered
A108743,P13171,3,1,2025-11-24,2025-11-25,1,Emergency,Skin Disorder,Recovered
A108744,P14823,20,4,2024-03-09,2024-03-15,6,Scheduled,Heart Disease,Recovered
A108745,P11013,10,2,2025-02-14,2025-02-16,2,Scheduled,ENT Infection,Follow-up Required
A108746,P14590,42,9,2024-02-21,2024-03-02,10,Emergency,Asthma,Follow-up Required
A108747,P13508,21,5,2024-03-05,2024-03-09,4,Scheduled,Skin Disorder,Recovered
A108748,P14803,40,8,2025-04-11,2025-04-12,1,Scheduled,Asthma,Recovered
A108749,P12072,9,2,2024-09-28,2024-09-30,2,Scheduled,ENT Infection,Recovered
A108750,P12006,2,1,2025-03-14,2025-03-22,8,Scheduled,Asthma,Follow-up Required
A108751,P12318,28,6,2025-06-13,2025-06-16,3,Referral,Asthma,Recovered
A108752,P14834,3,1,2025-12-30,2026-01-07,8,Scheduled,Infection,Recovered
A108753,P12176,16,4,2024-09-29,2024-10-01,2,Emergency,Asthma,Follow-up Required
A108754,P14639,4,1,2025-04-03,2025-04-07,4,Scheduled,Cancer,Recovered
A108755,P11787,23,5,2024-06-21,2024-06-29,8,Emergency,Diabetes,Recovered
A108756,P13130,30,6,2025-07-21,2025-07-22,1,Emergency,Cancer,Recovered
A108757,P12373,38,8,2025-06-04,2025-06-07,3,Scheduled,Fracture,Transferred
A108758,P11461,13,3,2025-05-11,2025-05-21,10,Scheduled,Diabetes,Recovered
A108759,P11465,6,2,2025-06-17,2025-06-22,5,Scheduled,Skin Disorder,Recovered
A108760,P13042,10,2,2024-03-12,2024-03-18,6,Scheduled,Migraine,Recovered
A108761,P11059,17,4,2024-06-20,2024-06-28,8,Emergency,Heart Disease,Recovered
A108762,P10972,8,2,2025-09-26,2025-09-30,4,Scheduled,Heart Disease,Recovered
A108763,P12391,9,2,2025-08-25,2025-09-02,8,Scheduled,Skin Disorder,Recovered
A108764,P13000,34,7,2024-10-18,2024-10-23,5,Emergency,Migraine,Recovered
A108765,P12505,17,4,2024-09-08,2024-09-14,6,Referral,ENT Infection,Recovered
A108766,P10899,43,9,2025-02-12,2025-02-14,2,Emergency,Infection,Recovered
A108767,P11814,50,10,2025-01-01,2025-01-13,12,Scheduled,Diabetes,Follow-up Required
A108768,P11503,22,5,2024-09-12,2024-09-19,7,Referral,Asthma,Follow-up Required
A108769,P10343,3,1,2025-06-08,2025-06-11,3,Scheduled,Hypertension,Recovered
A108770,P13861,41,9,2025-03-15,2025-03-20,5,Emergency,Cancer,Follow-up Required
A108771,P13352,40,8,2024-11-30,2024-12-03,3,Emergency,Hypertension,Recovered
A108772,P12861,29,6,2025-09-21,2025-09-27,6,Emergency,Heart Disease,Recovered
A108773,P11249,39,8,2025-03-10,2025-03-30,20,Scheduled,Asthma,Recovered
A108774,P11209,27,6,2025-11-20,2025-11-21,1,Emergency,Cancer,Recovered
A108775,P14391,39,8,2025-04-05,2025-04-17,12,Emergency,ENT Infection,Follow-up Required
A108776,P12140,40,8,2024-11-03,2024-11-04,1,Scheduled,Hypertension,Recovered
A108777,P11611,37,8,2025-11-03,2025-11-07,4,Emergency,ENT Infection,Recovered
A108778,P11980,3,1,2024-04-04,2024-04-08,4,Scheduled,Fracture,Recovered
A108779,P12798,19,4,2025-02-12,2025-02-15,3,Scheduled,Heart Disease,Recovered
A108780,P10557,34,7,2024-06-16,2024-06-21,5,Emergency,Hypertension,Recovered
A108781,P13995,14,3,2024-03-27,2024-04-04,8,Scheduled,Migraine,Recovered
A108782,P14405,21,5,2024-01-03,2024-01-06,3,Emergency,Cancer,Recovered
A108783,P13687,2,1,2025-01-06,2025-01-07,1,Referral,Infection,Recovered
A108784,P11153,10,2,2025-06-11,2025-06-16,5,Emergency,Heart Disease,Recovered
A108785,P13745,42,9,2025-10-03,2025-10-10,7,Emergency,Migraine,Follow-up Required
A108786,P13622,17,4,2024-01-23,2024-02-04,12,Scheduled,Migraine,Recovered
A108787,P13360,2,1,2024-04-07,2024-04-09,2,Emergency,Cancer,Follow-up Required
A108788,P10973,27,6,2025-10-31,2025-11-10,10,Scheduled,Asthma,Recovered
A108789,P13908,1,1,2025-06-05,2025-06-09,4,Scheduled,Heart Disease,Recovered
A108790,P13729,50,10,2024-11-16,2024-11-18,2,Emergency,Infection,Recovered
A108791,P13412,36,8,2025-06-17,2025-07-01,14,Scheduled,Hypertension,Deceased
A108792,P13067,33,7,2025-01-01,2025-01-03,2,Emergency,Diabetes,Recovered
A108793,P11292,22,5,2024-07-02,2024-07-08,6,Emergency,Infection,Recovered
A108794,P14314,49,10,2025-02-20,2025-02-27,7,Scheduled,Diabetes,Recovered
A108795,P12861,35,7,2025-12-29,2026-01-02,4,Referral,Diabetes,Recovered
A108796,P10164,34,7,2024-08-01,2024-08-07,6,Scheduled,ENT Infection,Recovered
A108797,P13920,18,4,2025-10-31,2025-11-05,5,Emergency,Infection,Recovered
A108798,P11715,36,8,2024-07-28,2024-07-30,2,Scheduled,ENT Infection,Recovered
A108799,P13463,3,1,2024-05-12,2024-05-19,7,Emergency,Fracture,Recovered
A108800,P11441,44,9,2024-02-22,2024-03-03,10,Emergency,Skin Disorder,Recovered
A108801,P12096,16,4,2025-11-25,2025-11-29,4,Scheduled,Infection,Follow-up Required
A108802,P10801,11,3,2024-01-23,2024-02-12,20,Scheduled,ENT Infection,Follow-up Required
A108803,P12766,10,2,2024-04-15,2024-04-19,4,Emergency,ENT Infection,Recovered
A108804,P12661,42,9,2025-08-25,2025-08-29,4,Scheduled,Asthma,Recovered
A108805,P11691,21,5,2025-09-22,2025-09-28,6,Scheduled,Fracture,Recovered
A108806,P10234,25,5,2025-04-04,2025-04-06,2,Scheduled,Cancer,Recovered
A108807,P11877,35,7,2025-10-11,2025-10-21,10,Scheduled,Migraine,Recovered
A108808,P10962,6,2,2025-04-26,2025-05-03,7,Scheduled,Cancer,Recovered
A108809,P13371,46,10,2024-04-29,2024-05-07,8,Scheduled,Cancer,Recovered
A108810,P11046,44,9,2025-11-03,2025-11-08,5,Emergency,Skin Disorder,Follow-up Required
A108811,P14482,8,2,2024-07-26,2024-08-03,8,Emergency,Skin Disorder,Recovered
A108812,P14460,34,7,2024-11-13,2024-11-19,6,Referral,Infection,Recovered
A108813,P11408,41,9,2024-12-03,2024-12-07,4,Scheduled,ENT Infection,Follow-up Required
A108814,P10208,46,10,2024-06-03,2024-06-15,12,Scheduled,Infection,Recovered
A108815,P14371,1,1,2024-06-03,2024-06-07,4,Referral,Asthma,Recovered
A108816,P11753,3,1,2025-01-28,2025-02-01,4,Scheduled,Skin Disorder,Recovered
A108817,P10496,38,8,2025-05-19,2025-05-21,2,Scheduled,Cancer,Follow-up Required
A108818,P10902,27,6,2024-11-08,2024-11-20,12,Scheduled,Hypertension,Recovered
A108819,P13599,13,3,2024-09-15,2024-09-17,2,Emergency,Cancer,Recovered
A108820,P12207,43,9,2024-06-05,2024-06-07,2,Referral,Diabetes,Deceased
A108821,P11750,47,10,2024-01-14,2024-01-16,2,Scheduled,Skin Disorder,Follow-up Required
A108822,P10460,50,10,2024-03-17,2024-03-21,4,Emergency,Asthma,Follow-up Required
A108823,P14490,19,4,2024-12-04,2024-12-07,3,Emergency,Migraine,Recovered
A108824,P10917,19,4,2025-02-12,2025-02-18,6,Referral,Infection,Recovered
A108825,P14260,6,2,2025-01-28,2025-01-31,3,Emergency,Fracture,Deceased
A108826,P14735,47,10,2024-08-07,2024-08-13,6,Emergency,Skin Disorder,Recovered
A108827,P13402,14,3,2025-03-08,2025-03-10,2,Scheduled,ENT Infection,Recovered
A108828,P14666,5,1,2025-03-30,2025-04-01,2,Referral,Cancer,Transferred
A108829,P12195,43,9,2025-10-15,2025-10-22,7,Scheduled,Hypertension,Recovered
A108830,P10960,45,9,2024-05-19,2024-05-22,3,Referral,Hypertension,Recovered
A108831,P14864,45,9,2025-05-12,2025-05-14,2,Referral,Heart Disease,Recovered
A108832,P12158,36,8,2025-10-15,2025-10-29,14,Referral,Cancer,Recovered
A108833,P10394,9,2,2025-10-02,2025-10-04,2,Scheduled,Cancer,Recovered
A108834,P13633,23,5,2025-06-13,2025-06-15,2,Scheduled,Diabetes,Follow-up Required
A108835,P14539,32,7,2025-11-06,2025-11-09,3,Emergency,Hypertension,Recovered
A108836,P14059,29,6,2024-04-05,2024-04-06,1,Emergency,Fracture,Recovered
A108837,P14843,45,9,2024-01-28,2024-01-30,2,Scheduled,Diabetes,Follow-up Required
A108838,P12178,28,6,2024-08-17,2024-08-25,8,Emergency,Migraine,Transferred
A108839,P11867,40,8,2025-02-19,2025-02-21,2,Scheduled,Infection,Recovered
A108840,P11800,11,3,2025-03-31,2025-04-02,2,Emergency,ENT Infection,Recovered
A108841,P10505,19,4,2024-01-25,2024-02-02,8,Emergency,ENT Infection,Deceased
A108842,P10720,1,1,2025-11-17,2025-11-21,4,Referral,Migraine,Recovered
A108843,P11988,9,2,2025-02-07,2025-02-09,2,Scheduled,Hypertension,Recovered
A108844,P10875,2,1,2025-11-03,2025-11-08,5,Scheduled,ENT Infection,Recovered
A108845,P12879,4,1,2025-06-25,2025-06-26,1,Scheduled,Migraine,Recovered
A108846,P10634,29,6,2024-06-13,2024-06-17,4,Scheduled,Asthma,Recovered
A108847,P14378,4,1,2024-07-26,2024-07-31,5,Emergency,Skin Disorder,Recovered
A108848,P12421,1,1,2025-09-05,2025-09-17,12,Scheduled,Hypertension,Recovered
A108849,P11325,28,6,2025-01-07,2025-01-10,3,Scheduled,Heart Disease,Recovered
A108850,P11009,18,4,2025-09-09,2025-09-16,7,Emergency,Migraine,Recovered
A108851,P12334,46,10,2024-03-09,2024-03-11,2,Emergency,Hypertension,Recovered
A108852,P11140,13,3,2025-06-03,2025-06-07,4,Scheduled,Infection,Follow-up Required
A108853,P13221,40,8,2025-09-26,2025-09-28,2,Scheduled,Hypertension,Recovered
A108854,P10404,6,2,2024-12-18,2024-12-22,4,Referral,ENT Infection,Follow-up Required
A108855,P13754,49,10,2024-04-10,2024-04-14,4,Referral,ENT Infection,Recovered
A108856,P13191,43,9,2024-01-01,2024-01-15,14,Emergency,Heart Disease,Recovered
A108857,P10696,47,10,2024-12-16,2024-12-26,10,Scheduled,Hypertension,Recovered
A108858,P10908,39,8,2024-01-07,2024-01-12,5,Referral,Skin Disorder,Follow-up Required
A108859,P13848,22,5,2024-11-13,2024-11-15,2,Referral,Infection,Recovered
A108860,P13165,30,6,2025-09-14,2025-09-19,5,Emergency,ENT Infection,Deceased
A108861,P11927,27,6,2025-05-23,2025-05-30,7,Emergency,Skin Disorder,Follow-up Required
A108862,P10121,8,2,2024-07-04,2024-07-05,1,Emergency,Skin Disorder,Recovered
A108863,P12866,43,9,2025-12-28,2026-01-01,4,Scheduled,Skin Disorder,Follow-up Required
A108864,P13732,28,6,2025-04-06,2025-04-07,1,Emergency,ENT Infection,Recovered
A108865,P13916,2,1,2024-12-08,2024-12-11,3,Scheduled,Migraine,Recovered
A108866,P13592,20,4,2025-09-26,2025-09-27,1,Scheduled,Infection,Recovered
A108867,P13577,11,3,2025-12-13,2025-12-27,14,Referral,Asthma,Recovered
A108868,P14487,14,3,2024-01-08,2024-01-10,2,Emergency,Asthma,Recovered
A108869,P12415,24,5,2025-07-29,2025-07-31,2,Emergency,Heart Disease,Recovered
A108870,P10841,13,3,2024-05-15,2024-05-29,14,Referral,ENT Infection,Recovered
A108871,P12806,8,2,2025-01-17,2025-01-21,4,Scheduled,Asthma,Recovered
A108872,P13307,44,9,2024-07-04,2024-07-11,7,Referral,ENT Infection,Recovered
A108873,P13434,21,5,2025-09-30,2025-10-03,3,Emergency,Asthma,Recovered
A108874,P11466,22,5,2025-01-06,2025-01-11,5,Referral,Migraine,Recovered
A108875,P11857,9,2,2025-07-14,2025-07-15,1,Scheduled,Fracture,Recovered
A108876,P12236,42,9,2024-06-14,2024-06-18,4,Emergency,ENT Infection,Follow-up Required
A108877,P10404,43,9,2025-09-30,2025-10-05,5,Scheduled,Migraine,Deceased
A108878,P10413,11,3,2024-11-16,2024-11-20,4,Referral,Infection,Transferred
A108879,P11538,16,4,2025-11-19,2025-11-23,4,Scheduled,Fracture,Recovered
A108880,P14250,50,10,2025-12-15,2025-12-22,7,Emergency,Skin Disorder,Recovered
A108881,P10217,9,2,2024-06-05,2024-06-09,4,Scheduled,Fracture,Recovered
A108882,P11025,3,1,2025-12-31,2026-01-05,5,Referral,Skin Disorder,Follow-up Required
A108883,P12814,36,8,2024-10-11,2024-10-13,2,Emergency,ENT Infection,Recovered
A108884,P14895,42,9,2024-01-28,2024-02-05,8,Emergency,Skin Disorder,Recovered
A108885,P10806,13,3,2024-12-16,2024-12-19,3,Emergency,Infection,Recovered
A108886,P13350,1,1,2024-03-23,2024-03-27,4,Emergency,Infection,Recovered
A108887,P12817,44,9,2025-09-15,2025-09-18,3,Emergency,ENT Infection,Recovered
A108888,P12810,11,3,2025-10-27,2025-11-06,10,Scheduled,Hypertension,Recovered
A108889,P11272,24,5,2025-01-04,2025-01-14,10,Scheduled,Diabetes,Recovered
A108890,P10434,5,1,2025-06-24,2025-06-26,2,Scheduled,Heart Disease,Recovered
A108891,P10429,2,1,2025-01-29,2025-02-05,7,Scheduled,Heart Disease,Recovered
A108892,P11188,17,4,2025-04-24,2025-04-26,2,Emergency,Heart Disease,Recovered
A108893,P14258,17,4,2024-07-31,2024-08-01,1,Scheduled,Skin Disorder,Recovered
A108894,P12555,20,4,2025-09-05,2025-09-13,8,Scheduled,Diabetes,Transferred
A108895,P12313,15,3,2024-12-25,2024-12-27,2,Referral,Hypertension,Recovered
A108896,P11996,4,1,2024-08-01,2024-08-03,2,Scheduled,Hypertension,Recovered
A108897,P12158,11,3,2024-10-30,2024-11-04,5,Emergency,Asthma,Recovered
A108898,P14996,23,5,2024-06-03,2024-06-10,7,Scheduled,Infection,Recovered
A108899,P11743,1,1,2025-01-14,2025-01-16,2,Emergency,Diabetes,Follow-up Required
A108900,P11343,42,9,2024-07-18,2024-07-20,2,Referral,Diabetes,Recovered
A108901,P11156,50,10,2025-11-10,2025-11-11,1,Scheduled,Cancer,Recovered
A108902,P13205,47,10,2024-08-25,2024-08-26,1,Scheduled,Infection,Recovered
A108903,P10394,4,1,2025-11-01,2025-11-03,2,Scheduled,Fracture,Transferred
A108904,P13643,38,8,2025-12-05,2025-12-17,12,Emergency,Infection,Recovered
A108905,P14818,2,1,2024-06-15,2024-06-16,1,Scheduled,Fracture,Follow-up Required
A108906,P12041,45,9,2024-08-13,2024-08-18,5,Scheduled,Migraine,Recovered
A108907,P12079,27,6,2024-09-07,2024-09-17,10,Emergency,Cancer,Recovered
A108908,P12865,34,7,2024-10-06,2024-10-11,5,Scheduled,Fracture,Recovered
A108909,P13462,13,3,2025-04-20,2025-04-21,1,Referral,Infection,Recovered
A108910,P14257,47,10,2025-05-12,2025-05-17,5,Emergency,Diabetes,Follow-up Required
A108911,P11330,18,4,2025-06-18,2025-06-28,10,Emergency,Diabetes,Recovered
A108912,P11647,11,3,2025-12-01,2025-12-04,3,Referral,Skin Disorder,Recovered
A108913,P12656,5,1,2025-02-14,2025-02-17,3,Emergency,ENT Infection,Recovered
A108914,P12386,29,6,2025-03-04,2025-03-07,3,Emergency,Cancer,Follow-up Required
A108915,P12838,25,5,2025-06-22,2025-06-26,4,Scheduled,Heart Disease,Follow-up Required
A108916,P14433,14,3,2025-03-18,2025-03-20,2,Scheduled,Infection,Transferred
A108917,P13306,48,10,2024-07-28,2024-08-03,6,Referral,Hypertension,Recovered
A108918,P13321,46,10,2025-06-30,2025-07-05,5,Scheduled,Fracture,Recovered
A108919,P13877,41,9,2025-12-10,2025-12-14,4,Referral,Fracture,Recovered
A108920,P13527,38,8,2025-05-05,2025-05-11,6,Scheduled,Cancer,Recovered
A108921,P14159,41,9,2025-04-15,2025-04-16,1,Scheduled,Fracture,Recovered
A108922,P14915,37,8,2025-11-16,2025-11-22,6,Emergency,Skin Disorder,Follow-up Required
A108923,P12305,11,3,2025-12-30,2026-01-04,5,Scheduled,ENT Infection,Transferred
A108924,P11272,44,9,2025-07-21,2025-07-26,5,Referral,Infection,Recovered
A108925,P11288,32,7,2025-10-25,2025-10-26,1,Emergency,ENT Infection,Follow-up Required
A108926,P14945,49,10,2025-04-07,2025-04-12,5,Emergency,Migraine,Recovered
A108927,P10361,6,2,2025-07-03,2025-07-07,4,Scheduled,Cancer,Recovered
A108928,P11975,6,2,2025-04-21,2025-04-25,4,Scheduled,Fracture,Follow-up Required
A108929,P12928,47,10,2024-07-16,2024-07-19,3,Emergency,ENT Infection,Recovered
A108930,P13465,49,10,2025-06-04,2025-06-05,1,Referral,Asthma,Recovered
A108931,P12227,22,5,2025-05-13,2025-05-17,4,Scheduled,Migraine,Transferred
A108932,P11851,3,1,2025-05-25,2025-05-29,4,Emergency,ENT Infection,Recovered
A108933,P12547,19,4,2025-11-20,2025-11-24,4,Referral,Heart Disease,Transferred
A108934,P12725,34,7,2024-11-20,2024-11-25,5,Emergency,Cancer,Follow-up Required
A108935,P13675,41,9,2025-11-18,2025-11-21,3,Referral,Asthma,Follow-up Required
A108936,P13906,41,9,2025-04-11,2025-04-14,3,Emergency,Fracture,Recovered
A108937,P13776,7,2,2025-08-18,2025-08-22,4,Emergency,Hypertension,Deceased
A108938,P14388,16,4,2024-05-18,2024-05-23,5,Scheduled,ENT Infection,Follow-up Required
A108939,P14684,38,8,2024-08-29,2024-09-03,5,Scheduled,Hypertension,Recovered
A108940,P10818,9,2,2024-11-11,2024-11-19,8,Scheduled,Heart Disease,Follow-up Required
A108941,P12147,13,3,2025-10-28,2025-11-04,7,Emergency,Cancer,Follow-up Required
A108942,P10181,34,7,2024-05-14,2024-05-15,1,Emergency,Cancer,Follow-up Required
A108943,P14470,46,10,2024-07-06,2024-07-11,5,Scheduled,Diabetes,Recovered
A108944,P14720,37,8,2025-11-20,2025-11-24,4,Referral,Hypertension,Recovered
A108945,P14959,43,9,2025-08-01,2025-08-04,3,Scheduled,Migraine,Recovered
A108946,P10442,47,10,2024-03-09,2024-03-21,12,Emergency,Hypertension,Recovered
A108947,P12293,6,2,2025-03-14,2025-03-18,4,Scheduled,Cancer,Recovered
A108948,P11663,38,8,2024-03-17,2024-03-23,6,Scheduled,Skin Disorder,Recovered
A108949,P10871,48,10,2025-02-03,2025-02-17,14,Emergency,Diabetes,Follow-up Required
A108950,P12875,4,1,2025-01-08,2025-01-10,2,Scheduled,Fracture,Recovered
A108951,P12500,5,1,2024-01-12,2024-01-13,1,Scheduled,Asthma,Recovered
A108952,P13213,6,2,2025-05-01,2025-05-04,3,Emergency,Infection,Follow-up Required
A108953,P11657,13,3,2025-02-20,2025-02-21,1,Scheduled,Migraine,Recovered
A108954,P11897,46,10,2024-07-25,2024-07-27,2,Scheduled,Hypertension,Recovered
A108955,P11090,24,5,2024-12-06,2024-12-26,20,Referral,Infection,Recovered
A108956,P10483,28,6,2025-09-11,2025-09-25,14,Scheduled,Infection,Transferred
A108957,P10309,13,3,2025-12-21,2025-12-27,6,Scheduled,Migraine,Recovered
A108958,P10593,42,9,2024-11-06,2024-11-13,7,Emergency,Diabetes,Recovered
A108959,P13844,49,10,2024-11-03,2024-11-05,2,Scheduled,Diabetes,Follow-up Required
A108960,P11019,18,4,2024-10-19,2024-10-24,5,Emergency,Skin Disorder,Recovered
A108961,P14494,7,2,2025-09-16,2025-09-18,2,Emergency,Skin Disorder,Follow-up Required
A108962,P14565,4,1,2025-01-10,2025-01-13,3,Emergency,Fracture,Recovered
A108963,P14713,31,7,2025-06-10,2025-06-13,3,Scheduled,Fracture,Recovered
A108964,P14193,24,5,2024-12-05,2024-12-10,5,Scheduled,Infection,Recovered
A108965,P13262,22,5,2024-03-23,2024-03-24,1,Scheduled,Migraine,Recovered
A108966,P14291,21,5,2025-07-30,2025-08-01,2,Scheduled,Hypertension,Recovered
A108967,P11358,48,10,2025-03-27,2025-04-01,5,Scheduled,Migraine,Recovered
A108968,P10083,42,9,2024-01-03,2024-01-08,5,Emergency,Fracture,Follow-up Required
A108969,P10251,26,6,2025-03-31,2025-04-03,3,Scheduled,Heart Disease,Recovered
A108970,P11094,30,6,2024-08-23,2024-08-25,2,Emergency,Hypertension,Recovered
A108971,P12388,35,7,2025-01-23,2025-01-31,8,Scheduled,Skin Disorder,Recovered
A108972,P11409,23,5,2025-01-27,2025-01-28,1,Emergency,Fracture,Recovered
A108973,P11482,45,9,2025-10-02,2025-10-08,6,Scheduled,Heart Disease,Follow-up Required
A108974,P13212,40,8,2024-01-30,2024-02-01,2,Scheduled,Cancer,Recovered
A108975,P11099,50,10,2025-08-05,2025-08-10,5,Scheduled,Infection,Recovered
A108976,P14196,30,6,2024-05-27,2024-06-02,6,Emergency,Asthma,Recovered
A108977,P13729,19,4,2025-08-27,2025-09-03,7,Scheduled,Asthma,Recovered
A108978,P13893,32,7,2024-10-09,2024-10-13,4,Scheduled,Diabetes,Recovered
A108979,P10733,50,10,2025-12-29,2025-12-30,1,Emergency,Skin Disorder,Follow-up Required
A108980,P10323,19,4,2024-08-25,2024-09-01,7,Emergency,Hypertension,Recovered
A108981,P12058,22,5,2025-12-31,2026-01-04,4,Emergency,Fracture,Recovered
A108982,P13061,4,1,2024-11-14,2024-11-22,8,Scheduled,Fracture,Recovered
A108983,P13701,45,9,2024-12-02,2024-12-09,7,Emergency,Skin Disorder,Recovered
A108984,P13385,12,3,2024-01-31,2024-02-04,4,Emergency,Heart Disease,Recovered
A108985,P11262,15,3,2025-09-17,2025-10-07,20,Emergency,Skin Disorder,Recovered
A108986,P10806,15,3,2025-09-05,2025-09-09,4,Scheduled,Diabetes,Follow-up Required
A108987,P11534,10,2,2025-08-27,2025-09-02,6,Emergency,Hypertension,Recovered
A108988,P12042,19,4,2024-07-25,2024-07-31,6,Referral,Infection,Recovered
A108989,P14226,8,2,2024-08-16,2024-08-20,4,Emergency,Diabetes,Follow-up Required
A108990,P13825,31,7,2025-08-05,2025-08-10,5,Emergency,Hypertension,Recovered
A108991,P13457,9,2,2024-12-07,2024-12-14,7,Scheduled,Skin Disorder,Transferred
A108992,P13665,29,6,2025-04-04,2025-04-09,5,Referral,Cancer,Follow-up Required
A108993,P13097,7,2,2024-05-15,2024-05-19,4,Referral,Heart Disease,Recovered
A108994,P14660,8,2,2024-10-10,2024-10-16,6,Emergency,Diabetes,Recovered
A108995,P11354,41,9,2024-12-16,2024-12-17,1,Emergency,Hypertension,Recovered
A108996,P10149,17,4,2024-01-17,2024-01-19,2,Scheduled,ENT Infection,Follow-up Required
A108997,P11784,15,3,2024-08-02,2024-08-04,2,Emergency,Fracture,Recovered
A108998,P12276,16,4,2025-01-29,2025-02-02,4,Scheduled,Asthma,Recovered
A108999,P10615,7,2,2025-02-02,2025-02-10,8,Scheduled,Diabetes,Recovered
A109000,P11825,42,9,2025-02-17,2025-02-22,5,Scheduled,Asthma,Recovered
A109001,P10240,19,4,2024-08-31,2024-09-14,14,Referral,Migraine,Recovered
A109002,P10913,38,8,2024-04-04,2024-04-05,1,Emergency,Hypertension,Follow-up Required
A109003,P13014,25,5,2025-09-24,2025-09-30,6,Scheduled,ENT Infection,Follow-up Required
A109004,P13754,12,3,2024-01-06,2024-01-09,3,Scheduled,Infection,Follow-up Required
A109005,P10159,32,7,2024-03-27,2024-03-28,1,Scheduled,Infection,Follow-up Required
A109006,P14659,47,10,2024-07-07,2024-07-14,7,Scheduled,Migraine,Recovered
A109007,P14572,10,2,2025-09-06,2025-09-08,2,Referral,Fracture,Deceased
A109008,P10548,24,5,2025-09-07,2025-09-09,2,Referral,Diabetes,Recovered
A109009,P12901,50,10,2025-02-23,2025-02-26,3,Scheduled,Infection,Recovered
A109010,P12266,4,1,2024-03-07,2024-03-14,7,Scheduled,Cancer,Recovered
A109011,P10755,43,9,2025-09-09,2025-09-14,5,Scheduled,Skin Disorder,Recovered
A109012,P10735,37,8,2024-09-04,2024-09-07,3,Scheduled,Asthma,Recovered
A109013,P13792,45,9,2024-07-25,2024-07-27,2,Emergency,Diabetes,Follow-up Required
A109014,P12829,42,9,2024-07-23,2024-07-25,2,Scheduled,Hypertension,Recovered
A109015,P14318,39,8,2024-11-14,2024-11-16,2,Scheduled,Diabetes,Recovered
A109016,P12336,43,9,2024-03-23,2024-03-31,8,Scheduled,Heart Disease,Follow-up Required
A109017,P11925,4,1,2025-02-27,2025-03-09,10,Emergency,Hypertension,Transferred
A109018,P10524,36,8,2024-03-22,2024-04-05,14,Scheduled,Migraine,Follow-up Required
A109019,P11511,37,8,2025-07-02,2025-07-10,8,Scheduled,Infection,Recovered
A109020,P12747,25,5,2025-12-25,2026-01-02,8,Emergency,Skin Disorder,Deceased
A109021,P14777,41,9,2025-05-01,2025-05-08,7,Scheduled,Asthma,Recovered
A109022,P10618,30,6,2024-05-12,2024-05-24,12,Scheduled,Cancer,Recovered
A109023,P10861,1,1,2024-04-24,2024-05-02,8,Referral,Diabetes,Recovered
A109024,P14489,29,6,2025-01-11,2025-01-15,4,Emergency,Migraine,Recovered
A109025,P11308,16,4,2024-07-29,2024-08-01,3,Emergency,Skin Disorder,Recovered
A109026,P12901,37,8,2024-05-11,2024-05-16,5,Emergency,Infection,Recovered
A109027,P12822,37,8,2025-01-08,2025-01-13,5,Referral,Infection,Recovered
A109028,P13866,7,2,2024-06-02,2024-06-07,5,Scheduled,Heart Disease,Recovered
A109029,P13315,40,8,2025-02-26,2025-03-04,6,Scheduled,Heart Disease,Recovered
A109030,P10035,33,7,2024-12-31,2025-01-06,6,Emergency,Diabetes,Recovered
A109031,P12101,50,10,2025-11-24,2025-11-25,1,Scheduled,Skin Disorder,Recovered
A109032,P11380,22,5,2024-05-26,2024-05-29,3,Scheduled,Fracture,Recovered
A109033,P14246,43,9,2024-05-06,2024-05-14,8,Referral,Skin Disorder,Recovered
A109034,P10437,27,6,2024-11-03,2024-11-08,5,Scheduled,Fracture,Recovered
A109035,P14546,29,6,2025-12-15,2025-12-18,3,Referral,Cancer,Recovered
A109036,P12573,16,4,2024-04-27,2024-05-05,8,Emergency,Hypertension,Recovered
A109037,P14363,21,5,2025-07-26,2025-07-29,3,Scheduled,Hypertension,Recovered
A109038,P13980,11,3,2024-08-18,2024-08-22,4,Referral,Asthma,Recovered
A109039,P10309,21,5,2025-03-26,2025-03-29,3,Scheduled,Asthma,Recovered
A109040,P14361,9,2,2025-05-14,2025-05-22,8,Referral,Infection,Recovered
A109041,P10492,27,6,2025-10-23,2025-10-29,6,Referral,Infection,Recovered
A109042,P10522,39,8,2024-05-24,2024-05-28,4,Scheduled,ENT Infection,Recovered
A109043,P11915,22,5,2025-09-14,2025-09-26,12,Emergency,Heart Disease,Recovered
A109044,P12926,15,3,2025-11-09,2025-11-19,10,Scheduled,Skin Disorder,Recovered
A109045,P11369,43,9,2025-12-01,2025-12-07,6,Scheduled,Skin Disorder,Recovered
A109046,P13291,23,5,2024-02-18,2024-02-28,10,Scheduled,Heart Disease,Recovered
A109047,P12142,29,6,2024-04-16,2024-04-22,6,Scheduled,Infection,Recovered
A109048,P13230,39,8,2024-04-02,2024-04-07,5,Referral,Fracture,Recovered
A109049,P14130,16,4,2025-09-27,2025-10-01,4,Referral,Asthma,Recovered
A109050,P12849,3,1,2024-05-19,2024-05-22,3,Scheduled,Asthma,Recovered
A109051,P13578,16,4,2024-11-09,2024-11-10,1,Scheduled,Migraine,Recovered
A109052,P12572,8,2,2024-01-11,2024-01-18,7,Scheduled,Asthma,Recovered
A109053,P10233,26,6,2025-03-23,2025-03-25,2,Scheduled,Infection,Recovered
A109054,P11623,42,9,2025-01-29,2025-02-02,4,Referral,Diabetes,Follow-up Required
A109055,P12653,9,2,2025-05-19,2025-05-21,2,Scheduled,Infection,Recovered
A109056,P11217,35,7,2025-01-12,2025-01-16,4,Referral,Infection,Recovered
A109057,P13540,7,2,2024-12-26,2024-12-29,3,Scheduled,Infection,Follow-up Required
A109058,P10522,8,2,2025-11-13,2025-11-20,7,Scheduled,ENT Infection,Transferred
A109059,P14733,35,7,2025-07-01,2025-07-15,14,Scheduled,Migraine,Follow-up Required
A109060,P12835,48,10,2025-10-03,2025-10-15,12,Scheduled,Heart Disease,Transferred
A109061,P13067,46,10,2025-07-26,2025-07-31,5,Scheduled,Migraine,Recovered
A109062,P13200,39,8,2025-07-14,2025-07-28,14,Scheduled,Hypertension,Recovered
A109063,P10341,36,8,2025-01-30,2025-02-03,4,Emergency,Migraine,Recovered
A109064,P12745,6,2,2024-07-04,2024-07-08,4,Scheduled,Heart Disease,Follow-up Required
A109065,P13947,7,2,2024-08-08,2024-08-11,3,Emergency,Infection,Recovered
A109066,P13939,12,3,2025-06-01,2025-06-11,10,Scheduled,Fracture,Recovered
A109067,P10059,39,8,2024-10-26,2024-10-28,2,Referral,Asthma,Recovered
A109068,P13254,1,1,2024-06-23,2024-06-28,5,Referral,Asthma,Follow-up Required
A109069,P14682,50,10,2025-01-05,2025-01-12,7,Scheduled,Fracture,Follow-up Required
A109070,P10243,43,9,2025-05-23,2025-05-28,5,Emergency,Hypertension,Recovered
A109071,P10228,43,9,2024-07-22,2024-07-23,1,Scheduled,Heart Disease,Recovered
A109072,P14614,49,10,2025-08-30,2025-09-04,5,Scheduled,Heart Disease,Recovered
A109073,P12603,25,5,2024-10-08,2024-10-15,7,Scheduled,Asthma,Recovered
A109074,P10127,12,3,2025-10-08,2025-10-10,2,Emergency,ENT Infection,Recovered
A109075,P14431,27,6,2025-02-19,2025-02-25,6,Emergency,Cancer,Follow-up Required
A109076,P14854,23,5,2024-02-02,2024-02-10,8,Scheduled,Diabetes,Follow-up Required
A109077,P11432,19,4,2024-03-22,2024-04-11,20,Emergency,Asthma,Recovered
A109078,P12169,21,5,2025-04-27,2025-05-01,4,Emergency,Infection,Recovered
A109079,P13960,50,10,2024-05-27,2024-05-28,1,Referral,Heart Disease,Recovered
A109080,P12749,21,5,2025-08-29,2025-09-02,4,Scheduled,Hypertension,Recovered
A109081,P11309,24,5,2025-05-09,2025-05-15,6,Emergency,Diabetes,Recovered
A109082,P12126,13,3,2024-06-18,2024-06-28,10,Emergency,Migraine,Recovered
A109083,P11594,42,9,2025-12-23,2026-01-04,12,Scheduled,Hypertension,Recovered
A109084,P14080,36,8,2025-12-03,2025-12-13,10,Emergency,Fracture,Recovered
A109085,P11494,15,3,2024-01-07,2024-01-13,6,Scheduled,Asthma,Follow-up Required
A109086,P12031,50,10,2025-01-14,2025-01-20,6,Scheduled,Hypertension,Recovered
A109087,P13253,1,1,2025-03-09,2025-03-10,1,Scheduled,Asthma,Follow-up Required
A109088,P14361,34,7,2024-02-03,2024-02-06,3,Emergency,Cancer,Recovered
A109089,P14778,42,9,2025-07-16,2025-07-26,10,Emergency,Hypertension,Recovered
A109090,P10247,31,7,2025-09-23,2025-09-29,6,Referral,Cancer,Recovered
A109091,P14520,50,10,2024-05-17,2024-05-21,4,Scheduled,Cancer,Recovered
A109092,P11083,32,7,2025-01-01,2025-01-03,2,Referral,Diabetes,Recovered
A109093,P14929,36,8,2024-04-15,2024-04-18,3,Scheduled,Heart Disease,Follow-up Required
A109094,P11482,29,6,2024-02-01,2024-02-06,5,Scheduled,Asthma,Recovered
A109095,P10011,10,2,2025-09-27,2025-10-07,10,Emergency,Cancer,Recovered
A109096,P12007,21,5,2025-11-12,2025-11-13,1,Scheduled,Migraine,Recovered
A109097,P13442,36,8,2025-06-07,2025-06-09,2,Referral,Skin Disorder,Recovered
A109098,P13530,24,5,2024-06-16,2024-06-22,6,Emergency,Fracture,Recovered
A109099,P12293,27,6,2024-03-18,2024-03-21,3,Scheduled,Fracture,Recovered
A109100,P10945,21,5,2025-06-29,2025-07-01,2,Emergency,Cancer,Recovered
A109101,P10435,18,4,2024-07-27,2024-07-29,2,Referral,Migraine,Recovered
A109102,P13492,4,1,2025-02-14,2025-02-18,4,Scheduled,Cancer,Recovered
A109103,P12290,47,10,2024-01-08,2024-01-13,5,Referral,Hypertension,Recovered
A109104,P13344,18,4,2024-08-14,2024-08-24,10,Emergency,ENT Infection,Recovered
A109105,P12567,9,2,2024-06-23,2024-06-27,4,Referral,Migraine,Recovered
A109106,P11760,49,10,2024-03-21,2024-03-27,6,Emergency,Cancer,Transferred
A109107,P13876,30,6,2024-02-26,2024-02-28,2,Emergency,Cancer,Recovered
A109108,P12229,35,7,2024-05-14,2024-05-20,6,Emergency,Infection,Recovered
A109109,P10268,45,9,2024-08-25,2024-08-30,5,Emergency,Heart Disease,Follow-up Required
A109110,P12199,30,6,2025-04-16,2025-04-18,2,Emergency,ENT Infection,Recovered
A109111,P13688,39,8,2024-08-04,2024-08-10,6,Scheduled,ENT Infection,Recovered
A109112,P14478,46,10,2024-01-26,2024-01-28,2,Scheduled,Infection,Transferred
A109113,P10515,6,2,2024-07-05,2024-07-10,5,Referral,Heart Disease,Transferred
A109114,P11744,14,3,2025-09-21,2025-09-27,6,Scheduled,Asthma,Recovered
A109115,P10930,46,10,2025-12-09,2025-12-15,6,Emergency,Skin Disorder,Follow-up Required
A109116,P13932,29,6,2024-04-25,2024-05-05,10,Emergency,Cancer,Recovered
A109117,P11449,32,7,2025-09-05,2025-09-17,12,Scheduled,Fracture,Recovered
A109118,P13888,14,3,2024-06-11,2024-06-18,7,Scheduled,Migraine,Follow-up Required
A109119,P10199,20,4,2025-02-17,2025-02-25,8,Scheduled,Fracture,Recovered
A109120,P12056,50,10,2024-06-26,2024-06-27,1,Scheduled,Asthma,Recovered
A109121,P11781,9,2,2024-10-06,2024-10-09,3,Emergency,Cancer,Follow-up Required
A109122,P14901,12,3,2024-07-30,2024-07-31,1,Scheduled,Asthma,Recovered
A109123,P14423,14,3,2024-02-23,2024-02-25,2,Scheduled,Migraine,Recovered
A109124,P11714,23,5,2024-03-07,2024-03-10,3,Scheduled,Skin Disorder,Follow-up Required
A109125,P13093,48,10,2025-06-27,2025-07-05,8,Emergency,Infection,Follow-up Required
A109126,P13505,34,7,2025-06-03,2025-06-07,4,Emergency,ENT Infection,Deceased
A109127,P12568,16,4,2025-05-13,2025-05-18,5,Referral,Heart Disease,Recovered
A109128,P10930,18,4,2025-03-06,2025-03-09,3,Scheduled,ENT Infection,Recovered
A109129,P14626,41,9,2025-12-27,2026-01-01,5,Scheduled,Diabetes,Recovered
A109130,P11420,40,8,2024-02-15,2024-02-22,7,Emergency,Migraine,Recovered
A109131,P12006,33,7,2025-08-14,2025-08-17,3,Scheduled,Migraine,Follow-up Required
A109132,P11331,5,1,2024-02-04,2024-02-16,12,Scheduled,Asthma,Recovered
A109133,P12558,39,8,2024-07-07,2024-07-09,2,Emergency,Hypertension,Recovered
A109134,P10424,10,2,2024-03-29,2024-04-08,10,Scheduled,Migraine,Recovered
A109135,P10150,22,5,2024-11-30,2024-12-01,1,Scheduled,Infection,Recovered
A109136,P13464,43,9,2024-05-15,2024-05-20,5,Emergency,Skin Disorder,Recovered
A109137,P11514,44,9,2025-06-29,2025-07-19,20,Emergency,Heart Disease,Follow-up Required
A109138,P12716,33,7,2024-04-22,2024-04-27,5,Scheduled,Infection,Transferred
A109139,P12994,31,7,2024-06-20,2024-06-25,5,Scheduled,Infection,Recovered
A109140,P10139,6,2,2024-12-04,2024-12-10,6,Emergency,Infection,Follow-up Required
A109141,P13726,36,8,2025-07-08,2025-07-11,3,Scheduled,Fracture,Follow-up Required
A109142,P11871,3,1,2025-06-08,2025-06-09,1,Scheduled,Heart Disease,Recovered
A109143,P12062,4,1,2024-06-22,2024-06-25,3,Referral,Hypertension,Recovered
A109144,P11996,27,6,2025-09-28,2025-09-30,2,Scheduled,Asthma,Follow-up Required
A109145,P12819,38,8,2024-11-27,2024-12-07,10,Emergency,Fracture,Recovered
A109146,P11914,25,5,2024-07-25,2024-08-02,8,Referral,Cancer,Recovered
A109147,P14281,37,8,2024-12-08,2024-12-11,3,Emergency,Asthma,Recovered
A109148,P10743,27,6,2024-04-13,2024-04-21,8,Scheduled,Asthma,Follow-up Required
A109149,P14182,41,9,2025-10-03,2025-10-05,2,Emergency,Cancer,Recovered
A109150,P14234,36,8,2024-02-09,2024-02-11,2,Scheduled,Migraine,Follow-up Required
A109151,P13538,46,10,2024-01-23,2024-01-30,7,Referral,Cancer,Follow-up Required
A109152,P10077,47,10,2024-09-08,2024-09-11,3,Scheduled,Hypertension,Deceased
A109153,P11992,36,8,2024-10-16,2024-10-17,1,Scheduled,ENT Infection,Follow-up Required
A109154,P13706,46,10,2024-07-20,2024-07-26,6,Referral,Diabetes,Recovered
A109155,P13023,42,9,2024-06-03,2024-06-23,20,Emergency,Cancer,Transferred
A109156,P14872,7,2,2025-07-20,2025-07-25,5,Emergency,Hypertension,Recovered
A109157,P11017,30,6,2024-04-15,2024-04-18,3,Referral,Migraine,Recovered
A109158,P10097,50,10,2024-09-16,2024-09-19,3,Scheduled,Migraine,Transferred
A109159,P10995,47,10,2024-07-18,2024-07-23,5,Scheduled,Diabetes,Recovered
A109160,P11555,29,6,2024-08-04,2024-08-10,6,Scheduled,Diabetes,Follow-up Required
A109161,P11033,40,8,2025-02-14,2025-02-22,8,Emergency,Hypertension,Transferred
A109162,P10083,41,9,2025-07-12,2025-07-22,10,Emergency,Fracture,Follow-up Required
A109163,P11536,5,1,2024-04-26,2024-05-04,8,Emergency,Asthma,Follow-up Required
A109164,P14526,6,2,2025-02-27,2025-03-04,5,Emergency,Heart Disease,Recovered
A109165,P10513,44,9,2024-07-30,2024-08-03,4,Scheduled,ENT Infection,Recovered
A109166,P11923,7,2,2024-06-03,2024-06-09,6,Scheduled,Fracture,Follow-up Required
A109167,P11698,39,8,2024-09-19,2024-09-25,6,Scheduled,Cancer,Recovered
A109168,P13486,32,7,2025-05-21,2025-05-23,2,Emergency,Diabetes,Follow-up Required
A109169,P12561,15,3,2024-05-30,2024-06-03,4,Emergency,Skin Disorder,Recovered
A109170,P11915,13,3,2024-07-30,2024-08-01,2,Scheduled,ENT Infection,Recovered
A109171,P14754,18,4,2024-07-10,2024-07-20,10,Scheduled,Asthma,Recovered
A109172,P13977,10,2,2024-04-07,2024-04-10,3,Emergency,Skin Disorder,Recovered
A109173,P10647,40,8,2025-06-24,2025-07-01,7,Scheduled,Hypertension,Recovered
A109174,P10798,11,3,2025-12-01,2025-12-04,3,Emergency,Fracture,Recovered
A109175,P10077,40,8,2024-06-20,2024-06-27,7,Emergency,Infection,Recovered
A109176,P12684,40,8,2025-01-05,2025-01-07,2,Referral,ENT Infection,Recovered
A109177,P10742,47,10,2025-12-09,2025-12-16,7,Emergency,Skin Disorder,Recovered
A109178,P11226,2,1,2024-06-03,2024-06-05,2,Referral,Hypertension,Follow-up Required
A109179,P14203,27,6,2024-05-19,2024-05-23,4,Referral,Hypertension,Recovered
A109180,P10965,45,9,2024-09-12,2024-09-14,2,Scheduled,Heart Disease,Recovered
A109181,P14782,50,10,2025-11-06,2025-11-10,4,Scheduled,Asthma,Recovered
A109182,P10312,44,9,2025-10-07,2025-10-14,7,Scheduled,Migraine,Transferred
A109183,P12647,8,2,2025-02-19,2025-02-26,7,Referral,Migraine,Recovered
A109184,P12732,49,10,2024-11-24,2024-11-25,1,Scheduled,Skin Disorder,Recovered
A109185,P10633,38,8,2025-01-12,2025-01-16,4,Emergency,Heart Disease,Recovered
A109186,P14764,16,4,2024-09-22,2024-09-30,8,Emergency,Migraine,Follow-up Required
A109187,P14695,24,5,2025-06-24,2025-06-30,6,Emergency,Infection,Transferred
A109188,P13682,23,5,2024-05-18,2024-05-19,1,Emergency,Diabetes,Follow-up Required
A109189,P10415,14,3,2025-08-19,2025-08-22,3,Emergency,Infection,Follow-up Required
A109190,P13207,27,6,2025-05-26,2025-05-31,5,Scheduled,Hypertension,Recovered
A109191,P11543,10,2,2024-09-05,2024-09-07,2,Scheduled,Infection,Recovered
A109192,P10772,28,6,2024-11-03,2024-11-09,6,Scheduled,Diabetes,Transferred
A109193,P14480,25,5,2025-07-26,2025-07-31,5,Emergency,Infection,Recovered
A109194,P12588,2,1,2024-08-06,2024-08-08,2,Emergency,Heart Disease,Recovered
A109195,P10487,45,9,2025-08-06,2025-08-11,5,Scheduled,Migraine,Recovered
A109196,P11780,33,7,2024-10-19,2024-10-26,7,Scheduled,Skin Disorder,Recovered
A109197,P10030,50,10,2025-02-13,2025-02-16,3,Scheduled,Hypertension,Follow-up Required
A109198,P10130,46,10,2024-07-16,2024-07-19,3,Scheduled,Asthma,Recovered
A109199,P14215,35,7,2024-03-20,2024-03-26,6,Scheduled,Infection,Recovered
A109200,P12375,47,10,2025-01-19,2025-01-20,1,Scheduled,ENT Infection,Recovered
A109201,P13984,41,9,2024-05-16,2024-05-24,8,Scheduled,Skin Disorder,Follow-up Required
A109202,P13142,13,3,2024-07-31,2024-08-12,12,Emergency,Fracture,Recovered
A109203,P10208,5,1,2025-09-10,2025-09-24,14,Referral,Skin Disorder,Recovered
A109204,P14187,5,1,2024-07-25,2024-07-29,4,Scheduled,Hypertension,Recovered
A109205,P14216,22,5,2025-10-25,2025-10-30,5,Emergency,Fracture,Recovered
A109206,P10982,34,7,2024-05-12,2024-05-20,8,Scheduled,Asthma,Recovered
A109207,P14303,1,1,2024-06-14,2024-06-16,2,Scheduled,Infection,Recovered
A109208,P14502,17,4,2025-05-17,2025-05-18,1,Emergency,Hypertension,Transferred
A109209,P12172,49,10,2025-03-05,2025-03-08,3,Scheduled,Hypertension,Follow-up Required
A109210,P10112,9,2,2024-06-28,2024-07-06,8,Scheduled,Skin Disorder,Recovered
A109211,P14710,10,2,2024-04-30,2024-05-04,4,Scheduled,Infection,Follow-up Required
A109212,P11410,15,3,2024-06-22,2024-06-27,5,Scheduled,Skin Disorder,Follow-up Required
A109213,P10706,45,9,2024-11-26,2024-12-02,6,Emergency,Migraine,Follow-up Required
A109214,P12780,29,6,2024-03-08,2024-03-13,5,Scheduled,Skin Disorder,Recovered
A109215,P14200,25,5,2025-11-29,2025-11-30,1,Scheduled,Migraine,Recovered
A109216,P12601,21,5,2024-05-17,2024-05-22,5,Scheduled,Asthma,Recovered
A109217,P12616,17,4,2024-11-03,2024-11-08,5,Emergency,Cancer,Deceased
A109218,P14858,27,6,2024-11-25,2024-11-30,5,Scheduled,Skin Disorder,Recovered
A109219,P12975,28,6,2024-08-25,2024-08-31,6,Scheduled,ENT Infection,Follow-up Required
A109220,P10848,23,5,2025-06-13,2025-06-17,4,Referral,Heart Disease,Follow-up Required
A109221,P12944,39,8,2024-03-16,2024-03-26,10,Emergency,Diabetes,Recovered
A109222,P13221,36,8,2024-05-30,2024-06-03,4,Emergency,Migraine,Recovered
A109223,P10169,3,1,2025-09-11,2025-09-15,4,Scheduled,Asthma,Recovered
A109224,P10985,33,7,2025-10-26,2025-11-02,7,Emergency,Cancer,Follow-up Required
A109225,P11108,7,2,2024-11-11,2024-11-19,8,Scheduled,Fracture,Follow-up Required
A109226,P12568,5,1,2024-02-06,2024-02-11,5,Referral,Hypertension,Recovered
A109227,P10107,26,6,2025-10-19,2025-10-21,2,Emergency,Fracture,Recovered
A109228,P14981,17,4,2024-05-05,2024-05-08,3,Scheduled,ENT Infection,Recovered
A109229,P12706,17,4,2025-09-11,2025-09-12,1,Scheduled,Cancer,Recovered
A109230,P12079,47,10,2024-10-12,2024-10-15,3,Emergency,Diabetes,Recovered
A109231,P13619,3,1,2024-08-27,2024-09-01,5,Emergency,ENT Infection,Recovered
A109232,P14343,3,1,2025-09-05,2025-09-12,7,Referral,Cancer,Transferred
A109233,P12974,34,7,2024-08-07,2024-08-12,5,Emergency,Fracture,Transferred
A109234,P11554,8,2,2024-01-07,2024-01-08,1,Scheduled,Diabetes,Recovered
A109235,P12003,45,9,2024-08-03,2024-08-06,3,Emergency,Fracture,Follow-up Required
A109236,P10498,6,2,2025-11-11,2025-11-16,5,Scheduled,Hypertension,Follow-up Required
A109237,P14950,37,8,2025-08-08,2025-08-14,6,Emergency,ENT Infection,Follow-up Required
A109238,P14400,45,9,2024-10-19,2024-10-27,8,Emergency,Infection,Recovered
A109239,P11422,22,5,2025-06-22,2025-07-06,14,Emergency,Heart Disease,Recovered
A109240,P13475,33,7,2025-04-28,2025-05-08,10,Emergency,Fracture,Recovered
A109241,P14412,50,10,2024-02-12,2024-02-16,4,Referral,Heart Disease,Transferred
A109242,P14374,7,2,2024-11-02,2024-11-08,6,Scheduled,Cancer,Follow-up Required
A109243,P10542,49,10,2024-04-02,2024-04-05,3,Scheduled,Heart Disease,Recovered
A109244,P10789,40,8,2025-08-05,2025-08-06,1,Referral,Infection,Recovered
A109245,P10356,19,4,2024-09-25,2024-09-26,1,Emergency,Diabetes,Recovered
A109246,P13975,48,10,2025-09-12,2025-09-15,3,Referral,ENT Infection,Recovered
A109247,P11227,46,10,2025-11-23,2025-11-24,1,Scheduled,Skin Disorder,Recovered
A109248,P10250,10,2,2024-08-02,2024-08-10,8,Scheduled,Asthma,Follow-up Required
A109249,P14199,23,5,2024-04-23,2024-04-27,4,Referral,Heart Disease,Recovered
A109250,P13396,2,1,2024-07-03,2024-07-10,7,Emergency,Cancer,Recovered
A109251,P13970,21,5,2024-05-04,2024-05-16,12,Emergency,Cancer,Transferred
A109252,P10532,24,5,2024-04-14,2024-05-04,20,Emergency,Asthma,Follow-up Required
A109253,P10559,48,10,2024-08-24,2024-09-05,12,Referral,Fracture,Recovered
A109254,P11620,13,3,2025-10-14,2025-10-20,6,Emergency,Heart Disease,Transferred
A109255,P11292,5,1,2024-06-06,2024-06-10,4,Referral,Skin Disorder,Transferred
A109256,P13125,18,4,2025-04-18,2025-04-23,5,Emergency,Migraine,Recovered
A109257,P14881,11,3,2025-05-19,2025-05-26,7,Scheduled,Fracture,Recovered
A109258,P14114,37,8,2024-09-30,2024-10-10,10,Scheduled,Skin Disorder,Recovered
A109259,P11128,32,7,2024-04-26,2024-05-08,12,Referral,Infection,Transferred
A109260,P14248,28,6,2025-07-27,2025-08-02,6,Emergency,Heart Disease,Follow-up Required
A109261,P13912,22,5,2025-06-19,2025-06-24,5,Emergency,Asthma,Recovered
A109262,P14969,45,9,2024-02-29,2024-03-14,14,Referral,Cancer,Recovered
A109263,P11108,28,6,2025-02-04,2025-02-16,12,Referral,Migraine,Follow-up Required
A109264,P14645,1,1,2024-06-28,2024-07-02,4,Emergency,Diabetes,Recovered
A109265,P11688,6,2,2024-08-19,2024-08-24,5,Scheduled,Cancer,Follow-up Required
A109266,P14472,11,3,2025-04-20,2025-04-27,7,Emergency,Diabetes,Recovered
A109267,P14304,42,9,2025-10-16,2025-10-20,4,Scheduled,Hypertension,Recovered
A109268,P14556,33,7,2024-09-01,2024-09-08,7,Scheduled,Migraine,Recovered
A109269,P13476,16,4,2025-08-15,2025-08-17,2,Scheduled,Migraine,Transferred
A109270,P12578,13,3,2025-09-29,2025-10-03,4,Scheduled,Hypertension,Transferred
A109271,P12533,21,5,2025-10-10,2025-10-14,4,Emergency,Asthma,Transferred
A109272,P14218,48,10,2025-07-21,2025-07-27,6,Scheduled,Infection,Transferred
A109273,P12030,47,10,2024-07-31,2024-08-02,2,Scheduled,Skin Disorder,Recovered
A109274,P11144,39,8,2025-08-28,2025-08-30,2,Referral,Skin Disorder,Follow-up Required
A109275,P14347,46,10,2025-04-03,2025-04-13,10,Scheduled,Diabetes,Recovered
A109276,P14992,24,5,2024-05-07,2024-05-10,3,Emergency,Cancer,Follow-up Required
A109277,P13744,43,9,2024-08-04,2024-08-07,3,Emergency,Skin Disorder,Recovered
A109278,P13591,27,6,2025-12-11,2025-12-18,7,Scheduled,Fracture,Recovered
A109279,P13799,45,9,2024-01-20,2024-01-24,4,Scheduled,Infection,Recovered
A109280,P11748,37,8,2025-07-20,2025-07-28,8,Scheduled,Migraine,Recovered
A109281,P14820,50,10,2024-02-29,2024-03-04,4,Emergency,Hypertension,Follow-up Required
A109282,P10218,3,1,2025-11-05,2025-11-12,7,Emergency,ENT Infection,Recovered
A109283,P12811,12,3,2025-12-14,2025-12-18,4,Referral,Cancer,Follow-up Required
A109284,P13416,7,2,2024-05-08,2024-05-20,12,Referral,Diabetes,Recovered
A109285,P11717,20,4,2025-07-10,2025-07-13,3,Scheduled,Heart Disease,Follow-up Required
A109286,P14700,15,3,2024-07-15,2024-07-18,3,Scheduled,Migraine,Follow-up Required
A109287,P10290,1,1,2025-05-06,2025-05-20,14,Referral,Infection,Recovered
A109288,P14698,10,2,2025-11-08,2025-11-14,6,Emergency,Migraine,Recovered
A109289,P13269,14,3,2025-05-18,2025-05-25,7,Referral,ENT Infection,Follow-up Required
A109290,P12744,15,3,2024-09-03,2024-09-06,3,Emergency,Fracture,Follow-up Required
A109291,P10610,34,7,2024-09-16,2024-09-21,5,Referral,Diabetes,Recovered
A109292,P12354,49,10,2024-12-12,2024-12-15,3,Scheduled,Hypertension,Recovered
A109293,P10536,25,5,2024-07-15,2024-07-18,3,Scheduled,Heart Disease,Recovered
A109294,P13292,31,7,2024-04-16,2024-04-21,5,Scheduled,Asthma,Recovered
A109295,P13758,10,2,2025-09-04,2025-09-24,20,Emergency,Skin Disorder,Recovered
A109296,P10757,37,8,2024-06-08,2024-06-10,2,Emergency,Skin Disorder,Recovered
A109297,P13850,6,2,2025-02-25,2025-02-28,3,Scheduled,Migraine,Recovered
A109298,P10354,6,2,2025-08-29,2025-09-01,3,Scheduled,Heart Disease,Recovered
A109299,P14831,28,6,2024-07-25,2024-08-01,7,Emergency,Heart Disease,Follow-up Required
A109300,P13892,38,8,2024-11-08,2024-11-12,4,Scheduled,Infection,Recovered
A109301,P14331,14,3,2025-03-07,2025-03-10,3,Emergency,Infection,Recovered
A109302,P10306,13,3,2024-08-22,2024-08-30,8,Scheduled,Heart Disease,Recovered
A109303,P12996,13,3,2024-11-22,2024-11-25,3,Referral,ENT Infection,Recovered
A109304,P13709,10,2,2025-04-23,2025-04-27,4,Emergency,Infection,Recovered
A109305,P12215,16,4,2025-03-03,2025-03-04,1,Emergency,Cancer,Recovered
A109306,P14149,39,8,2025-10-27,2025-10-29,2,Scheduled,Heart Disease,Deceased
A109307,P11210,35,7,2024-04-09,2024-04-11,2,Scheduled,Migraine,Recovered
A109308,P10276,15,3,2024-08-25,2024-08-28,3,Scheduled,ENT Infection,Recovered
A109309,P10147,23,5,2024-04-16,2024-04-20,4,Emergency,Cancer,Recovered
A109310,P13549,37,8,2024-12-29,2024-12-30,1,Scheduled,Infection,Recovered
A109311,P14726,8,2,2025-10-03,2025-10-05,2,Scheduled,Hypertension,Recovered
A109312,P11954,26,6,2025-05-07,2025-05-09,2,Emergency,Diabetes,Recovered
A109313,P10852,22,5,2024-02-12,2024-02-15,3,Scheduled,Asthma,Recovered
A109314,P14524,5,1,2025-07-28,2025-07-30,2,Scheduled,Cancer,Recovered
A109315,P10488,34,7,2024-03-13,2024-03-15,2,Emergency,Migraine,Recovered
A109316,P11554,27,6,2025-11-28,2025-12-12,14,Scheduled,Infection,Follow-up Required
A109317,P11762,19,4,2025-09-20,2025-09-25,5,Emergency,ENT Infection,Recovered
A109318,P13184,43,9,2024-10-30,2024-11-06,7,Scheduled,Infection,Recovered
A109319,P10584,43,9,2024-01-05,2024-01-12,7,Emergency,Heart Disease,Recovered
A109320,P14712,35,7,2025-08-10,2025-08-16,6,Emergency,Hypertension,Recovered
A109321,P14311,45,9,2024-12-14,2024-12-20,6,Referral,Asthma,Transferred
A109322,P14606,20,4,2025-02-03,2025-02-08,5,Scheduled,Migraine,Recovered
A109323,P10511,47,10,2025-08-17,2025-08-22,5,Scheduled,Skin Disorder,Recovered
A109324,P14122,38,8,2025-03-08,2025-03-18,10,Referral,Hypertension,Recovered
A109325,P13814,13,3,2025-07-25,2025-07-27,2,Scheduled,Migraine,Recovered
A109326,P12241,18,4,2024-04-16,2024-04-19,3,Scheduled,Heart Disease,Recovered
A109327,P12151,18,4,2024-04-26,2024-04-27,1,Scheduled,Asthma,Recovered
A109328,P13203,1,1,2025-01-17,2025-01-25,8,Referral,Migraine,Follow-up Required
A109329,P10343,32,7,2024-03-22,2024-03-26,4,Emergency,Fracture,Recovered
A109330,P11424,25,5,2025-10-14,2025-10-24,10,Referral,Cancer,Recovered
A109331,P13868,21,5,2025-02-13,2025-02-17,4,Scheduled,Skin Disorder,Follow-up Required
A109332,P14396,27,6,2024-03-10,2024-03-14,4,Scheduled,Skin Disorder,Recovered
A109333,P10146,11,3,2025-01-21,2025-01-25,4,Emergency,Hypertension,Deceased
A109334,P12818,48,10,2025-06-07,2025-06-12,5,Emergency,Skin Disorder,Recovered
A109335,P14558,1,1,2024-10-23,2024-10-30,7,Scheduled,Fracture,Recovered
A109336,P10916,19,4,2025-09-08,2025-09-11,3,Scheduled,Fracture,Recovered
A109337,P14920,32,7,2025-12-19,2025-12-24,5,Scheduled,Skin Disorder,Recovered
A109338,P11912,8,2,2024-03-05,2024-03-07,2,Scheduled,Hypertension,Recovered
A109339,P13702,19,4,2025-07-28,2025-08-02,5,Referral,Migraine,Recovered
A109340,P11340,16,4,2024-06-26,2024-07-01,5,Referral,Cancer,Recovered
A109341,P12247,35,7,2024-01-08,2024-01-16,8,Scheduled,Migraine,Follow-up Required
A109342,P13918,2,1,2024-06-07,2024-06-17,10,Emergency,Cancer,Recovered
A109343,P12952,12,3,2024-01-11,2024-01-15,4,Scheduled,Migraine,Recovered
A109344,P10498,29,6,2025-02-14,2025-02-15,1,Referral,Diabetes,Follow-up Required
A109345,P12949,10,2,2025-08-29,2025-09-06,8,Scheduled,Diabetes,Recovered
A109346,P10791,22,5,2024-06-03,2024-06-04,1,Emergency,Cancer,Follow-up Required
A109347,P14201,34,7,2024-07-24,2024-07-28,4,Scheduled,Heart Disease,Follow-up Required
A109348,P10010,21,5,2024-04-24,2024-04-25,1,Scheduled,Diabetes,Recovered
A109349,P13099,37,8,2025-01-13,2025-01-16,3,Referral,Hypertension,Recovered
A109350,P12817,5,1,2025-08-21,2025-08-26,5,Scheduled,Fracture,Recovered
A109351,P10327,6,2,2025-12-09,2025-12-12,3,Referral,Heart Disease,Recovered
A109352,P13567,32,7,2024-12-15,2024-12-25,10,Emergency,Cancer,Follow-up Required
A109353,P10883,3,1,2024-04-07,2024-04-12,5,Referral,Hypertension,Transferred
A109354,P11672,10,2,2024-01-19,2024-01-24,5,Scheduled,Migraine,Follow-up Required
A109355,P10738,5,1,2024-11-08,2024-11-11,3,Referral,ENT Infection,Recovered
A109356,P12175,24,5,2025-06-11,2025-06-12,1,Referral,Asthma,Transferred
A109357,P10924,20,4,2025-07-10,2025-07-16,6,Scheduled,Hypertension,Follow-up Required
A109358,P14267,37,8,2025-10-28,2025-11-03,6,Scheduled,Skin Disorder,Recovered
A109359,P14483,31,7,2025-03-20,2025-03-25,5,Referral,Diabetes,Recovered
A109360,P12825,47,10,2024-08-18,2024-08-22,4,Scheduled,Fracture,Recovered
A109361,P11154,17,4,2025-10-30,2025-11-04,5,Scheduled,Infection,Recovered
A109362,P12071,49,10,2025-09-16,2025-09-22,6,Referral,Skin Disorder,Recovered
A109363,P14601,24,5,2024-12-24,2024-12-30,6,Scheduled,Heart Disease,Recovered
A109364,P10921,18,4,2025-01-17,2025-01-23,6,Referral,ENT Infection,Transferred
A109365,P13483,26,6,2025-05-26,2025-06-05,10,Scheduled,Diabetes,Follow-up Required
A109366,P11444,42,9,2024-02-13,2024-02-18,5,Scheduled,Cancer,Recovered
A109367,P14508,7,2,2024-12-30,2024-12-31,1,Emergency,Skin Disorder,Recovered
A109368,P12802,43,9,2025-09-13,2025-09-18,5,Emergency,Diabetes,Recovered
A109369,P11776,14,3,2024-04-20,2024-04-25,5,Scheduled,Heart Disease,Recovered
A109370,P10029,41,9,2024-08-10,2024-08-11,1,Scheduled,Asthma,Recovered
A109371,P12293,49,10,2025-01-20,2025-01-24,4,Scheduled,Heart Disease,Recovered
A109372,P13704,2,1,2024-09-21,2024-09-27,6,Referral,Asthma,Recovered
A109373,P10826,30,6,2024-09-27,2024-10-03,6,Scheduled,Asthma,Recovered
A109374,P13742,49,10,2024-07-30,2024-08-09,10,Emergency,Heart Disease,Recovered
A109375,P10139,17,4,2025-05-10,2025-05-18,8,Scheduled,Diabetes,Recovered
A109376,P14453,20,4,2024-11-09,2024-11-11,2,Scheduled,Cancer,Recovered
A109377,P12260,10,2,2025-01-21,2025-01-26,5,Referral,Infection,Follow-up Required
A109378,P11163,24,5,2024-09-03,2024-09-08,5,Scheduled,Skin Disorder,Recovered
A109379,P13440,44,9,2025-07-20,2025-07-23,3,Scheduled,Hypertension,Recovered
A109380,P12534,12,3,2024-12-15,2024-12-17,2,Scheduled,Hypertension,Recovered
A109381,P11360,27,6,2024-03-12,2024-03-14,2,Referral,Hypertension,Follow-up Required
A109382,P12226,15,3,2024-10-22,2024-10-24,2,Scheduled,Hypertension,Follow-up Required
A109383,P12561,9,2,2024-07-31,2024-08-07,7,Scheduled,Migraine,Transferred
A109384,P13673,18,4,2024-10-21,2024-10-23,2,Scheduled,Diabetes,Recovered
A109385,P12161,48,10,2024-06-19,2024-06-22,3,Emergency,Fracture,Follow-up Required
A109386,P10283,7,2,2024-09-02,2024-09-04,2,Referral,Skin Disorder,Deceased
A109387,P11140,28,6,2024-05-20,2024-05-26,6,Scheduled,Heart Disease,Recovered
A109388,P11798,46,10,2025-09-07,2025-09-09,2,Scheduled,Cancer,Recovered
A109389,P14137,36,8,2025-09-08,2025-09-09,1,Emergency,Skin Disorder,Recovered
A109390,P12980,3,1,2024-08-27,2024-08-30,3,Emergency,Skin Disorder,Follow-up Required
A109391,P11191,44,9,2024-11-06,2024-11-09,3,Scheduled,Diabetes,Recovered
A109392,P11245,16,4,2025-02-19,2025-02-23,4,Scheduled,Cancer,Recovered
A109393,P14409,36,8,2025-02-01,2025-02-08,7,Scheduled,Cancer,Follow-up Required
A109394,P11931,4,1,2024-01-22,2024-01-23,1,Referral,Heart Disease,Recovered
A109395,P12519,35,7,2024-03-18,2024-03-19,1,Referral,Hypertension,Recovered
A109396,P10048,9,2,2025-04-19,2025-04-22,3,Scheduled,Hypertension,Deceased
A109397,P10134,46,10,2025-12-07,2025-12-15,8,Emergency,Fracture,Follow-up Required
A109398,P13047,12,3,2024-12-18,2024-12-20,2,Scheduled,Skin Disorder,Recovered
A109399,P12365,10,2,2025-01-05,2025-01-25,20,Scheduled,Skin Disorder,Recovered
A109400,P13510,46,10,2024-01-21,2024-01-28,7,Emergency,Diabetes,Follow-up Required
A109401,P13507,44,9,2025-05-21,2025-05-25,4,Emergency,Infection,Transferred
A109402,P12134,44,9,2024-06-08,2024-06-14,6,Emergency,Hypertension,Follow-up Required
A109403,P14095,2,1,2024-12-26,2024-12-30,4,Emergency,Migraine,Recovered
A109404,P12538,19,4,2025-07-09,2025-07-14,5,Referral,ENT Infection,Recovered
A109405,P12472,13,3,2024-10-23,2024-10-28,5,Scheduled,Migraine,Recovered
A109406,P12435,42,9,2024-12-17,2024-12-22,5,Emergency,Cancer,Recovered
A109407,P14336,33,7,2024-06-28,2024-06-29,1,Emergency,Skin Disorder,Follow-up Required
A109408,P13523,1,1,2025-04-16,2025-04-21,5,Emergency,Heart Disease,Recovered
A109409,P12306,28,6,2025-01-29,2025-02-04,6,Scheduled,Asthma,Recovered
A109410,P14140,40,8,2025-09-04,2025-09-07,3,Scheduled,Infection,Recovered
A109411,P11811,6,2,2025-09-18,2025-10-02,14,Emergency,Asthma,Recovered
A109412,P10664,3,1,2024-07-31,2024-08-02,2,Referral,Skin Disorder,Recovered
A109413,P13055,45,9,2025-06-13,2025-06-23,10,Scheduled,ENT Infection,Recovered
A109414,P14850,25,5,2025-01-29,2025-02-04,6,Referral,Fracture,Recovered
A109415,P14201,44,9,2024-01-27,2024-02-02,6,Emergency,Hypertension,Recovered
A109416,P13493,16,4,2025-03-24,2025-04-01,8,Scheduled,Fracture,Recovered
A109417,P10954,43,9,2025-03-13,2025-03-21,8,Scheduled,ENT Infection,Recovered
A109418,P11674,4,1,2024-10-11,2024-10-14,3,Scheduled,Asthma,Recovered
A109419,P11343,8,2,2025-10-22,2025-10-28,6,Emergency,Asthma,Follow-up Required
A109420,P13492,39,8,2025-10-10,2025-10-11,1,Referral,Heart Disease,Recovered
A109421,P12743,16,4,2024-07-07,2024-07-11,4,Referral,Diabetes,Recovered
A109422,P12105,44,9,2025-12-02,2025-12-14,12,Emergency,Cancer,Recovered
A109423,P10240,38,8,2024-07-17,2024-07-20,3,Referral,Skin Disorder,Recovered
A109424,P12625,23,5,2024-04-11,2024-04-12,1,Scheduled,ENT Infection,Recovered
A109425,P13050,6,2,2025-04-23,2025-04-28,5,Emergency,ENT Infection,Follow-up Required
A109426,P12110,43,9,2025-08-25,2025-08-28,3,Emergency,Fracture,Recovered
A109427,P14248,44,9,2024-08-11,2024-08-14,3,Emergency,Heart Disease,Recovered
A109428,P14226,16,4,2025-05-31,2025-06-05,5,Emergency,ENT Infection,Follow-up Required
A109429,P11464,16,4,2025-06-10,2025-06-15,5,Emergency,Hypertension,Recovered
A109430,P10400,23,5,2025-03-16,2025-03-20,4,Scheduled,Diabetes,Follow-up Required
A109431,P12722,16,4,2025-05-31,2025-06-04,4,Scheduled,Cancer,Recovered
A109432,P11938,36,8,2024-08-17,2024-09-06,20,Emergency,Asthma,Recovered
A109433,P14637,12,3,2024-04-23,2024-05-05,12,Scheduled,Asthma,Follow-up Required
A109434,P10182,37,8,2025-05-30,2025-06-05,6,Emergency,Hypertension,Recovered
A109435,P11075,9,2,2024-07-02,2024-07-04,2,Scheduled,Cancer,Recovered
A109436,P12574,18,4,2025-12-25,2025-12-28,3,Emergency,Asthma,Follow-up Required
A109437,P12398,9,2,2024-02-03,2024-02-11,8,Scheduled,Fracture,Follow-up Required
A109438,P11082,48,10,2024-10-22,2024-10-26,4,Emergency,Heart Disease,Recovered
A109439,P10419,21,5,2025-03-28,2025-04-09,12,Scheduled,Asthma,Recovered
A109440,P11161,1,1,2025-12-08,2025-12-12,4,Referral,Heart Disease,Recovered
A109441,P10640,23,5,2025-05-19,2025-05-27,8,Scheduled,Fracture,Recovered
A109442,P12085,5,1,2025-02-09,2025-02-10,1,Scheduled,ENT Infection,Follow-up Required
A109443,P14590,19,4,2024-05-06,2024-05-10,4,Emergency,Cancer,Recovered
A109444,P10359,35,7,2024-05-21,2024-05-27,6,Scheduled,Infection,Follow-up Required
A109445,P11804,33,7,2025-10-09,2025-10-17,8,Referral,Infection,Follow-up Required
A109446,P10539,46,10,2024-05-07,2024-05-12,5,Emergency,Asthma,Recovered
A109447,P14440,18,4,2025-11-16,2025-11-18,2,Scheduled,Cancer,Recovered
A109448,P12219,40,8,2025-12-30,2026-01-07,8,Scheduled,Skin Disorder,Recovered
A109449,P11714,14,3,2025-09-17,2025-09-22,5,Emergency,Hypertension,Recovered
A109450,P10866,20,4,2024-12-15,2024-12-17,2,Referral,Heart Disease,Recovered
A109451,P12068,13,3,2025-06-07,2025-06-11,4,Scheduled,Cancer,Recovered
A109452,P12351,16,4,2025-04-07,2025-04-13,6,Emergency,Hypertension,Recovered
A109453,P10776,41,9,2024-08-31,2024-09-04,4,Emergency,Skin Disorder,Follow-up Required
A109454,P13269,31,7,2025-07-17,2025-07-25,8,Scheduled,Hypertension,Transferred
A109455,P14672,39,8,2024-07-04,2024-07-08,4,Emergency,Skin Disorder,Recovered
A109456,P13628,35,7,2024-08-20,2024-08-25,5,Scheduled,Infection,Recovered
A109457,P11036,20,4,2025-05-28,2025-05-30,2,Emergency,Asthma,Follow-up Required
A109458,P10361,1,1,2024-01-01,2024-01-05,4,Emergency,Skin Disorder,Recovered
A109459,P12820,40,8,2024-08-26,2024-08-28,2,Emergency,ENT Infection,Recovered
A109460,P10296,46,10,2024-02-24,2024-02-26,2,Scheduled,Fracture,Follow-up Required
A109461,P11427,13,3,2025-05-09,2025-05-12,3,Emergency,Migraine,Recovered
A109462,P13510,7,2,2025-09-07,2025-09-08,1,Emergency,ENT Infection,Recovered
A109463,P12817,45,9,2025-02-21,2025-02-23,2,Scheduled,Diabetes,Transferred
A109464,P12866,22,5,2025-03-23,2025-03-27,4,Emergency,Heart Disease,Transferred
A109465,P10693,7,2,2024-12-03,2024-12-05,2,Referral,Infection,Follow-up Required
A109466,P14596,20,4,2024-10-03,2024-10-05,2,Scheduled,Migraine,Recovered
A109467,P11068,37,8,2024-01-10,2024-01-24,14,Emergency,Cancer,Recovered
A109468,P11133,36,8,2024-12-06,2024-12-10,4,Referral,Heart Disease,Follow-up Required
A109469,P11122,4,1,2024-04-13,2024-04-17,4,Emergency,Heart Disease,Recovered
A109470,P11242,6,2,2024-12-10,2024-12-13,3,Scheduled,Hypertension,Recovered
A109471,P10947,46,10,2025-01-04,2025-01-08,4,Scheduled,Hypertension,Recovered
A109472,P13148,3,1,2024-07-16,2024-07-21,5,Scheduled,Diabetes,Follow-up Required
A109473,P11616,3,1,2024-01-14,2024-01-18,4,Scheduled,Infection,Recovered
A109474,P14660,3,1,2025-11-10,2025-11-14,4,Referral,Skin Disorder,Transferred
A109475,P10063,36,8,2024-12-03,2024-12-09,6,Scheduled,Asthma,Recovered
A109476,P10394,9,2,2025-06-25,2025-07-07,12,Scheduled,Migraine,Follow-up Required
A109477,P11527,16,4,2025-04-01,2025-04-09,8,Scheduled,Fracture,Recovered
A109478,P11502,16,4,2025-06-09,2025-06-11,2,Emergency,Fracture,Recovered
A109479,P10520,12,3,2025-03-11,2025-03-17,6,Scheduled,Infection,Follow-up Required
A109480,P10389,38,8,2024-12-31,2025-01-01,1,Emergency,Hypertension,Recovered
A109481,P10588,20,4,2025-02-04,2025-02-09,5,Emergency,Asthma,Recovered
A109482,P13498,31,7,2025-07-27,2025-07-31,4,Scheduled,Hypertension,Recovered
A109483,P13062,30,6,2025-04-26,2025-04-30,4,Scheduled,Fracture,Recovered
A109484,P14732,21,5,2024-04-19,2024-04-24,5,Emergency,ENT Infection,Follow-up Required
A109485,P12572,3,1,2025-02-09,2025-02-15,6,Emergency,Asthma,Follow-up Required
A109486,P10280,21,5,2024-11-04,2024-11-10,6,Emergency,Diabetes,Recovered
A109487,P13117,28,6,2024-06-08,2024-06-09,1,Emergency,Migraine,Follow-up Required
A109488,P13473,28,6,2024-02-24,2024-03-01,6,Scheduled,ENT Infection,Follow-up Required
A109489,P11985,5,1,2024-09-12,2024-09-19,7,Emergency,Fracture,Recovered
A109490,P12282,7,2,2025-06-17,2025-06-18,1,Scheduled,Heart Disease,Recovered
A109491,P14282,5,1,2025-02-25,2025-02-28,3,Emergency,ENT Infection,Recovered
A109492,P10805,9,2,2025-09-06,2025-09-13,7,Emergency,Asthma,Recovered
A109493,P10075,47,10,2024-09-20,2024-09-24,4,Referral,Infection,Recovered
A109494,P12986,21,5,2024-08-20,2024-08-26,6,Scheduled,Diabetes,Recovered
A109495,P10710,20,4,2025-11-10,2025-11-14,4,Emergency,Asthma,Recovered
A109496,P13663,38,8,2024-08-20,2024-09-03,14,Referral,ENT Infection,Follow-up Required
A109497,P14631,40,8,2025-05-31,2025-06-12,12,Emergency,Hypertension,Recovered
A109498,P11431,37,8,2024-02-14,2024-02-17,3,Referral,ENT Infection,Deceased
A109499,P14992,17,4,2025-07-11,2025-07-14,3,Emergency,Fracture,Recovered
A109500,P10647,42,9,2025-11-06,2025-11-10,4,Referral,Asthma,Recovered
A109501,P12039,28,6,2025-11-11,2025-11-13,2,Emergency,Heart Disease,Recovered
A109502,P14134,31,7,2025-03-11,2025-03-15,4,Referral,Skin Disorder,Recovered
A109503,P13939,33,7,2024-11-30,2024-12-07,7,Scheduled,Heart Disease,Recovered
A109504,P12216,32,7,2025-02-07,2025-02-15,8,Emergency,Fracture,Recovered
A109505,P13357,32,7,2024-06-12,2024-06-20,8,Referral,Migraine,Recovered
A109506,P10103,48,10,2024-09-12,2024-09-13,1,Scheduled,ENT Infection,Recovered
A109507,P10145,23,5,2024-03-06,2024-03-13,7,Scheduled,Cancer,Recovered
A109508,P10755,21,5,2024-03-28,2024-04-01,4,Scheduled,ENT Infection,Recovered
A109509,P14058,25,5,2024-08-27,2024-08-29,2,Scheduled,Diabetes,Follow-up Required
A109510,P14462,33,7,2024-11-06,2024-11-10,4,Emergency,Fracture,Follow-up Required
A109511,P11831,3,1,2025-07-24,2025-08-01,8,Referral,Diabetes,Recovered
A109512,P13710,6,2,2025-11-12,2025-11-16,4,Scheduled,Heart Disease,Follow-up Required
A109513,P10083,49,10,2024-09-14,2024-10-04,20,Emergency,Heart Disease,Recovered
A109514,P11312,28,6,2025-07-11,2025-07-16,5,Emergency,Infection,Recovered
A109515,P13340,2,1,2025-05-28,2025-06-01,4,Scheduled,Migraine,Recovered
A109516,P13695,32,7,2025-03-09,2025-03-12,3,Referral,Diabetes,Recovered
A109517,P13932,26,6,2024-05-08,2024-05-09,1,Scheduled,Asthma,Recovered
A109518,P13448,5,1,2024-11-21,2024-11-26,5,Emergency,Fracture,Recovered
A109519,P13669,11,3,2024-01-17,2024-01-22,5,Emergency,Diabetes,Deceased
A109520,P11616,10,2,2025-11-29,2025-12-03,4,Scheduled,Heart Disease,Follow-up Required
A109521,P14247,15,3,2024-12-07,2024-12-12,5,Emergency,Diabetes,Follow-up Required
A109522,P12804,18,4,2025-09-19,2025-09-27,8,Scheduled,Fracture,Recovered
A109523,P14826,49,10,2024-09-05,2024-09-08,3,Scheduled,Heart Disease,Recovered
A109524,P12063,14,3,2025-12-10,2025-12-15,5,Emergency,Cancer,Recovered
A109525,P14197,28,6,2024-06-25,2024-07-01,6,Scheduled,Fracture,Recovered
A109526,P10780,30,6,2024-12-22,2024-12-24,2,Scheduled,ENT Infection,Recovered
A109527,P11059,13,3,2025-05-09,2025-05-19,10,Scheduled,Heart Disease,Recovered
A109528,P12399,20,4,2024-02-04,2024-02-10,6,Scheduled,ENT Infection,Recovered
A109529,P13005,2,1,2025-02-10,2025-02-11,1,Scheduled,Skin Disorder,Recovered
A109530,P12331,25,5,2025-10-08,2025-10-16,8,Scheduled,Skin Disorder,Recovered
A109531,P14733,44,9,2024-01-10,2024-01-20,10,Emergency,Heart Disease,Recovered
A109532,P11760,43,9,2025-11-25,2025-12-02,7,Referral,Fracture,Recovered
A109533,P14621,12,3,2025-12-14,2025-12-18,4,Scheduled,Infection,Recovered
A109534,P14261,25,5,2025-06-14,2025-07-04,20,Referral,Heart Disease,Deceased
A109535,P10428,4,1,2025-06-18,2025-06-20,2,Referral,ENT Infection,Recovered
A109536,P13877,42,9,2024-04-04,2024-04-09,5,Scheduled,Skin Disorder,Recovered
A109537,P12491,12,3,2025-07-29,2025-07-31,2,Referral,Infection,Follow-up Required
A109538,P12117,7,2,2025-03-25,2025-03-29,4,Scheduled,Asthma,Recovered
A109539,P12322,38,8,2024-08-07,2024-08-17,10,Emergency,Asthma,Transferred
A109540,P10560,40,8,2024-04-05,2024-04-12,7,Emergency,Cancer,Recovered
A109541,P14945,32,7,2025-01-15,2025-01-22,7,Scheduled,Skin Disorder,Transferred
A109542,P11386,43,9,2025-10-30,2025-11-02,3,Scheduled,Heart Disease,Recovered
A109543,P12618,6,2,2024-07-25,2024-08-06,12,Referral,Heart Disease,Recovered
A109544,P11955,27,6,2024-09-02,2024-09-05,3,Scheduled,Cancer,Follow-up Required
A109545,P10590,35,7,2025-12-11,2025-12-12,1,Scheduled,Heart Disease,Recovered
A109546,P10499,21,5,2025-05-24,2025-05-29,5,Referral,Fracture,Recovered
A109547,P12823,20,4,2024-03-23,2024-03-26,3,Scheduled,Infection,Recovered
A109548,P11530,19,4,2024-11-12,2024-11-14,2,Emergency,Infection,Recovered
A109549,P11639,33,7,2025-10-06,2025-10-18,12,Referral,Diabetes,Recovered
A109550,P11133,4,1,2024-04-14,2024-04-19,5,Scheduled,Diabetes,Follow-up Required
A109551,P14484,19,4,2025-01-04,2025-01-16,12,Scheduled,Fracture,Recovered
A109552,P10416,49,10,2025-08-03,2025-08-08,5,Scheduled,Migraine,Recovered
A109553,P14997,28,6,2025-11-26,2025-11-27,1,Emergency,Asthma,Recovered
A109554,P11592,22,5,2025-09-21,2025-09-22,1,Emergency,Infection,Recovered
A109555,P14408,24,5,2024-06-28,2024-07-08,10,Emergency,Heart Disease,Transferred
A109556,P13884,46,10,2025-08-24,2025-08-25,1,Emergency,Hypertension,Recovered
A109557,P11608,30,6,2025-08-22,2025-08-27,5,Referral,Diabetes,Recovered
A109558,P13725,29,6,2024-03-23,2024-03-26,3,Scheduled,Hypertension,Recovered
A109559,P11716,10,2,2025-06-15,2025-06-21,6,Emergency,Diabetes,Recovered
A109560,P10203,32,7,2025-09-10,2025-09-13,3,Scheduled,Asthma,Recovered
A109561,P13855,9,2,2025-05-15,2025-05-16,1,Scheduled,ENT Infection,Recovered
A109562,P13960,25,5,2024-12-13,2024-12-19,6,Emergency,Infection,Recovered
A109563,P10110,16,4,2024-09-28,2024-10-01,3,Emergency,Cancer,Follow-up Required
A109564,P14178,15,3,2024-11-26,2024-12-01,5,Scheduled,Cancer,Recovered
A109565,P10769,48,10,2025-09-01,2025-09-08,7,Scheduled,ENT Infection,Recovered
A109566,P10139,18,4,2025-07-22,2025-07-28,6,Referral,Infection,Recovered
A109567,P10221,23,5,2025-10-22,2025-10-25,3,Referral,Diabetes,Recovered
A109568,P10861,42,9,2025-01-23,2025-01-29,6,Scheduled,Skin Disorder,Recovered
A109569,P13928,3,1,2024-05-16,2024-05-26,10,Scheduled,Migraine,Recovered
A109570,P12388,7,2,2024-12-26,2024-12-31,5,Scheduled,Fracture,Recovered
A109571,P12526,39,8,2024-10-08,2024-10-14,6,Emergency,Diabetes,Follow-up Required
A109572,P11446,11,3,2024-07-20,2024-07-28,8,Emergency,Cancer,Recovered
A109573,P11610,24,5,2025-06-14,2025-06-22,8,Emergency,ENT Infection,Recovered
A109574,P10199,35,7,2024-01-16,2024-01-19,3,Emergency,Fracture,Recovered
A109575,P12864,50,10,2025-07-21,2025-08-10,20,Emergency,Hypertension,Recovered
A109576,P11161,25,5,2024-04-23,2024-04-24,1,Scheduled,Asthma,Recovered
A109577,P11370,28,6,2024-03-08,2024-03-28,20,Emergency,Fracture,Recovered
A109578,P13572,12,3,2025-08-12,2025-08-15,3,Emergency,Infection,Recovered
A109579,P12223,23,5,2024-01-30,2024-02-03,4,Scheduled,Infection,Follow-up Required
A109580,P10489,17,4,2025-06-02,2025-06-10,8,Scheduled,ENT Infection,Recovered
A109581,P13541,41,9,2025-10-25,2025-10-28,3,Emergency,Migraine,Deceased
A109582,P12868,37,8,2024-01-22,2024-01-24,2,Scheduled,Skin Disorder,Recovered
A109583,P12428,18,4,2025-03-06,2025-03-11,5,Scheduled,Infection,Recovered
A109584,P11878,9,2,2024-01-30,2024-02-05,6,Scheduled,ENT Infection,Recovered
A109585,P14538,45,9,2025-11-09,2025-11-10,1,Referral,Migraine,Follow-up Required
A109586,P10865,35,7,2025-10-21,2025-10-25,4,Emergency,Cancer,Recovered
A109587,P12181,36,8,2025-02-13,2025-02-17,4,Scheduled,ENT Infection,Transferred
A109588,P13029,18,4,2024-02-18,2024-02-21,3,Emergency,Diabetes,Recovered
A109589,P13099,20,4,2024-11-20,2024-11-25,5,Emergency,Asthma,Follow-up Required
A109590,P13329,21,5,2025-05-02,2025-05-04,2,Emergency,Cancer,Recovered
A109591,P13635,47,10,2024-10-24,2024-10-27,3,Scheduled,Infection,Follow-up Required
A109592,P10656,20,4,2024-06-29,2024-07-05,6,Scheduled,Fracture,Recovered
A109593,P11380,6,2,2024-05-01,2024-05-09,8,Referral,Hypertension,Recovered
A109594,P10236,9,2,2024-05-03,2024-05-08,5,Scheduled,Heart Disease,Follow-up Required
A109595,P10989,43,9,2025-03-28,2025-03-29,1,Referral,Migraine,Recovered
A109596,P11383,29,6,2024-09-22,2024-09-28,6,Emergency,Asthma,Follow-up Required
A109597,P10815,29,6,2024-01-28,2024-02-07,10,Emergency,Heart Disease,Deceased
A109598,P12967,13,3,2024-09-15,2024-09-19,4,Scheduled,Diabetes,Recovered
A109599,P11690,36,8,2024-03-17,2024-03-21,4,Referral,Heart Disease,Recovered
A109600,P13801,27,6,2025-03-07,2025-03-27,20,Emergency,Migraine,Recovered
A109601,P12487,47,10,2025-12-06,2025-12-11,5,Referral,Heart Disease,Recovered
A109602,P11666,49,10,2024-02-04,2024-02-11,7,Emergency,Cancer,Recovered
A109603,P12636,44,9,2025-03-11,2025-03-16,5,Referral,Infection,Recovered
A109604,P13987,6,2,2024-04-23,2024-04-25,2,Scheduled,Skin Disorder,Recovered
A109605,P11824,39,8,2024-03-02,2024-03-05,3,Scheduled,Heart Disease,Deceased
A109606,P14089,32,7,2024-02-21,2024-02-27,6,Referral,Cancer,Recovered
A109607,P10611,49,10,2024-04-25,2024-04-29,4,Referral,Skin Disorder,Follow-up Required
A109608,P11336,43,9,2024-02-16,2024-02-20,4,Referral,Cancer,Recovered
A109609,P13869,44,9,2025-03-13,2025-03-14,1,Scheduled,Migraine,Recovered
A109610,P14326,28,6,2025-02-15,2025-02-23,8,Referral,Asthma,Recovered
A109611,P13693,45,9,2024-04-10,2024-04-18,8,Scheduled,ENT Infection,Recovered
A109612,P14436,1,1,2024-10-05,2024-10-09,4,Referral,Skin Disorder,Recovered
A109613,P13567,50,10,2024-04-16,2024-04-22,6,Scheduled,Diabetes,Recovered
A109614,P12212,43,9,2024-02-04,2024-02-06,2,Scheduled,Skin Disorder,Recovered
A109615,P12164,31,7,2024-12-24,2024-12-28,4,Scheduled,Hypertension,Recovered
A109616,P10071,30,6,2024-01-02,2024-01-06,4,Scheduled,ENT Infection,Recovered
A109617,P11750,18,4,2025-05-06,2025-05-12,6,Scheduled,Asthma,Recovered
A109618,P14946,29,6,2024-09-28,2024-10-02,4,Scheduled,Hypertension,Recovered
A109619,P10342,42,9,2024-05-23,2024-05-27,4,Emergency,Hypertension,Recovered
A109620,P14684,38,8,2025-03-10,2025-03-13,3,Scheduled,Heart Disease,Recovered
A109621,P12827,23,5,2025-03-26,2025-03-27,1,Scheduled,Fracture,Recovered
A109622,P13832,22,5,2025-08-26,2025-09-05,10,Referral,Fracture,Follow-up Required
A109623,P12380,2,1,2025-07-19,2025-07-20,1,Scheduled,ENT Infection,Follow-up Required
A109624,P13870,5,1,2024-08-15,2024-08-18,3,Scheduled,ENT Infection,Recovered
A109625,P14203,42,9,2025-06-28,2025-07-02,4,Emergency,Migraine,Follow-up Required
A109626,P13274,15,3,2024-08-01,2024-08-04,3,Referral,Asthma,Recovered
A109627,P12440,32,7,2025-10-09,2025-10-14,5,Emergency,Fracture,Recovered
A109628,P14326,46,10,2024-09-04,2024-09-08,4,Referral,Infection,Follow-up Required
A109629,P12068,6,2,2025-02-11,2025-02-14,3,Scheduled,Diabetes,Follow-up Required
A109630,P13540,14,3,2024-02-22,2024-02-23,1,Emergency,Cancer,Recovered
A109631,P14748,24,5,2025-07-29,2025-07-31,2,Referral,Fracture,Transferred
A109632,P10472,21,5,2024-11-09,2024-11-13,4,Emergency,Asthma,Recovered
A109633,P13766,14,3,2025-01-08,2025-01-16,8,Emergency,ENT Infection,Transferred
A109634,P14170,12,3,2024-02-06,2024-02-08,2,Emergency,Hypertension,Recovered
A109635,P10654,4,1,2025-12-24,2025-12-30,6,Referral,Diabetes,Recovered
A109636,P10462,44,9,2025-06-07,2025-06-14,7,Scheduled,Fracture,Follow-up Required
A109637,P11174,21,5,2024-03-24,2024-03-27,3,Referral,ENT Infection,Follow-up Required
A109638,P11668,17,4,2024-04-03,2024-04-09,6,Emergency,Skin Disorder,Recovered
A109639,P13746,29,6,2025-02-18,2025-02-24,6,Emergency,Hypertension,Deceased
A109640,P13322,16,4,2024-12-07,2024-12-13,6,Scheduled,Hypertension,Recovered
A109641,P10640,18,4,2025-12-19,2025-12-29,10,Scheduled,Infection,Recovered
A109642,P14370,38,8,2025-07-03,2025-07-07,4,Scheduled,ENT Infection,Follow-up Required
A109643,P10482,41,9,2025-02-24,2025-02-27,3,Scheduled,Cancer,Follow-up Required
A109644,P10082,44,9,2024-12-13,2024-12-18,5,Scheduled,Infection,Follow-up Required
A109645,P13304,11,3,2025-12-15,2025-12-16,1,Emergency,Heart Disease,Follow-up Required
A109646,P14127,32,7,2025-08-09,2025-08-12,3,Scheduled,Cancer,Recovered
A109647,P12794,28,6,2024-05-07,2024-05-15,8,Emergency,Cancer,Recovered
A109648,P11108,16,4,2024-05-31,2024-06-05,5,Referral,Migraine,Transferred
A109649,P13786,34,7,2025-06-05,2025-06-09,4,Referral,Cancer,Recovered
A109650,P10251,50,10,2024-02-07,2024-02-10,3,Referral,Diabetes,Transferred
A109651,P12435,30,6,2025-03-02,2025-03-05,3,Emergency,Skin Disorder,Transferred
A109652,P11621,38,8,2024-04-14,2024-04-16,2,Emergency,Migraine,Recovered
A109653,P11719,22,5,2024-06-13,2024-06-20,7,Scheduled,Heart Disease,Recovered
A109654,P10266,5,1,2025-06-27,2025-07-17,20,Scheduled,Asthma,Recovered
A109655,P10022,9,2,2024-07-30,2024-08-04,5,Referral,Asthma,Recovered
A109656,P12124,13,3,2025-06-09,2025-06-10,1,Referral,Heart Disease,Recovered
A109657,P11511,39,8,2024-05-11,2024-05-18,7,Emergency,Infection,Follow-up Required
A109658,P13853,23,5,2024-05-31,2024-06-08,8,Referral,Cancer,Recovered
A109659,P14776,27,6,2024-04-05,2024-04-17,12,Emergency,Diabetes,Recovered
A109660,P12939,32,7,2025-05-17,2025-05-22,5,Referral,Hypertension,Recovered
A109661,P13423,31,7,2025-06-05,2025-06-09,4,Scheduled,ENT Infection,Recovered
A109662,P10240,33,7,2025-01-08,2025-01-13,5,Scheduled,Skin Disorder,Recovered
A109663,P10051,42,9,2024-01-16,2024-01-17,1,Scheduled,ENT Infection,Recovered
A109664,P13008,26,6,2025-11-09,2025-11-15,6,Referral,Diabetes,Recovered
A109665,P10476,18,4,2025-08-30,2025-09-05,6,Scheduled,Cancer,Recovered
A109666,P12005,12,3,2024-01-18,2024-01-24,6,Referral,Diabetes,Recovered
A109667,P14990,3,1,2025-02-12,2025-02-17,5,Emergency,ENT Infection,Follow-up Required
A109668,P10157,5,1,2024-01-07,2024-01-13,6,Referral,Heart Disease,Recovered
A109669,P14762,14,3,2025-11-26,2025-12-01,5,Referral,Migraine,Recovered
A109670,P12784,47,10,2024-09-01,2024-09-03,2,Scheduled,Diabetes,Recovered
A109671,P12020,12,3,2025-08-16,2025-08-26,10,Referral,Skin Disorder,Recovered
A109672,P11687,4,1,2025-10-04,2025-10-09,5,Emergency,Heart Disease,Recovered
A109673,P14171,16,4,2024-05-08,2024-05-14,6,Referral,Infection,Transferred
A109674,P13859,11,3,2025-03-30,2025-04-02,3,Emergency,Diabetes,Recovered
A109675,P12415,36,8,2025-08-08,2025-08-18,10,Scheduled,Diabetes,Recovered
A109676,P12804,38,8,2025-07-24,2025-07-28,4,Scheduled,Infection,Recovered
A109677,P13250,48,10,2024-03-12,2024-03-18,6,Scheduled,Hypertension,Follow-up Required
A109678,P12156,2,1,2024-06-08,2024-06-20,12,Scheduled,Heart Disease,Recovered
A109679,P11827,13,3,2024-03-27,2024-04-06,10,Emergency,Diabetes,Recovered
A109680,P13758,8,2,2025-02-04,2025-02-09,5,Referral,Fracture,Recovered
A109681,P10093,44,9,2025-04-06,2025-04-08,2,Emergency,Fracture,Deceased
A109682,P14277,21,5,2025-06-12,2025-06-24,12,Scheduled,ENT Infection,Deceased
A109683,P10671,26,6,2024-03-29,2024-04-12,14,Referral,Hypertension,Recovered
A109684,P12144,38,8,2025-10-22,2025-10-24,2,Referral,Migraine,Follow-up Required
A109685,P10232,35,7,2024-01-06,2024-01-10,4,Scheduled,Infection,Recovered
A109686,P13990,15,3,2025-08-18,2025-08-23,5,Scheduled,Skin Disorder,Recovered
A109687,P11603,40,8,2024-03-24,2024-03-25,1,Scheduled,Fracture,Recovered
A109688,P12952,30,6,2024-09-06,2024-09-08,2,Scheduled,Asthma,Recovered
A109689,P11773,2,1,2025-10-27,2025-11-01,5,Scheduled,Skin Disorder,Recovered
A109690,P12067,16,4,2025-02-19,2025-03-05,14,Scheduled,Hypertension,Transferred
A109691,P11311,13,3,2024-03-12,2024-03-13,1,Scheduled,ENT Infection,Recovered
A109692,P10159,1,1,2025-09-12,2025-09-22,10,Scheduled,Hypertension,Recovered
A109693,P13779,43,9,2024-04-21,2024-05-01,10,Scheduled,Cancer,Follow-up Required
A109694,P11587,28,6,2024-06-20,2024-06-28,8,Scheduled,ENT Infection,Recovered
A109695,P10378,1,1,2025-11-29,2025-12-02,3,Emergency,Skin Disorder,Recovered
A109696,P13296,40,8,2024-09-29,2024-10-03,4,Referral,Hypertension,Recovered
A109697,P10714,34,7,2025-06-13,2025-06-17,4,Referral,ENT Infection,Recovered
A109698,P14188,13,3,2025-11-10,2025-11-22,12,Emergency,Infection,Recovered
A109699,P12224,2,1,2024-11-14,2024-11-18,4,Scheduled,Migraine,Recovered
A109700,P14072,4,1,2024-03-22,2024-03-23,1,Scheduled,Cancer,Recovered
A109701,P12783,25,5,2024-03-15,2024-03-18,3,Emergency,Asthma,Transferred
A109702,P10738,34,7,2025-03-04,2025-03-08,4,Scheduled,ENT Infection,Recovered
A109703,P12501,13,3,2025-04-04,2025-04-16,12,Emergency,Fracture,Recovered
A109704,P13147,36,8,2024-12-11,2024-12-16,5,Scheduled,Heart Disease,Recovered
A109705,P11864,32,7,2024-09-05,2024-09-11,6,Emergency,Heart Disease,Follow-up Required
A109706,P10492,21,5,2025-10-04,2025-10-05,1,Emergency,Hypertension,Follow-up Required
A109707,P13005,26,6,2025-01-21,2025-01-29,8,Emergency,Diabetes,Recovered
A109708,P13614,15,3,2025-12-13,2025-12-18,5,Emergency,Skin Disorder,Recovered
A109709,P11530,29,6,2024-12-28,2025-01-07,10,Scheduled,Migraine,Recovered
A109710,P10946,26,6,2024-10-22,2024-10-26,4,Scheduled,Infection,Recovered
A109711,P13641,21,5,2024-03-08,2024-03-14,6,Emergency,Fracture,Deceased
A109712,P10702,12,3,2025-03-13,2025-03-17,4,Scheduled,Diabetes,Recovered
A109713,P13957,12,3,2025-06-15,2025-06-17,2,Emergency,Migraine,Recovered
A109714,P12485,5,1,2025-08-27,2025-08-30,3,Scheduled,Skin Disorder,Recovered
A109715,P12756,42,9,2024-05-12,2024-05-13,1,Emergency,Skin Disorder,Recovered
A109716,P13269,26,6,2024-10-21,2024-10-25,4,Scheduled,Cancer,Follow-up Required
A109717,P13103,32,7,2024-10-22,2024-10-27,5,Scheduled,Migraine,Recovered
A109718,P11868,2,1,2025-10-08,2025-10-11,3,Scheduled,Infection,Recovered
A109719,P14126,8,2,2024-02-02,2024-02-06,4,Scheduled,Hypertension,Recovered
A109720,P13806,27,6,2025-01-08,2025-01-12,4,Emergency,Fracture,Recovered
A109721,P13034,37,8,2024-02-01,2024-02-06,5,Scheduled,Infection,Recovered
A109722,P14780,8,2,2025-07-08,2025-07-10,2,Scheduled,Heart Disease,Deceased
A109723,P10390,24,5,2024-10-31,2024-11-05,5,Scheduled,Fracture,Follow-up Required
A109724,P11244,13,3,2024-04-17,2024-04-20,3,Emergency,Hypertension,Transferred
A109725,P13348,29,6,2024-04-05,2024-04-08,3,Scheduled,Cancer,Recovered
A109726,P10012,13,3,2024-03-06,2024-03-11,5,Emergency,Diabetes,Follow-up Required
A109727,P11517,23,5,2025-06-04,2025-06-06,2,Scheduled,ENT Infection,Recovered
A109728,P11621,47,10,2024-08-17,2024-08-27,10,Emergency,Hypertension,Recovered
A109729,P11758,15,3,2024-12-23,2025-01-04,12,Scheduled,Heart Disease,Recovered
A109730,P10049,24,5,2025-02-05,2025-02-11,6,Emergency,Heart Disease,Follow-up Required
A109731,P11716,43,9,2024-04-08,2024-04-11,3,Referral,Infection,Recovered
A109732,P10261,23,5,2024-09-27,2024-10-02,5,Referral,Diabetes,Recovered
A109733,P10320,10,2,2024-12-27,2025-01-01,5,Referral,Infection,Follow-up Required
A109734,P14282,38,8,2024-06-12,2024-06-16,4,Referral,Hypertension,Follow-up Required
A109735,P12277,5,1,2025-06-11,2025-06-14,3,Referral,ENT Infection,Transferred
A109736,P11928,5,1,2024-06-17,2024-06-19,2,Referral,Fracture,Recovered
A109737,P12833,31,7,2024-01-21,2024-01-23,2,Emergency,Cancer,Recovered
A109738,P14117,40,8,2025-06-23,2025-06-29,6,Scheduled,Infection,Recovered
A109739,P10016,1,1,2025-08-17,2025-08-25,8,Emergency,Migraine,Recovered
A109740,P12528,2,1,2025-01-31,2025-02-03,3,Scheduled,Infection,Recovered
A109741,P13867,49,10,2024-02-05,2024-02-07,2,Scheduled,Skin Disorder,Recovered
A109742,P14102,29,6,2025-05-09,2025-05-10,1,Referral,Hypertension,Follow-up Required
A109743,P12346,7,2,2024-11-09,2024-11-13,4,Referral,Diabetes,Recovered
A109744,P10941,29,6,2025-05-04,2025-05-06,2,Emergency,Hypertension,Recovered
A109745,P10259,9,2,2024-10-02,2024-10-05,3,Scheduled,Migraine,Recovered
A109746,P11064,36,8,2024-08-20,2024-08-23,3,Scheduled,Heart Disease,Recovered
A109747,P10276,7,2,2025-09-07,2025-09-13,6,Scheduled,ENT Infection,Recovered
A109748,P12792,28,6,2025-03-11,2025-03-16,5,Scheduled,Hypertension,Recovered
A109749,P12567,10,2,2024-01-06,2024-01-16,10,Referral,Hypertension,Recovered
A109750,P14923,16,4,2025-06-18,2025-06-24,6,Referral,Infection,Follow-up Required
A109751,P11931,10,2,2025-11-12,2025-11-14,2,Emergency,Diabetes,Transferred
A109752,P13583,39,8,2025-10-25,2025-11-01,7,Emergency,Skin Disorder,Recovered
A109753,P11332,26,6,2024-08-31,2024-09-02,2,Scheduled,Infection,Recovered
A109754,P11557,34,7,2024-08-28,2024-09-02,5,Scheduled,ENT Infection,Recovered
A109755,P10480,34,7,2025-07-11,2025-07-12,1,Scheduled,Hypertension,Follow-up Required
A109756,P14510,40,8,2024-09-29,2024-09-30,1,Referral,Hypertension,Recovered
A109757,P13047,14,3,2024-03-15,2024-03-19,4,Emergency,Fracture,Recovered
A109758,P13595,18,4,2024-10-09,2024-10-11,2,Scheduled,Heart Disease,Transferred
A109759,P11489,1,1,2025-12-08,2025-12-11,3,Referral,Asthma,Recovered
A109760,P12825,17,4,2025-06-18,2025-06-21,3,Scheduled,Cancer,Recovered
A109761,P12093,49,10,2024-03-27,2024-04-03,7,Scheduled,ENT Infection,Transferred
A109762,P10830,22,5,2025-09-24,2025-09-27,3,Emergency,Infection,Recovered
A109763,P14371,37,8,2024-05-28,2024-06-01,4,Emergency,Hypertension,Follow-up Required
A109764,P11935,16,4,2024-05-29,2024-06-05,7,Scheduled,Asthma,Follow-up Required
A109765,P12701,7,2,2025-07-30,2025-08-01,2,Scheduled,Skin Disorder,Transferred
A109766,P10144,15,3,2024-06-08,2024-06-15,7,Scheduled,Skin Disorder,Follow-up Required
A109767,P14931,21,5,2025-03-21,2025-03-29,8,Referral,Diabetes,Follow-up Required
A109768,P12805,2,1,2024-03-22,2024-04-11,20,Emergency,Cancer,Recovered
A109769,P11887,48,10,2024-01-07,2024-01-11,4,Emergency,Fracture,Recovered
A109770,P12595,25,5,2024-06-30,2024-07-03,3,Emergency,Heart Disease,Recovered
A109771,P10784,9,2,2025-06-09,2025-06-15,6,Scheduled,Infection,Recovered
A109772,P14274,20,4,2025-04-22,2025-04-23,1,Referral,Migraine,Recovered
A109773,P12830,50,10,2024-07-01,2024-07-02,1,Referral,Asthma,Follow-up Required
A109774,P12199,10,2,2024-11-09,2024-11-12,3,Scheduled,Fracture,Recovered
A109775,P10611,21,5,2025-07-09,2025-07-15,6,Emergency,Skin Disorder,Recovered
A109776,P13519,4,1,2024-06-22,2024-06-24,2,Emergency,Heart Disease,Recovered
A109777,P10541,30,6,2024-01-14,2024-01-19,5,Referral,Migraine,Recovered
A109778,P12198,34,7,2024-10-26,2024-10-29,3,Scheduled,Diabetes,Recovered
A109779,P12310,30,6,2024-03-13,2024-03-19,6,Emergency,Fracture,Recovered
A109780,P10413,14,3,2025-05-28,2025-06-01,4,Scheduled,Infection,Recovered
A109781,P11784,22,5,2025-12-22,2025-12-24,2,Emergency,ENT Infection,Follow-up Required
A109782,P14588,1,1,2025-08-24,2025-08-27,3,Scheduled,Migraine,Recovered
A109783,P11728,8,2,2024-12-08,2024-12-10,2,Referral,Asthma,Recovered
A109784,P11428,11,3,2025-01-30,2025-02-01,2,Emergency,Migraine,Transferred
A109785,P13511,1,1,2024-11-28,2024-12-02,4,Scheduled,Infection,Follow-up Required
A109786,P11638,5,1,2024-12-20,2025-01-01,12,Emergency,Skin Disorder,Recovered
A109787,P14577,45,9,2025-07-12,2025-07-18,6,Referral,Infection,Recovered
A109788,P10180,49,10,2024-06-11,2024-06-19,8,Emergency,Heart Disease,Follow-up Required
A109789,P13397,10,2,2024-04-25,2024-05-09,14,Scheduled,Infection,Recovered
A109790,P14678,39,8,2025-02-06,2025-02-11,5,Emergency,Heart Disease,Recovered
A109791,P11643,13,3,2024-03-19,2024-03-21,2,Referral,Fracture,Recovered
A109792,P11295,21,5,2025-03-22,2025-04-01,10,Emergency,Asthma,Recovered
A109793,P11583,36,8,2024-01-08,2024-01-14,6,Scheduled,Infection,Transferred
A109794,P13537,45,9,2024-01-23,2024-02-04,12,Emergency,Cancer,Recovered
A109795,P10364,33,7,2025-06-26,2025-07-02,6,Scheduled,Skin Disorder,Recovered
A109796,P12117,43,9,2025-02-17,2025-02-24,7,Scheduled,Hypertension,Follow-up Required
A109797,P12356,28,6,2025-11-12,2025-11-22,10,Emergency,Fracture,Deceased
A109798,P14519,9,2,2025-10-03,2025-10-10,7,Scheduled,Heart Disease,Recovered
A109799,P12562,45,9,2025-02-12,2025-02-17,5,Referral,Asthma,Recovered
A109800,P13117,11,3,2025-10-30,2025-11-03,4,Scheduled,Asthma,Follow-up Required
A109801,P12543,40,8,2024-01-22,2024-01-29,7,Scheduled,Cancer,Recovered
A109802,P14021,29,6,2025-09-29,2025-10-06,7,Scheduled,Fracture,Follow-up Required
A109803,P10884,7,2,2025-02-06,2025-02-09,3,Scheduled,Fracture,Recovered
A109804,P11173,27,6,2025-11-11,2025-11-15,4,Scheduled,Hypertension,Recovered
A109805,P11785,22,5,2025-11-08,2025-11-13,5,Emergency,Heart Disease,Recovered
A109806,P14675,31,7,2024-06-05,2024-06-06,1,Referral,Heart Disease,Recovered
A109807,P13969,30,6,2024-11-25,2024-11-28,3,Emergency,Cancer,Follow-up Required
A109808,P12163,28,6,2024-01-22,2024-01-25,3,Scheduled,Cancer,Recovered
A109809,P12676,20,4,2025-04-16,2025-04-24,8,Emergency,Cancer,Follow-up Required
A109810,P14333,15,3,2024-09-20,2024-09-23,3,Referral,Skin Disorder,Recovered
A109811,P12095,15,3,2024-10-29,2024-11-03,5,Referral,Cancer,Recovered
A109812,P12322,12,3,2025-12-24,2026-01-01,8,Referral,Asthma,Recovered
A109813,P10113,17,4,2025-04-09,2025-04-12,3,Emergency,Migraine,Recovered
A109814,P10792,23,5,2024-06-12,2024-06-14,2,Scheduled,Fracture,Recovered
A109815,P11316,6,2,2024-05-15,2024-05-27,12,Emergency,Heart Disease,Recovered
A109816,P12364,45,9,2024-09-08,2024-09-14,6,Referral,Infection,Recovered
A109817,P13234,16,4,2024-07-23,2024-07-25,2,Scheduled,Skin Disorder,Recovered
A109818,P10051,27,6,2024-10-28,2024-11-04,7,Scheduled,Hypertension,Recovered
A109819,P13496,23,5,2024-08-29,2024-09-05,7,Scheduled,Diabetes,Follow-up Required
A109820,P10144,1,1,2024-03-01,2024-03-09,8,Scheduled,Cancer,Follow-up Required
A109821,P13688,45,9,2025-04-09,2025-04-12,3,Scheduled,Fracture,Recovered
A109822,P12576,7,2,2024-10-28,2024-11-01,4,Scheduled,Cancer,Recovered
A109823,P14486,45,9,2025-04-16,2025-04-22,6,Scheduled,Asthma,Recovered
A109824,P12021,39,8,2025-01-28,2025-02-01,4,Scheduled,Hypertension,Recovered
A109825,P13731,40,8,2025-08-29,2025-08-30,1,Scheduled,Asthma,Recovered
A109826,P10749,50,10,2025-10-21,2025-10-23,2,Referral,Hypertension,Recovered
A109827,P10875,49,10,2024-09-15,2024-09-20,5,Emergency,Cancer,Follow-up Required
A109828,P12945,48,10,2025-06-25,2025-06-28,3,Emergency,Hypertension,Recovered
A109829,P14804,49,10,2025-06-13,2025-06-14,1,Scheduled,Migraine,Recovered
A109830,P11209,40,8,2024-07-05,2024-07-12,7,Scheduled,ENT Infection,Recovered
A109831,P13734,39,8,2024-07-30,2024-08-03,4,Emergency,Asthma,Follow-up Required
A109832,P10214,18,4,2024-02-04,2024-02-07,3,Emergency,Cancer,Recovered
A109833,P14109,36,8,2024-05-26,2024-06-01,6,Scheduled,Fracture,Recovered
A109834,P11819,22,5,2024-10-08,2024-10-12,4,Emergency,Heart Disease,Follow-up Required
A109835,P13495,2,1,2025-06-30,2025-07-06,6,Scheduled,Migraine,Follow-up Required
A109836,P10486,48,10,2025-08-10,2025-08-11,1,Referral,Cancer,Recovered
A109837,P13016,26,6,2025-08-06,2025-08-07,1,Scheduled,Cancer,Deceased
A109838,P13724,50,10,2024-09-05,2024-09-10,5,Scheduled,Migraine,Recovered
A109839,P13480,32,7,2024-02-26,2024-03-11,14,Emergency,Skin Disorder,Recovered
A109840,P14215,23,5,2024-10-31,2024-11-03,3,Emergency,Diabetes,Follow-up Required
A109841,P14028,40,8,2025-06-05,2025-06-11,6,Emergency,Fracture,Follow-up Required
A109842,P14938,46,10,2025-12-25,2025-12-27,2,Referral,Hypertension,Recovered
A109843,P13119,18,4,2024-12-26,2024-12-29,3,Scheduled,Cancer,Follow-up Required
A109844,P10664,19,4,2024-08-24,2024-08-25,1,Emergency,Diabetes,Follow-up Required
A109845,P11024,24,5,2024-08-21,2024-08-29,8,Scheduled,Cancer,Transferred
A109846,P14883,4,1,2024-08-10,2024-08-13,3,Emergency,Cancer,Recovered
A109847,P14443,46,10,2025-09-07,2025-09-09,2,Scheduled,Cancer,Recovered
A109848,P10237,2,1,2024-11-22,2024-11-28,6,Emergency,Asthma,Recovered
A109849,P13285,30,6,2024-04-07,2024-04-09,2,Emergency,Cancer,Recovered
A109850,P13344,49,10,2024-08-13,2024-08-16,3,Emergency,Fracture,Recovered
A109851,P12126,38,8,2025-05-03,2025-05-05,2,Emergency,Asthma,Recovered
A109852,P13218,31,7,2025-04-22,2025-05-06,14,Scheduled,Diabetes,Recovered
A109853,P11956,40,8,2024-11-29,2024-12-02,3,Scheduled,Infection,Recovered
A109854,P10229,16,4,2025-07-08,2025-07-28,20,Emergency,Hypertension,Recovered
A109855,P14939,33,7,2025-05-26,2025-05-28,2,Scheduled,Skin Disorder,Recovered
A109856,P13413,50,10,2025-01-16,2025-01-17,1,Emergency,ENT Infection,Recovered
A109857,P12887,3,1,2025-02-26,2025-03-08,10,Scheduled,Diabetes,Recovered
A109858,P14260,18,4,2024-12-13,2024-12-18,5,Emergency,Infection,Recovered
A109859,P14478,10,2,2024-06-01,2024-06-04,3,Emergency,Asthma,Recovered
A109860,P14678,2,1,2025-03-27,2025-03-31,4,Emergency,Diabetes,Recovered
A109861,P12820,30,6,2024-10-16,2024-10-19,3,Scheduled,Asthma,Follow-up Required
A109862,P12990,30,6,2024-04-28,2024-05-03,5,Referral,Heart Disease,Recovered
A109863,P11087,25,5,2024-08-01,2024-08-06,5,Emergency,Hypertension,Recovered
A109864,P11994,43,9,2025-07-18,2025-07-19,1,Emergency,Skin Disorder,Deceased
A109865,P14342,24,5,2025-03-14,2025-03-24,10,Emergency,Infection,Recovered
A109866,P13046,35,7,2025-07-18,2025-07-22,4,Scheduled,Skin Disorder,Recovered
A109867,P13306,10,2,2025-09-20,2025-09-22,2,Emergency,ENT Infection,Follow-up Required
A109868,P11993,48,10,2025-03-22,2025-03-25,3,Emergency,Fracture,Follow-up Required
A109869,P13600,30,6,2024-02-11,2024-02-19,8,Referral,Infection,Recovered
A109870,P13588,26,6,2025-01-29,2025-02-01,3,Emergency,Diabetes,Follow-up Required
A109871,P11306,35,7,2024-09-03,2024-09-08,5,Scheduled,Hypertension,Recovered
A109872,P14460,24,5,2024-10-17,2024-10-29,12,Emergency,Cancer,Transferred
A109873,P10920,20,4,2024-09-04,2024-09-10,6,Emergency,Infection,Recovered
A109874,P10042,39,8,2025-09-04,2025-09-10,6,Scheduled,Migraine,Recovered
A109875,P11283,49,10,2025-08-21,2025-08-24,3,Scheduled,ENT Infection,Recovered
A109876,P13566,40,8,2025-03-24,2025-03-30,6,Emergency,Fracture,Recovered
A109877,P12121,35,7,2024-03-24,2024-03-28,4,Emergency,Diabetes,Transferred
A109878,P13146,39,8,2024-08-08,2024-08-18,10,Scheduled,Asthma,Recovered
A109879,P12683,10,2,2025-10-27,2025-10-29,2,Emergency,Migraine,Follow-up Required
A109880,P14497,27,6,2024-02-20,2024-02-23,3,Referral,ENT Infection,Recovered
A109881,P13151,15,3,2025-07-03,2025-07-04,1,Scheduled,Skin Disorder,Follow-up Required
A109882,P13725,15,3,2024-07-05,2024-07-08,3,Referral,ENT Infection,Recovered
A109883,P11834,37,8,2025-06-08,2025-06-10,2,Scheduled,Diabetes,Recovered
A109884,P12518,35,7,2024-08-10,2024-08-18,8,Scheduled,Migraine,Follow-up Required
A109885,P13837,3,1,2025-04-09,2025-04-19,10,Emergency,Heart Disease,Recovered
A109886,P13863,29,6,2025-02-22,2025-02-28,6,Referral,Migraine,Recovered
A109887,P10129,4,1,2024-03-27,2024-03-29,2,Emergency,Migraine,Recovered
A109888,P14475,47,10,2024-09-15,2024-09-18,3,Scheduled,Migraine,Recovered
A109889,P13187,16,4,2024-06-29,2024-07-13,14,Scheduled,Cancer,Follow-up Required
A109890,P11346,5,1,2024-11-06,2024-11-08,2,Scheduled,Migraine,Recovered
A109891,P12437,21,5,2024-06-21,2024-06-26,5,Scheduled,Asthma,Recovered
A109892,P12834,40,8,2024-11-17,2024-11-20,3,Scheduled,Hypertension,Recovered
A109893,P14560,42,9,2025-12-07,2025-12-27,20,Emergency,Fracture,Recovered
A109894,P14643,21,5,2024-12-05,2024-12-08,3,Scheduled,Diabetes,Recovered
A109895,P14505,2,1,2025-05-10,2025-05-11,1,Scheduled,Diabetes,Recovered
A109896,P14714,14,3,2024-09-01,2024-09-07,6,Emergency,Hypertension,Recovered
A109897,P14857,5,1,2025-05-19,2025-05-22,3,Scheduled,Asthma,Recovered
A109898,P13224,7,2,2024-11-24,2024-11-30,6,Referral,Heart Disease,Recovered
A109899,P13477,11,3,2024-07-14,2024-07-16,2,Referral,Diabetes,Recovered
A109900,P12539,35,7,2024-03-02,2024-03-06,4,Emergency,Cancer,Recovered
A109901,P12855,30,6,2024-01-25,2024-01-28,3,Referral,Migraine,Recovered
A109902,P11436,44,9,2025-07-17,2025-07-22,5,Referral,ENT Infection,Recovered
A109903,P10256,46,10,2025-07-15,2025-07-23,8,Emergency,Hypertension,Recovered
A109904,P12418,1,1,2025-01-12,2025-01-26,14,Scheduled,Hypertension,Recovered
A109905,P11754,16,4,2024-10-21,2024-10-28,7,Referral,Diabetes,Recovered
A109906,P14747,47,10,2024-02-21,2024-02-28,7,Scheduled,Heart Disease,Recovered
A109907,P13412,1,1,2024-02-09,2024-02-13,4,Scheduled,Diabetes,Recovered
A109908,P10076,22,5,2025-07-25,2025-07-26,1,Scheduled,Diabetes,Follow-up Required
A109909,P13612,13,3,2025-12-28,2026-01-03,6,Emergency,Migraine,Recovered
A109910,P10505,27,6,2025-04-01,2025-04-03,2,Emergency,Infection,Recovered
A109911,P13393,15,3,2025-12-09,2025-12-12,3,Referral,Hypertension,Recovered
A109912,P11993,17,4,2024-01-02,2024-01-08,6,Emergency,Hypertension,Recovered
A109913,P14758,9,2,2025-04-13,2025-04-19,6,Referral,Diabetes,Recovered
A109914,P13379,5,1,2024-04-15,2024-04-18,3,Emergency,Diabetes,Recovered
A109915,P12395,23,5,2024-08-03,2024-08-10,7,Scheduled,Hypertension,Recovered
A109916,P11417,44,9,2025-11-09,2025-11-21,12,Scheduled,Skin Disorder,Recovered
A109917,P12230,49,10,2025-02-17,2025-02-22,5,Scheduled,ENT Infection,Recovered
A109918,P10240,43,9,2024-07-28,2024-08-03,6,Referral,Infection,Recovered
A109919,P11778,11,3,2024-02-27,2024-03-01,3,Referral,ENT Infection,Follow-up Required
A109920,P14261,24,5,2024-02-12,2024-02-26,14,Scheduled,Infection,Recovered
A109921,P14159,8,2,2024-05-17,2024-05-20,3,Emergency,Asthma,Follow-up Required
A109922,P12403,47,10,2025-09-12,2025-09-20,8,Scheduled,Asthma,Recovered
A109923,P14147,34,7,2025-05-03,2025-05-13,10,Emergency,Asthma,Follow-up Required
A109924,P12632,42,9,2025-07-13,2025-07-19,6,Emergency,Diabetes,Recovered
A109925,P13907,31,7,2025-09-29,2025-10-06,7,Scheduled,ENT Infection,Recovered
A109926,P13011,22,5,2025-04-13,2025-04-17,4,Emergency,Infection,Recovered
A109927,P13390,14,3,2025-12-26,2026-01-05,10,Emergency,Fracture,Recovered
A109928,P14077,5,1,2025-10-01,2025-10-07,6,Emergency,Diabetes,Recovered
A109929,P11215,17,4,2025-01-23,2025-01-26,3,Scheduled,Skin Disorder,Follow-up Required
A109930,P10670,18,4,2024-07-16,2024-07-17,1,Emergency,Infection,Recovered
A109931,P13562,19,4,2024-07-20,2024-07-25,5,Emergency,Asthma,Follow-up Required
A109932,P10616,7,2,2024-07-10,2024-07-18,8,Scheduled,Migraine,Recovered
A109933,P14659,26,6,2024-04-16,2024-04-24,8,Emergency,ENT Infection,Recovered
A109934,P11131,25,5,2025-12-06,2025-12-14,8,Emergency,Heart Disease,Recovered
A109935,P11522,18,4,2024-11-22,2024-11-24,2,Scheduled,Hypertension,Recovered
A109936,P14452,44,9,2025-10-05,2025-10-09,4,Scheduled,Migraine,Follow-up Required
A109937,P12665,15,3,2024-12-22,2024-12-27,5,Referral,Fracture,Follow-up Required
A109938,P14863,29,6,2025-08-17,2025-08-23,6,Emergency,Skin Disorder,Follow-up Required
A109939,P10304,46,10,2025-05-15,2025-05-18,3,Scheduled,Asthma,Recovered
A109940,P13980,42,9,2024-10-10,2024-10-16,6,Emergency,Infection,Follow-up Required
A109941,P11895,49,10,2025-04-12,2025-04-17,5,Emergency,Heart Disease,Recovered
A109942,P11516,1,1,2025-05-22,2025-05-27,5,Scheduled,Infection,Recovered
A109943,P10584,4,1,2024-04-15,2024-04-21,6,Scheduled,Skin Disorder,Recovered
A109944,P10367,9,2,2024-10-20,2024-10-25,5,Scheduled,Skin Disorder,Recovered
A109945,P12047,36,8,2024-03-06,2024-03-08,2,Scheduled,Skin Disorder,Follow-up Required
A109946,P10459,32,7,2024-07-13,2024-07-21,8,Referral,Hypertension,Follow-up Required
A109947,P10120,24,5,2024-07-06,2024-07-09,3,Emergency,Hypertension,Recovered
A109948,P13285,37,8,2024-02-16,2024-02-22,6,Emergency,Diabetes,Recovered
A109949,P13255,18,4,2024-12-27,2024-12-29,2,Scheduled,Cancer,Recovered
A109950,P13566,15,3,2025-06-20,2025-06-26,6,Emergency,Cancer,Recovered
A109951,P13303,20,4,2025-07-31,2025-08-10,10,Referral,Hypertension,Recovered
A109952,P14460,40,8,2025-05-01,2025-05-02,1,Referral,Asthma,Recovered
A109953,P11969,2,1,2025-08-01,2025-08-15,14,Emergency,ENT Infection,Transferred
A109954,P12532,25,5,2025-12-09,2025-12-10,1,Scheduled,Heart Disease,Recovered
A109955,P10852,13,3,2024-09-02,2024-09-03,1,Scheduled,Hypertension,Recovered
A109956,P11930,27,6,2025-09-03,2025-09-11,8,Scheduled,Migraine,Transferred
A109957,P11944,13,3,2024-06-26,2024-07-02,6,Emergency,Diabetes,Recovered
A109958,P10764,28,6,2024-04-24,2024-04-26,2,Emergency,Asthma,Recovered
A109959,P13297,46,10,2025-11-10,2025-11-22,12,Scheduled,Fracture,Recovered
A109960,P12679,15,3,2025-09-22,2025-09-28,6,Scheduled,Cancer,Follow-up Required
A109961,P13812,29,6,2024-06-13,2024-06-15,2,Referral,Hypertension,Follow-up Required
A109962,P10902,21,5,2024-08-06,2024-08-14,8,Scheduled,Infection,Follow-up Required
A109963,P11519,44,9,2024-07-15,2024-07-19,4,Scheduled,ENT Infection,Follow-up Required
A109964,P13257,31,7,2025-02-04,2025-02-07,3,Referral,Asthma,Transferred
A109965,P13987,23,5,2025-11-11,2025-11-18,7,Scheduled,Skin Disorder,Follow-up Required
A109966,P10742,37,8,2024-03-16,2024-03-22,6,Emergency,Fracture,Follow-up Required
A109967,P13554,3,1,2025-03-01,2025-03-06,5,Scheduled,Asthma,Recovered
A109968,P11694,50,10,2024-10-13,2024-10-23,10,Emergency,Infection,Recovered
A109969,P12130,35,7,2025-06-28,2025-07-06,8,Referral,Cancer,Transferred
A109970,P14012,14,3,2024-10-25,2024-10-27,2,Scheduled,ENT Infection,Follow-up Required
A109971,P13253,2,1,2025-12-07,2025-12-15,8,Emergency,Infection,Follow-up Required
A109972,P11366,50,10,2024-10-20,2024-10-23,3,Emergency,Infection,Recovered
A109973,P10196,13,3,2025-03-22,2025-03-26,4,Scheduled,Asthma,Recovered
A109974,P10151,2,1,2025-02-17,2025-03-03,14,Scheduled,Asthma,Recovered
A109975,P14524,12,3,2025-03-06,2025-03-13,7,Scheduled,Hypertension,Recovered
A109976,P10331,27,6,2024-08-17,2024-08-20,3,Scheduled,Skin Disorder,Recovered
A109977,P13111,34,7,2024-04-05,2024-04-10,5,Emergency,Cancer,Recovered
A109978,P13325,40,8,2025-03-14,2025-03-19,5,Emergency,Skin Disorder,Follow-up Required
A109979,P10890,5,1,2024-06-19,2024-06-21,2,Scheduled,Hypertension,Follow-up Required
A109980,P10955,25,5,2024-11-12,2024-11-20,8,Emergency,Asthma,Recovered
A109981,P13690,11,3,2025-06-27,2025-07-04,7,Referral,Asthma,Recovered
A109982,P14450,13,3,2025-05-05,2025-05-12,7,Emergency,Skin Disorder,Follow-up Required
A109983,P12949,28,6,2025-01-22,2025-01-27,5,Scheduled,Diabetes,Recovered
A109984,P13242,21,5,2025-07-10,2025-07-12,2,Emergency,Hypertension,Recovered
A109985,P12396,49,10,2024-03-12,2024-03-20,8,Emergency,Diabetes,Recovered
A109986,P12045,48,10,2025-06-15,2025-06-18,3,Referral,Asthma,Recovered
A109987,P13600,26,6,2024-08-26,2024-08-27,1,Scheduled,Infection,Recovered
A109988,P13991,27,6,2025-12-11,2025-12-25,14,Emergency,Infection,Transferred
A109989,P14015,26,6,2025-07-30,2025-08-07,8,Emergency,Heart Disease,Follow-up Required
A109990,P12056,15,3,2025-11-30,2025-12-05,5,Emergency,Fracture,Recovered
A109991,P12671,50,10,2024-03-29,2024-03-30,1,Scheduled,Heart Disease,Recovered
A109992,P11576,6,2,2025-12-13,2025-12-15,2,Scheduled,Skin Disorder,Recovered
A109993,P11853,4,1,2025-06-18,2025-06-22,4,Emergency,Heart Disease,Recovered
A109994,P12214,4,1,2025-10-03,2025-10-08,5,Emergency,ENT Infection,Recovered
A109995,P11227,30,6,2024-06-02,2024-06-08,6,Scheduled,Asthma,Recovered
A109996,P11664,13,3,2025-08-12,2025-08-19,7,Scheduled,Asthma,Recovered
A109997,P10364,9,2,2024-07-08,2024-07-13,5,Emergency,Migraine,Recovered
A109998,P11948,42,9,2025-02-18,2025-02-24,6,Scheduled,Migraine,Transferred
A109999,P14754,14,3,2024-06-02,2024-06-09,7,Referral,Cancer,Recovered
A110000,P13633,28,6,2025-09-16,2025-09-22,6,Scheduled,Skin Disorder,Recovered
