BillID,AdmissionID,BillingDate,TreatmentAmount,RoomCharges,TotalAmount,InsuranceCovered,PatientPayable,PaymentStatus
B100001,A100001,2025-07-22,1539.97,4317.1,6061.09,0.0,6061.09,Paid
B100002,A100002,2025-11-07,1279.84,15377.66,16678.73,0.0,16678.73,Paid
B100003,A100003,2024-04-04,10555.43,12453.0,17750.21,0.0,17750.21,Pending
B100004,A100004,2024-12-09,31348.09,17144.59,41788.15,29523.95,12264.2,Partially Paid
B100005,A100005,2025-09-30,25244.3,1266.25,28873.87,23355.22,5518.65,Paid
B100006,A100006,2024-06-20,10282.84,12434.6,23386.49,0.0,23386.49,Paid
B100007,A100007,2024-05-20,6713.97,2441.18,12186.47,8641.21,3545.26,Paid
B100008,A100008,2025-06-04,18015.02,11445.74,27712.88,22922.56,4790.32,Paid
B100009,A100009,2025-08-05,9962.21,10083.59,30137.38,18900.09,11237.29,Paid
B100010,A100010,2025-09-20,4278.34,26299.92,24957.18,0.0,24957.18,Pending
B100011,A100011,2024-07-10,93762.35,21892.63,109825.06,71591.04,38234.02,Paid
B100012,A100012,2024-06-22,81253.32,16720.72,93157.19,65824.24,27332.95,Paid
B100013,A100013,2024-12-29,3545.91,8611.17,11776.84,6685.11,5091.73,Paid
B100014,A100014,2024-09-03,2024.59,7469.75,12158.46,0.0,12158.46,Paid
B100015,A100015,2024-05-25,1385.29,26659.23,20830.64,14421.71,6408.93,Paid
B100016,A100016,2024-01-30,1643.83,5800.11,6870.1,6032.84,837.26,Paid
B100017,A100017,2025-06-07,58053.66,11069.84,78880.59,0.0,78880.59,Paid
B100018,A100018,2025-02-02,19930.12,3145.74,23466.72,15034.32,8432.39,Pending
B100019,A100019,2024-12-01,841.64,8372.08,9491.11,5720.27,3770.85,Paid
B100020,A100020,2024-11-17,2091.72,13408.91,19280.94,12289.51,6991.42,Paid
B100021,A100021,2025-07-20,52517.87,9257.18,66365.44,58413.63,7951.81,Paid
B100022,A100022,2025-03-05,2459.7,4877.99,14748.52,11350.75,3397.77,Pending
B100023,A100023,2024-05-21,49277.41,25060.41,68902.96,38272.57,30630.4,Paid
B100024,A100024,2025-11-22,1520.26,4117.76,6250.53,0.0,6250.53,Paid
B100025,A100025,2025-10-05,5754.84,5350.22,12816.52,7170.15,5646.38,Paid
B100026,A100026,2025-12-15,29029.43,7474.28,42944.76,27423.54,15521.22,Partially Paid
B100027,A100027,2024-09-28,3284.01,13454.19,9922.23,5657.09,4265.15,Paid
B100028,A100028,2024-04-17,58628.46,3286.17,62561.43,35877.44,26683.99,Paid
B100029,A100029,2025-07-19,676.43,12268.03,10994.54,7731.74,3262.8,Paid
B100030,A100030,2024-05-22,7877.89,8659.12,15432.1,0.0,15432.1,Pending
B100031,A100031,2025-09-07,5171.87,2888.41,7767.33,4316.79,3450.54,Paid
B100032,A100032,2024-02-22,9628.9,26979.89,26319.96,20185.95,6134.01,Paid
B100033,A100033,2025-10-30,5162.58,15032.6,13436.47,10670.97,2765.5,Paid
B100034,A100034,2025-01-04,1860.66,5665.11,10573.9,9386.34,1187.55,Paid
B100035,A100035,2024-01-11,1851.99,10871.36,10601.32,7625.71,2975.61,Paid
B100036,A100036,2025-06-11,22673.57,8772.3,38140.46,0.0,38140.46,Paid
B100037,A100037,2025-06-22,5273.03,26572.77,37424.84,28344.96,9079.88,Paid
B100038,A100038,2025-10-22,881.18,16303.16,21059.3,17097.89,3961.41,Pending
B100039,A100039,2024-10-01,1247.57,5029.2,12706.92,8835.8,3871.12,Paid
B100040,A100040,2024-03-08,1697.01,8849.64,9806.3,0.0,9806.3,Paid
B100041,A100041,2025-03-03,7389.54,18668.75,24689.73,17891.04,6798.69,Paid
B100042,A100042,2024-12-12,9919.96,22438.06,45551.06,0.0,45551.06,Paid
B100043,A100043,2025-05-14,4416.6,3514.19,9548.5,7750.33,1798.18,Paid
B100044,A100044,2025-04-14,2138.66,2439.01,5926.36,0.0,5926.36,Paid
B100045,A100045,2024-12-02,21978.68,9776.69,29989.17,0.0,29989.17,Paid
B100046,A100046,2025-10-06,8025.08,23424.67,29983.8,21886.17,8097.62,Pending
B100047,A100047,2024-05-12,3828.23,4828.17,11709.23,9107.1,2602.13,Paid
B100048,A100048,2025-06-19,1652.84,7447.72,10998.03,7792.45,3205.58,Paid
B100049,A100049,2025-12-22,1485.11,10483.25,8115.16,5573.0,2542.16,Paid
B100050,A100050,2025-08-26,10493.19,7118.43,18525.85,11413.81,7112.04,Paid
B100051,A100051,2025-03-16,7673.2,7507.51,18836.21,0.0,18836.21,Paid
B100052,A100052,2024-09-03,16184.36,9297.54,27975.71,15754.43,12221.28,Paid
B100053,A100053,2025-04-14,17371.87,16787.84,40357.29,29201.72,11155.57,Paid
B100054,A100054,2024-12-19,953.52,9001.56,10620.25,7441.49,3178.76,Paid
B100055,A100055,2024-01-20,3660.22,11282.86,15871.41,0.0,15871.41,Paid
B100056,A100056,2025-04-18,116960.99,25671.89,136235.4,0.0,136235.4,Paid
B100057,A100057,2024-12-29,118667.47,1902.49,121432.68,104719.72,16712.96,Paid
B100058,A100058,2024-08-04,16110.8,25590.48,34723.45,0.0,34723.45,Partially Paid
B100059,A100059,2025-09-09,4244.57,14768.71,30791.96,17460.64,13331.33,Paid
B100060,A100060,2025-06-11,9652.34,5565.85,21380.41,14870.32,6510.09,Paid
B100061,A100061,2025-12-01,1204.3,5378.12,9582.91,8330.53,1252.38,Paid
B100062,A100062,2025-03-03,2839.91,29306.77,18509.23,16350.19,2159.05,Paid
B100063,A100063,2024-05-17,30361.84,14529.34,51393.8,43485.24,7908.56,Paid
B100064,A100064,2024-01-15,803.37,2604.69,2959.68,2074.3,885.38,Paid
B100065,A100065,2024-02-23,10783.13,30108.73,51758.23,35339.28,16418.94,Paid
B100066,A100066,2025-01-14,23855.38,12634.43,35940.92,23377.04,12563.88,Paid
B100067,A100067,2024-10-24,8591.05,11017.08,16693.1,10017.48,6675.62,Paid
B100068,A100068,2025-02-04,5584.89,14970.95,24759.01,0.0,24759.01,Paid
B100069,A100069,2024-04-19,1016.03,17602.51,22933.07,18062.82,4870.24,Paid
B100070,A100070,2025-03-23,1822.7,4468.3,5868.1,4915.27,952.83,Paid
B100071,A100071,2024-03-04,2645.27,2643.66,5218.21,3052.1,2166.11,Paid
B100072,A100072,2025-07-23,4894.53,20782.13,12344.37,7530.98,4813.39,Paid
B100073,A100073,2025-02-20,23013.84,20950.34,44660.18,25104.38,19555.8,Partially Paid
B100074,A100074,2025-09-29,8671.71,25501.33,37091.93,26195.21,10896.72,Paid
B100075,A100075,2024-11-20,11376.71,17610.1,21647.52,15201.43,6446.09,Paid
B100076,A100076,2024-05-15,4731.97,15917.61,14375.48,0.0,14375.48,Partially Paid
B100077,A100077,2024-07-18,1666.0,3934.6,5993.73,3358.23,2635.5,Partially Paid
B100078,A100078,2024-02-15,1954.44,15307.39,22016.95,0.0,22016.95,Partially Paid
B100079,A100079,2024-08-06,8363.01,12608.04,17345.9,0.0,17345.9,Paid
B100080,A100080,2025-08-13,48765.97,13799.44,58778.34,45455.68,13322.66,Paid
B100081,A100081,2024-11-11,22781.97,42723.5,58765.38,52158.51,6606.88,Partially Paid
B100082,A100082,2025-07-27,8144.0,22864.06,20528.79,17614.78,2914.01,Paid
B100083,A100083,2024-01-17,7417.47,13382.18,23242.18,0.0,23242.18,Paid
B100084,A100084,2024-03-29,3920.99,8601.37,23983.62,16483.93,7499.69,Paid
B100085,A100085,2024-02-11,1155.45,27571.11,44966.04,36484.28,8481.76,Pending
B100086,A100086,2025-02-18,3612.7,9534.1,25939.93,18092.46,7847.47,Partially Paid
B100087,A100087,2024-03-31,914.47,19009.83,14917.71,10412.33,4505.38,Pending
B100088,A100088,2025-02-20,1238.22,9017.65,16214.48,10125.71,6088.77,Paid
B100089,A100089,2025-12-15,72113.89,4258.71,75212.28,45737.08,29475.2,Pending
B100090,A100090,2025-07-20,11458.07,10579.46,25788.14,20114.49,5673.65,Paid
B100091,A100091,2024-09-15,2315.89,9796.56,8363.01,7491.57,871.44,Pending
B100092,A100092,2024-09-01,5096.59,13284.23,14023.08,12267.47,1755.61,Partially Paid
B100093,A100093,2025-12-23,93838.2,8971.9,101272.89,86417.3,14855.59,Paid
B100094,A100094,2025-12-10,20460.4,3239.43,27209.9,24305.52,2904.37,Paid
B100095,A100095,2025-03-28,2881.33,4471.1,6585.57,4039.27,2546.31,Paid
B100096,A100096,2024-01-05,33722.47,15896.27,39767.99,27890.74,11877.25,Paid
B100097,A100097,2025-08-26,3858.87,6805.33,8815.48,0.0,8815.48,Paid
B100098,A100098,2024-10-12,5527.26,12186.66,21190.38,0.0,21190.38,Paid
B100099,A100099,2025-10-24,99457.68,41688.85,142952.9,82907.8,60045.1,Paid
B100100,A100100,2025-08-27,2614.26,10504.33,12264.84,9654.87,2609.97,Paid
B100101,A100101,2025-05-31,84128.15,4934.07,91913.1,64889.25,27023.85,Paid
B100102,A100102,2025-11-12,3281.55,5685.19,7739.14,6619.86,1119.28,Paid
B100103,A100103,2024-05-03,1601.96,11232.74,10305.96,6501.64,3804.33,Paid
B100104,A100104,2025-05-25,5912.18,16653.24,21791.72,14990.94,6800.78,Partially Paid
B100105,A100105,2024-03-24,1884.16,7002.06,17930.04,9869.72,8060.31,Partially Paid
B100106,A100106,2025-09-16,57037.65,3049.17,64825.03,46227.57,18597.46,Paid
B100107,A100107,2025-11-08,854.42,4393.76,3988.59,2309.95,1678.64,Paid
B100108,A100108,2024-08-09,5604.31,4586.16,14745.12,0.0,14745.12,Paid
B100109,A100109,2025-06-04,115405.28,16154.85,128846.6,113778.02,15068.57,Paid
B100110,A100110,2026-01-03,5808.94,19051.85,36738.83,27331.35,9407.49,Paid
B100111,A100111,2025-12-15,3416.52,21393.85,34751.74,24429.85,10321.89,Paid
B100112,A100112,2025-04-14,3771.08,10577.01,11386.56,8158.16,3228.4,Partially Paid
B100113,A100113,2025-06-08,3530.42,9453.79,22713.99,15249.9,7464.09,Paid
B100114,A100114,2025-06-05,4343.58,27693.88,77611.29,54555.16,23056.13,Paid
B100115,A100115,2024-03-04,4370.51,9571.93,28363.84,20576.02,7787.82,Paid
B100116,A100116,2024-12-08,6822.13,22044.4,15696.05,0.0,15696.05,Paid
B100117,A100117,2025-06-03,1412.62,20751.13,36310.38,0.0,36310.38,Pending
B100118,A100118,2025-09-08,5979.05,10049.24,11092.53,0.0,11092.53,Paid
B100119,A100119,2025-03-02,5635.04,2376.97,7184.77,5793.03,1391.74,Paid
B100120,A100120,2025-08-02,23680.94,73033.25,103353.68,91541.46,11812.23,Paid
B100121,A100121,2025-01-08,2065.73,16286.52,17249.05,0.0,17249.05,Paid
B100122,A100122,2025-02-21,6874.05,19356.1,32520.3,0.0,32520.3,Paid
B100123,A100123,2025-11-12,8916.34,9539.04,17875.32,13434.81,4440.51,Paid
B100124,A100124,2025-03-11,5790.77,13996.16,13981.32,10023.08,3958.24,Partially Paid
B100125,A100125,2024-07-19,2430.8,12944.88,15544.11,11913.33,3630.79,Paid
B100126,A100126,2025-01-16,2116.37,19285.87,22637.12,16678.14,5958.97,Paid
B100127,A100127,2025-01-01,1005.77,8451.18,6858.69,5609.07,1249.62,Paid
B100128,A100128,2025-10-07,5728.61,8414.45,11419.62,9834.09,1585.54,Paid
B100129,A100129,2025-02-13,6266.75,20045.27,12342.9,9093.02,3249.88,Partially Paid
B100130,A100130,2025-05-08,5164.11,3118.6,13040.49,7578.96,5461.54,Paid
B100131,A100131,2024-03-09,20428.19,11195.03,29820.65,17541.0,12279.65,Paid
B100132,A100132,2025-01-27,2600.78,6795.37,7451.75,4681.6,2770.15,Paid
B100133,A100133,2024-03-29,5770.1,12839.63,16148.23,0.0,16148.23,Pending
B100134,A100134,2025-05-03,6659.38,15514.4,27329.66,0.0,27329.66,Paid
B100135,A100135,2024-08-21,3802.01,20995.18,13740.91,9368.25,4372.66,Partially Paid
B100136,A100136,2026-01-04,7223.28,17888.53,17965.84,12160.3,5805.54,Paid
B100137,A100137,2024-09-01,7417.5,75760.3,51646.37,29512.02,22134.35,Paid
B100138,A100138,2024-04-23,6981.64,1675.34,8326.75,5390.27,2936.48,Paid
B100139,A100139,2025-10-16,7385.36,9119.73,20810.55,0.0,20810.55,Partially Paid
B100140,A100140,2024-07-06,50189.18,6262.99,58222.67,33769.84,24452.83,Paid
B100141,A100141,2025-05-29,1103.26,6280.02,12757.44,8875.65,3881.79,Paid
B100142,A100142,2024-06-23,2063.47,3273.18,5229.9,0.0,5229.9,Paid
B100143,A100143,2025-06-09,1062.73,5324.62,10689.42,0.0,10689.42,Paid
B100144,A100144,2025-11-04,3400.81,7970.51,12197.62,8730.52,3467.1,Paid
B100145,A100145,2024-07-27,3119.15,6223.47,20506.76,16008.85,4497.91,Paid
B100146,A100146,2025-06-25,7431.83,6767.96,22839.46,0.0,22839.46,Partially Paid
B100147,A100147,2024-11-19,2043.94,8037.52,14863.03,0.0,14863.03,Paid
B100148,A100148,2024-06-11,44584.66,8733.8,59869.46,45889.56,13979.89,Paid
B100149,A100149,2024-10-06,1558.97,8740.96,6651.99,4870.82,1781.18,Paid
B100150,A100150,2024-06-03,1395.07,9462.43,27369.97,18125.82,9244.15,Paid
B100151,A100151,2024-03-27,2397.75,8073.15,11045.08,7822.67,3222.41,Paid
B100152,A100152,2025-02-24,2736.73,8327.69,7598.16,4376.55,3221.61,Paid
B100153,A100153,2025-06-23,55784.32,2996.81,62181.7,37775.51,24406.2,Pending
B100154,A100154,2025-08-12,2207.36,26942.83,23101.73,15730.92,7370.81,Partially Paid
B100155,A100155,2025-07-08,1805.7,8389.48,16836.18,9396.37,7439.81,Partially Paid
B100156,A100156,2025-01-30,1264.34,7896.03,18441.05,14764.54,3676.51,Pending
B100157,A100157,2024-05-15,7451.72,12255.63,16041.73,12127.9,3913.83,Partially Paid
B100158,A100158,2025-10-03,7424.13,4879.36,21744.64,18469.29,3275.35,Pending
B100159,A100159,2025-09-23,3256.45,13725.2,16136.25,9820.68,6315.57,Partially Paid
B100160,A100160,2025-09-03,3984.83,28928.82,32679.44,28634.93,4044.51,Paid
B100161,A100161,2024-09-03,4281.1,11646.44,23355.36,20217.45,3137.91,Paid
B100162,A100162,2025-03-29,896.1,5403.2,9912.36,7316.84,2595.52,Pending
B100163,A100163,2024-07-19,1447.62,1406.75,2755.52,1869.31,886.22,Pending
B100164,A100164,2025-12-21,2340.57,8194.61,8068.29,6883.01,1185.28,Paid
B100165,A100165,2024-05-02,22810.98,22365.71,47809.04,0.0,47809.04,Paid
B100166,A100166,2024-08-08,17560.35,6868.54,20513.83,12444.01,8069.81,Paid
B100167,A100167,2024-11-04,1909.58,15374.75,14421.13,10850.07,3571.06,Paid
B100168,A100168,2024-09-05,104818.25,17966.26,112695.52,81826.29,30869.23,Paid
B100169,A100169,2024-10-21,10527.4,12151.71,18951.07,13980.41,4970.66,Partially Paid
B100170,A100170,2024-11-02,884.42,17189.01,21784.03,0.0,21784.03,Paid
B100171,A100171,2025-11-19,6924.65,12476.21,19203.1,13127.86,6075.24,Paid
B100172,A100172,2025-01-26,1330.71,11733.75,7634.72,4597.27,3037.45,Paid
B100173,A100173,2025-08-20,4200.17,44043.39,47464.47,40595.09,6869.38,Paid
B100174,A100174,2024-08-02,1629.89,20519.95,27305.1,19356.96,7948.14,Paid
B100175,A100175,2024-11-12,1993.95,5301.08,13466.69,11353.85,2112.84,Pending
B100176,A100176,2025-09-15,3928.77,18436.2,17126.18,10722.68,6403.5,Paid
B100177,A100177,2024-02-01,1246.27,21416.33,23749.26,20248.02,3501.24,Paid
B100178,A100178,2024-03-26,396.69,18084.13,16533.16,0.0,16533.16,Pending
B100179,A100179,2024-05-12,3381.55,17098.54,19431.29,11735.48,7695.8,Partially Paid
B100180,A100180,2025-02-19,4948.42,3987.03,12976.34,11622.95,1353.39,Pending
B100181,A100181,2024-05-19,3879.5,7565.36,9958.62,5577.56,4381.06,Pending
B100182,A100182,2024-12-05,1300.12,13259.84,21430.74,12023.36,9407.37,Paid
B100183,A100183,2025-07-03,2958.35,6402.67,10104.21,0.0,10104.21,Pending
B100184,A100184,2025-01-29,7527.22,10890.26,28131.48,17333.82,10797.66,Paid
B100185,A100185,2025-07-27,2446.51,8083.23,7650.63,0.0,7650.63,Paid
B100186,A100186,2024-08-22,33888.28,15907.43,48048.07,42411.86,5636.21,Partially Paid
B100187,A100187,2025-02-28,56678.99,5995.03,71629.87,46956.82,24673.05,Pending
B100188,A100188,2024-05-07,2457.43,11693.62,18431.27,16364.53,2066.74,Paid
B100189,A100189,2024-04-03,40413.52,21950.92,48147.16,0.0,48147.16,Paid
B100190,A100190,2024-05-25,6859.34,15435.82,15938.37,13036.23,2902.14,Partially Paid
B100191,A100191,2024-02-23,13012.75,4022.85,25820.44,14445.37,11375.07,Paid
B100192,A100192,2025-07-21,2911.52,2914.89,6691.15,5383.61,1307.53,Partially Paid
B100193,A100193,2025-02-16,24959.52,16372.32,53528.09,36512.24,17015.85,Paid
B100194,A100194,2024-12-10,93339.91,32615.21,106581.68,91270.83,15310.85,Paid
B100195,A100195,2025-10-25,17695.5,6339.59,20124.28,14958.28,5166.0,Partially Paid
B100196,A100196,2025-10-29,6186.6,5060.52,15615.61,9859.81,5755.8,Paid
B100197,A100197,2026-01-03,8288.85,9863.28,20462.65,15597.98,4864.67,Partially Paid
B100198,A100198,2026-01-12,86479.28,37692.06,103700.87,76298.64,27402.23,Paid
B100199,A100199,2025-01-02,2892.04,2714.18,5749.94,4555.56,1194.38,Paid
B100200,A100200,2024-09-16,6493.33,5348.02,15483.78,9890.65,5593.13,Paid
B100201,A100201,2025-01-24,3059.03,7182.19,7019.16,6292.21,726.95,Paid
B100202,A100202,2024-02-20,8508.29,14897.32,28880.89,22651.79,6229.09,Paid
B100203,A100203,2024-10-03,27376.03,20751.91,51702.47,35417.46,16285.01,Pending
B100204,A100204,2024-11-10,15703.46,5449.89,25975.23,19644.37,6330.85,Pending
B100205,A100205,2025-11-04,8901.42,4349.0,16600.73,11499.85,5100.88,Paid
B100206,A100206,2024-10-09,1840.02,21835.18,11764.75,10037.09,1727.66,Paid
B100207,A100207,2025-04-21,6773.43,7850.81,11020.5,9689.87,1330.63,Paid
B100208,A100208,2025-07-21,1518.77,1455.75,3597.85,3123.13,474.71,Paid
B100209,A100209,2024-06-01,1660.02,17582.6,25705.09,17990.07,7715.01,Paid
B100210,A100210,2024-08-30,2008.81,24594.08,28928.56,18113.2,10815.36,Paid
B100211,A100211,2025-12-05,2536.15,20609.54,23616.75,17996.29,5620.46,Paid
B100212,A100212,2025-12-24,9681.4,13986.34,16417.64,12262.57,4155.07,Paid
B100213,A100213,2024-05-18,881.03,10565.48,5651.39,3234.85,2416.54,Paid
B100214,A100214,2025-03-27,2802.19,21467.23,26249.17,22251.36,3997.81,Partially Paid
B100215,A100215,2024-12-20,97863.43,7035.53,104391.23,0.0,104391.23,Paid
B100216,A100216,2025-01-31,5154.91,4122.44,16973.33,0.0,16973.33,Paid
B100217,A100217,2024-10-04,1671.34,6104.68,8107.79,6543.83,1563.97,Paid
B100218,A100218,2025-01-30,1080.95,27920.96,44491.69,39162.97,5328.73,Paid
B100219,A100219,2024-11-24,4895.97,25381.15,17742.38,14093.71,3648.67,Paid
B100220,A100220,2024-07-03,2019.5,8516.96,9380.56,0.0,9380.56,Pending
B100221,A100221,2025-07-27,74135.93,4153.21,77342.27,67368.19,9974.07,Pending
B100222,A100222,2025-03-23,5658.68,18668.4,26187.0,17386.53,8800.47,Paid
B100223,A100223,2024-03-10,8902.47,31078.16,31972.9,0.0,31972.9,Paid
B100224,A100224,2026-01-02,3568.25,9218.59,27505.55,0.0,27505.55,Paid
B100225,A100225,2025-10-14,7876.28,5604.7,11740.98,9693.29,2047.69,Paid
B100226,A100226,2025-10-11,2381.01,9656.24,15299.04,12679.77,2619.27,Partially Paid
B100227,A100227,2024-02-08,1445.68,17382.03,23835.63,17165.02,6670.6,Paid
B100228,A100228,2025-12-17,2900.26,38054.0,48877.7,40023.62,8854.08,Partially Paid
B100229,A100229,2025-04-23,1689.43,7292.84,6065.07,0.0,6065.07,Paid
B100230,A100230,2024-03-31,1968.67,16658.99,17124.74,0.0,17124.74,Paid
B100231,A100231,2024-07-30,74729.48,6976.39,80395.6,53014.94,27380.66,Paid
B100232,A100232,2025-04-10,1359.92,14151.78,16466.67,0.0,16466.67,Paid
B100233,A100233,2024-03-23,1750.85,2913.47,4795.89,4024.18,771.71,Pending
B100234,A100234,2024-11-25,1621.12,12588.7,33801.82,18983.26,14818.56,Paid
B100235,A100235,2025-02-21,3420.15,7268.91,16865.02,12105.69,4759.33,Pending
B100236,A100236,2024-07-12,5735.58,10378.91,16366.99,14479.88,1887.11,Paid
B100237,A100237,2024-08-24,2448.8,6876.91,14014.12,0.0,14014.12,Paid
B100238,A100238,2025-02-03,1940.14,13173.38,16479.35,14457.92,2021.43,Paid
B100239,A100239,2024-06-24,4324.07,18047.07,28514.36,16572.65,11941.7,Paid
B100240,A100240,2025-03-19,5756.82,2614.73,7212.69,5414.99,1797.7,Paid
B100241,A100241,2024-06-17,1816.85,3878.56,4886.72,3439.71,1447.01,Partially Paid
B100242,A100242,2024-08-23,6294.18,10863.11,19198.61,0.0,19198.61,Partially Paid
B100243,A100243,2024-06-02,3435.65,14294.63,10875.29,8684.51,2190.78,Paid
B100244,A100244,2025-10-28,1993.01,11194.01,13760.2,8982.97,4777.23,Paid
B100245,A100245,2025-07-10,8902.77,17734.92,34653.55,28108.81,6544.74,Paid
B100246,A100246,2025-01-22,2767.2,6755.22,7145.22,0.0,7145.22,Paid
B100247,A100247,2025-01-29,23347.92,37899.52,57993.48,32759.54,25233.94,Paid
B100248,A100248,2024-10-02,8777.61,2508.06,10811.15,0.0,10811.15,Paid
B100249,A100249,2025-09-10,1432.39,4508.71,5217.07,4060.64,1156.43,Partially Paid
B100250,A100250,2024-03-05,105391.99,10917.27,111183.65,0.0,111183.65,Paid
B100251,A100251,2025-04-15,1549.12,10012.22,8115.31,0.0,8115.31,Partially Paid
B100252,A100252,2025-06-13,1796.83,5718.98,6433.87,4895.91,1537.96,Paid
B100253,A100253,2024-06-04,2222.15,19354.17,23158.28,0.0,23158.28,Paid
B100254,A100254,2024-05-24,3666.69,10692.19,9871.45,8604.64,1266.81,Paid
B100255,A100255,2024-04-26,7217.0,1560.93,10736.61,9533.79,1202.82,Paid
B100256,A100256,2024-03-13,2314.15,25224.68,32118.99,22511.26,9607.74,Paid
B100257,A100257,2025-03-16,2136.29,34732.17,29929.0,19963.38,9965.62,Paid
B100258,A100258,2024-11-10,20923.86,19181.07,27875.67,23615.89,4259.79,Paid
B100259,A100259,2025-12-13,1663.11,15268.26,26644.49,20860.12,5784.37,Partially Paid
B100260,A100260,2025-03-07,22104.38,7686.04,25421.02,17192.22,8228.79,Paid
B100261,A100261,2024-06-12,1594.02,11040.8,7906.17,6824.89,1081.28,Paid
B100262,A100262,2024-11-04,2737.5,11888.4,12194.24,7804.56,4389.68,Paid
B100263,A100263,2025-01-09,109284.79,25068.71,168567.0,146399.72,22167.28,Paid
B100264,A100264,2024-10-08,63252.9,16393.34,78021.42,64808.89,13212.54,Paid
B100265,A100265,2024-10-23,5205.49,2665.02,7293.93,5063.96,2229.97,Paid
B100266,A100266,2025-07-07,5385.49,8504.77,17032.01,0.0,17032.01,Pending
B100267,A100267,2024-06-18,4809.86,1920.21,7362.19,0.0,7362.19,Paid
B100268,A100268,2025-04-05,3477.89,8035.3,6829.33,4915.88,1913.45,Paid
B100269,A100269,2025-08-06,4497.88,7647.16,13382.25,10954.07,2428.18,Partially Paid
B100270,A100270,2024-01-10,2018.43,9030.52,13754.34,10669.96,3084.38,Paid
B100271,A100271,2025-08-20,86109.1,1892.53,88533.21,0.0,88533.21,Paid
B100272,A100272,2025-12-13,11870.4,5037.89,16778.09,14523.47,2254.62,Paid
B100273,A100273,2024-05-16,8853.36,20267.78,30964.16,23738.52,7225.64,Paid
B100274,A100274,2025-08-16,1724.99,7735.01,19146.9,12715.45,6431.45,Pending
B100275,A100275,2024-12-16,1387.76,12409.21,12745.58,8621.6,4123.97,Paid
B100276,A100276,2025-12-27,18352.87,23033.1,40004.92,0.0,40004.92,Paid
B100277,A100277,2025-08-20,2265.41,4596.93,11012.61,0.0,11012.61,Paid
B100278,A100278,2024-09-11,2238.0,6703.54,11167.45,6873.44,4294.01,Paid
B100279,A100279,2025-02-21,110926.74,16691.44,141125.07,95446.66,45678.41,Pending
B100280,A100280,2025-06-29,42987.74,12459.29,55215.46,48525.99,6689.47,Paid
B100281,A100281,2024-12-24,1257.07,8289.02,18033.62,0.0,18033.62,Paid
B100282,A100282,2025-12-25,7276.75,38888.62,51178.5,41063.65,10114.85,Pending
B100283,A100283,2025-07-21,1999.89,6889.24,14250.48,8508.64,5741.84,Paid
B100284,A100284,2025-01-03,1452.93,1733.1,3478.24,0.0,3478.24,Partially Paid
B100285,A100285,2025-08-18,11093.62,50619.85,54351.31,40805.13,13546.18,Paid
B100286,A100286,2025-05-26,15716.04,1405.43,18572.07,0.0,18572.07,Paid
B100287,A100287,2025-06-22,1540.47,10585.38,26900.58,0.0,26900.58,Paid
B100288,A100288,2025-06-14,42394.98,11719.81,46008.55,28384.85,17623.69,Paid
B100289,A100289,2025-06-15,7775.61,9043.8,24722.56,19012.72,5709.84,Paid
B100290,A100290,2025-02-10,815.05,17421.46,22489.34,0.0,22489.34,Paid
B100291,A100291,2024-06-27,1640.37,10462.41,9337.35,5987.47,3349.88,Partially Paid
B100292,A100292,2024-03-25,6164.25,18123.66,34869.96,28111.93,6758.02,Paid
B100293,A100293,2025-03-27,11975.36,26500.41,49745.48,40884.19,8861.29,Paid
B100294,A100294,2025-07-03,24399.77,3464.89,26567.93,21426.55,5141.38,Pending
B100295,A100295,2024-08-26,6576.46,11740.41,30580.3,0.0,30580.3,Paid
B100296,A100296,2025-02-05,1146.31,5156.46,8809.88,0.0,8809.88,Paid
B100297,A100297,2024-08-01,4708.14,3376.35,7299.13,5760.78,1538.34,Paid
B100298,A100298,2024-07-23,2283.59,51510.18,41283.12,29120.47,12162.66,Paid
B100299,A100299,2025-07-29,2239.83,6543.91,9699.75,7302.09,2397.66,Paid
B100300,A100300,2025-12-03,26934.23,3192.1,29549.4,23305.62,6243.79,Paid
B100301,A100301,2024-09-28,11293.54,17992.67,32729.3,0.0,32729.3,Paid
B100302,A100302,2024-05-08,5616.11,4861.12,10743.1,8495.46,2247.63,Pending
B100303,A100303,2025-12-19,11176.8,13835.37,22758.56,19553.39,3205.17,Pending
B100304,A100304,2025-01-21,1885.74,7014.64,9291.47,6501.72,2789.75,Pending
B100305,A100305,2025-07-05,35947.28,17374.48,68140.18,48000.6,20139.58,Pending
B100306,A100306,2025-05-17,4006.07,3255.03,7751.96,6371.73,1380.23,Partially Paid
B100307,A100307,2025-02-08,5561.38,6931.13,9237.88,0.0,9237.88,Paid
B100308,A100308,2024-09-18,11262.22,3912.47,15147.69,8739.9,6407.79,Paid
B100309,A100309,2025-01-22,6361.02,4001.16,8687.28,0.0,8687.28,Paid
B100310,A100310,2025-02-27,107357.78,16455.66,154989.33,113118.27,41871.06,Paid
B100311,A100311,2024-12-23,4831.52,15647.0,29158.75,18883.67,10275.08,Partially Paid
B100312,A100312,2024-04-09,8993.15,7458.18,25530.51,20064.24,5466.27,Pending
B100313,A100313,2024-11-28,10351.71,18197.94,20666.85,15255.3,5411.55,Paid
B100314,A100314,2024-04-17,4367.26,35735.13,31653.07,0.0,31653.07,Paid
B100315,A100315,2025-04-06,2362.15,3774.78,3741.7,2282.33,1459.38,Paid
B100316,A100316,2024-11-12,6910.63,3153.29,13132.35,10590.07,2542.27,Paid
B100317,A100317,2024-01-28,23729.19,10966.51,34629.81,19059.08,15570.73,Paid
B100318,A100318,2025-05-16,4338.64,28964.17,19097.06,12951.7,6145.36,Paid
B100319,A100319,2024-12-22,1619.3,15759.81,9547.12,6299.5,3247.62,Paid
B100320,A100320,2024-04-30,4345.32,7319.0,18724.15,11097.66,7626.49,Paid
B100321,A100321,2024-07-19,22709.35,7398.29,27852.91,24696.77,3156.14,Paid
B100322,A100322,2024-10-10,92386.14,14443.29,108663.92,72264.89,36399.03,Paid
B100323,A100323,2025-08-12,939.35,20215.61,21803.39,18482.9,3320.49,Pending
B100324,A100324,2024-03-22,1775.43,5507.13,9521.52,6769.61,2751.91,Pending
B100325,A100325,2025-03-04,41062.2,21079.76,52021.18,39207.49,12813.69,Paid
B100326,A100326,2024-12-22,574.4,9636.88,9966.43,7553.3,2413.12,Pending
B100327,A100327,2025-06-16,1970.46,29540.23,24215.0,18058.38,6156.61,Pending
B100328,A100328,2025-06-28,9355.6,9494.94,24084.42,0.0,24084.42,Paid
B100329,A100329,2025-10-20,4740.88,6656.22,13307.32,10031.57,3275.76,Paid
B100330,A100330,2025-04-25,1251.95,9133.54,13469.25,0.0,13469.25,Pending
B100331,A100331,2024-01-11,2498.17,2581.79,6495.12,4363.36,2131.76,Paid
B100332,A100332,2025-07-20,1780.82,19733.34,12446.53,9546.72,2899.82,Partially Paid
B100333,A100333,2025-05-29,3153.27,27853.3,38125.05,33580.95,4544.1,Paid
B100334,A100334,2024-09-20,2985.57,5653.8,9452.1,7425.11,2026.99,Paid
B100335,A100335,2025-06-09,15164.79,6154.87,22089.1,14095.76,7993.33,Pending
B100336,A100336,2025-08-24,16457.79,24602.28,41365.76,34873.98,6491.78,Paid
B100337,A100337,2024-01-10,5336.18,6146.68,15741.63,11549.81,4191.81,Paid
B100338,A100338,2024-02-07,5229.63,7756.85,15124.15,12168.94,2955.22,Paid
B100339,A100339,2024-06-24,23677.65,3228.35,26096.8,14592.63,11504.17,Paid
B100340,A100340,2025-03-25,839.25,21762.03,30394.85,20961.44,9433.41,Paid
B100341,A100341,2025-08-06,1754.23,20896.8,23767.74,18395.11,5372.64,Paid
B100342,A100342,2024-06-02,111272.44,13053.47,133696.22,0.0,133696.22,Paid
B100343,A100343,2025-07-26,2330.51,17236.16,9419.33,6952.89,2466.44,Paid
B100344,A100344,2024-07-18,43452.63,15662.19,52010.57,29344.32,22666.25,Paid
B100345,A100345,2024-01-18,67704.31,10941.67,84029.64,69759.06,14270.58,Paid
B100346,A100346,2025-06-16,1422.43,8136.5,6133.73,0.0,6133.73,Paid
B100347,A100347,2024-09-10,2919.36,11727.01,16043.39,9362.33,6681.06,Partially Paid
B100348,A100348,2025-11-25,7943.87,88708.73,42746.35,0.0,42746.35,Paid
B100349,A100349,2024-05-03,5095.69,28000.45,30293.94,0.0,30293.94,Partially Paid
B100350,A100350,2024-08-27,5993.13,18609.25,20046.24,16970.42,3075.82,Paid
B100351,A100351,2025-11-14,16737.44,26267.78,42817.43,0.0,42817.43,Paid
B100352,A100352,2024-11-23,7799.5,16061.4,28401.1,22500.19,5900.91,Paid
B100353,A100353,2025-06-29,1401.65,31538.32,16128.72,10488.13,5640.59,Paid
B100354,A100354,2024-05-09,1580.42,5946.56,16991.67,13937.75,3053.92,Partially Paid
B100355,A100355,2024-11-10,4970.53,3521.37,9220.48,6131.79,3088.69,Pending
B100356,A100356,2025-06-01,1384.65,20302.23,28260.34,0.0,28260.34,Paid
B100357,A100357,2025-05-08,64736.52,43777.38,92214.71,72247.11,19967.59,Paid
B100358,A100358,2024-10-10,1297.69,10702.34,9649.41,8365.51,1283.91,Paid
B100359,A100359,2024-10-16,6960.8,12388.73,24195.16,17086.9,7108.25,Partially Paid
B100360,A100360,2025-10-15,3172.96,13011.49,9216.95,0.0,9216.95,Paid
B100361,A100361,2025-09-16,4569.62,33671.71,46175.87,0.0,46175.87,Pending
B100362,A100362,2025-02-01,14473.35,19645.11,31640.2,24823.06,6817.14,Paid
B100363,A100363,2025-06-11,3181.5,22263.1,9327.92,6135.91,3192.01,Paid
B100364,A100364,2025-01-23,1507.09,24242.22,17335.46,14917.94,2417.52,Paid
B100365,A100365,2024-08-10,886.47,20249.66,26986.88,0.0,26986.88,Paid
B100366,A100366,2025-07-05,43930.1,39902.83,65679.99,0.0,65679.99,Paid
B100367,A100367,2025-09-07,3182.06,43342.12,37793.84,31785.84,6007.99,Paid
B100368,A100368,2024-04-26,11225.18,4429.68,13094.91,8549.01,4545.9,Paid
B100369,A100369,2025-05-25,5667.37,8890.11,13061.56,9401.24,3660.32,Paid
B100370,A100370,2025-05-21,5939.68,18494.03,24219.98,0.0,24219.98,Paid
B100371,A100371,2024-10-09,2449.03,44245.38,17164.57,10137.13,7027.45,Paid
B100372,A100372,2025-03-18,3965.15,10731.03,13996.57,10820.03,3176.54,Paid
B100373,A100373,2024-10-18,1267.54,1300.75,4369.24,3638.89,730.35,Paid
B100374,A100374,2024-02-11,3092.91,9108.77,12336.11,7046.03,5290.09,Paid
B100375,A100375,2024-01-27,5225.82,9753.05,18249.55,11398.96,6850.59,Paid
B100376,A100376,2024-02-19,24698.86,11354.68,41735.77,0.0,41735.77,Paid
B100377,A100377,2024-06-19,3227.96,4281.93,7399.68,6551.87,847.81,Pending
B100378,A100378,2024-12-07,2303.17,2536.44,4718.21,2753.31,1964.9,Partially Paid
B100379,A100379,2024-06-27,10009.52,15471.94,53778.53,43950.75,9827.78,Pending
B100380,A100380,2025-06-23,7315.54,5045.47,13357.52,0.0,13357.52,Paid
B100381,A100381,2025-11-29,2796.74,31339.3,22968.96,16012.12,6956.84,Paid
B100382,A100382,2025-04-19,13527.39,3890.13,25951.75,16936.44,9015.32,Paid
B100383,A100383,2025-10-29,45843.63,11634.1,65639.74,0.0,65639.74,Pending
B100384,A100384,2025-10-07,1094.16,2351.5,4015.26,2802.69,1212.57,Partially Paid
B100385,A100385,2024-05-25,7783.08,12409.91,15187.89,13006.91,2180.98,Paid
B100386,A100386,2025-11-10,24630.05,15801.68,38131.28,34130.94,4000.35,Partially Paid
B100387,A100387,2024-04-18,5742.96,11576.32,16745.67,14817.14,1928.53,Paid
B100388,A100388,2025-08-02,16752.6,16226.93,26841.69,0.0,26841.69,Paid
B100389,A100389,2025-08-28,5454.39,4241.62,6987.18,3913.89,3073.28,Paid
B100390,A100390,2025-12-26,45256.74,14441.57,65335.52,0.0,65335.52,Paid
B100391,A100391,2025-04-20,9715.31,2808.32,11233.52,7372.19,3861.32,Pending
B100392,A100392,2024-11-18,104830.88,33716.46,151360.33,107589.55,43770.78,Paid
B100393,A100393,2025-08-08,2334.36,8413.6,6657.07,4855.39,1801.67,Paid
B100394,A100394,2024-03-04,6052.95,8390.45,19069.26,0.0,19069.26,Paid
B100395,A100395,2024-01-30,2131.06,2380.37,4432.55,3871.35,561.2,Paid
B100396,A100396,2025-06-19,1859.37,20963.62,19399.8,15592.04,3807.77,Paid
B100397,A100397,2024-03-17,3420.03,13083.62,12888.72,10220.95,2667.77,Paid
B100398,A100398,2025-02-01,3722.8,17257.55,13529.81,10174.59,3355.22,Paid
B100399,A100399,2025-01-29,2302.19,4264.9,5086.43,3791.11,1295.32,Partially Paid
B100400,A100400,2025-05-03,25140.12,26435.31,43282.54,30342.01,12940.53,Paid
B100401,A100401,2025-04-24,3260.68,14666.68,15599.66,10978.63,4621.03,Partially Paid
B100402,A100402,2024-11-13,71482.48,12573.15,84692.12,74423.79,10268.33,Partially Paid
B100403,A100403,2025-03-18,18140.92,14375.16,35089.76,26520.46,8569.3,Paid
B100404,A100404,2024-11-25,4301.01,9462.21,17958.8,12485.14,5473.66,Partially Paid
B100405,A100405,2024-03-29,19690.83,4023.64,27434.4,19791.06,7643.33,Paid
B100406,A100406,2025-01-05,1188.64,31731.69,48090.31,42093.95,5996.36,Pending
B100407,A100407,2025-11-28,1320.64,11576.85,6986.12,4687.23,2298.89,Paid
B100408,A100408,2024-07-21,597.59,14210.38,13142.16,11816.62,1325.54,Partially Paid
B100409,A100409,2025-01-24,61243.09,9414.46,67281.32,46134.49,21146.83,Paid
B100410,A100410,2024-05-02,12683.56,20074.48,24503.35,0.0,24503.35,Paid
B100411,A100411,2025-05-20,1540.57,32461.84,35238.44,20220.24,15018.2,Partially Paid
B100412,A100412,2025-04-09,2352.96,5460.51,13698.09,9494.9,4203.19,Paid
B100413,A100413,2025-05-16,899.64,15317.75,27116.8,16306.16,10810.64,Paid
B100414,A100414,2025-08-21,1291.44,8759.01,10826.28,7060.21,3766.07,Partially Paid
B100415,A100415,2024-09-04,2112.55,4088.26,5201.15,3598.11,1603.04,Paid
B100416,A100416,2024-08-25,2031.57,6816.47,11645.86,8686.86,2959.0,Paid
B100417,A100417,2025-02-28,3717.96,32720.78,29577.15,17709.95,11867.2,Paid
B100418,A100418,2025-04-14,1909.14,5160.35,12875.58,9080.13,3795.45,Pending
B100419,A100419,2025-04-30,1405.78,5785.71,7459.02,6533.94,925.08,Paid
B100420,A100420,2025-01-03,65819.13,5594.3,71778.31,0.0,71778.31,Paid
B100421,A100421,2024-06-06,14383.39,17826.79,22178.64,0.0,22178.64,Paid
B100422,A100422,2024-10-06,11229.21,31678.85,28242.53,17475.2,10767.33,Paid
B100423,A100423,2025-01-28,5207.07,5295.67,12522.37,10399.98,2122.39,Paid
B100424,A100424,2025-07-04,3965.75,15983.12,17195.11,0.0,17195.11,Partially Paid
B100425,A100425,2025-12-29,4036.2,7156.84,12800.28,10844.01,1956.27,Paid
B100426,A100426,2025-12-26,5384.67,6861.29,17459.57,11441.7,6017.88,Pending
B100427,A100427,2025-03-15,11494.84,38735.47,47539.41,35448.75,12090.65,Paid
B100428,A100428,2025-10-13,8604.51,1656.23,13014.87,9827.84,3187.02,Partially Paid
B100429,A100429,2024-07-09,48275.66,5446.11,55200.85,0.0,55200.85,Paid
B100430,A100430,2024-09-14,2180.64,9822.05,23581.17,19094.83,4486.34,Partially Paid
B100431,A100431,2025-02-01,1533.9,5975.21,13285.31,11937.63,1347.68,Paid
B100432,A100432,2025-10-29,1731.68,19608.43,27255.79,15055.79,12200.0,Paid
B100433,A100433,2024-08-14,42441.75,28338.88,59363.79,48760.43,10603.36,Paid
B100434,A100434,2025-08-19,29112.91,6114.23,39107.65,32445.0,6662.65,Paid
B100435,A100435,2024-07-10,112684.74,6994.63,117805.96,0.0,117805.96,Paid
B100436,A100436,2024-08-23,10519.06,8815.05,14433.53,9329.54,5103.99,Partially Paid
B100437,A100437,2025-11-20,1596.15,3693.1,5264.16,3999.15,1265.01,Paid
B100438,A100438,2024-08-22,114412.59,3997.76,118983.14,74194.3,44788.84,Paid
B100439,A100439,2024-12-31,5078.12,20064.36,37076.57,28211.42,8865.15,Paid
B100440,A100440,2025-04-29,7855.43,20912.08,16519.45,10132.9,6386.56,Paid
B100441,A100441,2025-07-29,2267.07,2002.07,6749.61,5022.79,1726.82,Pending
B100442,A100442,2025-03-12,11060.79,17959.61,46128.41,38112.78,8015.63,Pending
B100443,A100443,2024-08-25,2416.87,1248.09,5368.41,4782.45,585.96,Paid
B100444,A100444,2024-02-08,4582.78,15968.62,26489.87,18664.81,7825.06,Partially Paid
B100445,A100445,2024-08-02,2256.94,7067.31,7681.8,5194.37,2487.43,Paid
B100446,A100446,2025-07-26,521.76,4248.67,2446.27,2030.9,415.37,Paid
B100447,A100447,2025-01-20,83988.31,22771.61,109460.65,70371.32,39089.33,Paid
B100448,A100448,2024-01-06,2009.29,13483.76,12728.1,9007.83,3720.27,Paid
B100449,A100449,2025-03-30,4222.48,20265.56,24513.75,15090.38,9423.37,Paid
B100450,A100450,2025-07-26,3103.87,17406.81,19262.03,0.0,19262.03,Paid
B100451,A100451,2025-03-03,28949.82,2286.61,33312.21,23198.4,10113.81,Partially Paid
B100452,A100452,2025-10-17,1904.1,20467.1,22933.4,0.0,22933.4,Paid
B100453,A100453,2024-10-12,2177.88,19248.77,21952.09,13312.18,8639.91,Paid
B100454,A100454,2024-08-02,9919.5,3465.21,12970.51,0.0,12970.51,Paid
B100455,A100455,2024-10-14,8065.33,8570.32,15217.63,0.0,15217.63,Paid
B100456,A100456,2025-07-01,100769.11,6477.75,117649.53,80792.5,36857.03,Paid
B100457,A100457,2025-12-23,2502.55,17151.22,10024.29,8468.51,1555.78,Paid
B100458,A100458,2024-10-05,9357.28,15350.28,31719.43,19057.58,12661.85,Partially Paid
B100459,A100459,2024-01-17,2146.7,17935.11,10597.33,8632.86,1964.47,Paid
B100460,A100460,2024-03-01,4386.71,59518.23,49028.08,41007.65,8020.43,Paid
B100461,A100461,2025-06-02,6789.14,14816.53,15425.66,11447.6,3978.06,Partially Paid
B100462,A100462,2025-10-08,2152.38,6878.49,21718.25,16292.08,5426.17,Pending
B100463,A100463,2025-03-19,2267.38,18396.27,21939.6,18082.44,3857.16,Paid
B100464,A100464,2025-08-11,114605.93,11260.09,130627.71,83199.89,47427.82,Paid
B100465,A100465,2025-11-04,3929.36,6128.06,14940.06,9147.94,5792.12,Paid
B100466,A100466,2025-03-07,2000.31,20827.14,9948.72,8052.41,1896.31,Paid
B100467,A100467,2025-03-13,2446.08,25886.72,15818.22,11418.91,4399.31,Paid
B100468,A100468,2024-05-14,1921.57,6779.88,16268.72,0.0,16268.72,Pending
B100469,A100469,2024-01-24,1722.41,3978.65,6234.21,0.0,6234.21,Paid
B100470,A100470,2025-01-27,11872.75,15409.44,18126.82,15386.16,2740.65,Paid
B100471,A100471,2024-05-22,2462.83,29490.29,20235.32,0.0,20235.32,Paid
B100472,A100472,2025-06-23,2054.44,14605.13,23756.23,16760.92,6995.31,Paid
B100473,A100473,2024-08-14,2129.07,17086.82,13943.06,10844.08,3098.97,Paid
B100474,A100474,2024-12-04,6049.32,19706.86,26353.58,17213.76,9139.81,Partially Paid
B100475,A100475,2024-05-11,1032.29,8371.64,3911.69,3299.56,612.12,Paid
B100476,A100476,2024-02-05,6093.98,7965.57,22663.17,16007.26,6655.91,Paid
B100477,A100477,2025-08-26,7664.48,7270.14,12459.48,7329.15,5130.33,Paid
B100478,A100478,2025-03-07,6388.19,11343.83,23079.17,0.0,23079.17,Paid
B100479,A100479,2024-10-27,1698.58,9183.25,7375.92,5594.38,1781.54,Paid
B100480,A100480,2025-05-25,3731.42,24253.07,23263.88,18367.65,4896.23,Pending
B100481,A100481,2025-11-22,2109.01,31031.44,29732.21,23619.0,6113.21,Partially Paid
B100482,A100482,2025-01-01,2301.92,16927.51,33664.54,20449.21,13215.33,Paid
B100483,A100483,2025-04-06,1814.91,13144.7,28929.61,23652.21,5277.4,Paid
B100484,A100484,2025-02-09,2737.16,16094.32,24722.13,14434.21,10287.92,Partially Paid
B100485,A100485,2025-07-17,2083.85,22488.93,18400.9,16271.96,2128.94,Paid
B100486,A100486,2025-12-12,1255.02,9492.57,6524.72,5346.92,1177.79,Paid
B100487,A100487,2025-04-01,9264.29,5864.11,13662.47,0.0,13662.47,Paid
B100488,A100488,2024-02-05,2423.84,7663.28,9189.05,5751.92,3437.14,Partially Paid
B100489,A100489,2024-09-06,1783.82,6901.0,9345.11,5602.56,3742.54,Paid
B100490,A100490,2024-02-23,3923.43,24658.75,44244.12,26602.72,17641.41,Paid
B100491,A100491,2024-05-04,6638.41,5032.44,12859.51,8112.79,4746.72,Pending
B100492,A100492,2024-02-02,8824.52,20758.83,34378.23,28957.37,5420.87,Paid
B100493,A100493,2025-04-08,1010.02,7618.1,6687.21,5223.05,1464.16,Paid
B100494,A100494,2025-08-07,5507.88,56980.8,53107.41,47202.0,5905.4,Paid
B100495,A100495,2024-05-29,8149.09,7938.89,14841.26,8644.27,6196.99,Paid
B100496,A100496,2025-05-14,9285.79,10625.21,19218.55,15317.69,3900.86,Paid
B100497,A100497,2025-09-22,5558.09,10361.34,13452.61,11414.21,2038.41,Paid
B100498,A100498,2025-05-07,3075.16,16385.18,29960.99,21520.89,8440.1,Paid
B100499,A100499,2025-04-06,4922.86,8670.09,8637.21,4928.29,3708.92,Partially Paid
B100500,A100500,2025-12-19,5409.12,11865.92,21143.43,16425.7,4717.73,Paid
B100501,A100501,2024-05-13,3417.04,7605.42,12739.24,9776.47,2962.77,Paid
B100502,A100502,2025-01-12,1624.79,8000.92,8873.1,7809.32,1063.78,Paid
B100503,A100503,2025-10-27,5878.77,1960.35,7329.33,6146.93,1182.4,Paid
B100504,A100504,2024-03-30,976.48,9773.87,10753.87,7962.65,2791.23,Paid
B100505,A100505,2025-06-20,3615.7,3588.11,10142.43,5980.57,4161.86,Paid
B100506,A100506,2025-06-14,1001.09,14761.38,20514.48,11681.29,8833.19,Paid
B100507,A100507,2025-12-01,1245.68,5847.82,9764.38,8455.45,1308.93,Paid
B100508,A100508,2025-09-24,9793.13,6319.23,30265.8,21670.7,8595.1,Paid
B100509,A100509,2025-11-10,1195.43,11370.58,18231.36,14122.91,4108.44,Paid
B100510,A100510,2024-04-18,4008.85,13878.65,12833.62,10275.56,2558.06,Paid
B100511,A100511,2025-06-05,39184.8,6123.36,48233.3,35903.73,12329.57,Paid
B100512,A100512,2025-01-04,7509.17,29023.77,43359.89,36922.5,6437.39,Paid
B100513,A100513,2025-11-21,7748.89,8760.81,31403.52,0.0,31403.52,Paid
B100514,A100514,2024-09-16,1068.1,12089.28,16350.76,13367.27,2983.5,Paid
B100515,A100515,2024-09-08,104014.96,15659.72,116673.73,95301.18,21372.55,Paid
B100516,A100516,2024-07-15,23100.62,17114.03,30328.84,0.0,30328.84,Paid
B100517,A100517,2025-09-29,54097.91,46887.24,105714.45,0.0,105714.45,Paid
B100518,A100518,2025-06-28,7142.81,26435.73,30021.61,23219.72,6801.89,Pending
B100519,A100519,2024-11-11,1138.57,2807.77,4536.93,0.0,4536.93,Paid
B100520,A100520,2024-10-05,5277.54,8572.43,10415.58,5784.33,4631.25,Paid
B100521,A100521,2025-01-21,2617.84,50990.61,25706.31,18091.11,7615.2,Paid
B100522,A100522,2025-03-21,24147.41,3040.79,29382.67,22727.14,6655.52,Pending
B100523,A100523,2025-10-21,20034.54,44962.64,68492.13,59668.8,8823.33,Paid
B100524,A100524,2024-07-18,3910.02,8568.34,12339.58,8656.0,3683.59,Paid
B100525,A100525,2024-09-15,891.35,4011.63,4584.08,2752.45,1831.63,Paid
B100526,A100526,2025-08-07,2658.97,3903.15,6976.42,4888.37,2088.05,Paid
B100527,A100527,2024-12-29,4401.22,10501.36,10791.81,8822.04,1969.77,Paid
B100528,A100528,2025-07-09,38915.17,14867.16,51583.76,30120.72,21463.04,Partially Paid
B100529,A100529,2024-04-20,1328.89,8577.6,10041.39,0.0,10041.39,Paid
B100530,A100530,2024-01-27,5826.28,9969.13,18134.77,11713.93,6420.84,Paid
B100531,A100531,2025-10-23,2162.77,32030.26,38719.69,27481.33,11238.36,Paid
B100532,A100532,2025-04-10,1118.91,3304.35,5169.96,0.0,5169.96,Paid
B100533,A100533,2024-01-27,1693.48,22113.24,21951.51,17950.23,4001.28,Paid
B100534,A100534,2025-05-20,752.1,8382.86,7060.4,0.0,7060.4,Paid
B100535,A100535,2025-12-17,4457.22,1543.05,7475.9,6224.48,1251.42,Paid
B100536,A100536,2025-05-16,5720.1,3988.18,9523.54,8180.96,1342.57,Paid
B100537,A100537,2025-08-18,30538.71,13215.45,43539.83,0.0,43539.83,Paid
B100538,A100538,2025-02-12,7577.54,6173.3,14492.85,11735.63,2757.22,Paid
B100539,A100539,2024-11-29,1141.37,17217.85,17247.55,15069.26,2178.3,Partially Paid
B100540,A100540,2025-12-08,4470.32,20130.95,16604.77,12224.45,4380.31,Paid
B100541,A100541,2024-10-18,11982.42,23985.94,33159.29,27096.28,6063.01,Paid
B100542,A100542,2024-05-31,2483.92,20737.93,14595.58,13045.59,1549.99,Paid
B100543,A100543,2025-01-21,1852.87,9534.4,7381.36,5280.36,2101.0,Paid
B100544,A100544,2024-01-13,1342.06,4160.11,4172.71,3276.52,896.19,Pending
B100545,A100545,2024-10-05,2487.78,3943.68,14844.59,10485.05,4359.54,Paid
B100546,A100546,2025-07-25,18988.14,12365.96,24639.67,19723.7,4915.97,Paid
B100547,A100547,2025-11-25,5048.08,43869.78,50038.23,0.0,50038.23,Paid
B100548,A100548,2024-10-31,24589.67,4416.52,30360.31,18054.05,12306.26,Paid
B100549,A100549,2024-07-26,2988.18,13372.98,14438.67,12429.62,2009.05,Paid
B100550,A100550,2024-12-16,2272.08,10995.97,10927.09,0.0,10927.09,Pending
B100551,A100551,2024-09-28,3177.39,8100.55,11854.58,0.0,11854.58,Paid
B100552,A100552,2024-02-05,5950.25,28504.61,55927.89,0.0,55927.89,Pending
B100553,A100553,2025-06-21,5581.25,7634.78,10904.08,9222.36,1681.72,Paid
B100554,A100554,2025-12-07,2208.16,4363.58,3994.24,3534.34,459.9,Paid
B100555,A100555,2024-04-08,53885.9,5864.94,59490.84,33953.62,25537.23,Paid
B100556,A100556,2025-03-22,4178.49,5199.54,8107.87,6890.98,1216.89,Pending
B100557,A100557,2024-09-24,61054.62,8425.28,80426.06,47353.98,33072.08,Paid
B100558,A100558,2025-08-16,2214.95,38618.16,34398.66,0.0,34398.66,Pending
B100559,A100559,2025-01-23,5210.68,16721.05,13841.41,11358.44,2482.97,Paid
B100560,A100560,2025-07-05,96101.07,7691.27,103059.28,73488.97,29570.31,Paid
B100561,A100561,2025-01-28,5524.94,7234.28,11355.68,9477.19,1878.49,Paid
B100562,A100562,2025-09-02,14561.4,25637.21,45693.87,31559.54,14134.33,Paid
B100563,A100563,2025-06-27,8162.14,8572.71,16951.13,13645.31,3305.82,Paid
B100564,A100564,2024-04-11,4646.89,13772.04,17236.12,10675.29,6560.83,Paid
B100565,A100565,2025-07-25,7253.24,25938.23,24526.16,0.0,24526.16,Paid
B100566,A100566,2024-06-27,88934.49,34734.75,152213.0,119175.97,33037.03,Paid
B100567,A100567,2024-08-23,5899.59,11991.33,32534.34,22600.93,9933.42,Paid
B100568,A100568,2025-04-21,11787.74,14097.71,22424.07,14065.17,8358.9,Paid
B100569,A100569,2025-01-13,2470.91,23264.02,23823.41,14455.72,9367.69,Paid
B100570,A100570,2025-01-14,13505.86,12928.45,25486.33,21816.19,3670.14,Paid
B100571,A100571,2025-07-08,2224.44,8526.36,7063.76,4745.87,2317.89,Paid
B100572,A100572,2024-02-09,3789.18,12698.19,15387.52,12916.22,2471.31,Paid
B100573,A100573,2025-10-02,3596.73,14323.52,14114.97,0.0,14114.97,Paid
B100574,A100574,2025-11-23,991.93,4670.46,4958.05,0.0,4958.05,Paid
B100575,A100575,2024-02-08,9252.44,2882.45,11711.48,8233.29,3478.19,Paid
B100576,A100576,2024-04-14,3361.04,15335.06,11952.5,7538.47,4414.03,Paid
B100577,A100577,2025-07-08,3798.95,32761.58,22295.44,0.0,22295.44,Paid
B100578,A100578,2024-07-13,9042.41,17859.88,23311.73,16860.26,6451.47,Paid
B100579,A100579,2025-05-30,17211.6,9107.21,27046.78,19181.63,7865.15,Paid
B100580,A100580,2025-10-22,8030.03,4135.61,14115.36,0.0,14115.36,Paid
B100581,A100581,2024-04-01,28831.79,4552.76,32084.87,22967.69,9117.18,Paid
B100582,A100582,2024-01-12,8458.32,8766.49,31610.5,0.0,31610.5,Pending
B100583,A100583,2024-05-26,1642.92,26220.38,37242.09,0.0,37242.09,Paid
B100584,A100584,2024-04-08,10464.81,10769.51,26636.5,23208.09,3428.41,Paid
B100585,A100585,2025-09-27,5277.13,18540.57,24259.02,14607.72,9651.29,Paid
B100586,A100586,2025-09-29,1279.95,14434.95,18997.73,16542.49,2455.25,Paid
B100587,A100587,2025-01-21,1480.54,3608.55,5437.87,4319.06,1118.81,Pending
B100588,A100588,2024-05-05,45617.8,6667.0,54505.68,42673.47,11832.21,Pending
B100589,A100589,2024-10-17,9952.4,15093.88,23528.45,16506.05,7022.4,Paid
B100590,A100590,2025-01-06,4697.64,14173.81,16375.78,11074.75,5301.03,Paid
B100591,A100591,2025-11-22,5309.09,1746.68,7221.59,5859.34,1362.26,Paid
B100592,A100592,2025-05-06,5023.14,4799.78,10433.71,7966.87,2466.84,Paid
B100593,A100593,2024-11-26,1435.47,18270.44,21274.97,16559.75,4715.23,Partially Paid
B100594,A100594,2025-02-13,1215.72,5690.2,6320.9,4846.97,1473.93,Paid
B100595,A100595,2025-06-09,1355.49,23670.08,10036.46,5728.93,4307.53,Paid
B100596,A100596,2025-10-01,1033.6,1608.68,2308.81,1686.62,622.19,Paid
B100597,A100597,2024-03-19,8802.11,5320.23,13236.63,0.0,13236.63,Pending
B100598,A100598,2024-08-24,16918.3,4794.16,27653.25,22970.53,4682.72,Paid
B100599,A100599,2025-08-18,3623.27,32266.92,15748.51,11906.56,3841.95,Paid
B100600,A100600,2025-05-05,3093.92,19394.85,22289.38,15656.14,6633.25,Paid
B100601,A100601,2025-04-16,672.78,31136.37,18123.91,16265.79,1858.12,Partially Paid
B100602,A100602,2024-10-01,1281.27,10317.03,18145.33,14256.68,3888.65,Paid
B100603,A100603,2025-04-18,2349.81,20805.8,32896.49,28252.65,4643.85,Paid
B100604,A100604,2025-04-21,10421.65,27562.48,30548.21,0.0,30548.21,Paid
B100605,A100605,2025-09-27,459.67,5021.78,18159.79,14708.41,3451.38,Paid
B100606,A100606,2025-07-20,3388.01,85137.95,91477.61,63746.07,27731.54,Partially Paid
B100607,A100607,2025-12-27,115057.64,23895.28,139866.29,0.0,139866.29,Paid
B100608,A100608,2024-10-10,21742.18,61630.26,56349.23,34110.5,22238.73,Paid
B100609,A100609,2025-09-04,7172.6,12860.35,19560.15,14977.92,4582.23,Partially Paid
B100610,A100610,2025-01-19,3062.67,16648.51,24250.52,17686.08,6564.44,Paid
B100611,A100611,2024-07-07,1415.84,18747.95,48876.84,30543.15,18333.69,Paid
B100612,A100612,2024-10-04,13581.11,9886.1,23606.58,13322.57,10284.01,Paid
B100613,A100613,2025-11-28,1754.2,10457.3,21826.83,18643.71,3183.12,Paid
B100614,A100614,2025-10-04,4767.73,3563.15,9796.78,0.0,9796.78,Paid
B100615,A100615,2025-10-04,4480.07,9433.51,25611.66,17497.83,8113.83,Paid
B100616,A100616,2024-02-03,2365.33,21821.02,23489.93,17523.47,5966.45,Paid
B100617,A100617,2025-08-04,2702.45,18921.32,20079.4,0.0,20079.4,Paid
B100618,A100618,2024-03-08,2086.42,28602.08,17434.27,12847.21,4587.06,Pending
B100619,A100619,2026-01-04,1816.7,14087.35,14445.42,9091.38,5354.04,Paid
B100620,A100620,2024-08-09,22523.16,18188.05,36685.77,0.0,36685.77,Paid
B100621,A100621,2025-11-12,10336.15,4217.22,13853.28,7648.35,6204.93,Paid
B100622,A100622,2025-10-24,16656.02,3525.83,23229.19,20296.06,2933.13,Pending
B100623,A100623,2024-10-01,1032.68,20025.27,11881.2,9053.29,2827.91,Paid
B100624,A100624,2024-04-30,34764.44,20297.81,51157.5,42793.09,8364.4,Paid
B100625,A100625,2024-09-03,8316.75,5395.62,15759.18,12651.45,3107.74,Paid
B100626,A100626,2025-10-24,3641.71,4755.98,13687.45,0.0,13687.45,Paid
B100627,A100627,2025-08-29,72294.8,4167.59,80841.76,58995.35,21846.42,Pending
B100628,A100628,2024-03-31,1176.55,19870.08,21463.82,15159.4,6304.42,Paid
B100629,A100629,2025-08-26,2243.69,14284.63,16051.14,11934.0,4117.14,Paid
B100630,A100630,2025-09-24,2436.94,3748.45,4756.62,2952.54,1804.07,Paid
B100631,A100631,2025-04-01,4639.88,27533.5,27400.25,18865.15,8535.1,Pending
B100632,A100632,2025-06-22,88034.39,4425.86,91822.75,68209.93,23612.82,Paid
B100633,A100633,2024-04-04,76270.67,13548.65,85309.34,68823.24,16486.1,Paid
B100634,A100634,2025-07-04,2095.26,5205.6,5704.1,4706.36,997.74,Paid
B100635,A100635,2025-06-10,2078.93,54269.32,90694.65,77257.32,13437.33,Paid
B100636,A100636,2025-02-12,1237.39,1281.04,3383.04,2275.06,1107.98,Partially Paid
B100637,A100637,2024-10-03,2212.47,15245.23,19315.13,14611.31,4703.82,Paid
B100638,A100638,2025-06-12,7556.31,11909.52,22958.02,0.0,22958.02,Paid
B100639,A100639,2025-05-09,23125.61,1364.43,24368.23,16832.39,7535.84,Partially Paid
B100640,A100640,2025-08-30,698.63,1920.54,2151.59,0.0,2151.59,Paid
B100641,A100641,2025-03-26,5016.84,10285.9,10160.73,5622.26,4538.47,Paid
B100642,A100642,2025-07-03,632.13,16134.59,14064.93,8608.14,5456.8,Paid
B100643,A100643,2024-12-16,5658.29,3845.51,7098.22,4245.28,2852.94,Partially Paid
B100644,A100644,2024-11-29,7904.06,11630.24,27983.7,18333.48,9650.22,Paid
B100645,A100645,2024-10-18,23396.51,17236.5,32964.55,22282.64,10681.91,Paid
B100646,A100646,2024-02-07,47442.93,11693.38,59903.71,38811.42,21092.29,Paid
B100647,A100647,2025-06-17,2822.57,2797.17,5683.07,4702.14,980.93,Paid
B100648,A100648,2025-09-24,6773.75,44977.24,24943.58,15449.66,9493.92,Paid
B100649,A100649,2025-05-05,3966.29,8909.93,9857.0,6329.38,3527.62,Partially Paid
B100650,A100650,2025-05-03,8957.37,3721.29,15626.04,0.0,15626.04,Paid
B100651,A100651,2024-05-30,1946.06,21816.57,11381.33,7392.53,3988.8,Pending
B100652,A100652,2025-06-09,4188.5,6379.84,6884.07,5944.75,939.32,Paid
B100653,A100653,2024-05-29,1813.95,13036.12,17167.33,13119.5,4047.83,Partially Paid
B100654,A100654,2025-05-18,1050.88,2363.71,3874.68,2588.21,1286.46,Paid
B100655,A100655,2025-09-15,2155.55,41425.8,82251.72,0.0,82251.72,Paid
B100656,A100656,2025-09-22,4215.86,7637.64,21561.68,15048.62,6513.06,Paid
B100657,A100657,2025-06-30,2752.26,29083.06,56734.04,48886.87,7847.18,Partially Paid
B100658,A100658,2024-10-01,2237.26,6934.84,8841.33,6670.73,2170.6,Paid
B100659,A100659,2025-06-20,5702.93,4371.93,12968.35,8819.8,4148.54,Paid
B100660,A100660,2025-10-01,102692.77,26320.96,144169.28,104284.5,39884.78,Paid
B100661,A100661,2024-04-07,7718.79,5638.22,21203.61,0.0,21203.61,Paid
B100662,A100662,2025-03-26,4320.68,14752.82,14153.51,11593.2,2560.31,Paid
B100663,A100663,2025-02-19,1954.92,2403.73,6337.92,3527.34,2810.58,Paid
B100664,A100664,2024-09-25,2155.8,36628.68,36569.63,26485.5,10084.12,Paid
B100665,A100665,2024-09-19,1598.67,3759.13,2919.61,1858.47,1061.15,Pending
B100666,A100666,2024-04-03,2051.19,15968.59,15130.65,9552.3,5578.35,Paid
B100667,A100667,2025-03-16,107079.59,10785.05,119469.15,0.0,119469.15,Paid
B100668,A100668,2025-07-24,7452.58,1543.85,9821.2,0.0,9821.2,Paid
B100669,A100669,2024-04-18,24207.15,1262.74,28090.37,16497.81,11592.55,Pending
B100670,A100670,2024-01-31,1391.66,36056.5,46973.62,34378.89,12594.73,Paid
B100671,A100671,2025-01-05,3508.93,18392.08,13209.01,10054.0,3155.02,Paid
B100672,A100672,2025-10-20,7504.89,14775.23,15831.2,13686.39,2144.81,Paid
B100673,A100673,2025-01-17,2044.15,9031.42,16214.15,13261.78,2952.36,Paid
B100674,A100674,2024-06-10,2110.37,8819.07,7319.42,5690.01,1629.41,Partially Paid
B100675,A100675,2024-04-15,72272.67,8658.08,82872.01,68983.01,13888.99,Paid
B100676,A100676,2024-09-26,7204.84,9201.39,14630.41,9847.02,4783.39,Paid
B100677,A100677,2024-02-24,1329.04,22144.38,12768.62,9400.68,3367.93,Paid
B100678,A100678,2025-11-10,3835.57,5694.79,16922.51,9813.86,7108.66,Pending
B100679,A100679,2025-03-10,4527.25,70976.28,34272.51,25118.41,9154.09,Pending
B100680,A100680,2024-02-29,4296.35,4295.27,7313.85,5018.18,2295.67,Paid
B100681,A100681,2024-07-02,1832.12,3588.26,3118.54,2711.7,406.83,Partially Paid
B100682,A100682,2025-10-30,994.38,38537.98,42806.08,0.0,42806.08,Paid
B100683,A100683,2025-03-27,63789.21,18998.39,78236.77,61833.97,16402.79,Paid
B100684,A100684,2024-10-30,23682.22,7597.78,36562.6,28908.91,7653.69,Paid
B100685,A100685,2025-09-06,79475.84,12050.77,95375.65,76263.89,19111.76,Pending
B100686,A100686,2025-07-12,1078.64,7543.69,11227.54,8851.07,2376.47,Paid
B100687,A100687,2024-12-20,2808.81,4282.65,6482.36,5567.63,914.73,Pending
B100688,A100688,2024-08-06,19295.62,8787.24,45146.03,34247.12,10898.92,Paid
B100689,A100689,2024-07-10,94464.49,7310.93,99450.92,0.0,99450.92,Paid
B100690,A100690,2025-10-06,4696.3,6527.54,9721.62,7638.89,2082.73,Paid
B100691,A100691,2024-12-14,4473.23,3548.48,13279.09,0.0,13279.09,Paid
B100692,A100692,2024-05-20,71370.78,6623.09,80472.03,64784.28,15687.75,Paid
B100693,A100693,2024-01-31,7646.44,3241.5,11938.34,0.0,11938.34,Paid
B100694,A100694,2024-06-02,49838.25,32629.06,75810.4,48874.88,26935.52,Paid
B100695,A100695,2025-04-17,4837.68,21182.51,18769.83,16295.63,2474.19,Paid
B100696,A100696,2025-09-11,10246.16,10377.97,17132.84,0.0,17132.84,Pending
B100697,A100697,2025-05-23,2182.1,21360.01,19462.44,16627.64,2834.8,Paid
B100698,A100698,2024-07-16,49944.99,30074.46,73447.65,57162.83,16284.82,Paid
B100699,A100699,2025-04-20,1027.23,12414.77,18752.67,14319.07,4433.6,Paid
B100700,A100700,2025-11-22,2709.95,8832.21,5613.57,4141.21,1472.36,Paid
B100701,A100701,2024-12-12,6973.78,4415.33,13599.98,8871.73,4728.25,Pending
B100702,A100702,2024-01-09,6417.71,19194.91,39577.68,30188.75,9388.93,Paid
B100703,A100703,2024-04-21,1062.17,7418.88,6279.66,4501.09,1778.58,Paid
B100704,A100704,2024-03-05,79641.11,3559.04,81667.77,0.0,81667.77,Paid
B100705,A100705,2024-02-27,7155.57,12112.38,24693.63,0.0,24693.63,Partially Paid
B100706,A100706,2024-09-20,4858.8,2716.34,8009.73,4634.82,3374.91,Pending
B100707,A100707,2025-07-02,1378.93,65869.46,86940.85,66226.72,20714.13,Paid
B100708,A100708,2024-11-05,57699.92,25517.66,80843.99,0.0,80843.99,Paid
B100709,A100709,2024-08-26,94897.54,20580.43,111814.97,0.0,111814.97,Paid
B100710,A100710,2024-03-21,9351.17,17489.13,28256.89,20234.36,8022.52,Paid
B100711,A100711,2024-12-26,1782.53,16837.12,12259.95,8689.54,3570.4,Partially Paid
B100712,A100712,2025-09-01,9405.43,21631.87,31133.5,17929.53,13203.97,Pending
B100713,A100713,2025-05-03,2747.15,9575.27,25035.89,18090.55,6945.34,Paid
B100714,A100714,2024-01-07,3030.48,2495.72,6548.29,3945.66,2602.63,Paid
B100715,A100715,2025-12-22,51795.43,22368.26,103215.0,0.0,103215.0,Paid
B100716,A100716,2025-12-16,116138.69,21771.89,150959.16,130595.37,20363.79,Paid
B100717,A100717,2024-05-28,2313.73,33116.28,47638.49,39941.14,7697.35,Paid
B100718,A100718,2025-02-13,3202.78,22896.54,11217.84,0.0,11217.84,Partially Paid
B100719,A100719,2025-09-23,9786.94,14605.85,18155.2,14098.45,4056.75,Paid
B100720,A100720,2025-07-10,1606.24,6240.75,9330.97,7887.04,1443.93,Paid
B100721,A100721,2025-07-25,4012.25,6009.39,6502.4,4712.48,1789.92,Pending
B100722,A100722,2024-07-26,2497.56,6954.0,8101.8,6696.66,1405.14,Pending
B100723,A100723,2025-02-15,1103.67,3377.81,8560.98,7544.74,1016.24,Paid
B100724,A100724,2025-09-02,1212.39,15667.28,22572.77,15422.59,7150.18,Paid
B100725,A100725,2024-02-11,18902.35,25224.93,34835.06,29329.6,5505.46,Partially Paid
B100726,A100726,2024-08-20,4179.95,6627.61,15989.31,11447.37,4541.93,Partially Paid
B100727,A100727,2024-08-19,7518.89,6388.2,21051.6,16093.39,4958.21,Paid
B100728,A100728,2025-11-28,57505.44,3644.34,62516.98,53700.21,8816.77,Paid
B100729,A100729,2024-09-24,1003.61,7844.99,17251.14,14806.85,2444.29,Paid
B100730,A100730,2024-05-30,1782.36,73254.71,54943.5,44490.84,10452.66,Paid
B100731,A100731,2025-08-05,41995.95,24340.18,59584.33,39288.7,20295.64,Paid
B100732,A100732,2025-03-24,4912.92,1212.01,9183.55,0.0,9183.55,Paid
B100733,A100733,2024-07-08,4093.74,13957.07,17053.77,0.0,17053.77,Paid
B100734,A100734,2025-09-27,112723.71,15368.2,123202.51,92275.06,30927.45,Pending
B100735,A100735,2024-07-09,11372.37,12438.79,24479.41,14411.3,10068.12,Paid
B100736,A100736,2024-10-12,4487.56,50935.84,36935.0,32716.74,4218.26,Paid
B100737,A100737,2025-10-25,6101.61,3467.18,10027.5,7119.96,2907.54,Partially Paid
B100738,A100738,2024-12-20,1159.47,8897.99,9878.66,8760.34,1118.32,Paid
B100739,A100739,2025-02-18,4254.52,5613.46,9507.88,0.0,9507.88,Paid
B100740,A100740,2024-06-06,5607.57,21360.81,17112.77,14858.53,2254.24,Paid
B100741,A100741,2025-01-22,4198.62,7876.32,19292.78,16373.2,2919.58,Paid
B100742,A100742,2024-02-07,10934.87,6915.78,18426.87,13174.11,5252.76,Paid
B100743,A100743,2024-11-24,2082.57,4778.34,7666.1,5054.41,2611.69,Paid
B100744,A100744,2025-04-13,6898.73,15305.72,20420.36,16523.55,3896.82,Paid
B100745,A100745,2025-04-30,9933.42,40279.44,39467.11,0.0,39467.11,Pending
B100746,A100746,2024-04-07,1992.07,3600.02,11313.3,6391.29,4922.02,Paid
B100747,A100747,2024-05-15,50681.87,7307.35,56665.13,35625.02,21040.11,Paid
B100748,A100748,2024-06-14,3015.81,15760.61,9465.63,0.0,9465.63,Paid
B100749,A100749,2025-07-12,1088.21,11093.63,11248.29,7004.95,4243.35,Paid
B100750,A100750,2024-10-31,79656.79,10774.11,87090.3,56169.55,30920.75,Paid
B100751,A100751,2024-12-25,2504.07,6937.37,18036.71,13169.78,4866.93,Pending
B100752,A100752,2024-09-02,7096.09,7542.62,17304.69,11836.68,5468.0,Paid
B100753,A100753,2025-07-27,1722.64,14606.85,27798.96,24381.35,3417.61,Paid
B100754,A100754,2025-08-10,3231.17,4931.2,11246.98,9499.78,1747.21,Pending
B100755,A100755,2024-06-22,5447.55,14971.73,15342.71,9556.6,5786.11,Pending
B100756,A100756,2024-05-31,4156.42,50915.32,50278.52,0.0,50278.52,Paid
B100757,A100757,2024-05-21,1343.86,5856.52,12342.52,7725.58,4616.94,Paid
B100758,A100758,2024-08-24,10707.55,5839.96,15033.1,0.0,15033.1,Paid
B100759,A100759,2024-01-10,83276.73,30534.21,112366.73,73871.29,38495.43,Paid
B100760,A100760,2024-09-18,8683.22,15800.01,33998.45,22086.97,11911.48,Paid
B100761,A100761,2025-01-07,3233.66,8343.15,10462.09,7732.59,2729.5,Paid
B100762,A100762,2024-10-08,1885.73,15073.91,17601.56,0.0,17601.56,Paid
B100763,A100763,2025-06-04,4180.15,11573.9,12572.78,8758.36,3814.42,Paid
B100764,A100764,2024-08-01,14195.96,6860.54,19514.8,12654.73,6860.07,Pending
B100765,A100765,2024-08-09,20425.98,13026.92,46829.72,29858.93,16970.79,Pending
B100766,A100766,2024-10-02,7851.27,13309.3,16946.74,11153.97,5792.77,Pending
B100767,A100767,2025-04-28,1289.07,27799.48,21873.18,15434.37,6438.81,Partially Paid
B100768,A100768,2025-06-16,1010.7,14952.46,22884.22,0.0,22884.22,Paid
B100769,A100769,2024-03-09,1345.07,6118.73,17014.78,0.0,17014.78,Pending
B100770,A100770,2025-04-09,4954.35,19536.37,11430.65,7376.73,4053.92,Paid
B100771,A100771,2024-01-19,2816.05,4608.6,14852.93,11154.13,3698.8,Paid
B100772,A100772,2025-07-24,60831.73,23124.1,76690.02,58047.46,18642.57,Pending
B100773,A100773,2024-01-25,814.28,19785.44,8725.94,6160.35,2565.59,Paid
B100774,A100774,2024-11-28,1553.13,16476.62,33089.84,20406.9,12682.94,Partially Paid
B100775,A100775,2024-04-09,10861.66,8533.14,36485.92,22507.51,13978.41,Paid
B100776,A100776,2024-01-22,4230.55,17427.29,18992.48,13903.72,5088.75,Paid
B100777,A100777,2025-09-16,4425.97,8937.05,9222.46,5991.97,3230.49,Partially Paid
B100778,A100778,2025-05-12,943.39,30242.43,37973.61,22919.49,15054.12,Paid
B100779,A100779,2024-04-06,14169.29,12471.55,23689.6,0.0,23689.6,Paid
B100780,A100780,2024-01-24,3384.83,53121.53,31064.05,0.0,31064.05,Paid
B100781,A100781,2025-12-28,5467.2,10861.81,21878.84,0.0,21878.84,Paid
B100782,A100782,2025-06-13,9286.46,5983.94,15211.08,9195.71,6015.37,Paid
B100783,A100783,2025-05-11,3752.97,27562.45,36005.64,19837.23,16168.41,Paid
B100784,A100784,2024-05-30,1310.88,26033.65,11622.3,7984.25,3638.05,Pending
B100785,A100785,2025-07-14,54765.77,12999.06,68462.77,59894.98,8567.79,Paid
B100786,A100786,2025-05-30,7479.44,2396.94,9715.29,7116.78,2598.51,Paid
B100787,A100787,2025-04-22,6783.0,27757.98,38703.8,21426.43,17277.37,Paid
B100788,A100788,2025-01-16,1141.0,13061.57,21528.93,17185.38,4343.55,Paid
B100789,A100789,2025-11-02,4506.16,12054.97,19485.09,13449.45,6035.64,Paid
B100790,A100790,2025-05-18,108949.08,35962.85,140172.63,114809.9,25362.73,Pending
B100791,A100791,2025-11-21,2198.04,8632.44,18414.79,0.0,18414.79,Paid
B100792,A100792,2025-04-30,854.08,8668.18,3878.93,2322.76,1556.18,Paid
B100793,A100793,2025-03-31,4630.47,14943.67,18083.32,12932.45,5150.87,Paid
B100794,A100794,2025-06-24,2285.49,11271.98,22068.49,16426.18,5642.31,Pending
B100795,A100795,2024-03-25,1841.82,42795.49,42192.13,0.0,42192.13,Pending
B100796,A100796,2024-02-12,6395.49,6541.5,12381.68,10223.26,2158.42,Paid
B100797,A100797,2024-11-04,107987.98,31307.94,129946.63,110112.38,19834.24,Partially Paid
B100798,A100798,2025-07-12,5343.43,19369.97,35538.55,27838.18,7700.37,Paid
B100799,A100799,2024-03-04,30639.09,5411.47,38673.31,21775.54,16897.76,Paid
B100800,A100800,2025-05-18,5663.07,3097.57,7382.16,4970.9,2411.25,Paid
B100801,A100801,2024-09-06,980.51,21430.71,13451.48,0.0,13451.48,Paid
B100802,A100802,2024-01-25,6551.83,31111.89,17214.84,10808.67,6406.17,Paid
B100803,A100803,2025-10-18,7027.49,9661.82,26773.96,0.0,26773.96,Partially Paid
B100804,A100804,2025-02-08,1093.73,13708.87,23510.33,14475.3,9035.02,Paid
B100805,A100805,2025-08-21,1579.08,12638.2,19136.57,15585.82,3550.75,Paid
B100806,A100806,2024-07-13,4037.79,23606.58,14497.82,12207.85,2289.97,Paid
B100807,A100807,2025-09-12,868.25,3282.28,4463.59,3914.73,548.86,Paid
B100808,A100808,2024-04-14,3804.21,1665.03,5747.91,3189.76,2558.15,Partially Paid
B100809,A100809,2025-10-13,10232.95,17564.75,36697.05,27103.66,9593.39,Paid
B100810,A100810,2024-12-16,24231.25,27734.95,52845.55,32932.41,19913.14,Paid
B100811,A100811,2025-01-10,19736.79,6411.86,26001.05,19130.84,6870.2,Paid
B100812,A100812,2024-02-07,11569.3,13119.84,28682.73,16486.05,12196.68,Partially Paid
B100813,A100813,2025-01-13,31110.31,7941.72,42670.86,34898.12,7772.74,Paid
B100814,A100814,2024-06-28,7091.28,5515.83,14009.96,9151.49,4858.47,Paid
B100815,A100815,2024-01-18,9171.71,7908.52,19869.66,14869.21,5000.45,Partially Paid
B100816,A100816,2025-04-04,9383.01,11793.24,17787.3,0.0,17787.3,Partially Paid
B100817,A100817,2025-10-09,5537.19,21554.06,12301.05,8634.75,3666.3,Paid
B100818,A100818,2024-09-10,47113.87,11697.97,59195.25,53127.49,6067.76,Pending
B100819,A100819,2025-03-30,1578.85,15508.99,23914.78,19892.69,4022.08,Pending
B100820,A100820,2025-07-26,2182.21,11712.37,14371.95,10035.55,4336.4,Paid
B100821,A100821,2024-01-07,2340.12,5620.98,8028.8,0.0,8028.8,Pending
B100822,A100822,2024-08-27,1105.39,9741.44,17499.25,0.0,17499.25,Pending
B100823,A100823,2024-06-28,6904.08,30592.65,33856.82,0.0,33856.82,Partially Paid
B100824,A100824,2024-11-21,5840.71,13454.03,19194.94,13047.98,6146.96,Partially Paid
B100825,A100825,2025-01-07,1264.31,6879.39,9346.69,6860.01,2486.68,Paid
B100826,A100826,2025-07-15,4630.47,43029.76,36492.53,25371.85,11120.69,Paid
B100827,A100827,2024-10-26,2767.61,5805.95,19999.19,12273.08,7726.1,Partially Paid
B100828,A100828,2025-02-05,4401.58,6922.39,7984.84,0.0,7984.84,Paid
B100829,A100829,2024-03-04,18393.67,23172.19,37047.89,33187.0,3860.89,Paid
B100830,A100830,2025-06-19,2721.41,21612.38,19168.19,12828.21,6339.98,Paid
B100831,A100831,2025-07-05,6448.47,6302.45,21153.39,18742.5,2410.89,Paid
B100832,A100832,2025-02-16,888.82,14761.28,12643.34,10301.36,2341.98,Paid
B100833,A100833,2025-10-04,1706.63,3336.8,10173.03,0.0,10173.03,Paid
B100834,A100834,2025-05-30,3126.91,10825.0,7679.54,0.0,7679.54,Pending
B100835,A100835,2024-03-06,1698.14,8827.74,8145.86,6267.92,1877.95,Paid
B100836,A100836,2025-07-30,5874.95,8567.56,10208.33,8286.32,1922.01,Paid
B100837,A100837,2025-02-28,1299.23,8602.91,23333.54,18933.1,4400.43,Pending
B100838,A100838,2024-05-29,2688.12,9806.48,10158.46,7866.64,2291.82,Paid
B100839,A100839,2024-10-03,3519.66,13940.0,22270.68,13125.35,9145.33,Paid
B100840,A100840,2024-01-21,1806.07,12017.7,16228.94,13777.69,2451.25,Paid
B100841,A100841,2024-04-10,1476.77,8122.12,14739.27,9485.24,5254.03,Paid
B100842,A100842,2025-03-29,3681.51,3774.0,12245.22,7486.15,4759.06,Paid
B100843,A100843,2024-09-02,2899.52,8524.34,15125.39,9441.97,5683.42,Partially Paid
B100844,A100844,2025-04-25,42591.29,8959.18,49237.47,0.0,49237.47,Paid
B100845,A100845,2024-07-25,1530.92,24657.73,19057.77,15389.55,3668.22,Pending
B100846,A100846,2025-04-24,7747.44,26041.53,20821.97,0.0,20821.97,Pending
B100847,A100847,2024-07-03,53071.17,23972.69,72818.15,0.0,72818.15,Paid
B100848,A100848,2025-05-27,1825.71,12148.52,19649.72,10818.36,8831.36,Paid
B100849,A100849,2025-03-31,3796.49,5939.81,16734.04,9231.48,7502.56,Pending
B100850,A100850,2024-10-02,1503.29,11308.08,14291.78,11261.76,3030.02,Paid
B100851,A100851,2024-08-26,4701.16,8570.59,16609.41,12014.87,4594.54,Pending
B100852,A100852,2025-09-16,8702.34,2522.01,11384.71,0.0,11384.71,Paid
B100853,A100853,2025-05-10,4789.66,39172.49,39607.42,0.0,39607.42,Paid
B100854,A100854,2025-08-01,40071.43,3556.34,44049.76,0.0,44049.76,Paid
B100855,A100855,2024-12-07,64016.04,16774.57,72219.31,47596.06,24623.24,Paid
B100856,A100856,2025-03-27,16032.85,8192.35,27963.26,20244.93,7718.33,Paid
B100857,A100857,2025-08-14,1132.83,32446.62,17381.93,14807.06,2574.87,Pending
B100858,A100858,2025-01-01,2245.35,33082.72,29571.9,16934.29,12637.62,Paid
B100859,A100859,2024-03-01,5133.88,34242.43,56536.12,48018.13,8518.0,Partially Paid
B100860,A100860,2025-05-15,11802.84,17700.56,32364.73,21555.81,10808.92,Paid
B100861,A100861,2024-12-17,1918.46,18586.06,18249.8,11606.37,6643.43,Paid
B100862,A100862,2025-12-03,317.94,3916.36,2727.97,2310.82,417.15,Pending
B100863,A100863,2024-10-23,10980.38,7287.27,22972.69,0.0,22972.69,Paid
B100864,A100864,2025-11-29,1023.72,25891.61,37222.65,24328.63,12894.02,Pending
B100865,A100865,2025-11-07,53360.4,14378.84,59704.45,47399.25,12305.2,Paid
B100866,A100866,2024-05-30,6317.19,3625.01,8265.32,7159.58,1105.73,Paid
B100867,A100867,2025-08-06,1103.99,4199.75,4297.62,3673.04,624.57,Partially Paid
B100868,A100868,2025-07-02,35672.74,10621.18,40718.6,0.0,40718.6,Pending
B100869,A100869,2024-09-18,3399.47,4054.02,10973.46,9863.64,1109.82,Paid
B100870,A100870,2024-11-21,2150.92,13314.07,11898.79,7247.6,4651.19,Pending
B100871,A100871,2024-03-20,20834.5,13260.95,32000.36,25993.68,6006.68,Paid
B100872,A100872,2024-04-22,2666.17,8470.86,11179.41,0.0,11179.41,Pending
B100873,A100873,2025-10-13,4410.48,2974.78,7872.88,6897.86,975.02,Partially Paid
B100874,A100874,2025-07-08,4357.2,25360.99,27102.39,15669.62,11432.77,Paid
B100875,A100875,2025-03-04,6659.32,25840.56,23503.42,18419.18,5084.24,Pending
B100876,A100876,2025-02-02,1213.14,20797.13,21842.16,0.0,21842.16,Paid
B100877,A100877,2024-08-27,12555.67,15504.79,29083.35,26078.49,3004.86,Paid
B100878,A100878,2024-11-29,16162.67,10066.82,22417.1,16406.52,6010.58,Pending
B100879,A100879,2025-12-19,5622.43,23167.7,27151.59,19999.59,7152.0,Paid
B100880,A100880,2024-12-02,1430.18,21832.16,21379.0,15704.24,5674.76,Paid
B100881,A100881,2024-05-31,1027.14,3722.66,4146.25,3381.64,764.61,Paid
B100882,A100882,2025-06-30,1352.71,1858.99,4733.09,4212.4,520.69,Paid
B100883,A100883,2025-10-03,1668.97,19532.08,12699.77,0.0,12699.77,Pending
B100884,A100884,2024-02-03,5521.72,4012.58,8980.63,5672.69,3307.94,Partially Paid
B100885,A100885,2024-10-08,5334.75,43785.06,23382.32,0.0,23382.32,Partially Paid
B100886,A100886,2025-10-03,2962.26,19681.48,26462.8,19610.43,6852.37,Paid
B100887,A100887,2025-01-05,15844.09,12685.32,21009.42,12470.93,8538.49,Paid
B100888,A100888,2025-05-10,6124.24,16181.69,21226.17,0.0,21226.17,Paid
B100889,A100889,2024-11-17,92556.62,20973.18,100152.98,0.0,100152.98,Paid
B100890,A100890,2025-08-14,4777.68,6341.05,12619.87,10780.62,1839.25,Paid
B100891,A100891,2025-08-18,7539.39,33743.49,23561.13,19024.1,4537.03,Partially Paid
B100892,A100892,2025-07-26,8340.42,2904.39,10162.12,0.0,10162.12,Paid
B100893,A100893,2025-09-02,11784.34,54109.52,57728.72,50318.49,7410.23,Pending
B100894,A100894,2025-01-04,4968.38,3346.58,13126.08,8188.23,4937.85,Paid
B100895,A100895,2024-03-26,4710.25,17286.57,26094.68,19919.48,6175.2,Pending
B100896,A100896,2024-06-21,1737.67,2722.33,4787.63,3713.82,1073.81,Paid
B100897,A100897,2024-09-18,2372.27,10027.1,10335.58,6234.43,4101.16,Pending
B100898,A100898,2024-10-10,2564.98,9453.5,15308.32,10259.0,5049.32,Paid
B100899,A100899,2025-05-19,2352.36,1729.2,6382.69,0.0,6382.69,Pending
B100900,A100900,2025-07-15,3464.78,16516.98,18801.59,15011.74,3789.85,Pending
B100901,A100901,2025-05-08,46108.43,8860.22,51904.67,39901.63,12003.04,Paid
B100902,A100902,2025-08-11,5116.9,17788.53,21493.13,14999.05,6494.08,Paid
B100903,A100903,2025-07-23,6780.51,5836.63,14745.52,0.0,14745.52,Pending
B100904,A100904,2024-12-09,3439.06,26887.52,34543.15,27933.53,6609.62,Paid
B100905,A100905,2025-06-06,3622.28,2990.86,10929.68,9603.08,1326.61,Paid
B100906,A100906,2024-11-22,18959.76,1411.61,22497.95,0.0,22497.95,Partially Paid
B100907,A100907,2024-06-24,4814.68,8885.02,17318.47,15053.55,2264.92,Paid
B100908,A100908,2024-04-01,47890.65,33766.07,80083.33,0.0,80083.33,Paid
B100909,A100909,2025-06-15,4736.41,34494.57,37660.0,33236.98,4423.02,Paid
B100910,A100910,2025-04-30,4552.39,10214.35,14752.56,9865.75,4886.81,Paid
B100911,A100911,2025-07-05,5827.96,24328.59,36336.27,28024.37,8311.89,Paid
B100912,A100912,2025-02-28,55508.66,10765.52,67728.47,42666.12,25062.35,Partially Paid
B100913,A100913,2024-12-07,7666.39,12467.23,15174.35,12265.06,2909.29,Partially Paid
B100914,A100914,2024-11-17,108879.95,3024.55,117318.25,104936.15,12382.09,Paid
B100915,A100915,2024-11-02,5153.74,5171.95,11770.27,7798.48,3971.79,Paid
B100916,A100916,2024-09-30,18141.3,4225.3,23390.95,13401.65,9989.3,Partially Paid
B100917,A100917,2025-11-25,5365.34,10097.31,18310.37,0.0,18310.37,Partially Paid
B100918,A100918,2024-04-28,5903.13,13046.07,21318.3,11957.76,9360.54,Pending
B100919,A100919,2025-02-15,19578.81,7916.45,39342.28,0.0,39342.28,Paid
B100920,A100920,2024-01-28,119508.96,4471.91,125519.69,93626.53,31893.16,Paid
B100921,A100921,2024-08-31,3949.09,26087.94,34046.38,28043.22,6003.17,Paid
B100922,A100922,2024-11-09,1119.02,10049.15,17465.49,10929.77,6535.72,Pending
B100923,A100923,2025-11-18,33165.83,16022.86,46063.31,26206.43,19856.88,Paid
B100924,A100924,2024-09-09,1694.76,43074.39,54203.82,43033.32,11170.5,Paid
B100925,A100925,2025-07-05,2223.48,8058.91,9038.49,5278.37,3760.11,Paid
B100926,A100926,2024-09-25,1683.7,9988.05,14565.79,9254.38,5311.41,Paid
B100927,A100927,2024-01-19,46860.82,18026.28,70068.48,45104.28,24964.19,Paid
B100928,A100928,2025-05-18,11399.12,35383.17,34346.12,28961.52,5384.6,Paid
B100929,A100929,2024-11-13,11087.18,3112.94,19302.6,14531.32,4771.28,Pending
B100930,A100930,2025-09-15,24469.85,26904.25,37363.04,26456.45,10906.58,Paid
B100931,A100931,2025-10-09,2481.15,18914.1,42853.14,23953.86,18899.29,Pending
B100932,A100932,2025-01-22,7179.93,7118.32,20742.47,15097.21,5645.26,Partially Paid
B100933,A100933,2025-10-06,1314.22,10498.07,7801.33,6236.64,1564.69,Paid
B100934,A100934,2024-11-17,104571.09,22784.22,119974.05,106996.53,12977.52,Paid
B100935,A100935,2024-09-15,20591.12,7640.1,24570.74,17665.4,6905.34,Pending
B100936,A100936,2025-03-19,4084.65,10917.01,16743.95,0.0,16743.95,Pending
B100937,A100937,2024-05-04,16943.14,26063.06,54299.24,35973.23,18326.01,Partially Paid
B100938,A100938,2024-10-30,11781.37,17875.11,27841.62,23262.1,4579.51,Paid
B100939,A100939,2024-05-04,7319.45,3874.09,11724.39,8665.74,3058.65,Paid
B100940,A100940,2024-09-15,39268.97,10426.47,51995.7,35442.77,16552.92,Paid
B100941,A100941,2025-10-17,2250.92,12021.02,23375.67,13809.62,9566.04,Paid
B100942,A100942,2025-12-22,7995.29,5780.14,16806.03,14489.43,2316.6,Pending
B100943,A100943,2024-02-22,53222.94,15096.7,64912.61,53909.82,11002.78,Paid
B100944,A100944,2026-01-05,4327.29,15538.39,29906.46,18618.15,11288.31,Paid
B100945,A100945,2025-04-11,2412.02,15624.6,11521.93,9866.05,1655.87,Paid
B100946,A100946,2025-01-04,998.18,79204.47,42949.83,31999.71,10950.11,Paid
B100947,A100947,2024-05-12,18218.56,22192.96,38552.07,31600.68,6951.39,Paid
B100948,A100948,2024-02-01,36332.66,2852.0,37761.03,29376.08,8384.95,Paid
B100949,A100949,2024-02-27,859.84,7170.39,11633.49,0.0,11633.49,Paid
B100950,A100950,2024-06-04,9440.35,13195.79,13122.73,8359.99,4762.74,Pending
B100951,A100951,2025-04-02,3989.67,6393.67,10116.55,7060.93,3055.62,Paid
B100952,A100952,2024-10-15,59625.86,12167.76,65865.98,38800.77,27065.21,Paid
B100953,A100953,2024-02-09,15396.0,11912.37,29011.41,19740.59,9270.82,Paid
B100954,A100954,2024-09-13,9912.07,1965.88,14231.15,8006.73,6224.42,Paid
B100955,A100955,2024-06-28,19993.72,4587.29,26954.94,23160.8,3794.14,Paid
B100956,A100956,2025-07-02,6085.24,2992.87,8533.81,4822.63,3711.18,Paid
B100957,A100957,2024-09-11,2063.05,2641.13,3851.02,0.0,3851.02,Paid
B100958,A100958,2025-05-26,1181.13,15527.2,10455.99,0.0,10455.99,Paid
B100959,A100959,2025-11-07,3041.34,4444.77,11183.64,7297.17,3886.47,Paid
B100960,A100960,2024-02-02,5238.03,23999.46,54522.66,30028.26,24494.4,Partially Paid
B100961,A100961,2024-03-17,1473.85,8637.88,10322.47,0.0,10322.47,Paid
B100962,A100962,2025-12-29,5169.99,33306.32,47774.05,0.0,47774.05,Paid
B100963,A100963,2025-04-05,3894.57,3838.0,6746.7,4152.03,2594.67,Pending
B100964,A100964,2024-07-01,20884.66,22405.95,34667.44,20185.04,14482.41,Paid
B100965,A100965,2025-01-19,5854.6,10814.35,12145.32,10071.11,2074.21,Paid
B100966,A100966,2024-02-13,16678.51,8829.85,33858.49,20933.25,12925.24,Paid
B100967,A100967,2024-04-30,47242.62,2102.2,51469.91,35964.42,15505.49,Paid
B100968,A100968,2025-10-03,3502.66,41933.55,52020.18,42956.0,9064.18,Paid
B100969,A100969,2024-01-02,89033.77,4056.24,90719.03,78961.43,11757.59,Pending
B100970,A100970,2025-12-24,1141.39,12934.82,8252.47,5689.89,2562.58,Paid
B100971,A100971,2024-11-10,4968.98,5557.19,17434.46,0.0,17434.46,Paid
B100972,A100972,2024-08-02,3215.05,9594.55,14193.93,11336.8,2857.13,Paid
B100973,A100973,2024-06-14,2337.67,39605.47,30671.65,18513.32,12158.33,Paid
B100974,A100974,2025-11-17,6170.59,13588.14,18690.13,0.0,18690.13,Paid
B100975,A100975,2024-11-17,2757.12,18657.55,21590.34,13930.54,7659.8,Paid
B100976,A100976,2024-11-08,2303.95,25995.7,26612.94,18513.85,8099.09,Paid
B100977,A100977,2025-05-23,17147.9,20625.19,32954.43,28948.52,4005.91,Partially Paid
B100978,A100978,2025-09-16,3914.26,15391.26,24403.34,21708.29,2695.05,Paid
B100979,A100979,2025-10-17,2230.16,3041.17,5170.76,3628.41,1542.35,Paid
B100980,A100980,2025-06-07,5849.13,15623.46,14724.23,9483.68,5240.55,Paid
B100981,A100981,2025-09-04,748.78,22388.34,22858.95,0.0,22858.95,Pending
B100982,A100982,2024-04-10,10698.73,7382.0,28671.8,0.0,28671.8,Partially Paid
B100983,A100983,2025-05-12,3768.01,17122.34,18665.21,0.0,18665.21,Pending
B100984,A100984,2024-01-15,8083.1,16271.94,36789.83,29064.83,7725.01,Pending
B100985,A100985,2024-01-20,102947.57,21139.61,131345.39,88920.64,42424.75,Paid
B100986,A100986,2025-05-30,1106.56,7110.08,8656.59,5485.31,3171.29,Paid
B100987,A100987,2024-12-17,4716.13,8252.09,12647.81,6970.04,5677.77,Pending
B100988,A100988,2024-01-08,7596.87,4334.28,8832.28,5755.65,3076.63,Paid
B100989,A100989,2025-05-28,13836.21,58264.59,72406.8,55784.39,16622.4,Paid
B100990,A100990,2025-04-21,9056.22,6872.59,13158.44,10649.82,2508.63,Paid
B100991,A100991,2025-06-10,10603.36,4048.01,18173.23,15177.56,2995.67,Paid
B100992,A100992,2024-02-29,20486.07,6701.49,32308.35,23674.65,8633.7,Paid
B100993,A100993,2025-08-13,1814.91,3917.64,5892.33,0.0,5892.33,Paid
B100994,A100994,2025-08-11,2225.64,5284.05,12635.45,0.0,12635.45,Pending
B100995,A100995,2024-08-21,8374.23,4139.66,11025.31,9098.68,1926.64,Pending
B100996,A100996,2024-02-03,2070.22,13471.42,15379.6,8552.4,6827.2,Paid
B100997,A100997,2025-01-15,2070.85,47972.57,38812.07,0.0,38812.07,Paid
B100998,A100998,2025-09-04,1564.87,10085.33,12828.14,10491.75,2336.39,Pending
B100999,A100999,2024-03-02,10842.69,19518.32,24734.85,16231.44,8503.4,Pending
B101000,A101000,2024-01-14,1749.79,16046.13,14525.12,9424.98,5100.14,Pending
B101001,A101001,2024-06-02,5772.94,18630.68,16153.87,10557.03,5596.84,Paid
B101002,A101002,2025-01-08,15704.89,13241.17,28405.44,23098.93,5306.52,Paid
B101003,A101003,2025-09-04,95668.59,40566.33,112686.49,88707.52,23978.97,Paid
B101004,A101004,2024-09-10,2477.75,3673.34,4047.87,2296.57,1751.3,Paid
B101005,A101005,2025-12-07,909.79,21559.2,14129.81,11684.94,2444.87,Paid
B101006,A101006,2024-09-11,5593.7,4756.24,12455.33,0.0,12455.33,Paid
B101007,A101007,2025-03-22,3325.73,15543.45,13467.48,10897.02,2570.46,Paid
B101008,A101008,2024-12-08,4177.85,5901.81,8220.2,7244.48,975.72,Paid
B101009,A101009,2025-06-05,5161.7,8305.69,16098.79,0.0,16098.79,Paid
B101010,A101010,2024-12-23,3687.52,21454.94,18138.71,14308.81,3829.9,Pending
B101011,A101011,2025-09-17,1624.13,5784.31,8123.95,5433.76,2690.19,Paid
B101012,A101012,2025-12-12,4438.04,13297.14,35607.12,27336.27,8270.85,Paid
B101013,A101013,2025-10-18,5683.32,17505.07,17331.57,13879.69,3451.88,Paid
B101014,A101014,2024-11-19,9263.21,4355.67,10855.81,6961.76,3894.05,Paid
B101015,A101015,2024-05-23,9873.38,15661.86,23221.41,15462.76,7758.64,Paid
B101016,A101016,2025-03-24,1870.03,13185.0,14673.03,8531.11,6141.92,Paid
B101017,A101017,2024-04-05,5771.51,3422.07,8102.92,6629.5,1473.42,Paid
B101018,A101018,2025-07-08,3618.12,7457.19,10365.98,0.0,10365.98,Pending
B101019,A101019,2025-03-15,1752.68,24859.38,87118.05,0.0,87118.05,Paid
B101020,A101020,2025-06-05,2459.94,20847.4,12586.7,9271.38,3315.32,Paid
B101021,A101021,2024-05-31,61992.4,5149.89,65756.19,51755.46,14000.73,Paid
B101022,A101022,2025-07-11,2230.79,14701.8,10184.65,6254.74,3929.9,Paid
B101023,A101023,2024-12-19,49537.51,6564.58,60120.17,47314.49,12805.68,Partially Paid
B101024,A101024,2024-04-30,18504.15,9305.22,35412.89,27266.92,8145.97,Paid
B101025,A101025,2025-09-27,620.11,5861.47,6656.7,5170.1,1486.6,Paid
B101026,A101026,2024-08-25,4395.99,1843.43,6043.08,4011.38,2031.71,Paid
B101027,A101027,2024-09-29,11101.26,10419.3,23137.72,13947.31,9190.41,Paid
B101028,A101028,2024-10-19,6014.52,5656.78,12325.07,8466.27,3858.8,Paid
B101029,A101029,2025-03-13,5294.18,17079.72,16830.75,9810.59,7020.16,Pending
B101030,A101030,2024-01-19,3183.02,18849.66,32549.9,19764.6,12785.31,Pending
B101031,A101031,2025-10-11,6356.55,51130.19,41267.78,30697.64,10570.14,Paid
B101032,A101032,2025-05-01,46054.46,25231.78,76210.03,66599.3,9610.73,Pending
B101033,A101033,2025-06-25,7471.55,30695.01,69907.06,43900.58,26006.49,Paid
B101034,A101034,2025-06-21,4888.45,1402.3,7708.41,5687.39,2021.02,Paid
B101035,A101035,2025-11-21,1777.64,21787.63,17461.87,10569.96,6891.91,Partially Paid
B101036,A101036,2024-01-14,55531.94,13342.58,61955.25,45716.97,16238.28,Paid
B101037,A101037,2025-09-12,2507.67,22545.66,21844.34,17782.95,4061.39,Pending
B101038,A101038,2024-11-29,8280.59,8700.24,32316.22,26967.56,5348.67,Paid
B101039,A101039,2025-08-21,49467.49,16411.49,67106.59,0.0,67106.59,Paid
B101040,A101040,2024-10-06,1061.13,6484.27,17689.34,10982.51,6706.83,Paid
B101041,A101041,2025-01-07,8212.3,4913.22,19719.6,13949.51,5770.09,Pending
B101042,A101042,2025-05-07,7065.91,4352.93,17729.66,14821.9,2907.76,Paid
B101043,A101043,2024-12-24,63358.13,19983.57,100649.5,81265.32,19384.18,Pending
B101044,A101044,2025-01-10,2280.01,28610.03,22283.77,0.0,22283.77,Paid
B101045,A101045,2024-11-08,3790.82,3895.33,10536.82,6145.78,4391.03,Paid
B101046,A101046,2026-01-03,3606.57,6473.86,9034.26,7269.72,1764.54,Paid
B101047,A101047,2025-08-25,6653.28,5301.71,15197.23,10715.13,4482.1,Paid
B101048,A101048,2025-05-19,3567.7,42823.84,35350.45,0.0,35350.45,Paid
B101049,A101049,2024-01-25,1008.83,20737.59,16801.97,10192.06,6609.91,Paid
B101050,A101050,2025-11-23,6497.23,10226.06,15514.39,9825.7,5688.68,Paid
B101051,A101051,2024-01-10,54291.54,18121.25,62881.14,47793.51,15087.62,Paid
B101052,A101052,2025-01-16,1775.1,14009.19,10026.66,7978.73,2047.93,Paid
B101053,A101053,2025-01-05,1463.35,7070.91,4869.34,3606.35,1262.99,Paid
B101054,A101054,2025-04-21,6173.62,29820.55,33543.6,29779.87,3763.73,Paid
B101055,A101055,2025-06-20,4673.54,9788.85,16978.4,0.0,16978.4,Paid
B101056,A101056,2025-12-21,4012.87,4113.89,6995.23,5253.99,1741.23,Paid
B101057,A101057,2024-05-20,5681.21,9171.89,11459.31,0.0,11459.31,Paid
B101058,A101058,2025-01-02,98193.25,19994.02,115723.57,73383.37,42340.2,Partially Paid
B101059,A101059,2024-08-06,2294.94,11484.77,8794.54,0.0,8794.54,Paid
B101060,A101060,2025-01-08,1001.77,21297.35,16379.02,10376.33,6002.69,Paid
B101061,A101061,2024-05-04,7096.43,17729.11,26395.95,14581.53,11814.42,Pending
B101062,A101062,2024-07-04,4962.63,20534.9,24804.53,17620.65,7183.88,Paid
B101063,A101063,2024-09-07,1399.49,6847.99,7940.82,4489.15,3451.67,Pending
B101064,A101064,2024-05-11,6835.24,5294.18,14187.67,11534.88,2652.79,Paid
B101065,A101065,2024-12-26,3490.44,5098.04,8612.56,7451.44,1161.12,Pending
B101066,A101066,2024-03-22,6419.03,11230.44,21817.45,14449.31,7368.14,Paid
B101067,A101067,2024-10-22,1359.65,11772.58,10458.59,7903.1,2555.49,Paid
B101068,A101068,2024-04-03,1448.89,39780.14,45970.59,38571.8,7398.8,Pending
B101069,A101069,2024-12-17,2308.22,26119.0,37617.54,0.0,37617.54,Paid
B101070,A101070,2024-12-05,2483.75,5371.34,6649.86,5303.04,1346.82,Paid
B101071,A101071,2025-08-07,5292.82,31295.22,25485.17,21999.11,3486.06,Paid
B101072,A101072,2024-04-11,6191.15,14886.02,16262.89,12852.86,3410.02,Paid
B101073,A101073,2024-06-07,20259.47,31664.0,73141.54,0.0,73141.54,Paid
B101074,A101074,2025-08-03,2253.29,9989.5,9756.95,5731.5,4025.45,Paid
B101075,A101075,2025-06-10,97335.81,25960.37,124034.86,75102.38,48932.48,Paid
B101076,A101076,2025-02-04,3953.35,5652.42,21596.18,16308.24,5287.95,Partially Paid
B101077,A101077,2024-12-23,7741.11,3284.23,9488.06,5850.59,3637.47,Paid
B101078,A101078,2024-07-05,7844.39,4087.21,9068.28,6470.3,2597.99,Paid
B101079,A101079,2025-11-02,6330.67,5833.34,9503.18,8120.93,1382.25,Paid
B101080,A101080,2025-06-29,2384.2,7217.41,10030.22,8854.81,1175.41,Paid
B101081,A101081,2024-06-02,8791.45,7055.21,20110.9,13966.93,6143.97,Partially Paid
B101082,A101082,2024-11-20,3347.8,8517.37,27298.17,16454.96,10843.21,Paid
B101083,A101083,2025-11-04,1504.87,17818.45,18258.17,15877.28,2380.89,Paid
B101084,A101084,2024-03-13,1264.3,54714.02,58357.26,41645.86,16711.4,Pending
B101085,A101085,2024-01-13,19261.24,11044.87,31616.19,20595.05,11021.15,Paid
B101086,A101086,2024-05-15,6315.48,28433.96,44614.84,40054.18,4560.66,Paid
B101087,A101087,2024-12-26,91075.06,20553.56,102731.44,88847.56,13883.88,Pending
B101088,A101088,2024-12-15,6180.51,6770.63,20812.62,14594.08,6218.54,Partially Paid
B101089,A101089,2024-08-30,2455.68,23723.4,22928.97,13016.51,9912.45,Paid
B101090,A101090,2024-12-04,2274.15,24456.5,18738.11,0.0,18738.11,Paid
B101091,A101091,2024-01-19,3594.57,7656.35,11076.87,8870.22,2206.64,Partially Paid
B101092,A101092,2025-03-06,2364.95,30242.28,29669.94,16373.4,13296.54,Partially Paid
B101093,A101093,2024-11-25,6124.87,25720.6,26191.64,17441.55,8750.08,Partially Paid
B101094,A101094,2024-02-12,2223.84,25164.57,27254.62,0.0,27254.62,Paid
B101095,A101095,2025-04-13,67645.17,28943.51,95013.63,81489.55,13524.07,Paid
B101096,A101096,2025-04-10,99671.61,10018.23,115516.96,65230.18,50286.79,Pending
B101097,A101097,2025-06-10,2958.26,25740.39,27856.67,24587.16,3269.51,Paid
B101098,A101098,2025-12-31,38577.44,34306.93,73185.75,41150.71,32035.04,Partially Paid
B101099,A101099,2025-07-24,2371.34,39586.99,36489.46,20502.49,15986.97,Pending
B101100,A101100,2025-03-03,1851.07,23119.81,17477.53,12266.38,5211.14,Paid
B101101,A101101,2025-02-13,98784.58,12348.88,120964.61,81475.99,39488.62,Pending
B101102,A101102,2024-11-28,2223.98,6420.6,5094.09,2888.99,2205.1,Paid
B101103,A101103,2025-04-09,9297.29,19406.68,42012.35,34745.15,7267.19,Paid
B101104,A101104,2025-04-30,429.98,8963.56,10171.28,5828.07,4343.2,Paid
B101105,A101105,2025-05-17,9406.34,21053.05,19402.23,11082.81,8319.42,Paid
B101106,A101106,2024-01-31,1408.48,17788.5,9977.01,7183.63,2793.38,Partially Paid
B101107,A101107,2025-02-03,7441.31,4945.32,19985.5,13434.19,6551.31,Paid
B101108,A101108,2024-07-09,51104.9,7818.55,55030.98,0.0,55030.98,Paid
B101109,A101109,2024-05-27,2104.04,14842.4,19695.37,11677.89,8017.49,Pending
B101110,A101110,2025-06-11,9331.44,25954.42,24517.83,21807.39,2710.44,Pending
B101111,A101111,2024-04-05,1180.2,7116.86,15824.26,12267.36,3556.9,Partially Paid
B101112,A101112,2024-03-23,977.67,13347.83,12205.29,7606.12,4599.17,Paid
B101113,A101113,2024-09-14,3103.82,45040.44,22942.08,15197.12,7744.96,Paid
B101114,A101114,2025-11-01,3974.32,9388.23,13911.37,0.0,13911.37,Paid
B101115,A101115,2026-01-04,8454.62,13444.17,26314.49,15277.36,11037.13,Pending
B101116,A101116,2025-10-28,2438.7,6953.19,9419.98,6359.35,3060.63,Paid
B101117,A101117,2024-04-09,6767.58,32980.75,27966.15,15655.06,12311.09,Paid
B101118,A101118,2025-09-12,1652.67,8655.07,11512.26,0.0,11512.26,Paid
B101119,A101119,2024-11-09,9498.02,76872.63,80139.84,68044.01,12095.83,Paid
B101120,A101120,2024-04-07,1748.15,7656.65,5369.61,4648.84,720.77,Paid
B101121,A101121,2024-09-11,6355.2,4213.2,14935.94,11585.25,3350.69,Paid
B101122,A101122,2025-07-06,7680.18,8619.59,12583.97,10483.32,2100.66,Paid
B101123,A101123,2025-02-06,1247.7,9833.06,10821.07,8834.82,1986.25,Paid
B101124,A101124,2024-02-28,9495.16,7936.3,29329.33,16341.99,12987.34,Paid
B101125,A101125,2024-09-03,20187.68,15639.12,26433.88,16119.91,10313.97,Paid
B101126,A101126,2024-04-22,1106.06,4803.36,7005.88,4014.73,2991.15,Paid
B101127,A101127,2025-09-20,59691.31,13905.8,79781.52,51700.04,28081.48,Paid
B101128,A101128,2025-11-24,1217.31,32605.51,25693.1,14888.22,10804.89,Paid
B101129,A101129,2025-12-09,8747.24,30579.99,34589.89,25188.25,9401.64,Pending
B101130,A101130,2024-08-14,8054.58,20699.95,21304.08,13146.76,8157.32,Paid
B101131,A101131,2025-07-29,85471.03,36426.23,121028.0,0.0,121028.0,Paid
B101132,A101132,2024-06-15,4687.13,19686.85,24544.39,0.0,24544.39,Paid
B101133,A101133,2024-02-05,2397.11,1370.48,6838.78,5951.02,887.76,Paid
B101134,A101134,2024-02-09,7912.13,13233.53,15356.69,9517.48,5839.21,Paid
B101135,A101135,2025-09-17,1908.85,3666.93,7096.61,4416.64,2679.97,Paid
B101136,A101136,2025-01-09,10111.54,14564.59,22074.87,17807.59,4267.28,Pending
B101137,A101137,2024-07-05,4680.56,19260.29,28119.97,0.0,28119.97,Paid
B101138,A101138,2025-06-12,1124.5,32989.57,20086.43,13176.31,6910.12,Paid
B101139,A101139,2024-10-03,5811.35,8407.16,9890.54,0.0,9890.54,Pending
B101140,A101140,2025-09-28,1569.26,8166.96,13577.39,8045.96,5531.43,Partially Paid
B101141,A101141,2024-04-20,1050.11,26067.09,27438.56,0.0,27438.56,Pending
B101142,A101142,2024-06-24,1846.49,70469.01,29346.62,25455.27,3891.35,Paid
B101143,A101143,2024-12-02,1945.65,4169.73,5034.66,3035.13,1999.53,Pending
B101144,A101144,2024-01-30,8597.47,13523.63,26014.05,19380.17,6633.87,Paid
B101145,A101145,2024-11-11,5251.7,89032.11,57047.9,32515.6,24532.3,Paid
B101146,A101146,2025-07-04,48284.63,29990.82,90281.82,75242.69,15039.13,Paid
B101147,A101147,2024-12-23,976.88,4579.82,5653.38,4549.59,1103.78,Pending
B101148,A101148,2024-03-10,4699.8,3565.8,7859.25,5612.73,2246.51,Paid
B101149,A101149,2024-11-27,3437.9,15216.28,15818.51,10314.13,5504.39,Pending
B101150,A101150,2024-06-07,2429.15,31398.76,31225.4,0.0,31225.4,Paid
B101151,A101151,2025-08-02,2967.24,8434.52,11517.31,0.0,11517.31,Pending
B101152,A101152,2025-11-04,5899.25,50670.51,24546.99,19457.42,5089.56,Paid
B101153,A101153,2024-11-18,111845.78,8604.51,117012.48,0.0,117012.48,Paid
B101154,A101154,2025-04-01,1938.01,19866.99,22509.92,0.0,22509.92,Pending
B101155,A101155,2025-07-29,1464.76,23405.06,20515.32,11654.31,8861.02,Pending
B101156,A101156,2025-11-01,5593.67,6615.6,9888.12,5553.43,4334.69,Pending
B101157,A101157,2024-04-24,2032.69,9656.99,8657.46,7436.86,1220.6,Paid
B101158,A101158,2025-09-30,1598.78,8985.54,16391.27,9722.48,6668.79,Paid
B101159,A101159,2025-04-14,46440.79,24370.16,71343.27,51380.95,19962.33,Paid
B101160,A101160,2024-12-29,3209.62,6957.62,11408.39,9569.63,1838.76,Paid
B101161,A101161,2024-07-26,6446.1,18877.36,17181.27,12221.88,4959.4,Paid
B101162,A101162,2025-05-07,2223.97,19900.0,26705.57,14792.91,11912.66,Partially Paid
B101163,A101163,2025-04-29,21846.52,21914.78,34850.47,0.0,34850.47,Pending
B101164,A101164,2024-01-16,2173.0,28490.8,55009.22,32075.01,22934.2,Paid
B101165,A101165,2024-05-13,14469.63,13010.14,34453.86,0.0,34453.86,Paid
B101166,A101166,2024-01-31,1794.83,15134.77,23003.1,19247.16,3755.94,Paid
B101167,A101167,2024-02-01,3457.51,16068.18,23248.72,17426.49,5822.23,Paid
B101168,A101168,2024-02-17,4371.76,17163.49,26305.34,16300.25,10005.09,Paid
B101169,A101169,2025-08-07,7767.97,4319.53,15438.59,9167.43,6271.16,Partially Paid
B101170,A101170,2024-03-14,2212.73,19186.94,32630.18,29209.23,3420.95,Partially Paid
B101171,A101171,2024-01-26,1404.57,3408.67,3896.54,2481.6,1414.94,Paid
B101172,A101172,2024-03-17,44993.33,21059.25,57700.02,32017.66,25682.36,Paid
B101173,A101173,2025-05-01,2718.68,20341.41,15789.65,0.0,15789.65,Paid
B101174,A101174,2024-09-26,48484.77,6347.05,54217.22,43748.47,10468.75,Paid
B101175,A101175,2024-04-05,822.3,1956.86,4258.65,0.0,4258.65,Paid
B101176,A101176,2025-01-31,9450.67,8635.87,14267.21,8637.83,5629.38,Paid
B101177,A101177,2025-01-01,1035.26,7842.57,11383.91,7034.07,4349.83,Partially Paid
B101178,A101178,2024-11-18,1144.63,11938.97,19624.73,15724.63,3900.11,Pending
B101179,A101179,2024-05-04,7976.14,27308.96,32681.59,28658.49,4023.1,Paid
B101180,A101180,2024-06-13,1871.74,4247.95,5246.46,3377.7,1868.76,Pending
B101181,A101181,2025-08-02,9965.92,5186.55,17446.06,15266.32,2179.74,Paid
B101182,A101182,2024-11-09,1033.04,24280.52,24992.96,14869.14,10123.82,Paid
B101183,A101183,2024-07-20,3136.71,6982.91,5644.47,3287.98,2356.49,Paid
B101184,A101184,2024-07-18,2289.57,32049.61,57705.83,35174.69,22531.15,Pending
B101185,A101185,2024-12-26,84944.22,7355.51,96675.14,66447.42,30227.73,Paid
B101186,A101186,2024-09-14,23289.57,19947.88,36408.61,26844.63,9563.98,Paid
B101187,A101187,2024-10-29,1399.63,17065.72,9707.62,6119.54,3588.08,Paid
B101188,A101188,2025-03-07,71007.79,4225.6,78505.71,45430.64,33075.08,Pending
B101189,A101189,2024-01-07,6254.54,4061.34,13029.7,0.0,13029.7,Paid
B101190,A101190,2025-10-20,6861.5,20803.18,21764.56,14202.52,7562.04,Pending
B101191,A101191,2025-11-11,1952.56,7669.23,13683.4,10141.96,3541.44,Pending
B101192,A101192,2024-09-15,1772.38,21095.44,8833.07,7221.73,1611.35,Paid
B101193,A101193,2025-10-28,7169.5,3907.32,15739.34,0.0,15739.34,Paid
B101194,A101194,2025-08-05,9092.85,5788.36,16499.74,12037.37,4462.37,Partially Paid
B101195,A101195,2025-07-24,78585.31,13846.88,86237.69,0.0,86237.69,Paid
B101196,A101196,2024-04-09,8856.08,17250.25,23869.4,16131.76,7737.64,Pending
B101197,A101197,2024-06-17,3043.49,6092.83,6244.83,0.0,6244.83,Paid
B101198,A101198,2024-11-30,23466.63,11007.21,30125.2,0.0,30125.2,Paid
B101199,A101199,2024-03-08,6798.99,11896.56,15808.54,12813.29,2995.24,Paid
B101200,A101200,2024-07-06,9837.02,21491.41,54587.08,37495.67,17091.41,Paid
B101201,A101201,2024-09-16,1944.19,27748.33,29787.39,17891.5,11895.9,Partially Paid
B101202,A101202,2025-04-07,80722.38,4562.86,84310.46,0.0,84310.46,Paid
B101203,A101203,2025-09-18,3924.03,4905.94,11434.91,8503.41,2931.5,Pending
B101204,A101204,2024-08-03,111475.59,2539.2,114919.87,69901.58,45018.29,Pending
B101205,A101205,2024-08-28,2090.78,7589.72,6504.88,4388.92,2115.96,Paid
B101206,A101206,2025-02-21,2179.22,8170.55,7703.09,5997.61,1705.48,Paid
B101207,A101207,2025-11-07,3640.16,4698.61,12021.32,10531.23,1490.09,Partially Paid
B101208,A101208,2024-05-07,46384.81,4203.7,53422.17,0.0,53422.17,Paid
B101209,A101209,2024-09-11,40705.28,5633.64,49212.08,31442.97,17769.11,Partially Paid
B101210,A101210,2025-12-14,7082.09,9395.73,18415.13,14546.23,3868.9,Paid
B101211,A101211,2024-07-17,8048.92,2922.06,12745.04,0.0,12745.04,Paid
B101212,A101212,2025-09-28,10055.48,8614.41,13907.5,0.0,13907.5,Paid
B101213,A101213,2025-02-22,1081.69,8978.82,17529.62,10712.98,6816.64,Partially Paid
B101214,A101214,2025-04-02,2297.16,4678.22,7120.76,5538.13,1582.64,Paid
B101215,A101215,2024-02-25,2145.44,5673.09,7878.89,0.0,7878.89,Paid
B101216,A101216,2025-10-09,1538.2,2707.34,2778.78,1647.35,1131.43,Pending
B101217,A101217,2024-12-08,1623.55,5629.66,13464.91,8692.41,4772.5,Pending
B101218,A101218,2025-01-01,40964.3,17662.07,61468.22,43722.84,17745.37,Paid
B101219,A101219,2024-05-31,4499.65,2402.66,7944.69,5230.13,2714.56,Pending
B101220,A101220,2024-04-14,1290.09,13813.2,11730.87,8161.64,3569.23,Paid
B101221,A101221,2024-08-27,2268.66,22288.28,25683.24,0.0,25683.24,Paid
B101222,A101222,2025-07-02,4560.88,6730.19,25903.16,22999.55,2903.61,Paid
B101223,A101223,2024-03-10,3352.2,23787.99,17323.49,15543.32,1780.17,Paid
B101224,A101224,2024-07-22,4347.57,29077.5,31015.03,17341.65,13673.37,Paid
B101225,A101225,2025-06-26,2479.24,2301.92,5770.05,4616.78,1153.27,Paid
B101226,A101226,2024-04-18,3284.94,7211.02,10252.69,8994.49,1258.2,Paid
B101227,A101227,2024-10-27,2316.65,17952.86,11768.44,10196.65,1571.79,Partially Paid
B101228,A101228,2025-10-18,8710.63,53283.77,49592.25,0.0,49592.25,Paid
B101229,A101229,2025-04-02,13992.52,9715.58,32914.9,27402.59,5512.31,Paid
B101230,A101230,2025-06-19,1065.37,5702.67,4727.6,3359.47,1368.13,Paid
B101231,A101231,2024-06-07,20954.36,7283.72,25121.13,21291.74,3829.38,Pending
B101232,A101232,2025-02-16,2506.57,24685.38,32760.35,26223.02,6537.34,Paid
B101233,A101233,2025-12-30,4786.88,5531.16,14983.11,10548.51,4434.6,Paid
B101234,A101234,2025-11-18,863.55,11850.22,19217.6,12556.43,6661.17,Paid
B101235,A101235,2025-07-12,104506.21,6018.55,112759.12,62050.93,50708.2,Pending
B101236,A101236,2025-07-27,4546.1,5795.59,11065.74,8178.59,2887.14,Paid
B101237,A101237,2025-01-17,3513.19,11823.49,13774.08,9499.67,4274.41,Paid
B101238,A101238,2025-08-19,1908.07,31763.63,22658.2,15152.84,7505.36,Partially Paid
B101239,A101239,2025-04-03,2523.08,16212.69,10563.36,7541.24,3022.12,Paid
B101240,A101240,2024-07-25,6418.27,18385.12,17952.07,12865.98,5086.1,Paid
B101241,A101241,2025-04-02,2907.46,8927.21,22466.01,16888.6,5577.41,Pending
B101242,A101242,2024-07-07,12136.38,4162.16,16878.25,13172.74,3705.52,Paid
B101243,A101243,2025-09-01,3947.61,2455.08,7979.18,4845.43,3133.74,Paid
B101244,A101244,2025-12-25,8188.91,3666.72,11747.28,7373.96,4373.32,Paid
B101245,A101245,2025-01-12,2302.08,40361.92,32187.52,22849.28,9338.23,Partially Paid
B101246,A101246,2024-12-08,1299.29,9096.25,11109.58,0.0,11109.58,Pending
B101247,A101247,2024-09-19,3872.97,4160.59,6334.85,0.0,6334.85,Partially Paid
B101248,A101248,2025-08-15,5566.25,5467.93,13739.8,9871.09,3868.71,Paid
B101249,A101249,2025-06-27,2640.58,3004.13,4664.44,3439.45,1224.99,Pending
B101250,A101250,2025-07-05,1032.12,3742.28,5506.67,4109.52,1397.14,Paid
B101251,A101251,2024-11-05,1526.85,15870.07,15118.07,0.0,15118.07,Paid
B101252,A101252,2025-12-30,4266.86,5881.95,10386.22,8279.84,2106.37,Paid
B101253,A101253,2025-10-04,6093.1,12246.72,22707.1,17951.62,4755.48,Paid
B101254,A101254,2024-06-19,5288.7,8471.44,14532.95,0.0,14532.95,Paid
B101255,A101255,2025-09-18,2313.2,19226.27,15444.98,12557.82,2887.16,Paid
B101256,A101256,2024-04-01,7458.71,9141.04,23419.37,19363.31,4056.06,Paid
B101257,A101257,2024-07-23,2165.28,21406.01,23252.18,18015.41,5236.77,Paid
B101258,A101258,2024-09-30,103059.08,6568.52,115173.26,97699.15,17474.11,Paid
B101259,A101259,2024-02-24,5791.55,11648.04,17909.26,11764.41,6144.86,Partially Paid
B101260,A101260,2025-05-07,1320.38,6853.74,12101.48,0.0,12101.48,Pending
B101261,A101261,2024-07-19,2224.72,7186.73,8257.18,5424.45,2832.72,Paid
B101262,A101262,2024-01-25,68556.26,8610.62,76223.96,61138.25,15085.71,Partially Paid
B101263,A101263,2025-10-27,3926.56,3858.12,7181.8,5893.26,1288.55,Pending
B101264,A101264,2024-08-14,9213.12,6465.08,21002.6,16101.71,4900.88,Paid
B101265,A101265,2024-08-13,3967.73,18525.79,14241.04,8674.39,5566.65,Paid
B101266,A101266,2025-10-27,22014.52,7120.52,28686.51,23149.16,5537.36,Paid
B101267,A101267,2024-10-06,3372.91,30253.76,31500.58,0.0,31500.58,Paid
B101268,A101268,2024-03-18,87411.62,20367.8,103935.87,59285.2,44650.66,Paid
B101269,A101269,2024-03-25,9326.92,19688.63,35069.16,20432.99,14636.17,Pending
B101270,A101270,2025-07-02,7161.75,21514.48,15989.39,0.0,15989.39,Paid
B101271,A101271,2025-03-12,4378.62,2717.38,8969.44,6329.76,2639.68,Paid
B101272,A101272,2024-03-19,1807.89,32956.75,19394.11,14335.31,5058.8,Paid
B101273,A101273,2024-12-30,2866.61,29132.58,17158.4,12526.93,4631.47,Paid
B101274,A101274,2024-01-22,2050.35,6582.7,13828.26,11124.06,2704.19,Paid
B101275,A101275,2025-11-09,7977.37,4348.22,15314.86,9118.09,6196.77,Paid
B101276,A101276,2025-07-21,1504.57,5918.98,7780.39,5922.0,1858.39,Paid
B101277,A101277,2025-08-04,5085.07,22900.48,23214.23,16603.91,6610.32,Paid
B101278,A101278,2025-03-12,8536.55,1282.24,10045.47,7909.53,2135.95,Paid
B101279,A101279,2025-03-21,7923.61,14356.77,24922.55,22211.08,2711.47,Paid
B101280,A101280,2024-01-14,2126.43,17427.93,23715.81,0.0,23715.81,Paid
B101281,A101281,2025-04-16,1574.98,6487.23,5779.61,3677.06,2102.55,Paid
B101282,A101282,2025-09-29,3147.05,9515.95,14457.31,12294.33,2162.98,Paid
B101283,A101283,2024-12-19,39623.56,24410.38,63417.16,41355.1,22062.06,Paid
B101284,A101284,2025-08-27,4895.44,4527.02,11178.31,9516.41,1661.89,Paid
B101285,A101285,2025-01-10,4715.27,10282.98,14503.78,8265.32,6238.46,Paid
B101286,A101286,2024-07-01,6996.22,16189.89,22461.97,12849.82,9612.14,Paid
B101287,A101287,2025-06-02,10875.45,13021.05,23973.17,18445.08,5528.09,Pending
B101288,A101288,2024-05-14,1217.35,11999.57,14643.43,9505.43,5138.01,Pending
B101289,A101289,2025-07-23,9685.42,11648.36,19368.09,0.0,19368.09,Partially Paid
B101290,A101290,2024-10-21,36646.06,7212.79,40767.01,0.0,40767.01,Paid
B101291,A101291,2025-12-16,1209.51,53850.07,88214.51,64577.44,23637.06,Partially Paid
B101292,A101292,2024-12-23,5285.4,17397.47,12695.01,7045.22,5649.79,Paid
B101293,A101293,2024-08-14,3556.86,12136.76,9873.23,8387.87,1485.36,Paid
B101294,A101294,2025-06-13,15213.46,11093.88,29261.34,23008.89,6252.44,Paid
B101295,A101295,2025-12-12,4904.13,13621.77,24395.32,17161.21,7234.11,Pending
B101296,A101296,2025-05-25,1430.09,6614.09,10111.51,7828.18,2283.34,Paid
B101297,A101297,2025-01-10,15206.99,25613.01,25010.57,17881.36,7129.2,Paid
B101298,A101298,2025-10-28,2401.62,2554.67,6769.18,4107.31,2661.87,Partially Paid
B101299,A101299,2025-08-17,3618.98,10281.13,25491.98,18801.07,6690.9,Paid
B101300,A101300,2025-10-17,5665.42,5017.75,22495.19,19599.98,2895.22,Paid
B101301,A101301,2025-05-17,2996.45,13019.76,15701.05,0.0,15701.05,Paid
B101302,A101302,2024-04-06,2261.42,10159.05,29201.5,24436.79,4764.71,Paid
B101303,A101303,2025-10-23,5230.79,16133.09,18373.98,11718.14,6655.84,Paid
B101304,A101304,2024-03-19,8408.27,18191.74,35318.96,24549.08,10769.87,Paid
B101305,A101305,2025-03-12,5262.6,16986.97,16518.63,0.0,16518.63,Partially Paid
B101306,A101306,2025-12-01,1853.01,22855.2,37657.32,30637.33,7019.99,Paid
B101307,A101307,2024-12-16,1010.7,11288.2,4837.72,3740.93,1096.79,Paid
B101308,A101308,2024-09-24,117213.31,7870.91,131053.37,98321.37,32732.0,Paid
B101309,A101309,2024-10-09,1552.11,16746.68,26678.69,14743.05,11935.64,Paid
B101310,A101310,2025-05-24,2788.99,4363.52,5102.45,4339.1,763.35,Pending
B101311,A101311,2025-05-24,34669.9,2882.63,40207.91,34959.03,5248.88,Paid
B101312,A101312,2025-09-28,7454.57,35052.82,76855.94,0.0,76855.94,Paid
B101313,A101313,2025-03-09,20847.85,51649.7,41152.13,0.0,41152.13,Paid
B101314,A101314,2024-03-19,4903.3,26698.18,27267.78,23001.32,4266.46,Paid
B101315,A101315,2024-03-18,849.08,5850.74,9613.97,8044.42,1569.55,Paid
B101316,A101316,2025-10-20,11978.33,7339.87,27696.47,22377.07,5319.4,Paid
B101317,A101317,2025-05-20,4018.83,5246.02,16469.98,9426.21,7043.77,Paid
B101318,A101318,2025-07-31,21294.72,14037.23,27409.99,16312.05,11097.94,Paid
B101319,A101319,2024-05-29,3901.97,15827.06,20248.76,17110.84,3137.92,Paid
B101320,A101320,2024-02-16,1659.62,1946.14,4645.56,3202.45,1443.11,Paid
B101321,A101321,2024-04-18,1267.33,16964.87,8230.15,6702.84,1527.31,Paid
B101322,A101322,2024-04-22,19964.07,5769.68,24889.07,15421.53,9467.54,Paid
B101323,A101323,2024-11-18,1161.29,21924.03,20330.82,0.0,20330.82,Paid
B101324,A101324,2024-05-04,104914.02,5729.96,116737.17,74079.85,42657.32,Pending
B101325,A101325,2025-05-21,3252.85,32468.09,31746.58,0.0,31746.58,Paid
B101326,A101326,2024-02-15,3332.48,13072.67,11949.61,7772.77,4176.84,Pending
B101327,A101327,2024-04-12,2061.19,5829.35,7154.8,5056.75,2098.05,Paid
B101328,A101328,2025-12-11,1983.17,12675.65,15121.73,13514.48,1607.25,Partially Paid
B101329,A101329,2024-11-08,1016.2,8054.31,8967.6,0.0,8967.6,Paid
B101330,A101330,2024-08-05,1295.23,17448.96,11145.79,0.0,11145.79,Paid
B101331,A101331,2025-04-13,1802.44,16463.81,14194.07,0.0,14194.07,Paid
B101332,A101332,2025-03-02,17361.01,11467.18,26004.24,0.0,26004.24,Paid
B101333,A101333,2025-02-02,88869.0,16927.57,104343.49,83490.83,20852.65,Paid
B101334,A101334,2025-12-02,5313.84,9101.14,17643.96,15678.63,1965.33,Paid
B101335,A101335,2024-04-23,2205.3,7655.42,9744.17,6335.88,3408.29,Paid
B101336,A101336,2024-10-02,5241.89,10828.46,10835.33,8457.18,2378.14,Paid
B101337,A101337,2024-04-18,3713.9,25972.36,33290.32,23378.48,9911.84,Pending
B101338,A101338,2024-08-02,1710.65,14412.26,15150.84,11200.21,3950.63,Paid
B101339,A101339,2024-01-30,4960.62,34448.85,31907.89,18315.99,13591.9,Paid
B101340,A101340,2024-06-13,53762.94,10574.69,68352.65,0.0,68352.65,Paid
B101341,A101341,2024-12-09,1880.73,1434.09,3961.03,3367.34,593.69,Paid
B101342,A101342,2025-02-05,21934.77,4854.19,24957.71,14342.29,10615.42,Paid
B101343,A101343,2025-04-03,4629.26,19245.41,18409.7,13654.85,4754.85,Paid
B101344,A101344,2025-12-01,1905.74,5196.91,7070.33,0.0,7070.33,Paid
B101345,A101345,2024-05-27,103059.53,17904.99,118502.83,105946.43,12556.4,Paid
B101346,A101346,2025-02-07,18624.03,23821.77,36307.33,0.0,36307.33,Paid
B101347,A101347,2025-06-24,1436.22,20950.57,14823.13,0.0,14823.13,Paid
B101348,A101348,2024-05-24,2416.38,12600.49,17620.72,15097.17,2523.55,Paid
B101349,A101349,2024-09-01,2395.46,14455.89,10489.04,8346.79,2142.24,Paid
B101350,A101350,2024-10-20,89710.64,3110.09,94801.71,83849.1,10952.6,Paid
B101351,A101351,2024-03-28,6026.57,8302.68,15989.95,0.0,15989.95,Paid
B101352,A101352,2025-07-19,7464.46,7379.55,33223.28,25488.15,7735.13,Paid
B101353,A101353,2024-06-23,4399.34,15884.87,20140.7,11621.99,8518.71,Paid
B101354,A101354,2025-08-05,2418.93,7218.16,14403.95,12807.02,1596.93,Paid
B101355,A101355,2025-06-16,5756.33,10966.45,17323.71,11741.22,5582.49,Paid
B101356,A101356,2025-06-29,3331.67,12691.3,19686.03,0.0,19686.03,Paid
B101357,A101357,2024-04-20,6324.51,2512.65,7997.05,6025.73,1971.32,Partially Paid
B101358,A101358,2024-08-09,20620.53,18851.63,47997.93,0.0,47997.93,Partially Paid
B101359,A101359,2025-03-20,1077.12,23602.4,11788.41,9746.2,2042.21,Paid
B101360,A101360,2024-11-22,2537.77,12851.62,23884.69,17996.94,5887.74,Paid
B101361,A101361,2025-12-18,1761.63,9964.11,19547.25,12318.67,7228.58,Paid
B101362,A101362,2024-04-05,21547.06,48251.07,52708.63,35348.34,17360.28,Paid
B101363,A101363,2025-01-17,2701.83,29165.51,33031.05,29198.96,3832.09,Paid
B101364,A101364,2024-02-27,4853.39,17688.76,12385.17,10449.6,1935.57,Paid
B101365,A101365,2025-05-16,1008.22,25621.51,26239.15,23311.43,2927.72,Paid
B101366,A101366,2024-09-15,959.99,11865.56,7969.19,5077.64,2891.55,Paid
B101367,A101367,2025-08-10,1162.79,3182.42,7969.89,5616.2,2353.69,Partially Paid
B101368,A101368,2024-08-10,4271.01,10390.97,11412.86,6565.39,4847.47,Paid
B101369,A101369,2025-10-19,37272.78,4157.44,46802.04,33311.92,13490.12,Paid
B101370,A101370,2024-04-15,2291.47,10361.59,14030.74,8871.38,5159.36,Paid
B101371,A101371,2024-05-10,10815.34,8987.64,17340.53,12063.1,5277.43,Paid
B101372,A101372,2024-08-13,2858.26,27758.34,23017.52,0.0,23017.52,Paid
B101373,A101373,2025-04-25,1078.95,8140.56,10661.31,6035.68,4625.63,Pending
B101374,A101374,2025-04-05,2762.11,6570.46,10710.1,6893.85,3816.25,Paid
B101375,A101375,2024-01-25,2149.28,13109.53,10692.2,7844.84,2847.35,Pending
B101376,A101376,2025-11-24,1093.17,9056.44,11384.11,6604.27,4779.84,Partially Paid
B101377,A101377,2025-07-16,1694.68,8922.5,5985.43,0.0,5985.43,Paid
B101378,A101378,2025-09-24,3163.39,17425.44,18357.78,14538.43,3819.35,Paid
B101379,A101379,2024-11-30,18239.24,13803.15,38592.72,26412.56,12180.16,Paid
B101380,A101380,2025-11-26,4494.15,7598.71,21733.09,18867.85,2865.24,Paid
B101381,A101381,2025-04-30,8919.5,22986.64,17138.68,9935.16,7203.52,Pending
B101382,A101382,2024-12-10,1488.16,10235.22,23989.87,0.0,23989.87,Paid
B101383,A101383,2024-07-04,934.71,24494.44,27258.58,22009.5,5249.08,Paid
B101384,A101384,2025-02-26,119849.0,2740.7,127493.46,105178.13,22315.33,Paid
B101385,A101385,2025-05-16,86510.84,38124.38,151077.53,106957.24,44120.29,Paid
B101386,A101386,2024-02-22,1873.15,7054.27,13464.35,8667.84,4796.51,Paid
B101387,A101387,2024-02-05,3214.5,15231.14,27694.44,24562.91,3131.53,Paid
B101388,A101388,2024-03-31,941.33,11876.58,19673.93,17205.36,2468.58,Partially Paid
B101389,A101389,2025-05-21,11826.69,22203.59,19358.16,0.0,19358.16,Pending
B101390,A101390,2025-07-19,13246.88,42732.06,60246.84,0.0,60246.84,Paid
B101391,A101391,2024-11-26,870.29,4472.7,7977.13,6570.01,1407.12,Partially Paid
B101392,A101392,2025-09-05,27163.07,6860.84,37389.31,32735.4,4653.91,Paid
B101393,A101393,2025-03-11,681.02,7873.67,8362.78,0.0,8362.78,Paid
B101394,A101394,2025-08-12,4547.46,8831.55,10031.31,6088.1,3943.21,Paid
B101395,A101395,2025-11-23,9122.96,15533.06,23951.74,17865.24,6086.5,Partially Paid
B101396,A101396,2024-09-06,5764.89,4145.17,8117.77,5820.2,2297.57,Paid
B101397,A101397,2024-05-21,5138.64,32579.36,23053.5,18974.1,4079.4,Paid
B101398,A101398,2025-11-25,3472.49,17291.41,17381.51,14056.83,3324.68,Paid
B101399,A101399,2025-01-03,10634.86,15457.38,23344.64,15092.97,8251.67,Paid
B101400,A101400,2025-07-31,1683.57,10860.1,14439.04,8459.01,5980.04,Paid
B101401,A101401,2025-03-02,4267.62,6881.36,11497.34,0.0,11497.34,Paid
B101402,A101402,2025-02-28,19199.78,19885.34,38177.58,30044.01,8133.57,Paid
B101403,A101403,2025-10-23,8676.16,18387.53,24862.73,18090.54,6772.19,Pending
B101404,A101404,2025-05-29,38588.5,4366.36,45223.8,35436.27,9787.53,Paid
B101405,A101405,2025-01-20,989.93,3201.13,2991.29,2432.38,558.91,Paid
B101406,A101406,2025-01-25,2377.54,10116.73,12494.22,8813.21,3681.01,Pending
B101407,A101407,2025-03-26,11337.69,7688.21,14481.38,10511.8,3969.58,Pending
B101408,A101408,2025-07-24,1228.01,20111.43,10228.21,7898.12,2330.09,Paid
B101409,A101409,2024-11-04,3232.54,10406.69,18621.26,14258.31,4362.95,Paid
B101410,A101410,2024-04-12,2590.55,10266.47,9203.9,6625.5,2578.4,Paid
B101411,A101411,2024-11-09,1109.0,35004.85,24197.03,0.0,24197.03,Paid
B101412,A101412,2025-07-12,3397.18,8128.11,9427.52,0.0,9427.52,Paid
B101413,A101413,2024-02-15,2586.7,17817.33,9574.78,6566.6,3008.18,Partially Paid
B101414,A101414,2025-04-18,7594.1,15515.76,28588.22,20309.11,8279.1,Paid
B101415,A101415,2025-03-16,4892.29,3851.16,6468.52,4746.58,1721.95,Paid
B101416,A101416,2024-11-25,3555.84,5141.14,13268.64,9470.68,3797.96,Paid
B101417,A101417,2025-07-27,8421.66,22452.61,25070.71,0.0,25070.71,Paid
B101418,A101418,2024-02-05,1696.75,12712.13,13309.9,9716.06,3593.83,Paid
B101419,A101419,2025-02-19,12622.16,17246.71,29128.72,19067.7,10061.02,Paid
B101420,A101420,2025-09-22,16607.56,6704.68,33666.42,29800.04,3866.39,Paid
B101421,A101421,2024-04-26,4915.68,7759.13,14661.0,13126.71,1534.29,Paid
B101422,A101422,2025-05-24,1045.07,6672.38,7915.46,4555.24,3360.22,Paid
B101423,A101423,2024-02-27,15244.53,8391.79,21125.45,16608.69,4516.76,Paid
B101424,A101424,2025-07-13,5170.4,9985.5,18113.3,0.0,18113.3,Pending
B101425,A101425,2025-12-26,5770.72,7064.33,14150.08,12494.08,1656.0,Paid
B101426,A101426,2024-12-25,2069.1,21053.29,30000.1,25030.12,4969.98,Paid
B101427,A101427,2024-12-02,5641.37,31237.59,23193.04,20000.95,3192.1,Paid
B101428,A101428,2025-07-02,41070.76,3787.95,51749.2,34917.65,16831.55,Paid
B101429,A101429,2024-10-04,11061.83,20950.31,23053.75,0.0,23053.75,Paid
B101430,A101430,2024-07-19,11298.18,19816.16,24773.95,18925.43,5848.52,Paid
B101431,A101431,2025-02-18,42710.67,5249.21,47704.78,33343.94,14360.84,Paid
B101432,A101432,2025-10-03,4192.95,7660.46,15709.75,13085.35,2624.41,Pending
B101433,A101433,2024-03-25,36556.85,18212.65,56098.12,35185.52,20912.6,Paid
B101434,A101434,2025-10-19,5529.6,2479.21,7287.77,6425.84,861.93,Paid
B101435,A101435,2024-03-26,24194.45,6664.51,37120.16,26419.95,10700.21,Partially Paid
B101436,A101436,2024-05-17,45484.68,4042.54,47534.39,40267.54,7266.85,Paid
B101437,A101437,2025-06-25,1682.71,7966.09,12149.3,7726.46,4422.84,Paid
B101438,A101438,2025-11-22,1013.73,5556.77,8946.83,7719.08,1227.75,Pending
B101439,A101439,2025-12-24,7669.32,7698.15,17045.74,12626.01,4419.73,Pending
B101440,A101440,2024-11-03,4087.89,8535.48,9285.52,5993.84,3291.68,Paid
B101441,A101441,2024-11-07,8288.87,3538.42,10684.85,8125.77,2559.08,Paid
B101442,A101442,2025-01-25,5868.22,4769.02,17193.36,9901.43,7291.93,Paid
B101443,A101443,2026-01-01,10593.53,10048.72,34206.93,0.0,34206.93,Paid
B101444,A101444,2025-07-06,2865.5,11947.39,18663.16,0.0,18663.16,Paid
B101445,A101445,2025-05-24,3851.23,9403.12,9200.56,6755.61,2444.96,Paid
B101446,A101446,2025-01-26,48170.87,12888.31,63963.43,48927.56,15035.87,Pending
B101447,A101447,2024-10-26,1313.75,23128.92,19224.28,10864.19,8360.09,Partially Paid
B101448,A101448,2024-07-01,5215.98,9211.15,13428.7,10988.27,2440.43,Paid
B101449,A101449,2025-11-03,3640.82,2726.7,5513.73,3212.52,2301.21,Paid
B101450,A101450,2025-03-06,4523.51,8227.93,9211.33,8099.67,1111.65,Paid
B101451,A101451,2025-06-09,12793.0,7659.44,17478.05,0.0,17478.05,Paid
B101452,A101452,2025-11-15,7368.6,13785.62,14049.99,12548.49,1501.5,Paid
B101453,A101453,2024-11-08,3372.78,4032.03,6550.9,4019.78,2531.12,Partially Paid
B101454,A101454,2024-03-23,18994.32,10895.41,23412.27,19235.34,4176.93,Paid
B101455,A101455,2024-01-19,5047.7,17837.37,19300.5,0.0,19300.5,Pending
B101456,A101456,2024-02-26,6750.01,8022.25,14227.48,11986.86,2240.62,Paid
B101457,A101457,2025-03-28,1418.65,15209.37,24759.52,14064.63,10694.9,Paid
B101458,A101458,2024-03-09,6215.39,8064.72,13922.57,9437.16,4485.41,Paid
B101459,A101459,2025-01-20,2189.38,59577.33,44864.3,35027.73,9836.57,Paid
B101460,A101460,2025-05-31,1136.89,44516.86,23394.98,0.0,23394.98,Paid
B101461,A101461,2025-07-30,1021.17,25104.42,25981.7,0.0,25981.7,Paid
B101462,A101462,2024-04-17,1182.64,16535.43,28451.12,23338.35,5112.77,Paid
B101463,A101463,2025-06-18,2342.67,8085.07,11072.39,7530.68,3541.71,Pending
B101464,A101464,2024-09-23,53256.09,13069.28,82606.08,49769.17,32836.91,Paid
B101465,A101465,2025-08-10,6798.25,10204.93,15136.98,11877.03,3259.95,Partially Paid
B101466,A101466,2024-09-10,6294.28,10528.18,29122.58,23351.02,5771.57,Paid
B101467,A101467,2024-05-09,3153.37,4463.57,7488.18,0.0,7488.18,Paid
B101468,A101468,2025-05-16,6142.47,6015.92,17487.41,0.0,17487.41,Paid
B101469,A101469,2024-02-27,7518.8,28341.28,39643.89,23651.66,15992.22,Paid
B101470,A101470,2024-09-26,1769.35,2913.54,4793.89,4109.54,684.35,Paid
B101471,A101471,2025-10-08,4250.18,14799.21,19079.92,13019.11,6060.82,Paid
B101472,A101472,2025-07-01,3814.1,18854.17,16941.38,14057.85,2883.53,Partially Paid
B101473,A101473,2024-04-06,2281.35,8282.13,12976.93,8950.62,4026.31,Paid
B101474,A101474,2024-11-15,2838.57,14386.88,18020.62,14735.91,3284.72,Partially Paid
B101475,A101475,2025-09-05,1033.45,6289.09,6953.42,5869.07,1084.34,Pending
B101476,A101476,2024-03-21,4590.71,38847.28,27505.85,18289.1,9216.75,Partially Paid
B101477,A101477,2025-08-29,9885.68,46378.78,45509.86,40889.54,4620.32,Pending
B101478,A101478,2025-03-30,3004.11,9506.55,22578.26,13808.35,8769.9,Paid
B101479,A101479,2025-01-09,5074.05,28187.85,31345.56,23413.98,7931.58,Paid
B101480,A101480,2025-09-12,4924.54,2275.15,6722.15,0.0,6722.15,Paid
B101481,A101481,2025-09-08,4407.54,3853.3,12963.29,0.0,12963.29,Paid
B101482,A101482,2025-02-16,7569.72,3673.31,16786.55,9429.56,7357.0,Paid
B101483,A101483,2024-04-05,52233.02,9686.51,70600.91,41770.42,28830.49,Paid
B101484,A101484,2025-05-25,11477.19,3656.14,16960.17,10190.53,6769.63,Partially Paid
B101485,A101485,2025-06-16,2329.62,12485.35,23784.25,18388.13,5396.12,Paid
B101486,A101486,2024-04-25,5962.41,25504.59,26341.42,23439.54,2901.88,Partially Paid
B101487,A101487,2025-11-04,4280.78,6191.17,11446.92,8280.12,3166.8,Paid
B101488,A101488,2024-03-31,7701.16,2467.36,13971.5,11567.29,2404.21,Paid
B101489,A101489,2025-08-30,2066.39,4098.15,6056.37,3554.13,2502.24,Paid
B101490,A101490,2024-10-05,5062.14,9524.53,21768.4,14657.91,7110.49,Paid
B101491,A101491,2024-09-06,7039.88,13039.28,10957.03,6628.49,4328.54,Pending
B101492,A101492,2024-12-28,2282.26,8436.05,5438.13,0.0,5438.13,Paid
B101493,A101493,2025-01-19,1473.77,18552.68,19769.28,17507.71,2261.58,Paid
B101494,A101494,2024-07-26,585.6,6098.38,5575.16,3705.76,1869.4,Paid
B101495,A101495,2024-12-14,1058.03,10028.17,11759.33,7734.31,4025.02,Paid
B101496,A101496,2025-04-05,1876.7,8983.88,19747.74,13882.55,5865.19,Paid
B101497,A101497,2024-03-12,1146.08,6238.68,13875.5,8141.36,5734.14,Pending
B101498,A101498,2025-07-16,9301.75,13803.23,16064.83,13112.08,2952.74,Paid
B101499,A101499,2024-02-14,8238.01,8512.17,15916.14,13849.02,2067.12,Paid
B101500,A101500,2024-08-18,44144.29,2761.06,52713.44,30652.96,22060.48,Paid
B101501,A101501,2025-03-24,58630.71,18072.91,74184.67,0.0,74184.67,Paid
B101502,A101502,2024-08-22,897.62,1664.61,3641.92,3114.23,527.7,Paid
B101503,A101503,2024-07-25,7938.72,28850.26,20549.02,12410.94,8138.08,Pending
B101504,A101504,2025-05-14,2328.5,8088.77,15068.29,0.0,15068.29,Paid
B101505,A101505,2024-02-05,3892.37,10632.81,13466.36,8321.96,5144.4,Paid
B101506,A101506,2024-09-23,1582.35,11575.09,12858.84,0.0,12858.84,Pending
B101507,A101507,2024-04-30,1402.69,14246.44,16107.83,12546.96,3560.86,Pending
B101508,A101508,2025-04-08,1441.66,13518.05,22439.61,19830.88,2608.73,Pending
B101509,A101509,2024-10-06,23258.27,5842.9,37456.74,27889.52,9567.22,Pending
B101510,A101510,2024-05-30,2463.64,17344.68,13634.2,0.0,13634.2,Paid
B101511,A101511,2024-12-25,3207.59,5604.84,14316.67,0.0,14316.67,Paid
B101512,A101512,2024-01-10,7289.53,12722.08,16106.08,12239.47,3866.61,Partially Paid
B101513,A101513,2024-12-08,13523.89,7849.59,19249.76,17081.99,2167.77,Paid
B101514,A101514,2025-05-12,2114.23,16645.73,17575.72,10029.28,7546.43,Paid
B101515,A101515,2024-04-20,945.26,8647.27,13751.72,10380.15,3371.57,Paid
B101516,A101516,2024-03-12,102446.54,3872.17,103817.73,0.0,103817.73,Paid
B101517,A101517,2024-12-06,23634.37,4188.2,25121.58,22331.15,2790.43,Partially Paid
B101518,A101518,2025-11-06,1496.57,2788.39,9745.62,8035.96,1709.67,Paid
B101519,A101519,2024-04-12,1197.86,5985.76,14175.56,12131.44,2044.12,Paid
B101520,A101520,2024-12-02,2239.67,16153.09,37546.75,21648.91,15897.84,Paid
B101521,A101521,2024-02-07,4218.8,7989.79,17322.61,14715.87,2606.74,Paid
B101522,A101522,2024-06-03,5487.69,15403.98,40374.51,32878.69,7495.82,Paid
B101523,A101523,2024-09-03,5962.61,9119.1,13235.42,9598.2,3637.22,Paid
B101524,A101524,2025-12-30,4229.09,8629.09,21487.88,14214.61,7273.27,Pending
B101525,A101525,2025-09-29,7550.97,15499.64,28244.59,19029.21,9215.38,Paid
B101526,A101526,2025-11-15,1278.23,16324.54,22920.25,0.0,22920.25,Paid
B101527,A101527,2024-08-08,3461.57,12318.54,20194.34,11792.92,8401.43,Paid
B101528,A101528,2025-03-14,1299.35,13339.56,18608.31,0.0,18608.31,Paid
B101529,A101529,2026-01-03,3789.33,15760.82,13649.54,0.0,13649.54,Partially Paid
B101530,A101530,2024-03-01,11268.22,12249.31,30047.21,19640.67,10406.54,Paid
B101531,A101531,2025-12-26,1965.05,17229.26,22507.89,18601.26,3906.64,Paid
B101532,A101532,2025-08-26,1288.49,52505.16,34258.35,27669.61,6588.74,Paid
B101533,A101533,2024-06-11,4030.19,51835.27,35954.0,0.0,35954.0,Partially Paid
B101534,A101534,2024-02-28,1925.6,15317.64,12310.24,10171.55,2138.68,Paid
B101535,A101535,2025-06-01,4957.12,3216.12,6746.81,4089.83,2656.97,Pending
B101536,A101536,2025-03-24,7220.59,2454.09,9692.69,8093.14,1599.55,Paid
B101537,A101537,2024-02-06,3212.46,3290.74,12132.13,7532.58,4599.56,Pending
B101538,A101538,2024-04-29,4906.79,4061.06,6953.27,5498.36,1454.91,Paid
B101539,A101539,2024-07-18,1200.65,11550.13,7874.54,6247.17,1627.37,Pending
B101540,A101540,2025-07-20,1324.57,2609.83,5703.59,0.0,5703.59,Paid
B101541,A101541,2025-06-02,917.18,15660.35,15366.18,11380.35,3985.83,Paid
B101542,A101542,2025-08-18,37038.21,6005.5,44531.75,38235.41,6296.34,Paid
B101543,A101543,2025-03-01,5631.48,6234.71,13682.79,10723.05,2959.74,Paid
B101544,A101544,2025-06-02,11003.85,7271.68,16061.45,0.0,16061.45,Paid
B101545,A101545,2025-11-23,4375.03,16224.14,27149.89,22397.0,4752.89,Paid
B101546,A101546,2024-05-25,5420.98,18339.49,19608.07,12256.95,7351.12,Paid
B101547,A101547,2025-12-08,3557.81,9273.45,10967.07,7353.91,3613.16,Paid
B101548,A101548,2025-10-21,1047.05,44033.16,28754.3,23659.43,5094.87,Paid
B101549,A101549,2025-09-21,1607.47,6432.86,9561.21,8502.29,1058.92,Partially Paid
B101550,A101550,2024-02-20,1937.51,15187.32,26338.27,22880.61,3457.67,Paid
B101551,A101551,2024-08-11,3916.96,6383.16,25037.26,16457.25,8580.01,Partially Paid
B101552,A101552,2025-07-24,1054.29,6651.1,14227.1,12047.91,2179.19,Partially Paid
B101553,A101553,2024-09-15,1691.04,3093.79,4451.26,0.0,4451.26,Paid
B101554,A101554,2025-05-29,4651.09,5890.45,9823.2,6915.92,2907.28,Paid
B101555,A101555,2025-01-19,1861.69,30698.42,26259.98,0.0,26259.98,Pending
B101556,A101556,2024-10-20,1034.23,6109.02,21849.05,17386.64,4462.41,Partially Paid
B101557,A101557,2025-04-16,3771.2,8523.99,6301.56,4505.56,1796.0,Partially Paid
B101558,A101558,2024-04-16,22128.23,15736.55,29990.3,17155.74,12834.56,Paid
B101559,A101559,2024-05-30,1463.66,3883.19,9391.83,5313.69,4078.14,Paid
B101560,A101560,2024-03-25,11038.64,1541.43,13961.43,10008.3,3953.13,Paid
B101561,A101561,2024-02-05,778.17,35857.24,40277.04,28389.56,11887.48,Paid
B101562,A101562,2024-06-27,103415.25,11989.95,116816.06,0.0,116816.06,Partially Paid
B101563,A101563,2025-10-05,2022.83,11237.41,13671.86,8585.88,5085.97,Paid
B101564,A101564,2025-03-09,3758.45,22036.79,34727.07,26199.53,8527.54,Partially Paid
B101565,A101565,2025-10-19,2020.34,12613.46,6951.96,5340.53,1611.44,Paid
B101566,A101566,2024-12-14,3512.63,12591.01,13785.16,8442.68,5342.48,Paid
B101567,A101567,2024-10-31,4866.69,13307.25,13387.38,8207.11,5180.26,Paid
B101568,A101568,2024-10-29,1703.64,18386.05,23929.01,19265.8,4663.21,Paid
B101569,A101569,2024-05-19,677.12,22352.09,8661.11,5454.41,3206.71,Pending
B101570,A101570,2024-02-25,6041.4,4368.83,9285.85,0.0,9285.85,Paid
B101571,A101571,2024-03-02,18816.51,26313.71,31980.82,20385.26,11595.55,Pending
B101572,A101572,2025-01-15,58379.69,17939.85,78384.05,61812.64,16571.41,Paid
B101573,A101573,2025-08-15,1909.96,8065.91,9120.07,7129.05,1991.03,Paid
B101574,A101574,2024-12-12,2290.56,13180.32,34621.05,0.0,34621.05,Paid
B101575,A101575,2025-04-04,3588.06,4456.48,16013.73,11437.35,4576.38,Paid
B101576,A101576,2024-12-22,58106.97,2401.94,63751.62,39859.59,23892.03,Paid
B101577,A101577,2024-05-17,38782.48,15035.84,47636.32,33289.17,14347.15,Paid
B101578,A101578,2025-05-09,5041.63,8810.49,11277.18,8265.48,3011.69,Paid
B101579,A101579,2025-07-08,6001.35,1455.94,8147.39,0.0,8147.39,Partially Paid
B101580,A101580,2024-04-20,2551.09,2959.49,3833.51,3139.21,694.3,Paid
B101581,A101581,2025-08-11,3372.55,27457.88,30938.7,18060.57,12878.13,Partially Paid
B101582,A101582,2024-05-06,14157.05,4363.59,15782.88,8824.14,6958.74,Pending
B101583,A101583,2024-10-25,1929.46,10078.79,14688.33,8934.41,5753.92,Paid
B101584,A101584,2024-06-29,2347.91,8343.67,9124.38,5127.83,3996.55,Paid
B101585,A101585,2024-07-22,3101.77,19228.28,14806.6,8740.53,6066.07,Paid
B101586,A101586,2024-04-14,2045.01,8128.65,10359.6,0.0,10359.6,Paid
B101587,A101587,2025-07-28,65848.45,2920.37,74694.14,59150.99,15543.15,Paid
B101588,A101588,2024-07-08,116249.27,16422.13,139630.72,112282.28,27348.45,Paid
B101589,A101589,2024-01-16,1464.75,21961.55,21000.53,13953.16,7047.36,Paid
B101590,A101590,2025-02-20,10347.71,17765.44,27741.43,17182.47,10558.97,Paid
B101591,A101591,2025-12-21,1481.15,5659.92,5382.35,4406.94,975.41,Partially Paid
B101592,A101592,2025-07-24,4085.93,15075.26,16413.54,9937.38,6476.16,Paid
B101593,A101593,2025-12-04,1003.91,35861.19,47806.38,0.0,47806.38,Paid
B101594,A101594,2024-04-14,7448.67,1667.5,11800.6,8845.45,2955.15,Paid
B101595,A101595,2024-05-08,1290.67,3861.89,12653.24,9402.61,3250.63,Pending
B101596,A101596,2025-07-02,4355.12,13123.24,14264.13,9985.45,4278.68,Paid
B101597,A101597,2025-11-12,53377.52,21865.82,61499.32,0.0,61499.32,Paid
B101598,A101598,2024-10-02,484.31,14575.2,18313.12,14344.97,3968.15,Paid
B101599,A101599,2025-04-12,6476.4,3742.33,12669.14,8052.59,4616.55,Paid
B101600,A101600,2024-04-29,2121.72,7711.36,9988.36,6860.93,3127.43,Paid
B101601,A101601,2024-04-11,1692.07,17077.36,35771.11,28277.13,7493.98,Paid
B101602,A101602,2025-09-10,2611.08,28089.84,30541.26,18151.22,12390.05,Paid
B101603,A101603,2025-05-11,2333.44,31771.79,39728.41,26634.86,13093.55,Paid
B101604,A101604,2024-04-03,1515.54,10840.69,13045.85,7320.19,5725.67,Paid
B101605,A101605,2024-08-25,5939.09,17651.02,20629.29,12862.92,7766.37,Paid
B101606,A101606,2024-05-05,1673.97,2720.01,8272.72,5734.4,2538.33,Pending
B101607,A101607,2024-07-26,3974.08,12234.75,15718.86,10117.16,5601.71,Partially Paid
B101608,A101608,2024-02-04,5817.87,9661.95,17531.65,0.0,17531.65,Pending
B101609,A101609,2024-12-26,5629.1,7413.57,22087.59,15319.74,6767.84,Paid
B101610,A101610,2025-04-11,4583.32,13124.06,19070.77,12622.61,6448.17,Paid
B101611,A101611,2025-07-16,67447.75,34735.84,101014.6,88935.72,12078.89,Paid
B101612,A101612,2024-04-04,9154.48,3032.75,11375.18,8785.16,2590.02,Paid
B101613,A101613,2025-06-07,5427.88,4704.67,9336.49,7453.88,1882.61,Pending
B101614,A101614,2026-01-01,2820.41,21052.71,22525.17,19225.45,3299.72,Paid
B101615,A101615,2025-02-19,783.52,30633.13,27564.22,18108.46,9455.76,Paid
B101616,A101616,2024-04-19,4667.9,25521.0,37812.22,0.0,37812.22,Paid
B101617,A101617,2024-09-05,6825.27,17332.79,16132.69,11200.09,4932.6,Paid
B101618,A101618,2024-02-28,1949.69,2157.68,4983.24,3240.55,1742.69,Paid
B101619,A101619,2024-12-25,2245.7,12511.02,15622.01,0.0,15622.01,Paid
B101620,A101620,2025-05-15,2799.16,29780.3,29539.65,17683.89,11855.76,Paid
B101621,A101621,2024-11-19,5437.65,12083.4,17519.86,0.0,17519.86,Paid
B101622,A101622,2024-01-25,59463.95,7426.1,84008.37,50262.78,33745.58,Paid
B101623,A101623,2024-12-25,10720.2,9941.85,22970.4,19915.07,3055.33,Paid
B101624,A101624,2024-04-27,1665.31,1291.38,3083.29,1989.19,1094.1,Paid
B101625,A101625,2024-05-20,11947.45,17318.87,32844.44,23387.91,9456.52,Pending
B101626,A101626,2024-10-30,5636.86,21658.14,32557.86,27769.78,4788.08,Paid
B101627,A101627,2025-06-28,1765.9,58115.38,48367.56,32475.93,15891.63,Paid
B101628,A101628,2024-04-18,6575.38,34436.98,36420.19,22962.21,13457.98,Paid
B101629,A101629,2025-01-19,6527.78,21187.29,20584.81,11547.9,9036.91,Partially Paid
B101630,A101630,2024-06-08,40259.51,6899.98,55303.7,48827.67,6476.03,Paid
B101631,A101631,2025-08-23,2281.67,30328.29,25413.75,0.0,25413.75,Pending
B101632,A101632,2025-08-23,21711.79,1498.28,25573.05,0.0,25573.05,Paid
B101633,A101633,2024-04-26,3939.05,26438.95,37019.19,26004.9,11014.29,Paid
B101634,A101634,2025-10-08,7186.93,15394.13,17468.9,15003.56,2465.35,Partially Paid
B101635,A101635,2025-06-21,9381.4,42216.18,48031.61,28162.72,19868.89,Paid
B101636,A101636,2024-05-14,49706.83,27392.61,80550.34,56734.35,23815.99,Pending
B101637,A101637,2025-02-06,1341.08,5816.18,4384.18,3091.05,1293.13,Paid
B101638,A101638,2025-07-27,804.63,4510.58,3248.5,2893.57,354.93,Paid
B101639,A101639,2025-06-15,3048.81,8953.82,10492.64,7581.83,2910.81,Paid
B101640,A101640,2025-07-13,1958.26,4468.03,10944.4,6420.52,4523.89,Paid
B101641,A101641,2025-07-07,4099.38,6309.28,15644.17,13576.01,2068.16,Paid
B101642,A101642,2024-05-08,16875.75,16575.63,28074.6,24772.71,3301.89,Pending
B101643,A101643,2024-12-29,1742.03,9567.2,18862.34,13068.54,5793.8,Paid
B101644,A101644,2024-03-05,5265.4,1354.4,7270.29,6025.8,1244.49,Paid
B101645,A101645,2025-09-29,8381.32,43934.61,30836.13,17710.87,13125.27,Paid
B101646,A101646,2024-04-15,7413.66,17330.82,15166.89,0.0,15166.89,Paid
B101647,A101647,2025-07-22,1066.05,19100.01,13232.93,9644.88,3588.05,Paid
B101648,A101648,2024-10-04,3026.4,2987.59,7017.75,5999.82,1017.93,Paid
B101649,A101649,2024-08-21,1635.22,30623.73,19311.06,0.0,19311.06,Pending
B101650,A101650,2024-01-25,11265.31,4036.25,19147.59,13256.73,5890.85,Paid
B101651,A101651,2025-12-03,2350.54,23283.93,22182.18,16182.12,6000.07,Paid
B101652,A101652,2024-03-10,915.65,12545.0,17511.64,13715.8,3795.84,Pending
B101653,A101653,2024-06-15,5158.54,40339.0,20535.19,12036.11,8499.07,Partially Paid
B101654,A101654,2025-01-27,2448.34,5481.15,6416.03,4160.61,2255.42,Paid
B101655,A101655,2024-05-30,1503.27,3717.5,7581.83,4289.24,3292.59,Paid
B101656,A101656,2025-01-05,61654.97,10286.81,76535.9,46059.89,30476.01,Paid
B101657,A101657,2025-11-14,1656.5,5245.87,9642.59,6974.23,2668.36,Paid
B101658,A101658,2025-04-10,1252.82,4787.23,9899.24,6258.75,3640.49,Paid
B101659,A101659,2025-10-10,1694.48,11717.52,8259.04,5928.5,2330.54,Paid
B101660,A101660,2025-02-04,7813.37,8268.88,14876.64,12292.43,2584.21,Pending
B101661,A101661,2025-02-11,69633.06,9834.73,75332.8,51414.72,23918.07,Paid
B101662,A101662,2024-05-14,7286.44,8080.34,13271.43,10658.3,2613.13,Paid
B101663,A101663,2024-07-18,1960.54,12841.44,11883.21,9723.74,2159.46,Paid
B101664,A101664,2025-10-12,10116.57,9706.64,16644.15,0.0,16644.15,Paid
B101665,A101665,2024-02-07,1300.68,4655.12,8738.64,5644.33,3094.31,Paid
B101666,A101666,2025-03-02,5332.04,30260.38,22514.86,18667.96,3846.89,Paid
B101667,A101667,2025-01-21,2089.43,32223.69,29114.91,19869.18,9245.73,Paid
B101668,A101668,2025-02-04,7373.02,7947.81,11875.13,8982.92,2892.21,Pending
B101669,A101669,2024-08-14,2400.79,9916.25,17115.6,12364.98,4750.62,Partially Paid
B101670,A101670,2025-12-09,12944.08,51966.55,58309.2,0.0,58309.2,Paid
B101671,A101671,2025-06-06,6608.55,26603.13,15387.7,13052.27,2335.43,Paid
B101672,A101672,2025-08-25,33667.98,24771.04,113756.11,76682.08,37074.03,Pending
B101673,A101673,2024-12-10,4549.53,9354.73,16449.53,14322.39,2127.14,Partially Paid
B101674,A101674,2025-02-27,7541.29,20533.04,41762.43,24558.91,17203.52,Pending
B101675,A101675,2025-04-06,1283.0,17303.53,13229.73,8484.53,4745.2,Paid
B101676,A101676,2024-10-26,12547.01,5370.82,25219.2,0.0,25219.2,Paid
B101677,A101677,2024-12-02,4805.61,22394.07,20924.14,11977.44,8946.7,Paid
B101678,A101678,2025-12-09,73567.96,8268.98,87393.56,62214.18,25179.38,Paid
B101679,A101679,2025-11-12,6178.31,6538.4,14200.06,9101.54,5098.51,Paid
B101680,A101680,2024-12-06,4817.31,3160.29,7630.66,6302.55,1328.12,Paid
B101681,A101681,2024-10-30,4535.06,18086.22,12422.51,7211.45,5211.05,Paid
B101682,A101682,2025-11-13,9577.68,15705.56,20773.49,0.0,20773.49,Paid
B101683,A101683,2024-11-12,7638.17,7828.25,22890.34,13851.99,9038.35,Paid
B101684,A101684,2025-08-09,27514.03,5386.23,42584.99,28126.07,14458.91,Paid
B101685,A101685,2024-02-26,4906.39,8032.52,12424.48,10562.43,1862.05,Paid
B101686,A101686,2025-11-28,1623.86,11938.1,18212.29,15596.28,2616.01,Paid
B101687,A101687,2025-06-25,29851.53,27413.45,54139.32,0.0,54139.32,Paid
B101688,A101688,2024-04-22,4289.79,27648.11,28679.72,20989.64,7690.08,Paid
B101689,A101689,2024-06-29,2133.37,12795.34,10885.77,8521.38,2364.39,Paid
B101690,A101690,2024-11-09,982.63,72027.06,75490.82,52414.66,23076.15,Pending
B101691,A101691,2025-07-14,9366.08,13266.74,37225.2,32841.06,4384.14,Paid
B101692,A101692,2025-01-11,44320.05,2897.22,48097.49,0.0,48097.49,Paid
B101693,A101693,2025-03-29,1632.26,6846.22,8083.43,0.0,8083.43,Paid
B101694,A101694,2025-03-22,7790.88,5966.1,16059.47,12345.46,3714.01,Paid
B101695,A101695,2024-03-04,528.06,16132.05,12936.65,10834.72,2101.93,Paid
B101696,A101696,2025-02-02,3629.58,19068.4,26309.98,0.0,26309.98,Paid
B101697,A101697,2025-01-26,1750.0,7098.52,5739.02,5007.43,731.59,Paid
B101698,A101698,2024-08-07,2008.64,18144.41,26136.88,17286.98,8849.9,Paid
B101699,A101699,2025-11-02,3775.18,10136.57,12399.2,9571.77,2827.44,Paid
B101700,A101700,2025-11-21,1753.9,23341.62,17247.55,13819.2,3428.36,Pending
B101701,A101701,2025-06-19,8348.1,2105.15,10360.19,8970.61,1389.59,Paid
B101702,A101702,2024-08-28,5302.6,2584.36,7052.23,5425.82,1626.41,Pending
B101703,A101703,2025-05-07,1475.73,19899.01,20666.93,18164.97,2501.96,Paid
B101704,A101704,2025-12-29,102704.35,25424.65,129772.97,103757.7,26015.26,Paid
B101705,A101705,2024-05-09,612.59,25436.64,31321.48,25918.88,5402.61,Paid
B101706,A101706,2024-09-15,838.95,9070.72,24589.92,20225.0,4364.92,Paid
B101707,A101707,2024-05-22,10918.4,4112.67,15890.82,12086.51,3804.32,Paid
B101708,A101708,2025-03-29,7409.6,4813.01,14800.5,12758.96,2041.53,Paid
B101709,A101709,2024-06-09,5498.94,22435.06,34475.07,0.0,34475.07,Paid
B101710,A101710,2025-12-28,1680.31,6354.53,5708.32,0.0,5708.32,Paid
B101711,A101711,2024-11-09,9426.76,8106.14,30271.82,18427.36,11844.45,Pending
B101712,A101712,2025-07-18,7614.24,21548.46,28928.27,0.0,28928.27,Partially Paid
B101713,A101713,2024-11-16,2391.59,16796.24,16244.28,14188.57,2055.71,Paid
B101714,A101714,2025-06-16,6095.19,16025.72,15216.17,11435.23,3780.94,Paid
B101715,A101715,2024-11-03,1619.97,36755.66,43817.15,37540.17,6276.98,Paid
B101716,A101716,2024-12-18,12543.3,26554.81,37488.18,22496.71,14991.47,Pending
B101717,A101717,2025-08-11,4249.9,29464.83,35120.76,28186.2,6934.57,Paid
B101718,A101718,2025-08-23,50555.32,7160.77,58942.59,52706.18,6236.41,Paid
B101719,A101719,2024-10-10,5754.1,8726.33,9224.85,0.0,9224.85,Paid
B101720,A101720,2024-08-15,30650.65,70272.69,83196.63,68930.8,14265.83,Paid
B101721,A101721,2025-07-07,8472.7,3089.6,15006.31,11016.69,3989.62,Pending
B101722,A101722,2024-04-09,1757.21,12053.21,7834.85,6687.2,1147.66,Paid
B101723,A101723,2025-03-30,1495.16,5865.75,7701.14,5825.5,1875.64,Paid
B101724,A101724,2025-01-11,3888.6,7988.44,10893.42,6743.0,4150.42,Paid
B101725,A101725,2025-10-12,21681.63,10688.4,32907.16,20776.9,12130.25,Paid
B101726,A101726,2024-03-23,50388.86,26018.07,85636.19,57789.51,27846.69,Paid
B101727,A101727,2025-11-25,52575.46,21945.15,98269.67,87377.67,10892.0,Paid
B101728,A101728,2024-12-02,872.31,6809.13,11784.74,9063.56,2721.18,Paid
B101729,A101729,2025-01-28,118949.22,1493.11,121625.85,87485.73,34140.12,Paid
B101730,A101730,2025-12-16,6103.47,7799.89,23547.82,15977.76,7570.06,Partially Paid
B101731,A101731,2024-04-18,1660.32,11938.76,13363.73,0.0,13363.73,Paid
B101732,A101732,2024-04-30,6140.86,27732.17,69489.02,45585.64,23903.38,Paid
B101733,A101733,2024-12-25,1840.64,2834.83,5503.96,0.0,5503.96,Paid
B101734,A101734,2024-11-26,3211.39,2614.72,7335.29,4384.38,2950.91,Pending
B101735,A101735,2025-09-15,5681.26,21891.86,22341.06,15259.34,7081.71,Paid
B101736,A101736,2025-02-05,20340.49,9679.57,43302.6,37109.89,6192.71,Paid
B101737,A101737,2024-02-08,2351.21,5577.49,11311.15,6508.31,4802.84,Paid
B101738,A101738,2024-06-08,8416.08,7190.5,17158.75,0.0,17158.75,Paid
B101739,A101739,2024-10-02,4383.71,7174.38,16300.75,11436.62,4864.13,Paid
B101740,A101740,2025-02-02,2166.73,6244.86,6532.5,5120.85,1411.65,Paid
B101741,A101741,2024-07-27,8570.61,8640.72,16309.89,9178.21,7131.68,Paid
B101742,A101742,2025-09-04,4102.23,18213.05,29625.39,21205.28,8420.11,Paid
B101743,A101743,2025-09-13,22793.47,1599.02,25350.66,14289.83,11060.83,Paid
B101744,A101744,2024-11-05,26816.69,17465.52,39025.17,30555.62,8469.55,Paid
B101745,A101745,2025-09-23,100743.91,19556.95,119941.55,95651.68,24289.87,Paid
B101746,A101746,2025-06-20,4001.26,1200.86,7777.68,6727.1,1050.58,Pending
B101747,A101747,2025-04-14,5016.83,18501.05,35792.92,31514.14,4278.78,Paid
B101748,A101748,2024-09-14,465.45,25032.1,22317.75,18434.77,3882.97,Paid
B101749,A101749,2024-09-24,1244.49,3070.31,2500.96,1828.1,672.86,Paid
B101750,A101750,2024-08-06,1336.32,22489.66,31720.86,19794.34,11926.52,Partially Paid
B101751,A101751,2025-07-24,1622.9,6968.61,12117.38,9581.39,2535.99,Partially Paid
B101752,A101752,2025-06-28,4048.59,21293.63,22659.32,20214.6,2444.72,Pending
B101753,A101753,2025-05-25,7148.21,24270.06,32732.66,27955.86,4776.81,Paid
B101754,A101754,2025-06-05,108901.77,30370.4,134767.24,0.0,134767.24,Paid
B101755,A101755,2025-08-06,4836.54,12677.87,14256.27,12405.37,1850.9,Pending
B101756,A101756,2024-05-29,1054.43,7702.2,6404.33,4356.42,2047.92,Pending
B101757,A101757,2025-10-06,108145.55,6193.3,111903.69,83996.94,27906.75,Paid
B101758,A101758,2024-03-30,27602.13,12663.36,57610.9,41671.33,15939.57,Paid
B101759,A101759,2024-02-21,2377.09,32147.96,46980.52,34340.33,12640.19,Paid
B101760,A101760,2024-06-05,4537.17,3602.57,7060.29,6290.81,769.49,Paid
B101761,A101761,2025-10-31,989.69,4405.7,3574.41,0.0,3574.41,Pending
B101762,A101762,2025-04-04,2587.71,22733.66,21602.75,12213.13,9389.62,Paid
B101763,A101763,2025-09-13,2962.41,10836.26,9467.53,5233.85,4233.68,Partially Paid
B101764,A101764,2024-10-13,41084.62,7275.31,48996.2,30489.85,18506.35,Paid
B101765,A101765,2024-07-08,5706.33,7023.28,10473.42,7840.58,2632.84,Paid
B101766,A101766,2025-09-11,1075.41,11255.04,4869.06,4009.83,859.23,Paid
B101767,A101767,2025-09-29,7006.3,34366.92,29657.51,18864.67,10792.84,Pending
B101768,A101768,2025-05-02,13952.5,57097.6,34386.89,21100.07,13286.82,Paid
B101769,A101769,2025-05-24,2988.8,9690.01,8952.85,6163.14,2789.71,Paid
B101770,A101770,2024-05-26,2636.57,18228.12,24046.31,19165.13,4881.18,Paid
B101771,A101771,2024-09-30,35028.65,6051.77,40907.6,25620.42,15287.19,Paid
B101772,A101772,2025-09-21,1316.35,28643.09,11023.38,8522.16,2501.21,Paid
B101773,A101773,2024-03-15,16035.92,5776.21,24961.87,17918.46,7043.41,Paid
B101774,A101774,2025-03-18,75992.04,18590.17,86915.52,51405.95,35509.57,Paid
B101775,A101775,2024-10-22,2113.32,13196.67,14030.11,9822.23,4207.87,Paid
B101776,A101776,2025-10-18,46862.29,5044.87,49936.0,32443.05,17492.95,Paid
B101777,A101777,2025-03-24,2006.33,19174.17,28735.15,0.0,28735.15,Partially Paid
B101778,A101778,2025-10-30,8963.01,4807.77,17577.27,13892.86,3684.41,Paid
B101779,A101779,2025-11-11,5218.42,87665.81,49730.85,43885.46,5845.39,Paid
B101780,A101780,2024-03-02,5749.19,8311.2,12469.79,9738.7,2731.09,Pending
B101781,A101781,2025-08-21,7019.69,3978.1,9270.01,5424.22,3845.8,Paid
B101782,A101782,2025-12-12,2213.7,30189.98,36705.97,27852.55,8853.41,Paid
B101783,A101783,2024-11-27,2115.9,14770.67,8288.75,6749.43,1539.32,Paid
B101784,A101784,2024-07-04,11500.72,9436.61,19615.7,13917.43,5698.27,Paid
B101785,A101785,2025-03-10,78229.59,3788.76,80793.07,61381.8,19411.27,Paid
B101786,A101786,2025-06-07,2053.42,9603.97,21657.15,0.0,21657.15,Paid
B101787,A101787,2025-10-03,70029.0,10654.66,82392.85,49493.87,32898.99,Paid
B101788,A101788,2024-03-27,92347.06,15934.4,108958.45,68993.4,39965.05,Pending
B101789,A101789,2024-02-02,9907.84,11928.85,30489.32,22249.16,8240.16,Partially Paid
B101790,A101790,2024-09-27,47357.72,17878.34,69120.47,55499.51,13620.96,Paid
B101791,A101791,2024-10-23,1381.81,37485.58,26622.83,0.0,26622.83,Paid
B101792,A101792,2025-02-06,2190.35,9979.24,17751.97,13223.11,4528.85,Partially Paid
B101793,A101793,2025-12-03,2227.01,8204.73,10058.61,7003.68,3054.93,Paid
B101794,A101794,2025-01-20,1968.48,3602.27,6786.65,4241.47,2545.18,Partially Paid
B101795,A101795,2025-08-07,4259.0,14910.81,21534.43,14504.27,7030.16,Paid
B101796,A101796,2024-11-17,1227.26,5737.1,8418.34,0.0,8418.34,Paid
B101797,A101797,2025-09-05,11486.56,7275.17,21415.26,16836.39,4578.87,Paid
B101798,A101798,2024-07-19,104272.68,18821.69,129822.83,101275.1,28547.73,Paid
B101799,A101799,2024-08-22,5294.57,22699.03,21150.47,16903.63,4246.84,Paid
B101800,A101800,2025-03-31,1132.46,18297.78,16574.56,9751.77,6822.79,Paid
B101801,A101801,2024-07-05,2472.47,16810.98,12701.9,8617.76,4084.14,Paid
B101802,A101802,2024-11-26,4118.83,13305.46,12692.11,10183.18,2508.94,Pending
B101803,A101803,2025-09-01,4250.29,21823.53,19333.5,16175.26,3158.24,Paid
B101804,A101804,2025-10-23,5442.77,10102.25,24395.49,0.0,24395.49,Paid
B101805,A101805,2024-07-27,971.46,10336.72,16552.42,14577.47,1974.95,Paid
B101806,A101806,2025-02-06,4023.86,1383.44,6521.85,3875.1,2646.75,Paid
B101807,A101807,2025-10-11,4440.23,12854.91,26582.99,21931.57,4651.41,Paid
B101808,A101808,2025-04-22,4756.99,10321.04,17518.96,13695.49,3823.47,Paid
B101809,A101809,2025-10-08,1302.46,2321.16,3534.23,1972.86,1561.37,Pending
B101810,A101810,2024-06-29,11596.78,6156.97,17820.34,15444.33,2376.01,Paid
B101811,A101811,2025-12-05,4740.67,11604.61,35416.22,25616.85,9799.37,Pending
B101812,A101812,2024-01-23,2350.36,8032.69,13153.28,10790.32,2362.95,Paid
B101813,A101813,2025-04-14,339.8,22591.03,18350.37,13632.57,4717.79,Paid
B101814,A101814,2025-09-02,1038.65,4012.07,4285.68,2849.3,1436.39,Paid
B101815,A101815,2025-06-30,2378.15,2093.24,5692.83,4103.0,1589.84,Paid
B101816,A101816,2025-02-08,3853.35,4318.77,7911.41,6651.84,1259.57,Paid
B101817,A101817,2025-01-31,1634.93,7935.65,13378.4,8333.86,5044.54,Paid
B101818,A101818,2024-10-30,4319.15,12683.2,14663.95,10897.36,3766.59,Paid
B101819,A101819,2024-12-24,56844.42,13199.84,86927.76,66850.82,20076.94,Paid
B101820,A101820,2024-07-11,2084.99,12676.34,25776.26,19463.13,6313.13,Pending
B101821,A101821,2025-01-01,41876.23,88809.0,114546.32,78820.02,35726.3,Pending
B101822,A101822,2025-09-15,60625.98,2486.78,63312.13,38472.57,24839.56,Partially Paid
B101823,A101823,2025-02-14,66525.97,5810.05,71664.84,45975.44,25689.4,Paid
B101824,A101824,2024-03-12,7929.99,2132.38,10490.78,7448.8,3041.97,Paid
B101825,A101825,2024-11-27,8048.43,18226.17,22325.38,13892.83,8432.55,Pending
B101826,A101826,2024-08-02,3736.71,8863.61,13464.23,10842.04,2622.19,Paid
B101827,A101827,2024-11-10,7589.67,15238.16,21207.49,13729.13,7478.36,Paid
B101828,A101828,2024-04-19,2455.35,8857.64,9686.79,5997.68,3689.11,Partially Paid
B101829,A101829,2024-06-27,1149.1,2583.48,9530.81,0.0,9530.81,Paid
B101830,A101830,2025-03-06,2185.98,7438.35,7879.1,0.0,7879.1,Partially Paid
B101831,A101831,2025-06-17,39672.62,12863.14,43486.84,34651.3,8835.55,Paid
B101832,A101832,2025-02-28,4753.85,31387.64,28759.09,0.0,28759.09,Partially Paid
B101833,A101833,2024-09-12,2142.53,23669.92,28793.96,0.0,28793.96,Partially Paid
B101834,A101834,2024-07-29,4112.74,8385.5,9538.02,0.0,9538.02,Pending
B101835,A101835,2024-08-10,3345.77,24493.34,30878.02,0.0,30878.02,Partially Paid
B101836,A101836,2025-12-18,1650.78,21730.32,20016.32,13362.47,6653.85,Paid
B101837,A101837,2025-03-17,3017.37,10143.73,20577.34,12423.2,8154.15,Paid
B101838,A101838,2025-09-10,28967.53,3215.13,32925.84,0.0,32925.84,Partially Paid
B101839,A101839,2024-11-12,17650.43,23870.75,26471.57,18943.6,7527.97,Paid
B101840,A101840,2025-01-18,7701.72,1766.28,10274.6,7978.25,2296.35,Paid
B101841,A101841,2024-09-30,1369.38,5144.53,8498.53,5100.75,3397.78,Pending
B101842,A101842,2024-05-01,4663.44,2575.92,8619.02,6336.32,2282.69,Paid
B101843,A101843,2025-02-15,1630.16,8160.61,11518.43,8194.62,3323.81,Pending
B101844,A101844,2024-09-06,4974.09,10128.87,12788.61,0.0,12788.61,Paid
B101845,A101845,2024-03-16,4113.28,34060.37,18689.13,15999.87,2689.26,Pending
B101846,A101846,2024-08-21,5275.26,10525.45,23602.24,0.0,23602.24,Paid
B101847,A101847,2024-05-30,5738.08,48017.99,36671.98,0.0,36671.98,Paid
B101848,A101848,2024-07-19,335.4,17976.76,13108.75,0.0,13108.75,Pending
B101849,A101849,2025-12-09,1533.01,13407.16,14136.97,0.0,14136.97,Paid
B101850,A101850,2025-10-24,46298.26,19982.09,52545.98,29262.53,23283.46,Paid
B101851,A101851,2025-10-22,7710.06,15297.7,18334.03,16193.33,2140.7,Paid
B101852,A101852,2025-05-08,1447.33,10897.32,15459.54,0.0,15459.54,Paid
B101853,A101853,2025-08-11,2195.63,19051.04,17089.28,12621.57,4467.7,Paid
B101854,A101854,2024-12-25,1905.49,15114.26,24168.67,16650.9,7517.77,Pending
B101855,A101855,2025-12-05,5940.56,3089.03,7161.63,0.0,7161.63,Paid
B101856,A101856,2025-07-15,14275.49,16353.9,26162.05,14554.77,11607.28,Paid
B101857,A101857,2024-06-07,1438.33,7489.02,8995.85,0.0,8995.85,Paid
B101858,A101858,2025-04-21,11056.07,3001.16,13375.65,9937.81,3437.85,Paid
B101859,A101859,2024-01-20,2719.06,13076.59,15120.73,0.0,15120.73,Paid
B101860,A101860,2024-03-23,42018.24,15216.44,52677.94,38660.24,14017.7,Paid
B101861,A101861,2024-02-22,9961.61,4157.0,11438.4,9114.09,2324.31,Paid
B101862,A101862,2025-06-01,5253.49,17295.44,13380.72,0.0,13380.72,Partially Paid
B101863,A101863,2025-05-23,12720.14,13092.28,32321.05,27722.53,4598.52,Paid
B101864,A101864,2024-03-02,3675.94,2874.46,5999.79,4322.88,1676.9,Paid
B101865,A101865,2024-05-17,5791.74,10626.86,23860.94,14597.35,9263.59,Paid
B101866,A101866,2025-01-18,114118.34,4455.34,116604.65,73780.01,42824.64,Paid
B101867,A101867,2025-07-24,5750.41,25920.42,26210.39,17706.53,8503.86,Paid
B101868,A101868,2025-11-25,3290.57,9975.82,14063.81,8668.92,5394.89,Partially Paid
B101869,A101869,2025-06-30,1017.22,12820.84,13498.1,11165.66,2332.44,Pending
B101870,A101870,2025-02-23,3127.65,27286.29,15877.45,10786.53,5090.92,Paid
B101871,A101871,2024-06-10,10759.95,17752.51,19648.79,0.0,19648.79,Partially Paid
B101872,A101872,2025-10-01,5280.51,13796.42,34173.37,0.0,34173.37,Paid
B101873,A101873,2024-02-22,1659.74,8425.51,5475.2,0.0,5475.2,Paid
B101874,A101874,2024-04-05,1626.01,4417.47,5079.75,3016.43,2063.32,Pending
B101875,A101875,2025-11-23,2186.53,9534.15,8705.54,7026.95,1678.6,Paid
B101876,A101876,2025-06-10,5092.55,10235.48,13916.43,10533.12,3383.31,Paid
B101877,A101877,2025-06-17,11231.58,17682.49,33954.17,0.0,33954.17,Paid
B101878,A101878,2024-12-23,1145.34,10626.14,13182.88,7535.93,5646.95,Pending
B101879,A101879,2024-02-18,5153.56,13561.88,20572.92,15188.87,5384.05,Paid
B101880,A101880,2024-07-27,5749.32,5081.03,21531.47,0.0,21531.47,Paid
B101881,A101881,2026-01-07,8960.73,15595.77,39116.01,24711.25,14404.76,Partially Paid
B101882,A101882,2025-03-09,4146.48,6808.84,11430.43,7852.7,3577.73,Paid
B101883,A101883,2024-09-24,1741.12,42775.77,24767.98,0.0,24767.98,Paid
B101884,A101884,2024-09-09,14851.45,8893.93,33012.54,0.0,33012.54,Paid
B101885,A101885,2025-06-24,3413.56,33913.53,15211.22,12937.82,2273.4,Paid
B101886,A101886,2024-02-14,2189.16,5876.81,19892.77,14745.13,5147.64,Paid
B101887,A101887,2025-04-10,1501.79,13348.06,27113.39,20707.5,6405.9,Paid
B101888,A101888,2024-10-04,3401.97,1283.04,5542.75,4177.32,1365.42,Partially Paid
B101889,A101889,2024-07-20,5069.1,31309.35,31742.16,18971.94,12770.22,Paid
B101890,A101890,2024-03-15,17289.25,15752.62,34120.77,19357.45,14763.33,Pending
B101891,A101891,2024-09-30,2128.2,13755.68,8939.08,7163.44,1775.64,Paid
B101892,A101892,2024-12-02,1769.3,8911.97,8529.94,6500.44,2029.49,Paid
B101893,A101893,2025-08-13,3029.28,7517.77,13064.42,8779.13,4285.29,Paid
B101894,A101894,2024-11-05,10195.57,7929.88,16346.77,12354.45,3992.32,Paid
B101895,A101895,2025-03-04,5211.55,6918.66,8815.94,6532.67,2283.27,Paid
B101896,A101896,2024-07-19,9556.44,3450.99,15324.88,12376.1,2948.79,Paid
B101897,A101897,2024-03-17,3049.43,3829.15,5894.96,4437.78,1457.18,Paid
B101898,A101898,2025-10-25,117942.56,22593.71,131053.85,102311.44,28742.41,Paid
B101899,A101899,2025-06-11,4898.85,6549.83,9035.51,0.0,9035.51,Paid
B101900,A101900,2025-10-04,3792.31,5539.03,11394.87,0.0,11394.87,Pending
B101901,A101901,2024-08-20,4970.52,3939.47,13275.82,11281.34,1994.48,Pending
B101902,A101902,2024-03-29,26017.08,4879.72,39778.05,27469.79,12308.25,Paid
B101903,A101903,2024-06-14,9801.51,8263.74,26127.95,16261.76,9866.18,Paid
B101904,A101904,2025-02-03,5155.36,6623.41,11285.01,10024.57,1260.43,Partially Paid
B101905,A101905,2025-01-09,1429.66,16089.06,13867.71,10796.59,3071.12,Pending
B101906,A101906,2025-07-20,9514.52,10892.64,25135.05,21924.61,3210.44,Paid
B101907,A101907,2024-08-09,3968.22,30147.44,33918.3,21568.78,12349.52,Paid
B101908,A101908,2024-01-02,2106.11,3369.82,3532.12,2745.34,786.78,Partially Paid
B101909,A101909,2025-01-19,6456.85,26088.32,20001.05,0.0,20001.05,Paid
B101910,A101910,2025-02-18,4001.08,6795.72,8807.58,4975.87,3831.71,Partially Paid
B101911,A101911,2025-10-02,5144.83,11788.77,14461.32,10355.19,4106.13,Paid
B101912,A101912,2024-07-22,6084.97,10904.87,23050.7,15457.12,7593.58,Paid
B101913,A101913,2024-07-04,38873.49,11008.99,48809.27,28342.47,20466.8,Paid
B101914,A101914,2025-02-18,4686.33,12059.08,25141.85,20425.04,4716.8,Partially Paid
B101915,A101915,2025-02-08,5580.9,27746.94,23921.57,17754.84,6166.73,Pending
B101916,A101916,2024-08-07,34262.87,14057.75,50842.35,28557.13,22285.22,Paid
B101917,A101917,2024-12-18,2368.09,6873.35,15568.93,9887.66,5681.27,Paid
B101918,A101918,2025-08-03,21637.5,2327.19,25469.54,22634.05,2835.49,Paid
B101919,A101919,2025-08-26,2146.26,13550.46,33219.65,26640.5,6579.16,Paid
B101920,A101920,2025-10-23,1882.52,19853.94,19369.29,16917.28,2452.02,Paid
B101921,A101921,2024-02-14,1707.68,11177.45,13964.83,10406.87,3557.96,Paid
B101922,A101922,2024-01-10,4132.73,27594.85,29319.86,24629.33,4690.53,Paid
B101923,A101923,2024-04-06,2633.98,7657.58,12850.61,0.0,12850.61,Partially Paid
B101924,A101924,2024-03-05,106093.84,19468.28,122517.2,88237.52,34279.68,Partially Paid
B101925,A101925,2025-02-14,5886.49,9538.1,10967.21,6794.28,4172.93,Paid
B101926,A101926,2024-01-22,6528.76,13864.5,18974.85,15671.17,3303.69,Paid
B101927,A101927,2025-05-09,1039.4,1771.63,5293.93,3858.61,1435.32,Paid
B101928,A101928,2025-06-05,825.46,26885.11,60383.07,0.0,60383.07,Pending
B101929,A101929,2025-08-16,1915.17,32285.14,34232.08,24119.51,10112.57,Paid
B101930,A101930,2024-12-04,1951.11,16628.71,24658.59,17632.46,7026.13,Paid
B101931,A101931,2024-06-20,1723.18,6076.0,10366.14,5832.35,4533.79,Paid
B101932,A101932,2025-11-05,4305.32,3716.55,8133.26,6569.29,1563.96,Paid
B101933,A101933,2025-11-16,6621.07,17836.9,18401.59,0.0,18401.59,Partially Paid
B101934,A101934,2024-08-01,2467.12,21955.17,34603.17,25777.2,8825.97,Partially Paid
B101935,A101935,2025-06-16,879.97,21270.15,21557.28,16726.51,4830.77,Paid
B101936,A101936,2025-05-22,107757.55,12262.14,119348.72,67471.66,51877.05,Pending
B101937,A101937,2024-12-16,2004.04,19173.85,12480.02,8283.4,4196.62,Paid
B101938,A101938,2024-11-05,1509.81,12684.69,19545.04,0.0,19545.04,Paid
B101939,A101939,2024-04-26,3271.45,3868.72,7600.35,4562.39,3037.96,Paid
B101940,A101940,2025-10-29,28616.21,10302.78,37029.46,26770.31,10259.15,Paid
B101941,A101941,2024-03-29,2276.75,4808.31,10435.07,0.0,10435.07,Partially Paid
B101942,A101942,2024-04-10,4888.75,10310.41,25774.2,22838.76,2935.43,Pending
B101943,A101943,2025-03-11,6389.67,35503.49,21674.99,13677.7,7997.29,Pending
B101944,A101944,2025-12-06,2456.05,18427.96,24670.33,0.0,24670.33,Pending
B101945,A101945,2025-03-31,1455.5,17697.59,18804.63,0.0,18804.63,Partially Paid
B101946,A101946,2025-09-20,11188.11,10954.08,22010.62,16723.59,5287.03,Paid
B101947,A101947,2025-06-30,40215.61,25569.19,60882.57,40476.16,20406.41,Paid
B101948,A101948,2025-12-23,5787.75,13536.41,33176.33,23822.64,9353.69,Partially Paid
B101949,A101949,2024-01-07,9531.55,8336.71,21812.47,19036.65,2775.82,Partially Paid
B101950,A101950,2024-03-22,3459.73,12804.79,11313.33,6450.82,4862.52,Paid
B101951,A101951,2024-11-29,109324.23,20604.09,137912.6,76565.87,61346.73,Paid
B101952,A101952,2024-04-15,110961.52,27177.65,140493.5,126317.89,14175.6,Pending
B101953,A101953,2025-09-28,4444.92,13789.47,37751.39,0.0,37751.39,Paid
B101954,A101954,2024-04-29,78496.18,31052.65,114703.46,76428.34,38275.11,Pending
B101955,A101955,2025-11-13,11346.8,14468.99,21362.73,13364.6,7998.13,Paid
B101956,A101956,2025-04-09,24058.18,28662.25,58928.79,0.0,58928.79,Paid
B101957,A101957,2025-05-07,2113.99,18008.27,22412.61,17239.19,5173.42,Partially Paid
B101958,A101958,2025-01-06,1631.26,3341.77,5817.32,3733.31,2084.02,Paid
B101959,A101959,2024-12-07,2940.08,22380.99,13619.45,0.0,13619.45,Paid
B101960,A101960,2025-08-25,3318.52,17486.97,21093.11,17749.23,3343.88,Paid
B101961,A101961,2024-01-25,6727.84,4545.69,12997.93,0.0,12997.93,Paid
B101962,A101962,2026-01-05,5169.69,33926.73,29519.92,24128.6,5391.32,Partially Paid
B101963,A101963,2024-11-01,1635.78,3872.74,3535.81,2508.66,1027.14,Paid
B101964,A101964,2024-10-10,1549.77,32539.55,41653.62,27430.9,14222.72,Partially Paid
B101965,A101965,2025-05-06,3614.23,4354.89,8658.6,0.0,8658.6,Paid
B101966,A101966,2025-03-24,7207.2,12396.06,12396.91,9394.64,3002.26,Pending
B101967,A101967,2024-10-08,1748.85,9922.35,16418.75,13182.78,3235.97,Paid
B101968,A101968,2025-10-18,6512.79,7725.34,16481.42,0.0,16481.42,Partially Paid
B101969,A101969,2025-01-13,2242.47,5427.89,5120.93,4062.32,1058.61,Pending
B101970,A101970,2024-09-08,4988.47,50613.99,85572.25,62663.84,22908.41,Partially Paid
B101971,A101971,2025-08-20,4377.63,11546.86,22304.13,13527.48,8776.64,Pending
B101972,A101972,2025-03-08,4980.99,16701.93,28117.71,16214.23,11903.48,Paid
B101973,A101973,2024-02-26,1188.28,3213.19,10180.74,7597.92,2582.82,Partially Paid
B101974,A101974,2025-03-20,65137.65,12365.48,82557.11,58798.9,23758.21,Paid
B101975,A101975,2024-02-15,2248.5,31024.27,33085.11,22605.22,10479.89,Paid
B101976,A101976,2024-11-27,5796.78,4654.21,14282.33,10705.1,3577.23,Paid
B101977,A101977,2025-03-31,19768.84,8965.72,22564.04,17945.99,4618.04,Pending
B101978,A101978,2025-01-26,1821.85,17686.39,13068.27,8246.66,4821.61,Paid
B101979,A101979,2025-03-17,2076.86,48298.8,27574.84,20428.07,7146.78,Paid
B101980,A101980,2025-04-24,8959.05,8079.57,23750.17,0.0,23750.17,Paid
B101981,A101981,2024-05-08,100854.31,6060.69,110437.44,0.0,110437.44,Paid
B101982,A101982,2025-06-12,5419.77,14925.86,12890.52,9597.41,3293.11,Partially Paid
B101983,A101983,2025-05-08,6607.27,45035.56,49175.12,39097.26,10077.86,Pending
B101984,A101984,2024-11-13,1656.34,4073.79,3533.51,2976.75,556.76,Pending
B101985,A101985,2024-05-03,7794.02,4988.13,12008.1,7976.58,4031.52,Paid
B101986,A101986,2025-07-02,2122.7,5119.91,5038.45,4345.55,692.9,Paid
B101987,A101987,2025-08-04,3762.23,1226.2,7536.21,4347.03,3189.19,Pending
B101988,A101988,2024-11-11,32973.93,12023.72,39004.97,0.0,39004.97,Paid
B101989,A101989,2025-05-03,965.81,4892.36,8400.36,5520.71,2879.65,Pending
B101990,A101990,2025-10-17,1073.27,22282.28,7475.86,0.0,7475.86,Partially Paid
B101991,A101991,2024-01-15,2893.5,7034.77,12876.38,7116.68,5759.7,Paid
B101992,A101992,2024-05-08,2454.79,4836.13,8845.17,7435.89,1409.28,Pending
B101993,A101993,2025-11-01,4680.18,23009.51,35789.34,30116.79,5672.55,Partially Paid
B101994,A101994,2024-03-19,2657.57,5979.24,7102.01,5107.88,1994.13,Paid
B101995,A101995,2025-08-05,4186.76,11510.7,15512.51,13578.17,1934.35,Pending
B101996,A101996,2025-12-21,2141.41,3829.43,13593.32,0.0,13593.32,Paid
B101997,A101997,2024-08-28,5872.07,6228.02,25928.08,22472.57,3455.51,Pending
B101998,A101998,2025-07-30,16661.64,12549.62,24172.51,13299.85,10872.66,Partially Paid
B101999,A101999,2024-09-17,4323.43,12564.38,32352.46,0.0,32352.46,Paid
B102000,A102000,2025-02-13,12932.36,11208.3,20923.84,11939.11,8984.73,Paid
B102001,A102001,2024-09-07,6356.3,33313.09,38002.51,23439.28,14563.24,Paid
B102002,A102002,2025-04-12,76715.52,13773.73,104434.94,73469.91,30965.04,Paid
B102003,A102003,2024-10-05,5163.18,4808.28,9035.68,7126.52,1909.16,Paid
B102004,A102004,2025-04-16,33873.96,10763.83,39909.1,26283.69,13625.4,Partially Paid
B102005,A102005,2024-08-13,4226.84,18131.24,14635.13,0.0,14635.13,Paid
B102006,A102006,2024-08-26,9108.08,25303.47,34162.21,0.0,34162.21,Paid
B102007,A102007,2024-04-13,1634.73,6371.8,14687.81,8358.84,6328.97,Paid
B102008,A102008,2025-09-27,5865.41,7461.83,10804.83,9139.81,1665.02,Pending
B102009,A102009,2026-01-07,545.24,12595.94,11195.95,6261.21,4934.74,Pending
B102010,A102010,2025-05-23,41140.74,2664.98,45714.41,0.0,45714.41,Paid
B102011,A102011,2025-08-15,6870.45,23248.22,15034.0,0.0,15034.0,Pending
B102012,A102012,2024-11-27,10570.19,1336.97,15009.21,10043.95,4965.26,Paid
B102013,A102013,2024-08-25,80138.68,2102.98,83533.38,0.0,83533.38,Pending
B102014,A102014,2024-12-08,4882.44,12445.72,16445.36,10110.3,6335.06,Paid
B102015,A102015,2025-05-26,983.95,7608.57,10412.67,8084.36,2328.31,Paid
B102016,A102016,2024-06-15,35087.64,8333.06,39245.7,32936.67,6309.03,Paid
B102017,A102017,2025-11-06,8841.9,29567.28,35046.3,0.0,35046.3,Partially Paid
B102018,A102018,2025-12-25,4861.53,4962.63,13214.28,8311.25,4903.03,Paid
B102019,A102019,2026-01-02,5025.42,19940.35,24563.08,16197.58,8365.5,Partially Paid
B102020,A102020,2024-08-08,23565.85,3806.66,33785.41,20938.47,12846.94,Paid
B102021,A102021,2025-01-17,7038.85,11190.76,27977.76,0.0,27977.76,Partially Paid
B102022,A102022,2024-01-19,4463.55,13143.13,23597.35,0.0,23597.35,Paid
B102023,A102023,2025-03-08,3514.62,2090.9,5233.93,3843.06,1390.87,Paid
B102024,A102024,2024-03-25,2457.83,6431.46,5638.31,0.0,5638.31,Pending
B102025,A102025,2025-03-16,6028.2,44012.26,44675.67,0.0,44675.67,Paid
B102026,A102026,2025-09-20,111292.32,6865.66,126513.96,0.0,126513.96,Paid
B102027,A102027,2025-04-26,4317.4,15959.37,9352.96,7000.49,2352.48,Paid
B102028,A102028,2025-12-09,1910.49,7464.82,7743.37,6641.39,1101.98,Paid
B102029,A102029,2025-01-23,2813.78,49110.17,36816.47,29424.49,7391.97,Paid
B102030,A102030,2025-10-24,1519.62,30773.8,38827.1,24351.1,14476.0,Pending
B102031,A102031,2025-09-28,60009.9,2365.57,61815.99,43167.51,18648.48,Paid
B102032,A102032,2024-05-25,7853.6,10008.44,22311.54,13954.95,8356.59,Paid
B102033,A102033,2025-12-28,3685.76,13113.3,31056.84,18919.9,12136.94,Paid
B102034,A102034,2025-09-22,945.81,13508.31,10899.48,0.0,10899.48,Paid
B102035,A102035,2025-12-22,5123.03,7189.47,18783.51,11332.71,7450.8,Paid
B102036,A102036,2025-04-03,52667.53,12184.68,65316.94,51852.54,13464.41,Paid
B102037,A102037,2025-05-17,5181.76,3170.05,8756.98,5893.56,2863.42,Paid
B102038,A102038,2025-02-13,3134.74,24211.05,18988.74,12162.71,6826.03,Paid
B102039,A102039,2024-10-18,3232.24,12946.26,12680.26,11114.39,1565.87,Paid
B102040,A102040,2024-12-25,19189.88,16612.71,30710.45,26388.33,4322.12,Paid
B102041,A102041,2024-12-11,30277.82,12462.45,38631.71,24306.75,14324.96,Paid
B102042,A102042,2024-06-04,12844.15,15873.38,23329.49,16194.06,7135.43,Paid
B102043,A102043,2024-08-04,1814.64,24842.94,10684.36,8513.96,2170.41,Pending
B102044,A102044,2024-04-26,682.63,8734.96,11798.17,9844.95,1953.23,Paid
B102045,A102045,2025-10-25,11532.46,33193.35,50497.46,35522.36,14975.1,Pending
B102046,A102046,2025-06-21,830.06,5076.59,8962.16,7796.24,1165.92,Paid
B102047,A102047,2024-02-25,1178.72,27928.36,26858.94,18693.47,8165.47,Paid
B102048,A102048,2024-12-01,24590.78,11711.49,33633.68,19757.7,13875.98,Paid
B102049,A102049,2025-01-01,25311.27,8044.55,30969.86,0.0,30969.86,Paid
B102050,A102050,2024-01-13,2302.7,5417.14,8052.33,7050.02,1002.3,Paid
B102051,A102051,2024-07-09,1159.68,12471.69,6657.27,5462.67,1194.6,Pending
B102052,A102052,2025-05-31,7683.86,35978.21,26961.9,0.0,26961.9,Paid
B102053,A102053,2025-08-09,6802.39,31046.9,22004.07,17085.49,4918.58,Paid
B102054,A102054,2025-03-25,19017.9,13256.41,29193.3,20164.18,9029.12,Paid
B102055,A102055,2024-03-31,24099.83,4387.93,26640.33,18146.22,8494.11,Paid
B102056,A102056,2025-09-25,4635.02,48027.79,31634.58,20788.71,10845.87,Paid
B102057,A102057,2025-11-09,1355.44,3723.47,14147.55,11172.99,2974.56,Paid
B102058,A102058,2025-03-28,1884.98,11379.14,18277.27,11952.13,6325.14,Paid
B102059,A102059,2025-12-25,1861.75,10470.31,23685.55,15862.11,7823.44,Paid
B102060,A102060,2024-02-03,1704.97,3284.32,6862.63,4973.66,1888.97,Paid
B102061,A102061,2024-11-28,3323.5,25235.89,19528.14,13788.53,5739.6,Partially Paid
B102062,A102062,2024-03-15,6064.53,2194.29,8751.65,4962.42,3789.23,Paid
B102063,A102063,2024-09-09,6457.99,6233.49,8973.63,6286.15,2687.48,Paid
B102064,A102064,2025-03-31,10466.27,16283.48,36633.89,26419.85,10214.04,Pending
B102065,A102065,2024-12-22,59778.45,8481.13,66904.5,0.0,66904.5,Paid
B102066,A102066,2025-06-20,2459.24,7900.13,14483.72,12373.12,2110.6,Paid
B102067,A102067,2024-10-25,9351.82,7972.43,15293.24,10273.76,5019.48,Paid
B102068,A102068,2024-10-28,57260.24,5926.84,62117.4,49395.0,12722.4,Pending
B102069,A102069,2024-11-24,2653.25,3277.78,4771.8,4155.98,615.82,Pending
B102070,A102070,2024-11-04,5070.45,28869.1,31540.49,0.0,31540.49,Paid
B102071,A102071,2025-05-27,6230.37,2208.65,10635.46,9344.84,1290.61,Paid
B102072,A102072,2024-12-11,4041.72,30543.88,33703.17,28441.03,5262.14,Pending
B102073,A102073,2025-08-13,1062.37,9874.12,16808.06,12515.36,4292.7,Paid
B102074,A102074,2025-01-12,6885.19,10963.74,22872.91,18238.75,4634.17,Paid
B102075,A102075,2025-07-14,3892.72,16925.21,39785.35,22840.29,16945.06,Paid
B102076,A102076,2024-04-05,7582.3,6811.26,12015.23,7393.02,4622.21,Paid
B102077,A102077,2024-05-14,1028.82,10421.66,8685.41,7786.68,898.73,Paid
B102078,A102078,2025-09-04,4733.93,5091.49,9983.28,0.0,9983.28,Paid
B102079,A102079,2024-02-25,2830.97,6909.02,10228.0,5732.78,4495.22,Paid
B102080,A102080,2025-05-30,19637.37,75239.46,86125.85,0.0,86125.85,Paid
B102081,A102081,2024-08-18,52150.62,5982.05,60304.65,0.0,60304.65,Paid
B102082,A102082,2025-10-09,4008.7,24004.65,36470.28,22596.26,13874.02,Pending
B102083,A102083,2024-08-05,2717.15,22826.79,11962.24,7008.01,4954.23,Paid
B102084,A102084,2025-05-19,7098.82,3249.86,8395.74,5046.78,3348.95,Paid
B102085,A102085,2025-05-21,478.65,20304.47,32134.58,22878.51,9256.07,Paid
B102086,A102086,2025-11-15,2229.27,21797.71,25655.68,0.0,25655.68,Paid
B102087,A102087,2024-08-30,76994.08,20501.51,91299.97,58242.78,33057.19,Paid
B102088,A102088,2024-03-15,1174.87,9649.87,7396.3,6537.22,859.07,Paid
B102089,A102089,2025-12-19,2340.04,4179.41,8930.08,7442.99,1487.09,Paid
B102090,A102090,2024-07-11,2054.72,7934.5,11480.05,8203.49,3276.56,Paid
B102091,A102091,2025-10-29,85666.14,7002.99,102084.88,62089.24,39995.64,Paid
B102092,A102092,2024-01-11,4683.69,8707.21,8742.02,7535.12,1206.89,Paid
B102093,A102093,2024-12-03,57716.14,7608.22,83386.63,50370.79,33015.84,Paid
B102094,A102094,2025-09-10,5420.8,20337.06,36157.68,28538.41,7619.27,Pending
B102095,A102095,2024-01-18,6699.05,3304.61,15265.8,11737.24,3528.56,Paid
B102096,A102096,2025-10-31,3399.36,16341.59,11329.73,9726.63,1603.1,Paid
B102097,A102097,2025-11-11,3764.47,29969.91,52223.6,34536.59,17687.0,Paid
B102098,A102098,2024-04-05,2748.7,11258.69,10192.1,6489.27,3702.83,Paid
B102099,A102099,2024-09-21,23202.14,6056.0,33714.18,23550.59,10163.59,Paid
B102100,A102100,2025-07-03,4315.75,4471.51,6138.85,5271.87,866.98,Pending
B102101,A102101,2024-06-12,962.87,8105.93,8734.04,5219.83,3514.21,Paid
B102102,A102102,2024-12-19,1196.64,10391.32,13653.25,0.0,13653.25,Paid
B102103,A102103,2024-06-23,12380.45,4194.59,15090.53,11793.7,3296.83,Paid
B102104,A102104,2024-11-13,816.2,2169.25,5086.8,0.0,5086.8,Paid
B102105,A102105,2024-01-23,5575.86,12585.47,17468.89,13305.91,4162.98,Paid
B102106,A102106,2025-05-03,7518.75,10079.94,17007.71,12511.35,4496.36,Paid
B102107,A102107,2025-01-02,972.23,1726.33,3630.49,2796.42,834.06,Pending
B102108,A102108,2024-12-24,3710.32,28122.38,16726.6,0.0,16726.6,Paid
B102109,A102109,2025-06-16,11664.9,19441.03,25575.52,21206.78,4368.74,Paid
B102110,A102110,2025-03-12,3334.16,6367.53,8110.6,6840.48,1270.12,Paid
B102111,A102111,2024-10-04,2066.57,18063.06,16856.51,12565.71,4290.8,Paid
B102112,A102112,2024-03-11,1099.81,9753.06,8893.93,5182.29,3711.64,Paid
B102113,A102113,2024-02-01,3639.67,8259.75,7909.87,5739.2,2170.67,Paid
B102114,A102114,2024-11-21,1634.93,20352.21,22132.88,0.0,22132.88,Paid
B102115,A102115,2024-06-14,535.52,8145.76,8603.9,4800.09,3803.81,Paid
B102116,A102116,2024-11-23,1052.37,28968.84,30897.06,21651.66,9245.39,Paid
B102117,A102117,2024-01-21,38639.13,18596.86,62675.17,55746.32,6928.85,Paid
B102118,A102118,2024-10-08,5456.02,13485.31,12665.94,7722.33,4943.6,Paid
B102119,A102119,2025-03-08,552.0,1661.38,2514.95,0.0,2514.95,Paid
B102120,A102120,2025-10-30,21599.25,2632.74,24882.44,13772.47,11109.97,Paid
B102121,A102121,2025-09-27,2205.72,7028.04,6446.12,3752.64,2693.48,Paid
B102122,A102122,2024-09-29,58654.18,12490.14,95400.15,80461.87,14938.28,Paid
B102123,A102123,2025-11-16,32873.26,16594.42,44034.85,0.0,44034.85,Paid
B102124,A102124,2025-06-06,5331.02,2354.26,9535.11,8476.63,1058.48,Paid
B102125,A102125,2024-06-25,789.79,9341.33,21593.83,12343.58,9250.25,Paid
B102126,A102126,2024-12-25,5178.76,4436.63,10504.35,7008.93,3495.42,Pending
B102127,A102127,2024-01-15,2410.82,3705.51,11108.79,8376.56,2732.23,Paid
B102128,A102128,2025-12-27,6293.58,2423.3,13054.57,10314.3,2740.27,Paid
B102129,A102129,2025-11-10,4942.88,9561.5,27320.2,19868.11,7452.09,Partially Paid
B102130,A102130,2024-08-20,8474.97,1782.4,9983.01,8436.06,1546.95,Pending
B102131,A102131,2025-04-24,2252.19,13614.89,20020.72,15656.76,4363.96,Pending
B102132,A102132,2025-04-16,5737.29,1203.23,7239.61,6357.0,882.61,Paid
B102133,A102133,2024-06-13,1293.98,17503.59,11740.63,9666.79,2073.84,Partially Paid
B102134,A102134,2025-10-03,7099.93,5009.73,12386.14,0.0,12386.14,Paid
B102135,A102135,2025-07-14,1958.01,2873.22,3346.42,2703.71,642.71,Paid
B102136,A102136,2024-09-21,6744.86,9624.61,24729.07,15674.53,9054.55,Paid
B102137,A102137,2025-07-31,76062.64,13841.0,87325.82,63873.68,23452.14,Paid
B102138,A102138,2025-09-28,94888.16,10259.6,98944.59,66434.32,32510.26,Partially Paid
B102139,A102139,2025-08-31,1163.04,12911.89,12450.19,8869.87,3580.31,Pending
B102140,A102140,2024-12-27,3905.17,5158.42,9845.82,7088.9,2756.92,Paid
B102141,A102141,2024-09-17,4985.25,25591.55,12951.2,11433.84,1517.37,Paid
B102142,A102142,2025-08-29,15665.47,6702.12,24086.3,0.0,24086.3,Pending
B102143,A102143,2025-06-06,2919.99,23366.74,13365.93,10921.17,2444.76,Paid
B102144,A102144,2024-10-11,1307.58,14693.79,10057.5,8711.57,1345.93,Paid
B102145,A102145,2024-04-28,464.33,2544.58,5802.48,0.0,5802.48,Paid
B102146,A102146,2025-09-08,8232.45,17749.32,39173.42,31681.89,7491.53,Paid
B102147,A102147,2024-06-17,12226.48,18588.57,36260.87,0.0,36260.87,Paid
B102148,A102148,2024-11-07,42368.87,58380.85,83982.66,60529.75,23452.91,Paid
B102149,A102149,2024-10-24,57517.64,1490.37,61983.38,40680.26,21303.12,Paid
B102150,A102150,2025-08-21,2217.55,18298.39,19824.37,11257.37,8567.0,Pending
B102151,A102151,2024-12-27,4610.35,12442.42,14296.03,12709.5,1586.53,Paid
B102152,A102152,2025-10-27,4477.88,24351.63,27378.39,19781.52,7596.88,Paid
B102153,A102153,2025-06-15,1350.85,18874.09,40418.26,0.0,40418.26,Paid
B102154,A102154,2025-01-17,1401.37,12918.65,8064.35,6321.08,1743.27,Pending
B102155,A102155,2025-12-03,2048.57,18215.42,21838.53,0.0,21838.53,Paid
B102156,A102156,2025-03-04,4110.15,5052.8,14940.17,13030.06,1910.11,Paid
B102157,A102157,2025-06-23,9995.98,5462.0,23287.33,16774.92,6512.4,Paid
B102158,A102158,2025-07-09,2214.37,9190.25,6782.36,5651.13,1131.23,Pending
B102159,A102159,2024-06-18,10569.88,3131.59,12833.31,10902.2,1931.11,Paid
B102160,A102160,2025-06-01,1589.5,4913.59,12338.61,7707.71,4630.9,Paid
B102161,A102161,2024-12-31,1842.85,5544.27,8505.61,5928.3,2577.3,Paid
B102162,A102162,2025-11-17,1132.71,6724.81,12746.45,9705.13,3041.32,Partially Paid
B102163,A102163,2025-03-09,9904.03,5753.37,17199.84,0.0,17199.84,Pending
B102164,A102164,2025-07-29,1898.8,26719.43,15169.79,13625.21,1544.58,Paid
B102165,A102165,2024-03-27,4862.13,6333.62,22445.51,15273.32,7172.19,Paid
B102166,A102166,2024-11-29,3363.1,6385.44,9563.28,8162.51,1400.77,Paid
B102167,A102167,2025-11-23,1579.74,6298.61,8803.67,5441.4,3362.27,Partially Paid
B102168,A102168,2024-05-20,56005.63,16725.15,65657.22,56982.78,8674.44,Paid
B102169,A102169,2025-08-21,4020.78,2936.77,5629.21,3122.45,2506.76,Paid
B102170,A102170,2025-04-15,19982.69,18948.73,76246.85,61416.43,14830.41,Paid
B102171,A102171,2024-12-22,755.07,12401.18,9643.44,6879.73,2763.71,Paid
B102172,A102172,2024-12-11,3232.0,5834.31,12197.3,6743.63,5453.67,Paid
B102173,A102173,2024-04-06,8011.13,13155.44,18851.28,0.0,18851.28,Pending
B102174,A102174,2025-01-17,2371.77,3502.33,4782.24,3743.75,1038.48,Paid
B102175,A102175,2024-10-23,1262.06,8966.57,6479.89,5210.74,1269.15,Paid
B102176,A102176,2024-07-19,24042.48,11812.95,30028.61,22947.53,7081.08,Pending
B102177,A102177,2024-03-24,3515.71,21887.77,23008.28,20041.4,2966.88,Paid
B102178,A102178,2025-11-10,1654.72,8329.19,4103.41,3430.17,673.24,Paid
B102179,A102179,2025-07-10,975.45,26082.49,12904.99,0.0,12904.99,Partially Paid
B102180,A102180,2024-08-09,2424.29,28227.43,35002.88,0.0,35002.88,Pending
B102181,A102181,2025-10-09,4853.08,8386.18,26922.76,0.0,26922.76,Paid
B102182,A102182,2025-11-02,805.51,12594.33,8753.49,4960.9,3792.59,Paid
B102183,A102183,2024-06-09,2147.98,5754.88,10008.77,8236.6,1772.17,Paid
B102184,A102184,2025-07-11,15173.5,2844.36,19064.83,0.0,19064.83,Paid
B102185,A102185,2024-07-25,1467.0,18047.18,23960.45,0.0,23960.45,Partially Paid
B102186,A102186,2024-01-27,4356.96,9464.33,24249.17,19324.08,4925.08,Pending
B102187,A102187,2024-12-08,7061.45,7556.72,24348.73,19498.59,4850.14,Paid
B102188,A102188,2024-08-31,44100.24,6146.32,46850.04,39967.71,6882.33,Paid
B102189,A102189,2024-08-27,2288.57,7525.11,7058.66,5888.97,1169.7,Paid
B102190,A102190,2024-06-04,4680.48,10746.22,29277.46,23195.1,6082.36,Pending
B102191,A102191,2025-08-05,9216.66,14557.11,16587.18,10311.02,6276.16,Pending
B102192,A102192,2024-01-21,4770.74,25286.34,46110.15,38819.06,7291.09,Paid
B102193,A102193,2024-09-09,4935.24,51354.96,70079.99,41234.43,28845.55,Paid
B102194,A102194,2025-08-08,11833.89,10025.59,24103.45,15213.94,8889.5,Paid
B102195,A102195,2024-03-20,1803.24,9697.05,12180.12,8123.19,4056.93,Paid
B102196,A102196,2025-05-05,4917.12,8025.22,7567.6,5659.04,1908.56,Paid
B102197,A102197,2024-03-30,3069.47,8165.45,6947.08,6116.18,830.9,Paid
B102198,A102198,2024-08-29,2055.85,80673.34,75005.03,56325.99,18679.04,Paid
B102199,A102199,2025-02-19,2508.39,10530.75,12563.04,9784.56,2778.48,Paid
B102200,A102200,2025-08-12,1336.77,21923.02,23680.48,17891.87,5788.61,Paid
B102201,A102201,2024-08-01,55731.01,28899.12,70709.36,40994.99,29714.37,Paid
B102202,A102202,2025-07-31,4373.31,16205.88,14573.77,9551.87,5021.89,Paid
B102203,A102203,2024-10-07,3353.26,8195.98,14418.54,12600.1,1818.44,Paid
B102204,A102204,2024-08-10,3533.67,6198.34,6616.59,4187.9,2428.69,Paid
B102205,A102205,2024-06-07,9297.01,8918.74,13885.62,9645.78,4239.85,Paid
B102206,A102206,2024-07-03,7061.01,11881.24,19258.82,14514.74,4744.09,Paid
B102207,A102207,2026-01-06,1464.23,35732.69,37741.31,0.0,37741.31,Paid
B102208,A102208,2024-05-18,1444.83,24284.57,16462.91,12310.28,4152.63,Paid
B102209,A102209,2024-09-01,67803.29,4000.46,70677.49,49862.0,20815.49,Paid
B102210,A102210,2024-06-23,5830.16,13238.75,9869.64,7842.29,2027.35,Paid
B102211,A102211,2025-05-22,2961.9,13018.34,23476.79,17925.37,5551.41,Paid
B102212,A102212,2025-04-28,7729.66,6730.05,22593.57,0.0,22593.57,Partially Paid
B102213,A102213,2024-09-28,1748.38,4441.48,9584.56,7248.14,2336.42,Paid
B102214,A102214,2025-02-27,3369.7,10851.24,7155.26,4954.14,2201.12,Pending
B102215,A102215,2024-06-23,2773.5,52362.31,45608.19,33264.49,12343.7,Paid
B102216,A102216,2024-02-05,59339.24,23950.93,98824.78,69881.54,28943.24,Paid
B102217,A102217,2025-05-16,1193.77,13810.53,8795.55,0.0,8795.55,Paid
B102218,A102218,2024-07-16,1623.63,11090.44,17228.48,9811.44,7417.04,Partially Paid
B102219,A102219,2025-01-26,7086.73,4572.84,9908.46,7733.22,2175.24,Paid
B102220,A102220,2025-05-17,2445.32,8984.98,18621.03,11820.84,6800.18,Paid
B102221,A102221,2024-05-09,6943.09,3167.25,10399.1,0.0,10399.1,Paid
B102222,A102222,2025-07-08,7536.72,4218.81,10341.92,6374.59,3967.33,Paid
B102223,A102223,2025-06-27,4858.83,1923.18,7745.63,6298.9,1446.73,Paid
B102224,A102224,2024-02-08,557.47,4913.82,10990.63,7149.83,3840.81,Paid
B102225,A102225,2025-04-09,10716.19,21215.92,21651.26,16865.64,4785.62,Paid
B102226,A102226,2025-01-09,20407.35,35523.64,77412.27,57979.2,19433.07,Paid
B102227,A102227,2024-08-08,2787.87,22214.16,17006.08,11904.24,5101.83,Pending
B102228,A102228,2024-10-19,1853.06,15491.2,15278.4,10226.03,5052.37,Paid
B102229,A102229,2025-01-06,2353.94,12952.25,7156.53,5688.22,1468.31,Paid
B102230,A102230,2025-04-17,5931.66,10742.85,23738.13,17521.01,6217.12,Paid
B102231,A102231,2024-07-10,1592.16,17362.13,20240.42,11465.79,8774.63,Partially Paid
B102232,A102232,2025-04-22,4283.97,16938.74,16783.01,13572.34,3210.67,Paid
B102233,A102233,2024-03-02,5291.25,1573.0,8503.93,0.0,8503.93,Pending
B102234,A102234,2024-09-24,4601.89,14695.0,20065.44,13975.5,6089.94,Partially Paid
B102235,A102235,2024-04-22,2153.41,3605.91,7079.81,3942.42,3137.39,Paid
B102236,A102236,2024-05-21,79994.05,2972.48,83005.19,51198.92,31806.27,Pending
B102237,A102237,2025-06-22,11028.09,15707.08,18006.11,13521.38,4484.73,Paid
B102238,A102238,2024-03-20,35034.64,4141.1,38177.89,31103.4,7074.49,Paid
B102239,A102239,2025-05-13,7669.97,6642.41,21883.91,12688.09,9195.82,Paid
B102240,A102240,2024-02-05,2079.17,12195.18,10522.76,8265.73,2257.03,Paid
B102241,A102241,2025-06-02,2962.02,7311.86,14278.84,10358.59,3920.25,Paid
B102242,A102242,2025-06-06,13511.41,50642.42,33798.56,21363.84,12434.72,Partially Paid
B102243,A102243,2025-09-28,10719.56,27541.97,24668.35,17764.04,6904.3,Paid
B102244,A102244,2024-03-08,7448.86,4617.55,10963.95,6274.23,4689.72,Paid
B102245,A102245,2025-05-30,1208.87,16507.82,17472.83,0.0,17472.83,Paid
B102246,A102246,2025-01-08,1602.35,4447.99,12213.25,0.0,12213.25,Paid
B102247,A102247,2024-10-20,114449.06,10382.42,128444.08,0.0,128444.08,Pending
B102248,A102248,2024-07-01,1583.87,25213.25,13479.66,7539.41,5940.25,Pending
B102249,A102249,2024-05-04,9074.71,7857.29,15207.71,0.0,15207.71,Partially Paid
B102250,A102250,2024-08-24,7796.62,12678.15,28175.92,17902.22,10273.7,Pending
B102251,A102251,2025-07-16,4979.63,24347.92,39685.34,29192.52,10492.81,Paid
B102252,A102252,2024-01-07,44815.41,8880.21,54434.36,30813.03,23621.33,Paid
B102253,A102253,2025-12-03,6760.82,4116.2,9835.04,0.0,9835.04,Pending
B102254,A102254,2025-02-16,2263.11,1431.03,5022.62,4253.58,769.04,Paid
B102255,A102255,2024-09-08,8216.12,6555.75,12460.98,9939.07,2521.91,Paid
B102256,A102256,2025-10-18,2114.35,2264.23,6452.89,3798.57,2654.33,Paid
B102257,A102257,2025-05-04,2353.45,11191.76,12990.39,9635.86,3354.53,Paid
B102258,A102258,2024-12-13,364.33,5079.74,8653.78,5222.62,3431.17,Paid
B102259,A102259,2024-11-30,42554.57,6960.35,48466.87,0.0,48466.87,Paid
B102260,A102260,2025-04-03,11479.98,24553.21,37649.79,29513.74,8136.05,Partially Paid
B102261,A102261,2024-06-26,5290.26,78933.19,61330.07,54045.91,7284.16,Partially Paid
B102262,A102262,2025-08-09,1370.04,43424.64,46151.75,34500.74,11651.01,Pending
B102263,A102263,2024-09-29,30790.35,4848.13,40045.96,0.0,40045.96,Partially Paid
B102264,A102264,2025-08-16,8700.06,22952.19,38283.97,30378.18,7905.79,Paid
B102265,A102265,2025-03-05,10613.07,17159.69,53677.44,40691.9,12985.55,Paid
B102266,A102266,2025-03-25,1645.92,29503.12,17236.39,11948.61,5287.79,Pending
B102267,A102267,2024-02-06,1129.49,21927.19,26974.23,0.0,26974.23,Paid
B102268,A102268,2024-12-07,2052.54,12705.09,32465.95,19556.99,12908.96,Paid
B102269,A102269,2024-08-28,1652.57,4262.35,8555.3,6134.76,2420.54,Pending
B102270,A102270,2024-06-02,8828.76,4111.09,11207.37,6769.83,4437.54,Paid
B102271,A102271,2025-09-01,9761.73,12657.19,16088.85,9820.87,6267.99,Pending
B102272,A102272,2024-04-25,835.4,2732.03,3723.29,2250.76,1472.53,Pending
B102273,A102273,2026-01-20,30169.16,51940.03,73877.68,53061.61,20816.06,Partially Paid
B102274,A102274,2025-02-05,5693.03,9941.0,16931.06,0.0,16931.06,Paid
B102275,A102275,2024-02-13,5012.71,27531.29,27570.2,0.0,27570.2,Paid
B102276,A102276,2025-06-22,5012.63,25171.21,30458.58,23683.28,6775.3,Paid
B102277,A102277,2024-02-26,5572.78,7318.64,15778.51,9577.91,6200.6,Paid
B102278,A102278,2025-12-20,5910.47,3801.79,14506.33,10326.83,4179.49,Paid
B102279,A102279,2026-01-02,8723.11,8374.61,14908.58,11374.32,3534.26,Paid
B102280,A102280,2024-07-19,10702.25,14105.87,35451.82,20177.25,15274.57,Paid
B102281,A102281,2024-11-07,2922.21,26219.35,17263.63,12855.8,4407.83,Pending
B102282,A102282,2025-12-21,26413.56,18781.89,86962.63,75739.77,11222.87,Paid
B102283,A102283,2024-12-12,2014.63,5673.56,5845.84,3492.2,2353.64,Pending
B102284,A102284,2024-03-24,57682.54,5355.42,66324.05,0.0,66324.05,Paid
B102285,A102285,2024-01-02,2949.73,1435.77,7039.43,5884.92,1154.51,Pending
B102286,A102286,2024-06-18,8747.98,10655.19,14348.84,10586.01,3762.83,Paid
B102287,A102287,2024-11-19,5594.58,15971.28,29165.36,17319.03,11846.33,Paid
B102288,A102288,2024-07-03,2201.24,7591.31,7037.91,5652.97,1384.94,Partially Paid
B102289,A102289,2024-10-04,7405.14,10143.25,20030.81,0.0,20030.81,Paid
B102290,A102290,2025-11-03,2409.68,8870.13,7731.17,6054.63,1676.53,Paid
B102291,A102291,2025-01-10,1716.26,4717.43,13517.48,8047.03,5470.45,Paid
B102292,A102292,2025-01-01,4121.46,9403.68,14404.34,10390.57,4013.78,Paid
B102293,A102293,2024-07-23,1721.25,17393.42,16669.05,12980.74,3688.31,Paid
B102294,A102294,2024-07-13,4750.83,9813.88,14183.63,0.0,14183.63,Paid
B102295,A102295,2024-12-12,3921.67,23258.88,30343.04,22956.6,7386.44,Pending
B102296,A102296,2024-10-28,4366.15,4584.26,9953.97,0.0,9953.97,Pending
B102297,A102297,2025-05-25,9753.13,13846.0,21041.39,14716.44,6324.96,Paid
B102298,A102298,2025-08-22,3768.35,14736.67,24760.39,0.0,24760.39,Paid
B102299,A102299,2024-05-25,1884.32,8909.39,25563.53,21330.79,4232.74,Pending
B102300,A102300,2024-11-05,2954.37,7007.01,12114.78,0.0,12114.78,Pending
B102301,A102301,2024-07-20,10955.54,20367.03,22019.12,0.0,22019.12,Partially Paid
B102302,A102302,2024-03-08,1652.99,20600.13,23728.17,13494.44,10233.73,Paid
B102303,A102303,2024-12-28,7760.3,11957.38,15098.35,12289.85,2808.5,Pending
B102304,A102304,2024-11-08,5756.33,16127.34,29038.39,18170.81,10867.57,Paid
B102305,A102305,2025-04-28,2661.49,12706.87,17542.76,0.0,17542.76,Pending
B102306,A102306,2024-12-05,1076.78,22913.13,12246.87,0.0,12246.87,Paid
B102307,A102307,2024-03-26,3100.01,4332.37,15173.23,8827.0,6346.23,Paid
B102308,A102308,2024-12-11,14058.63,48834.4,67368.36,0.0,67368.36,Paid
B102309,A102309,2025-06-05,10674.08,13960.63,29064.4,23215.57,5848.83,Paid
B102310,A102310,2026-01-03,830.2,10425.88,12587.35,10355.57,2231.78,Paid
B102311,A102311,2025-04-22,5585.78,10659.2,22496.01,15621.28,6874.73,Paid
B102312,A102312,2025-01-31,3792.48,9180.82,15172.41,8477.21,6695.2,Paid
B102313,A102313,2025-08-24,4391.12,5524.11,10650.38,0.0,10650.38,Paid
B102314,A102314,2025-12-22,2461.9,3379.28,3886.83,2563.67,1323.16,Paid
B102315,A102315,2025-11-25,8219.45,4702.88,16615.42,10522.12,6093.3,Paid
B102316,A102316,2025-12-24,1697.85,13272.53,16832.65,13950.94,2881.7,Paid
B102317,A102317,2025-08-02,21652.45,11314.58,27789.02,18954.64,8834.38,Paid
B102318,A102318,2025-01-15,6099.06,1418.78,9455.69,6827.69,2628.0,Paid
B102319,A102319,2024-01-26,5792.08,15486.13,16992.27,0.0,16992.27,Partially Paid
B102320,A102320,2024-06-27,2946.12,2902.13,11036.44,0.0,11036.44,Paid
B102321,A102321,2024-12-30,925.41,4141.4,5722.89,0.0,5722.89,Partially Paid
B102322,A102322,2024-01-24,1158.91,4015.83,3859.0,2624.98,1234.03,Paid
B102323,A102323,2025-07-05,2187.84,16738.4,14674.72,9171.03,5503.69,Pending
B102324,A102324,2024-09-07,7569.31,1924.89,8920.31,6289.99,2630.31,Paid
B102325,A102325,2025-10-25,2789.97,6111.78,8525.2,6170.23,2354.97,Paid
B102326,A102326,2024-03-17,8206.59,10510.79,19625.65,15351.74,4273.91,Paid
B102327,A102327,2024-04-02,7103.57,2960.44,14739.2,0.0,14739.2,Paid
B102328,A102328,2024-06-28,1226.3,9836.78,10251.11,0.0,10251.11,Paid
B102329,A102329,2024-05-08,16467.78,9441.8,22932.26,20188.55,2743.71,Paid
B102330,A102330,2024-07-30,4326.45,13725.2,16909.61,0.0,16909.61,Pending
B102331,A102331,2024-09-09,600.98,29941.47,22529.81,13198.32,9331.49,Partially Paid
B102332,A102332,2025-09-22,6834.11,45191.96,65981.88,53949.45,12032.43,Paid
B102333,A102333,2024-10-01,2112.71,9189.73,7029.81,5591.12,1438.69,Pending
B102334,A102334,2024-02-18,5507.07,13316.33,23105.19,18308.92,4796.27,Paid
B102335,A102335,2025-09-12,2655.74,25063.43,35286.89,29072.35,6214.53,Partially Paid
B102336,A102336,2025-07-05,2126.07,13817.39,10742.81,8313.11,2429.7,Paid
B102337,A102337,2024-06-21,1884.72,12115.1,19612.78,10902.98,8709.8,Paid
B102338,A102338,2025-03-13,9211.43,6413.94,20848.21,16277.18,4571.04,Paid
B102339,A102339,2024-02-04,116276.11,7505.57,132128.95,109708.03,22420.92,Paid
B102340,A102340,2025-08-20,3237.12,3531.7,4748.76,3521.86,1226.9,Partially Paid
B102341,A102341,2024-12-29,2021.29,20878.92,31345.27,19251.82,12093.45,Paid
B102342,A102342,2025-05-25,3381.06,87317.35,28557.78,22429.96,6127.83,Pending
B102343,A102343,2025-09-25,4355.43,1753.38,6246.24,3538.28,2707.96,Paid
B102344,A102344,2024-09-11,2999.76,14288.11,17507.36,12447.11,5060.25,Pending
B102345,A102345,2025-11-29,10688.47,12466.78,17951.34,12880.77,5070.57,Paid
B102346,A102346,2024-09-11,5090.42,8868.27,9836.63,8791.57,1045.07,Partially Paid
B102347,A102347,2025-12-27,7794.58,10340.06,32793.84,0.0,32793.84,Paid
B102348,A102348,2025-01-17,1848.87,1644.24,5676.16,4193.82,1482.34,Paid
B102349,A102349,2025-06-23,8219.25,17476.03,15678.08,12429.83,3248.25,Paid
B102350,A102350,2025-09-26,4078.06,4383.39,8426.67,4677.93,3748.73,Paid
B102351,A102351,2025-02-27,6913.38,19968.54,18890.97,0.0,18890.97,Pending
B102352,A102352,2024-05-06,32453.61,12482.67,40138.45,0.0,40138.45,Paid
B102353,A102353,2024-10-30,10730.05,37172.75,53938.94,41463.42,12475.53,Paid
B102354,A102354,2025-11-21,12603.95,22594.9,31127.13,24116.32,7010.81,Paid
B102355,A102355,2024-05-24,2628.92,4937.09,8920.9,5266.11,3654.79,Paid
B102356,A102356,2025-05-28,10386.36,9888.42,20480.66,0.0,20480.66,Pending
B102357,A102357,2025-11-23,3316.85,51613.88,42475.89,29928.1,12547.79,Paid
B102358,A102358,2024-03-03,5967.71,15058.86,25639.46,19236.82,6402.64,Paid
B102359,A102359,2024-02-16,680.81,10384.36,6713.09,4288.46,2424.63,Paid
B102360,A102360,2025-09-27,3535.9,18548.62,20849.66,12280.39,8569.27,Paid
B102361,A102361,2024-05-04,788.88,17218.77,15385.1,12704.25,2680.85,Paid
B102362,A102362,2024-12-13,1282.94,15396.51,7727.34,5838.03,1889.31,Paid
B102363,A102363,2024-12-04,2608.67,23052.96,25434.07,17461.38,7972.69,Paid
B102364,A102364,2025-04-02,3601.87,4391.31,7748.56,4691.33,3057.23,Paid
B102365,A102365,2025-03-26,7865.37,35050.43,53691.47,37176.49,16514.98,Paid
B102366,A102366,2024-12-08,44232.79,6014.39,48381.24,26659.35,21721.9,Paid
B102367,A102367,2024-12-10,2151.06,16364.22,8217.15,7321.21,895.93,Paid
B102368,A102368,2025-02-20,114891.1,4123.79,116679.35,90023.15,26656.21,Paid
B102369,A102369,2024-07-05,7615.01,16681.42,28758.3,0.0,28758.3,Paid
B102370,A102370,2025-11-10,1287.16,9173.28,9234.56,7871.6,1362.96,Partially Paid
B102371,A102371,2024-09-23,1920.65,9083.47,14592.32,8506.35,6085.97,Pending
B102372,A102372,2024-08-17,6520.88,25221.21,62462.9,39202.4,23260.5,Pending
B102373,A102373,2025-06-10,10841.75,13299.72,27500.01,18226.9,9273.11,Partially Paid
B102374,A102374,2024-07-04,1792.38,7877.27,14084.38,12198.14,1886.23,Paid
B102375,A102375,2025-03-23,6223.82,8596.69,15657.39,10005.79,5651.6,Paid
B102376,A102376,2024-09-09,3309.91,8733.76,7175.99,4997.88,2178.11,Paid
B102377,A102377,2024-05-21,3948.95,8348.98,13648.96,10453.38,3195.58,Paid
B102378,A102378,2024-08-08,660.8,12770.47,6012.36,4934.48,1077.88,Paid
B102379,A102379,2025-04-02,2416.84,11431.4,20171.95,0.0,20171.95,Paid
B102380,A102380,2024-04-04,4432.93,12124.33,23237.06,18330.04,4907.02,Paid
B102381,A102381,2024-10-21,11944.76,3470.41,18020.52,14595.4,3425.12,Pending
B102382,A102382,2024-04-06,5311.2,8788.14,27756.71,20970.51,6786.21,Paid
B102383,A102383,2024-07-27,7011.82,2202.08,9924.24,7222.26,2701.97,Paid
B102384,A102384,2024-07-25,3465.8,7279.58,10141.4,8524.09,1617.31,Pending
B102385,A102385,2024-07-08,1401.84,10929.78,14306.83,11440.78,2866.04,Partially Paid
B102386,A102386,2024-03-26,2479.33,3114.76,6375.98,4573.01,1802.97,Paid
B102387,A102387,2025-10-30,7076.04,18988.35,23247.37,19690.02,3557.35,Pending
B102388,A102388,2024-06-07,21945.25,6242.5,27726.78,16956.88,10769.9,Pending
B102389,A102389,2024-11-08,10369.44,46190.37,47072.14,40442.35,6629.79,Paid
B102390,A102390,2025-06-21,5233.98,18693.23,23067.46,14055.68,9011.78,Paid
B102391,A102391,2024-06-12,1525.18,9255.65,13528.94,8612.5,4916.43,Paid
B102392,A102392,2025-01-22,6975.87,7155.15,13990.28,0.0,13990.28,Paid
B102393,A102393,2025-04-30,1013.04,3405.9,2520.76,1442.92,1077.84,Pending
B102394,A102394,2025-05-18,2779.59,1803.94,5043.02,3300.62,1742.4,Paid
B102395,A102395,2024-06-10,2487.56,18782.78,23260.63,15047.61,8213.02,Paid
B102396,A102396,2024-05-30,8464.21,31861.43,36835.88,27862.45,8973.44,Paid
B102397,A102397,2025-09-12,6891.66,8928.45,12355.14,9381.9,2973.25,Partially Paid
B102398,A102398,2024-10-14,2955.13,5823.46,11689.64,8674.91,3014.73,Pending
B102399,A102399,2025-07-18,4551.68,6445.93,9064.54,6983.43,2081.11,Paid
B102400,A102400,2024-02-09,6018.72,6095.47,12892.95,7272.44,5620.51,Paid
B102401,A102401,2024-08-13,5933.2,3577.2,9086.54,7219.96,1866.59,Paid
B102402,A102402,2025-11-10,2637.96,40813.65,30398.79,26813.74,3585.05,Partially Paid
B102403,A102403,2025-02-02,5744.79,16130.55,25022.44,19297.77,5724.67,Paid
B102404,A102404,2025-02-23,3212.55,36700.6,51199.75,33140.98,18058.78,Paid
B102405,A102405,2025-12-06,5645.6,4401.27,11728.22,0.0,11728.22,Pending
B102406,A102406,2025-01-27,2439.82,13048.69,9686.94,7924.8,1762.14,Paid
B102407,A102407,2025-12-02,3255.23,11057.78,29579.26,17422.87,12156.39,Paid
B102408,A102408,2024-10-29,17905.82,20835.51,37319.49,0.0,37319.49,Paid
B102409,A102409,2024-11-19,1465.18,2586.43,3134.26,1932.68,1201.58,Paid
B102410,A102410,2025-05-22,1492.93,67547.59,42036.34,26064.43,15971.91,Pending
B102411,A102411,2025-08-02,1270.1,16021.47,27086.89,14931.31,12155.59,Partially Paid
B102412,A102412,2024-02-10,10599.36,3156.35,19384.04,0.0,19384.04,Paid
B102413,A102413,2025-05-24,38363.73,15671.39,46298.94,30603.39,15695.55,Paid
B102414,A102414,2025-05-20,5852.47,12427.65,13682.32,9378.81,4303.51,Paid
B102415,A102415,2025-06-28,4185.17,29284.61,25327.19,14157.01,11170.18,Paid
B102416,A102416,2024-11-17,10506.11,23133.18,37351.09,21785.28,15565.81,Paid
B102417,A102417,2025-05-12,26855.14,3716.46,30527.21,19166.55,11360.66,Paid
B102418,A102418,2024-04-27,68821.48,2879.38,71567.13,43653.55,27913.57,Partially Paid
B102419,A102419,2024-12-10,9245.31,12356.37,22615.21,19082.73,3532.48,Pending
B102420,A102420,2024-08-28,1701.76,4290.22,5069.6,4476.76,592.84,Paid
B102421,A102421,2025-11-19,5693.07,2776.44,9182.52,8056.37,1126.15,Paid
B102422,A102422,2025-03-25,9543.3,8631.39,30988.0,0.0,30988.0,Paid
B102423,A102423,2025-05-07,104390.11,9244.1,122337.17,72708.64,49628.54,Paid
B102424,A102424,2025-02-18,3471.71,7036.92,19016.83,0.0,19016.83,Paid
B102425,A102425,2025-09-19,3320.1,8596.21,22619.32,14651.77,7967.55,Partially Paid
B102426,A102426,2024-10-26,6004.33,5532.18,12051.09,6865.98,5185.11,Paid
B102427,A102427,2024-02-24,5096.49,6912.5,16776.81,12529.95,4246.86,Paid
B102428,A102428,2024-11-05,8266.22,8794.54,32986.72,21218.65,11768.07,Paid
B102429,A102429,2024-10-17,3299.31,6792.67,14944.42,9887.15,5057.27,Paid
B102430,A102430,2025-10-28,22245.72,12516.56,32093.4,24332.62,7760.77,Paid
B102431,A102431,2024-04-29,1882.84,5453.18,8161.08,6480.32,1680.75,Paid
B102432,A102432,2025-03-04,46242.45,18131.91,59889.03,0.0,59889.03,Partially Paid
B102433,A102433,2025-10-15,1086.51,13948.45,11359.77,6449.23,4910.54,Paid
B102434,A102434,2024-07-31,28986.24,10949.76,40089.33,33621.69,6467.64,Pending
B102435,A102435,2024-05-08,2975.9,8231.57,9530.14,6135.83,3394.31,Paid
B102436,A102436,2024-10-27,7256.63,33267.53,28801.93,0.0,28801.93,Partially Paid
B102437,A102437,2025-06-03,5656.7,1694.6,8237.93,6794.38,1443.55,Paid
B102438,A102438,2024-08-13,1376.6,9233.8,9293.9,5290.57,4003.33,Pending
B102439,A102439,2024-03-20,7725.43,6969.71,14949.12,12268.18,2680.93,Pending
B102440,A102440,2024-12-15,1428.45,25940.02,23907.82,17821.53,6086.29,Paid
B102441,A102441,2024-10-07,4466.83,15401.0,13209.43,7753.02,5456.41,Pending
B102442,A102442,2024-05-01,5896.1,13692.85,23845.9,18759.58,5086.32,Paid
B102443,A102443,2024-10-24,55109.16,17674.38,76163.98,43835.67,32328.32,Partially Paid
B102444,A102444,2024-10-02,34420.76,6700.3,48957.42,32259.1,16698.32,Paid
B102445,A102445,2025-03-24,81826.61,3940.92,84748.65,62508.12,22240.53,Paid
B102446,A102446,2024-06-11,44646.2,19984.87,64052.48,0.0,64052.48,Paid
B102447,A102447,2025-07-29,5576.42,13566.1,14059.99,9024.24,5035.76,Paid
B102448,A102448,2024-07-07,940.71,16023.77,22602.77,13858.31,8744.45,Paid
B102449,A102449,2025-02-28,10117.7,1879.01,11477.14,9286.02,2191.11,Pending
B102450,A102450,2025-10-19,1738.69,5155.81,4157.85,2881.4,1276.45,Partially Paid
B102451,A102451,2025-11-08,64165.01,14663.62,83901.6,52117.32,31784.28,Paid
B102452,A102452,2025-08-27,8603.58,7085.47,16466.12,12482.02,3984.1,Paid
B102453,A102453,2024-01-18,1817.07,8699.83,8639.19,5943.78,2695.41,Pending
B102454,A102454,2024-04-10,1668.29,8983.44,8723.28,6689.88,2033.4,Pending
B102455,A102455,2025-09-12,59456.9,7070.8,79044.4,65112.56,13931.84,Paid
B102456,A102456,2024-10-27,5817.87,3763.6,9834.76,5478.34,4356.42,Paid
B102457,A102457,2025-03-01,7899.5,17977.07,25132.13,16950.79,8181.34,Paid
B102458,A102458,2024-11-06,40614.89,6749.87,50500.34,33979.97,16520.36,Paid
B102459,A102459,2024-10-03,1130.5,3896.3,4789.56,4142.31,647.25,Paid
B102460,A102460,2024-09-24,829.45,21051.34,12558.28,11289.34,1268.93,Pending
B102461,A102461,2024-08-27,3125.01,1390.02,5341.39,4158.35,1183.04,Paid
B102462,A102462,2024-12-05,1527.36,11849.42,32461.52,22488.17,9973.35,Paid
B102463,A102463,2024-04-30,80386.31,17813.04,105612.78,74358.18,31254.6,Paid
B102464,A102464,2024-09-28,2578.12,17432.0,10151.92,7941.12,2210.8,Paid
B102465,A102465,2024-01-22,961.22,14619.9,25844.2,19589.84,6254.36,Partially Paid
B102466,A102466,2024-03-19,2565.68,18185.62,20976.1,17846.42,3129.68,Paid
B102467,A102467,2025-02-21,5902.96,34544.08,31274.08,0.0,31274.08,Pending
B102468,A102468,2024-06-30,1021.41,12923.28,10347.88,6176.91,4170.97,Paid
B102469,A102469,2024-09-19,1344.17,16410.19,16529.98,13943.86,2586.13,Partially Paid
B102470,A102470,2025-02-08,7272.76,13802.74,16059.16,10468.32,5590.84,Pending
B102471,A102471,2024-09-27,991.57,3078.18,3970.38,3242.33,728.05,Pending
B102472,A102472,2025-10-03,8478.16,31025.3,39655.67,0.0,39655.67,Paid
B102473,A102473,2025-11-17,1172.8,9976.87,11180.68,7375.15,3805.53,Partially Paid
B102474,A102474,2025-05-05,3728.45,10138.13,21316.17,17124.04,4192.13,Paid
B102475,A102475,2025-08-12,8459.02,19202.97,27051.4,24126.89,2924.51,Paid
B102476,A102476,2024-03-19,5902.36,45435.77,75937.35,52447.03,23490.32,Paid
B102477,A102477,2025-10-05,8619.74,3927.14,13654.96,0.0,13654.96,Pending
B102478,A102478,2024-09-28,17133.0,13963.71,36451.12,31161.52,5289.6,Paid
B102479,A102479,2024-03-20,16046.1,16997.06,31661.18,26736.88,4924.3,Paid
B102480,A102480,2024-04-03,8426.87,8726.76,26219.94,19417.07,6802.87,Pending
B102481,A102481,2025-06-02,41395.53,39379.37,61133.93,39327.48,21806.45,Paid
B102482,A102482,2024-12-30,5624.13,33465.78,22564.28,0.0,22564.28,Paid
B102483,A102483,2024-06-08,1660.59,25284.31,20539.03,0.0,20539.03,Paid
B102484,A102484,2024-08-08,70725.94,12439.96,81818.12,73126.87,8691.25,Paid
B102485,A102485,2025-05-06,2471.89,15441.84,27369.73,16116.85,11252.88,Paid
B102486,A102486,2025-06-28,2211.77,17585.22,9836.67,6663.07,3173.59,Pending
B102487,A102487,2024-05-12,5965.03,6539.09,12331.22,10497.91,1833.31,Pending
B102488,A102488,2024-03-10,68692.05,14571.0,74990.17,0.0,74990.17,Partially Paid
B102489,A102489,2024-05-25,13857.26,8716.97,16740.23,0.0,16740.23,Paid
B102490,A102490,2025-01-18,112301.61,16044.05,117352.13,88748.23,28603.9,Pending
B102491,A102491,2024-11-14,17572.23,11424.26,40693.17,30988.49,9704.68,Paid
B102492,A102492,2025-02-11,5470.12,2901.4,7186.06,5221.43,1964.63,Paid
B102493,A102493,2025-02-17,839.93,28098.79,18197.86,10283.5,7914.35,Paid
B102494,A102494,2024-10-04,4426.67,3878.14,5666.55,0.0,5666.55,Paid
B102495,A102495,2025-09-10,78155.8,9271.59,93908.72,66120.07,27788.65,Paid
B102496,A102496,2025-02-17,9873.89,21332.78,17654.94,12723.91,4931.03,Paid
B102497,A102497,2024-11-16,8881.6,27770.83,27547.09,24460.73,3086.36,Partially Paid
B102498,A102498,2025-07-09,24789.87,9592.32,41511.59,27259.67,14251.91,Paid
B102499,A102499,2024-09-09,933.12,17903.23,9084.19,5184.39,3899.8,Paid
B102500,A102500,2025-04-06,72421.88,3390.14,75144.76,0.0,75144.76,Pending
B102501,A102501,2025-02-08,988.71,22634.74,8967.42,6038.76,2928.66,Pending
B102502,A102502,2025-11-02,4921.06,7687.16,14531.08,11951.43,2579.65,Paid
B102503,A102503,2025-03-29,1777.65,13426.36,10706.51,8163.97,2542.53,Partially Paid
B102504,A102504,2025-04-17,9027.98,6019.99,15438.57,12716.5,2722.08,Pending
B102505,A102505,2025-10-07,2921.51,6853.86,8938.53,7789.58,1148.95,Paid
B102506,A102506,2025-07-15,9393.88,8394.24,17491.11,10359.8,7131.3,Pending
B102507,A102507,2025-03-13,6456.87,16008.2,18971.88,0.0,18971.88,Partially Paid
B102508,A102508,2025-03-25,1704.06,8147.35,7681.79,5904.55,1777.24,Paid
B102509,A102509,2025-12-12,2161.81,7841.28,13270.63,0.0,13270.63,Paid
B102510,A102510,2024-04-15,668.32,9774.13,13838.77,9804.64,4034.13,Paid
B102511,A102511,2024-12-03,10795.52,12937.8,54372.06,31509.03,22863.04,Paid
B102512,A102512,2025-11-17,93958.0,5324.63,107072.61,61088.46,45984.15,Paid
B102513,A102513,2025-08-27,8209.37,7598.24,19600.34,11074.9,8525.44,Paid
B102514,A102514,2024-09-03,6575.71,1220.71,8535.48,6653.24,1882.24,Pending
B102515,A102515,2024-03-03,44746.45,7197.0,56689.41,33180.05,23509.36,Paid
B102516,A102516,2024-04-19,7810.24,12733.04,24484.07,16624.01,7860.06,Paid
B102517,A102517,2025-11-27,9813.52,12498.65,29216.6,25446.94,3769.66,Paid
B102518,A102518,2024-03-17,5932.18,24686.05,37372.19,0.0,37372.19,Pending
B102519,A102519,2024-11-04,6182.5,14364.54,17781.65,12722.7,5058.95,Paid
B102520,A102520,2024-06-09,1295.24,19308.38,24233.82,19515.69,4718.13,Paid
B102521,A102521,2025-06-21,119375.97,3597.28,122932.86,78268.16,44664.7,Pending
B102522,A102522,2024-02-07,1398.73,5954.71,11891.88,6631.43,5260.45,Paid
B102523,A102523,2024-01-18,4682.34,3825.33,17920.35,14735.17,3185.18,Pending
B102524,A102524,2024-04-21,6578.07,11183.28,16297.04,13120.02,3177.02,Pending
B102525,A102525,2026-01-03,2462.21,10105.71,13356.52,11927.31,1429.21,Partially Paid
B102526,A102526,2024-03-21,7746.86,28286.9,17949.65,13682.52,4267.13,Paid
B102527,A102527,2024-10-14,12559.44,10871.76,21808.94,14354.78,7454.16,Paid
B102528,A102528,2025-07-05,104481.66,6600.46,111394.49,66324.08,45070.41,Paid
B102529,A102529,2024-07-18,1162.08,6989.55,5503.39,3217.38,2286.01,Paid
B102530,A102530,2024-10-08,1159.43,6972.07,7079.0,5473.93,1605.07,Paid
B102531,A102531,2025-11-18,6245.3,6214.48,15063.02,10126.32,4936.7,Paid
B102532,A102532,2025-07-11,1160.41,6989.59,3793.13,3190.65,602.48,Partially Paid
B102533,A102533,2025-10-28,1002.15,4495.21,2789.91,1656.04,1133.87,Paid
B102534,A102534,2024-06-07,2673.83,23031.78,20688.95,18359.4,2329.56,Paid
B102535,A102535,2024-10-21,49900.45,10830.07,64107.35,36601.15,27506.2,Paid
B102536,A102536,2024-05-22,24616.01,4376.22,28536.09,23503.56,5032.53,Paid
B102537,A102537,2024-11-10,24232.03,5592.8,30781.09,0.0,30781.09,Paid
B102538,A102538,2025-10-17,1951.73,32917.79,25014.52,19126.41,5888.12,Paid
B102539,A102539,2024-02-05,3964.54,9142.29,19178.1,17210.38,1967.72,Paid
B102540,A102540,2024-02-15,1206.81,30688.62,52978.79,29221.95,23756.85,Paid
B102541,A102541,2024-09-16,1114.68,22105.41,21565.85,15372.37,6193.47,Pending
B102542,A102542,2024-03-10,3971.07,39698.42,63276.11,0.0,63276.11,Paid
B102543,A102543,2024-10-21,5507.6,5157.67,13525.06,9875.96,3649.1,Paid
B102544,A102544,2025-10-01,4925.38,5056.92,9356.51,5786.71,3569.8,Paid
B102545,A102545,2024-08-23,1465.09,22699.94,19352.79,13667.84,5684.95,Paid
B102546,A102546,2024-03-13,1741.01,38568.41,88191.61,49679.04,38512.57,Paid
B102547,A102547,2024-04-17,9793.65,18483.87,40455.61,0.0,40455.61,Paid
B102548,A102548,2025-04-16,10206.06,13754.94,24886.41,19495.34,5391.07,Partially Paid
B102549,A102549,2024-09-24,14005.0,1763.89,16632.91,14265.17,2367.74,Paid
B102550,A102550,2024-01-05,6466.46,11334.77,11932.77,10436.19,1496.58,Paid
B102551,A102551,2024-01-23,3861.7,3892.37,8352.38,5626.8,2725.58,Partially Paid
B102552,A102552,2025-08-03,833.66,13103.02,10570.32,8801.88,1768.44,Partially Paid
B102553,A102553,2024-08-02,4862.2,8562.7,9252.91,0.0,9252.91,Paid
B102554,A102554,2024-08-26,10671.87,7524.73,22954.86,20414.86,2540.0,Paid
B102555,A102555,2025-06-20,16123.66,19082.33,43059.88,30307.69,12752.19,Paid
B102556,A102556,2025-01-24,17876.44,8619.42,22465.65,18800.32,3665.34,Pending
B102557,A102557,2024-01-17,3234.93,11112.88,8668.59,5557.71,3110.88,Partially Paid
B102558,A102558,2025-06-05,36597.43,8699.59,46781.88,0.0,46781.88,Pending
B102559,A102559,2024-08-12,6810.37,10770.04,10504.29,8717.07,1787.22,Paid
B102560,A102560,2025-09-10,97514.65,7967.26,109668.58,93085.75,16582.83,Paid
B102561,A102561,2025-02-09,2474.43,11228.79,12308.52,10272.69,2035.83,Paid
B102562,A102562,2025-06-08,2177.33,51198.78,24988.09,20619.46,4368.64,Pending
B102563,A102563,2024-10-17,22686.52,7642.44,36662.51,28926.91,7735.6,Paid
B102564,A102564,2025-01-20,9035.82,4834.02,13172.26,7756.39,5415.87,Paid
B102565,A102565,2024-09-07,103117.1,13367.14,119594.25,81349.94,38244.31,Pending
B102566,A102566,2024-04-02,101310.27,5836.57,108078.26,68783.0,39295.26,Paid
B102567,A102567,2024-11-09,4196.04,5605.76,12445.68,0.0,12445.68,Paid
B102568,A102568,2025-03-15,983.59,11897.77,11808.72,10283.15,1525.57,Paid
B102569,A102569,2025-12-28,2517.7,7348.77,7519.73,5751.91,1767.82,Paid
B102570,A102570,2024-02-18,2042.39,17586.93,25390.0,14710.28,10679.72,Pending
B102571,A102571,2024-03-21,1668.35,14078.07,28924.0,18931.16,9992.84,Paid
B102572,A102572,2025-07-18,2151.29,15040.47,19765.74,0.0,19765.74,Paid
B102573,A102573,2024-11-17,82105.06,15878.26,101559.86,69198.45,32361.42,Paid
B102574,A102574,2024-05-26,58268.91,12716.5,68669.42,37941.25,30728.17,Paid
B102575,A102575,2024-11-26,6147.55,2419.49,11727.9,9633.34,2094.57,Paid
B102576,A102576,2024-07-31,7889.26,12298.97,16254.44,9740.24,6514.2,Paid
B102577,A102577,2024-04-13,5981.33,16160.93,13339.35,7906.03,5433.31,Paid
B102578,A102578,2025-12-01,92863.77,1654.14,96552.91,73949.15,22603.77,Paid
B102579,A102579,2024-04-29,14700.56,17225.88,31198.15,23371.67,7826.47,Partially Paid
B102580,A102580,2024-06-29,23856.48,9492.28,47783.65,32318.72,15464.93,Paid
B102581,A102581,2024-10-05,4507.18,20155.2,25516.96,15888.93,9628.02,Paid
B102582,A102582,2024-03-05,7924.51,6867.48,16543.94,9698.75,6845.19,Paid
B102583,A102583,2025-02-08,3035.12,3452.51,5461.51,3236.28,2225.24,Pending
B102584,A102584,2024-08-13,4950.32,2783.0,7588.62,6127.79,1460.83,Paid
B102585,A102585,2024-06-19,3742.66,39325.87,37435.64,32385.58,5050.05,Paid
B102586,A102586,2024-02-12,1282.42,21745.85,17021.36,12709.61,4311.76,Paid
B102587,A102587,2025-01-23,8766.22,25475.72,34936.43,0.0,34936.43,Partially Paid
B102588,A102588,2025-10-18,14488.52,7110.22,19461.51,17332.62,2128.9,Partially Paid
B102589,A102589,2024-11-17,1286.91,10984.98,9316.3,5174.98,4141.32,Paid
B102590,A102590,2025-12-11,9123.08,4083.74,15034.18,9089.26,5944.92,Paid
B102591,A102591,2025-11-01,1523.83,16395.77,14053.63,0.0,14053.63,Paid
B102592,A102592,2025-04-07,4075.87,13145.75,33855.24,19663.17,14192.07,Paid
B102593,A102593,2024-09-29,7985.88,9737.26,25774.26,16538.2,9236.06,Pending
B102594,A102594,2024-12-12,1235.13,8276.25,5233.8,3588.83,1644.97,Partially Paid
B102595,A102595,2024-02-15,8662.0,11705.97,24660.74,0.0,24660.74,Paid
B102596,A102596,2025-02-18,1749.83,1397.14,3497.74,2085.49,1412.25,Paid
B102597,A102597,2025-01-22,1432.79,18780.26,32932.42,25048.2,7884.22,Paid
B102598,A102598,2024-08-13,114887.92,6134.13,121633.32,69104.44,52528.88,Paid
B102599,A102599,2024-10-11,113596.49,6609.12,120823.69,0.0,120823.69,Paid
B102600,A102600,2024-08-18,832.99,23188.45,22584.32,0.0,22584.32,Paid
B102601,A102601,2025-04-06,18314.68,12860.61,25786.11,0.0,25786.11,Paid
B102602,A102602,2024-06-05,7355.25,7032.73,20353.26,14154.21,6199.05,Paid
B102603,A102603,2024-10-18,5744.35,16968.52,49177.44,0.0,49177.44,Paid
B102604,A102604,2025-01-07,7638.94,50129.14,96133.42,80206.34,15927.08,Paid
B102605,A102605,2024-02-12,11888.12,12177.22,22589.79,16506.07,6083.72,Partially Paid
B102606,A102606,2026-01-03,3358.05,11437.98,13175.73,8499.85,4675.88,Paid
B102607,A102607,2025-09-17,9463.15,15301.05,30905.46,25790.73,5114.73,Paid
B102608,A102608,2025-07-30,92155.43,17985.54,103654.12,75901.58,27752.54,Partially Paid
B102609,A102609,2025-05-15,5916.02,30734.38,57936.27,0.0,57936.27,Paid
B102610,A102610,2024-07-19,1301.68,9173.67,14340.74,10372.48,3968.26,Paid
B102611,A102611,2024-10-04,2412.06,3615.6,10087.26,8461.43,1625.83,Paid
B102612,A102612,2024-06-30,2170.09,34732.62,21622.48,11902.73,9719.75,Pending
B102613,A102613,2025-05-24,2322.9,2473.76,6267.78,3998.43,2269.35,Partially Paid
B102614,A102614,2025-02-14,1786.76,10835.92,21791.1,12210.3,9580.8,Paid
B102615,A102615,2024-09-29,6067.12,4812.11,11616.27,8617.34,2998.94,Paid
B102616,A102616,2025-07-21,107657.28,51499.17,143701.7,102826.6,40875.1,Paid
B102617,A102617,2025-12-08,11874.56,25236.03,24986.03,20374.63,4611.41,Paid
B102618,A102618,2025-11-04,2001.68,41129.04,21324.1,0.0,21324.1,Pending
B102619,A102619,2024-05-22,1795.01,52690.33,30645.05,25761.46,4883.59,Paid
B102620,A102620,2025-09-18,115458.74,1840.45,118742.14,68307.51,50434.63,Paid
B102621,A102621,2025-01-23,3337.61,17343.82,8692.6,7351.01,1341.59,Partially Paid
B102622,A102622,2025-02-05,2967.2,9989.13,15420.72,0.0,15420.72,Paid
B102623,A102623,2025-07-26,1404.98,22708.62,27074.12,15755.81,11318.31,Paid
B102624,A102624,2024-10-25,2595.94,5200.76,10364.19,0.0,10364.19,Paid
B102625,A102625,2025-01-27,6409.63,12715.23,38108.07,31600.86,6507.21,Partially Paid
B102626,A102626,2025-05-28,8166.44,4482.52,11229.89,7422.9,3806.99,Paid
B102627,A102627,2025-02-06,48697.87,15462.37,83083.71,73179.21,9904.49,Pending
B102628,A102628,2025-07-11,9658.97,9310.66,16293.7,0.0,16293.7,Paid
B102629,A102629,2025-08-31,2537.69,8481.83,15905.77,13213.63,2692.14,Paid
B102630,A102630,2024-09-19,20529.16,4743.01,25777.54,21055.33,4722.22,Paid
B102631,A102631,2024-10-09,6205.47,3777.13,15101.4,12090.43,3010.97,Paid
B102632,A102632,2024-12-24,2263.43,4469.08,12128.24,7514.46,4613.78,Paid
B102633,A102633,2025-02-27,1280.27,11799.74,12950.65,7819.96,5130.69,Paid
B102634,A102634,2024-07-14,1582.11,15725.92,17542.23,12131.11,5411.12,Paid
B102635,A102635,2025-10-04,1748.74,18533.47,12331.24,10861.62,1469.62,Paid
B102636,A102636,2025-03-06,2474.87,6814.38,10277.66,5772.01,4505.64,Paid
B102637,A102637,2024-12-17,9139.89,15972.66,26840.39,22470.61,4369.78,Paid
B102638,A102638,2025-03-14,4866.12,17062.71,33590.62,23316.26,10274.35,Paid
B102639,A102639,2025-02-02,1352.69,27483.84,24282.76,13630.66,10652.1,Paid
B102640,A102640,2024-12-07,109672.29,3235.7,111097.09,68037.41,43059.68,Partially Paid
B102641,A102641,2025-07-07,1953.85,13031.38,12016.23,0.0,12016.23,Paid
B102642,A102642,2025-02-25,1690.15,37726.98,29758.1,24857.26,4900.84,Pending
B102643,A102643,2024-02-28,52430.4,16729.4,86252.21,72437.97,13814.24,Pending
B102644,A102644,2025-11-03,8924.01,32980.61,37500.03,0.0,37500.03,Paid
B102645,A102645,2025-03-05,16187.58,18398.68,27545.13,15530.07,12015.06,Pending
B102646,A102646,2025-06-03,39213.45,12831.06,48508.2,40568.14,7940.06,Paid
B102647,A102647,2025-10-04,7225.24,11683.09,25850.79,0.0,25850.79,Paid
B102648,A102648,2024-11-29,1767.64,8093.28,12103.66,9685.02,2418.64,Paid
B102649,A102649,2024-03-30,5054.16,8497.61,16088.05,0.0,16088.05,Pending
B102650,A102650,2025-06-01,7299.07,6720.41,16307.41,9199.13,7108.28,Paid
B102651,A102651,2024-06-17,10084.85,10273.42,16469.45,10356.73,6112.73,Pending
B102652,A102652,2024-08-15,7832.61,13654.04,29468.89,24798.66,4670.23,Paid
B102653,A102653,2024-10-26,4352.26,11448.69,10392.91,0.0,10392.91,Partially Paid
B102654,A102654,2025-03-31,4062.19,17830.25,16877.24,0.0,16877.24,Pending
B102655,A102655,2024-12-18,2035.0,37719.06,45203.36,40037.6,5165.76,Paid
B102656,A102656,2024-12-09,3562.95,5844.83,10454.5,8011.52,2442.98,Partially Paid
B102657,A102657,2025-04-19,1780.83,18714.97,27131.36,18715.25,8416.11,Paid
B102658,A102658,2025-01-30,5050.0,16388.29,22818.89,19744.27,3074.62,Paid
B102659,A102659,2025-06-22,100800.27,4864.67,109771.72,65448.67,44323.04,Paid
B102660,A102660,2025-07-05,941.22,2304.39,4411.03,3930.64,480.39,Paid
B102661,A102661,2025-02-27,5609.16,10910.54,18061.09,11575.74,6485.36,Paid
B102662,A102662,2025-01-18,984.18,4800.56,14472.25,10799.35,3672.9,Paid
B102663,A102663,2025-09-16,17249.42,19361.19,30713.01,25685.49,5027.52,Partially Paid
B102664,A102664,2024-01-11,3563.17,16282.85,27431.33,17636.89,9794.44,Paid
B102665,A102665,2025-10-17,108526.02,35665.09,119349.09,77800.69,41548.41,Partially Paid
B102666,A102666,2024-01-09,2677.11,18705.29,19306.29,14612.28,4694.01,Pending
B102667,A102667,2025-11-15,4801.86,16196.42,17840.18,10272.93,7567.25,Paid
B102668,A102668,2024-11-14,5194.56,11726.45,13616.34,0.0,13616.34,Pending
B102669,A102669,2024-03-23,116129.73,10719.54,131626.91,86608.45,45018.46,Paid
B102670,A102670,2025-06-19,11437.25,8856.17,22020.55,19482.78,2537.76,Paid
B102671,A102671,2025-12-21,1634.21,17215.84,6530.92,4251.68,2279.25,Paid
B102672,A102672,2025-01-01,3613.25,16843.48,25465.45,22394.91,3070.54,Paid
B102673,A102673,2024-02-07,7484.06,15393.42,28895.97,17038.67,11857.3,Pending
B102674,A102674,2025-10-31,5159.8,18472.36,21928.33,0.0,21928.33,Paid
B102675,A102675,2025-12-10,1781.63,17931.34,19543.35,15191.64,4351.7,Paid
B102676,A102676,2024-05-21,19270.28,6122.67,27375.84,17561.6,9814.25,Paid
B102677,A102677,2024-10-04,2144.76,22331.59,28772.17,0.0,28772.17,Partially Paid
B102678,A102678,2024-07-16,1596.65,5321.91,10455.42,9384.03,1071.39,Pending
B102679,A102679,2024-05-11,2617.51,14460.9,17349.15,15263.39,2085.76,Partially Paid
B102680,A102680,2024-12-18,8730.07,14963.8,18078.46,0.0,18078.46,Paid
B102681,A102681,2024-02-15,2154.91,6590.57,7218.93,4108.95,3109.98,Paid
B102682,A102682,2026-01-01,11765.83,14138.42,21282.96,16211.7,5071.25,Paid
B102683,A102683,2024-09-03,2495.49,9587.86,6675.29,5678.26,997.03,Paid
B102684,A102684,2024-01-11,9573.13,8349.15,12301.65,0.0,12301.65,Pending
B102685,A102685,2025-12-19,5912.05,14120.86,27277.29,19654.06,7623.23,Paid
B102686,A102686,2024-03-23,22034.2,8461.13,34427.84,19074.48,15353.36,Pending
B102687,A102687,2024-07-11,113969.82,11572.45,118289.96,0.0,118289.96,Paid
B102688,A102688,2024-03-30,85293.63,5547.93,95201.74,0.0,95201.74,Paid
B102689,A102689,2025-05-06,8066.88,15657.65,37720.14,20802.45,16917.69,Paid
B102690,A102690,2024-09-28,7468.5,4232.75,10109.65,5714.97,4394.68,Paid
B102691,A102691,2025-06-01,29099.57,11572.72,40977.06,0.0,40977.06,Pending
B102692,A102692,2024-01-24,2703.09,17088.31,8462.23,6961.0,1501.23,Partially Paid
B102693,A102693,2025-05-13,6757.72,39749.78,46049.57,0.0,46049.57,Paid
B102694,A102694,2024-05-14,1752.96,19653.4,17499.62,14018.78,3480.84,Pending
B102695,A102695,2025-10-06,93311.18,3106.17,96822.77,83179.86,13642.91,Paid
B102696,A102696,2024-01-10,22603.09,3854.19,30316.37,19407.43,10908.94,Paid
B102697,A102697,2025-12-09,4495.13,20122.72,22528.0,15914.23,6613.78,Paid
B102698,A102698,2024-11-06,5039.01,3542.52,7113.54,5122.95,1990.6,Paid
B102699,A102699,2025-09-26,3333.68,19518.3,25779.82,17917.35,7862.47,Paid
B102700,A102700,2025-04-18,103195.95,2309.89,106188.32,70533.51,35654.81,Paid
B102701,A102701,2024-04-12,7770.62,1446.74,11327.23,10152.21,1175.02,Paid
B102702,A102702,2024-12-04,593.17,2988.48,3682.96,2761.03,921.94,Pending
B102703,A102703,2024-11-20,9677.04,17410.7,25913.3,20738.18,5175.12,Paid
B102704,A102704,2025-05-31,97830.16,13161.05,104912.57,61616.22,43296.36,Partially Paid
B102705,A102705,2024-01-27,462.79,7400.62,4909.23,3575.52,1333.71,Paid
B102706,A102706,2025-12-29,13580.9,18546.84,33381.72,0.0,33381.72,Paid
B102707,A102707,2025-03-07,23272.47,5731.48,31705.16,25352.63,6352.53,Paid
B102708,A102708,2024-05-25,10891.11,7568.37,21003.87,13609.72,7394.15,Partially Paid
B102709,A102709,2025-12-11,1687.78,2660.85,7659.14,6471.95,1187.19,Paid
B102710,A102710,2025-10-28,2252.02,19551.32,31084.09,17666.1,13417.99,Paid
B102711,A102711,2024-06-04,1306.81,27995.06,24852.15,22240.77,2611.38,Partially Paid
B102712,A102712,2025-11-29,2083.32,17415.01,13826.68,11271.79,2554.88,Partially Paid
B102713,A102713,2024-02-25,11719.85,3233.2,14332.79,12653.19,1679.6,Partially Paid
B102714,A102714,2025-04-19,5046.18,13631.74,17296.39,14691.12,2605.27,Paid
B102715,A102715,2025-01-02,9518.26,20761.2,21585.59,17697.93,3887.66,Paid
B102716,A102716,2025-10-14,4621.46,7985.29,8737.39,6158.25,2579.14,Paid
B102717,A102717,2024-07-30,6490.16,12642.43,14333.0,11934.33,2398.67,Partially Paid
B102718,A102718,2024-07-11,49778.18,35801.35,63048.56,36353.25,26695.31,Partially Paid
B102719,A102719,2024-03-06,9273.92,3611.13,13061.12,8226.96,4834.16,Paid
B102720,A102720,2025-07-07,1551.39,18903.66,15891.87,0.0,15891.87,Paid
B102721,A102721,2024-04-25,3124.6,17436.86,20681.5,16435.18,4246.32,Paid
B102722,A102722,2024-09-25,3951.91,17909.71,18405.98,11323.74,7082.24,Partially Paid
B102723,A102723,2024-03-18,4479.42,5749.74,8630.88,6002.23,2628.65,Pending
B102724,A102724,2024-10-24,9618.67,2446.73,18602.76,14876.43,3726.33,Paid
B102725,A102725,2024-07-01,3937.89,10147.4,15270.96,12655.13,2615.83,Partially Paid
B102726,A102726,2024-01-15,4179.25,42729.81,39436.95,33290.65,6146.3,Paid
B102727,A102727,2024-06-10,42464.92,61556.65,59716.04,35936.38,23779.67,Paid
B102728,A102728,2025-11-04,1474.88,7485.22,7169.69,3960.41,3209.27,Paid
B102729,A102729,2025-10-25,5065.77,8313.71,12585.02,7513.99,5071.03,Partially Paid
B102730,A102730,2024-05-13,7255.04,9109.7,24897.11,17982.93,6914.18,Paid
B102731,A102731,2025-10-03,43883.7,11225.89,53976.56,47100.69,6875.87,Paid
B102732,A102732,2025-06-03,11318.14,16042.72,40932.64,0.0,40932.64,Pending
B102733,A102733,2025-09-24,1704.69,13979.4,13676.16,11214.11,2462.06,Paid
B102734,A102734,2025-05-20,4076.32,15759.14,17178.97,0.0,17178.97,Partially Paid
B102735,A102735,2024-06-02,28078.95,6059.36,47337.02,42003.89,5333.13,Paid
B102736,A102736,2024-09-27,1418.17,2655.11,8460.72,5514.57,2946.15,Paid
B102737,A102737,2025-12-07,1629.9,18508.88,11786.22,9311.92,2474.3,Paid
B102738,A102738,2025-10-18,2782.33,11800.06,13893.78,0.0,13893.78,Paid
B102739,A102739,2024-04-21,73077.9,21722.41,95418.91,60500.03,34918.88,Paid
B102740,A102740,2025-04-12,1725.87,3020.3,4461.98,3430.59,1031.39,Partially Paid
B102741,A102741,2024-10-10,1667.48,7140.92,7697.98,6848.73,849.25,Partially Paid
B102742,A102742,2025-02-22,1192.42,14950.9,46613.75,32148.36,14465.39,Paid
B102743,A102743,2025-09-09,7456.05,21513.18,29215.41,22861.75,6353.66,Paid
B102744,A102744,2025-01-02,4203.44,22085.44,48554.82,0.0,48554.82,Pending
B102745,A102745,2025-11-11,1121.87,9353.04,22539.98,12486.85,10053.13,Paid
B102746,A102746,2024-07-31,2992.68,34344.82,38170.28,0.0,38170.28,Pending
B102747,A102747,2025-09-06,6070.84,4986.1,16662.45,12555.04,4107.41,Pending
B102748,A102748,2024-10-08,1596.33,1335.85,3774.05,3145.2,628.85,Partially Paid
B102749,A102749,2024-09-20,1594.3,15251.91,19488.47,13194.52,6293.95,Partially Paid
B102750,A102750,2024-04-10,7784.56,29578.13,20327.04,16162.65,4164.39,Partially Paid
B102751,A102751,2024-11-24,1090.23,17163.72,14848.29,0.0,14848.29,Pending
B102752,A102752,2025-01-01,3510.46,6089.28,10180.67,8515.07,1665.6,Paid
B102753,A102753,2025-11-02,972.28,43133.21,40326.26,23648.49,16677.77,Partially Paid
B102754,A102754,2024-12-18,1165.72,8276.48,9818.95,7407.59,2411.36,Paid
B102755,A102755,2024-03-07,5356.87,8988.12,13636.3,11945.92,1690.38,Paid
B102756,A102756,2025-10-03,5859.45,2877.02,8659.42,5031.16,3628.26,Partially Paid
B102757,A102757,2024-07-07,1988.28,8551.3,7289.14,4680.33,2608.81,Partially Paid
B102758,A102758,2025-08-06,7520.81,13496.98,22165.04,14309.76,7855.28,Paid
B102759,A102759,2025-07-02,1732.71,8572.2,22015.31,17139.01,4876.31,Paid
B102760,A102760,2024-11-05,113903.83,10278.73,129950.68,0.0,129950.68,Pending
B102761,A102761,2025-10-14,1668.8,17181.68,24923.8,0.0,24923.8,Paid
B102762,A102762,2025-03-12,44644.42,3616.43,46787.86,0.0,46787.86,Paid
B102763,A102763,2024-08-03,2236.12,10546.09,11655.03,7432.24,4222.79,Paid
B102764,A102764,2025-02-11,16229.74,4737.61,18898.5,16538.52,2359.98,Paid
B102765,A102765,2024-05-14,999.09,1810.04,3300.16,2024.47,1275.69,Paid
B102766,A102766,2024-08-09,1710.01,13492.57,6728.18,5511.84,1216.34,Paid
B102767,A102767,2025-02-27,4030.33,9133.82,8383.62,0.0,8383.62,Pending
B102768,A102768,2024-11-18,507.86,11027.76,10934.27,7632.1,3302.17,Paid
B102769,A102769,2024-06-07,15092.17,7686.87,19508.55,12787.27,6721.28,Paid
B102770,A102770,2024-07-10,4549.38,12597.42,16898.27,10993.19,5905.08,Paid
B102771,A102771,2025-04-30,62969.8,17151.71,81733.45,53707.54,28025.92,Paid
B102772,A102772,2024-06-16,5396.86,11814.96,13695.04,11488.47,2206.57,Paid
B102773,A102773,2024-05-16,1654.89,31429.46,12181.93,7688.86,4493.07,Paid
B102774,A102774,2024-11-06,2474.03,19725.36,20848.07,0.0,20848.07,Pending
B102775,A102775,2024-04-01,92501.89,5339.28,96179.42,64088.59,32090.83,Pending
B102776,A102776,2024-06-16,7494.99,26124.34,15803.82,12287.24,3516.57,Pending
B102777,A102777,2024-02-12,2026.22,26817.69,18359.03,13657.54,4701.49,Partially Paid
B102778,A102778,2024-08-16,55160.58,7810.27,63768.65,0.0,63768.65,Paid
B102779,A102779,2024-06-07,17278.32,33349.41,45764.05,40221.44,5542.62,Paid
B102780,A102780,2025-08-19,46981.46,9095.19,61543.71,37550.65,23993.07,Paid
B102781,A102781,2024-02-17,9689.95,1911.7,11453.12,6781.72,4671.4,Pending
B102782,A102782,2025-12-21,1390.91,9129.1,16802.01,10279.77,6522.24,Paid
B102783,A102783,2025-10-27,1841.12,20999.14,13614.68,0.0,13614.68,Paid
B102784,A102784,2024-08-23,5750.95,9902.78,20302.87,0.0,20302.87,Paid
B102785,A102785,2025-06-24,3439.62,5996.2,11207.65,9087.52,2120.13,Paid
B102786,A102786,2025-12-05,1922.76,16555.28,12420.51,10789.48,1631.03,Pending
B102787,A102787,2024-06-17,6779.08,5156.65,14597.63,11770.7,2826.92,Paid
B102788,A102788,2026-01-07,821.2,22541.26,31852.64,28665.21,3187.43,Paid
B102789,A102789,2025-08-16,2415.13,18215.85,22128.44,16426.23,5702.21,Paid
B102790,A102790,2025-09-02,4025.68,29940.33,31137.14,27967.33,3169.81,Paid
B102791,A102791,2025-07-29,5254.94,5523.58,11837.84,8737.79,3100.06,Paid
B102792,A102792,2024-03-09,42356.23,8542.89,55415.9,32044.12,23371.78,Paid
B102793,A102793,2024-03-23,4003.56,4087.62,17272.49,14362.98,2909.51,Paid
B102794,A102794,2024-05-23,2632.5,12271.51,11565.24,9947.57,1617.67,Paid
B102795,A102795,2025-02-04,6580.63,4496.9,9959.22,0.0,9959.22,Paid
B102796,A102796,2024-05-14,23769.31,16746.32,41456.97,24961.25,16495.72,Paid
B102797,A102797,2025-03-24,24053.28,13121.11,33196.87,29143.12,4053.75,Paid
B102798,A102798,2024-02-03,7504.33,21281.73,26763.62,23162.28,3601.34,Paid
B102799,A102799,2024-07-21,5852.94,3953.69,7963.98,5112.99,2850.99,Paid
B102800,A102800,2024-08-27,3521.6,5727.39,14662.74,8937.97,5724.77,Paid
B102801,A102801,2025-08-28,63153.17,19215.71,77355.74,45082.55,32273.19,Pending
B102802,A102802,2025-09-03,2071.74,12583.62,14038.94,0.0,14038.94,Paid
B102803,A102803,2024-12-11,1277.62,24184.15,12289.9,10305.02,1984.88,Paid
B102804,A102804,2025-02-08,1231.64,18287.75,22004.34,0.0,22004.34,Paid
B102805,A102805,2025-03-22,4416.76,24816.03,36633.58,26343.08,10290.5,Paid
B102806,A102806,2024-10-16,21419.13,1998.42,25064.6,0.0,25064.6,Paid
B102807,A102807,2024-09-11,931.78,5405.68,13972.05,0.0,13972.05,Paid
B102808,A102808,2025-11-27,3750.99,9405.11,26066.0,18590.71,7475.29,Paid
B102809,A102809,2024-04-21,1360.61,25705.76,34010.96,30069.66,3941.3,Paid
B102810,A102810,2025-08-13,1651.65,11490.96,11916.84,7707.57,4209.27,Paid
B102811,A102811,2025-03-01,1821.81,9363.65,16027.31,0.0,16027.31,Paid
B102812,A102812,2025-10-06,1832.88,6556.09,7008.65,4266.94,2741.71,Paid
B102813,A102813,2025-11-28,1327.3,14283.11,11193.73,8328.58,2865.15,Paid
B102814,A102814,2025-12-10,11154.84,11086.75,18352.69,0.0,18352.69,Paid
B102815,A102815,2024-01-25,1036.63,12804.46,10373.0,6788.53,3584.47,Paid
B102816,A102816,2025-04-19,6432.31,13186.55,21316.12,13034.96,8281.16,Paid
B102817,A102817,2025-10-02,1824.51,12367.31,10194.62,8727.94,1466.68,Paid
B102818,A102818,2025-12-24,3698.65,3606.54,6209.32,3804.57,2404.76,Paid
B102819,A102819,2024-01-08,1918.75,1501.05,4329.35,3757.0,572.35,Paid
B102820,A102820,2025-02-26,4150.62,6806.68,15607.4,12537.52,3069.87,Paid
B102821,A102821,2025-01-17,2437.6,9215.71,13384.83,8164.29,5220.54,Paid
B102822,A102822,2025-05-27,3511.44,17227.11,16675.98,14406.15,2269.83,Partially Paid
B102823,A102823,2024-04-29,3082.61,12712.4,12170.51,7745.11,4425.4,Paid
B102824,A102824,2025-05-26,9792.97,1873.28,11846.29,7576.12,4270.17,Paid
B102825,A102825,2025-08-22,1432.23,9969.33,7991.29,6512.8,1478.49,Pending
B102826,A102826,2025-09-13,4407.35,14521.24,19025.16,14570.31,4454.85,Partially Paid
B102827,A102827,2025-04-17,7620.19,11491.48,23964.64,20130.73,3833.91,Pending
B102828,A102828,2024-04-06,6340.09,5779.44,13410.86,9226.54,4184.33,Paid
B102829,A102829,2025-05-10,3543.4,15229.88,17927.23,14418.77,3508.46,Paid
B102830,A102830,2024-04-14,21459.01,10976.75,28049.77,20842.94,7206.84,Pending
B102831,A102831,2025-05-09,2311.69,3653.21,10660.47,7798.62,2861.86,Partially Paid
B102832,A102832,2025-06-21,2402.2,7170.45,8908.36,6863.05,2045.31,Pending
B102833,A102833,2025-05-01,2240.55,5031.29,9094.1,7904.19,1189.91,Partially Paid
B102834,A102834,2025-04-30,2075.52,19434.32,22609.72,17414.98,5194.75,Partially Paid
B102835,A102835,2024-06-18,1152.4,7326.32,13930.68,0.0,13930.68,Paid
B102836,A102836,2024-05-31,5773.94,50456.06,26422.47,23638.5,2783.97,Paid
B102837,A102837,2024-04-10,8716.59,23617.15,23731.3,0.0,23731.3,Pending
B102838,A102838,2024-07-05,966.85,13374.42,26076.96,0.0,26076.96,Paid
B102839,A102839,2025-08-04,2271.7,22427.38,29053.76,0.0,29053.76,Paid
B102840,A102840,2024-01-05,1111.93,2402.02,4853.97,3411.99,1441.98,Paid
B102841,A102841,2025-09-02,1028.44,7151.53,10535.02,7423.83,3111.19,Paid
B102842,A102842,2025-02-04,9514.97,27834.82,59884.29,52917.02,6967.27,Partially Paid
B102843,A102843,2024-09-29,92695.02,1310.69,94448.79,61894.96,32553.83,Partially Paid
B102844,A102844,2024-05-14,13009.34,4798.44,25271.06,22479.36,2791.7,Pending
B102845,A102845,2025-08-07,46252.42,1353.74,48716.53,27356.48,21360.05,Pending
B102846,A102846,2025-08-20,2213.67,12396.09,9005.41,0.0,9005.41,Paid
B102847,A102847,2025-05-28,577.0,8855.97,7014.89,5423.38,1591.51,Paid
B102848,A102848,2025-11-20,83243.3,16279.61,92919.17,0.0,92919.17,Paid
B102849,A102849,2024-02-27,6209.27,23733.63,13790.14,12364.02,1426.12,Paid
B102850,A102850,2024-10-18,16033.5,2429.42,19428.43,17471.28,1957.15,Paid
B102851,A102851,2025-03-28,1084.71,14855.36,20016.84,13951.08,6065.76,Paid
B102852,A102852,2024-08-25,7188.19,1881.12,10540.71,6510.74,4029.97,Paid
B102853,A102853,2025-05-07,1147.53,7675.84,3764.28,0.0,3764.28,Paid
B102854,A102854,2024-10-09,780.04,3986.12,9535.75,8024.27,1511.48,Paid
B102855,A102855,2024-02-20,10504.21,25632.21,19991.54,0.0,19991.54,Paid
B102856,A102856,2025-01-01,8480.72,25388.77,41904.03,23912.44,17991.59,Paid
B102857,A102857,2025-10-09,6381.76,3585.28,13448.03,8445.07,5002.96,Paid
B102858,A102858,2025-07-22,2355.2,3332.77,3832.17,0.0,3832.17,Paid
B102859,A102859,2025-06-17,2112.81,17090.34,25114.73,22238.07,2876.66,Paid
B102860,A102860,2025-11-25,2921.54,8500.93,21050.83,0.0,21050.83,Paid
B102861,A102861,2025-04-08,2354.98,4741.03,6655.54,3778.56,2876.98,Paid
B102862,A102862,2024-04-15,4841.06,21240.73,13939.54,0.0,13939.54,Pending
B102863,A102863,2025-11-30,5908.4,25905.97,33346.91,28924.03,4422.88,Paid
B102864,A102864,2025-04-06,7339.41,3050.3,11109.74,8077.63,3032.11,Paid
B102865,A102865,2024-09-25,2458.41,3611.29,4981.06,2908.8,2072.26,Partially Paid
B102866,A102866,2024-12-30,56535.15,7753.43,62514.08,47477.4,15036.69,Paid
B102867,A102867,2025-02-17,4159.34,18594.1,30009.62,23621.12,6388.5,Paid
B102868,A102868,2024-02-08,6518.76,4067.15,12458.1,10134.09,2324.01,Pending
B102869,A102869,2025-04-19,3670.47,19444.07,23394.68,15615.96,7778.72,Paid
B102870,A102870,2025-12-23,8962.16,26286.28,34242.04,27234.19,7007.86,Paid
B102871,A102871,2024-09-20,4371.36,17970.49,25157.06,16655.48,8501.58,Paid
B102872,A102872,2025-05-25,1284.82,7701.98,5702.65,4175.0,1527.65,Paid
B102873,A102873,2025-11-17,1998.09,62747.97,79648.77,44350.56,35298.21,Paid
B102874,A102874,2024-11-08,9948.45,15941.54,27069.46,21274.9,5794.56,Paid
B102875,A102875,2025-09-07,1340.23,6309.67,18835.7,12853.94,5981.76,Paid
B102876,A102876,2024-10-19,1526.84,84871.42,70919.1,0.0,70919.1,Paid
B102877,A102877,2025-09-24,1374.29,12934.39,31324.96,27801.78,3523.17,Paid
B102878,A102878,2024-04-23,2018.81,13443.68,17939.91,10376.05,7563.86,Paid
B102879,A102879,2025-10-20,48329.97,13049.55,63589.26,54101.26,9488.0,Paid
B102880,A102880,2025-11-10,14222.49,3594.18,16040.13,10127.88,5912.26,Paid
B102881,A102881,2024-09-26,6564.2,21414.44,18639.13,11831.22,6807.91,Paid
B102882,A102882,2025-10-26,3423.92,26966.23,28172.41,17723.58,10448.83,Paid
B102883,A102883,2024-09-27,19296.41,4120.35,29082.83,17395.43,11687.41,Paid
B102884,A102884,2024-02-08,1443.45,16460.49,15060.15,9316.82,5743.32,Pending
B102885,A102885,2026-01-07,1139.67,24152.96,13868.32,11231.11,2637.21,Paid
B102886,A102886,2024-06-27,1738.16,5399.94,7651.18,6266.0,1385.18,Pending
B102887,A102887,2024-04-18,24958.43,22446.8,45695.86,40506.55,5189.3,Paid
B102888,A102888,2024-08-26,2853.78,8400.63,8313.05,4874.1,3438.94,Partially Paid
B102889,A102889,2024-04-09,7742.63,23956.48,36355.51,0.0,36355.51,Paid
B102890,A102890,2024-07-21,80028.83,7661.3,88124.59,75769.43,12355.16,Paid
B102891,A102891,2025-08-25,2243.41,24553.88,14400.07,10765.54,3634.53,Paid
B102892,A102892,2024-02-07,4968.26,9297.3,16465.61,12197.9,4267.71,Paid
B102893,A102893,2024-04-27,7486.92,3692.88,11850.55,0.0,11850.55,Paid
B102894,A102894,2025-11-20,4937.8,8005.64,8378.83,6229.99,2148.84,Paid
B102895,A102895,2025-04-08,76873.97,10194.21,94884.27,54250.99,40633.28,Paid
B102896,A102896,2025-04-17,2539.86,4065.64,10263.69,8875.12,1388.57,Paid
B102897,A102897,2025-02-07,3532.71,6377.68,15007.92,8957.79,6050.13,Paid
B102898,A102898,2025-08-23,3412.1,13198.52,9216.86,0.0,9216.86,Paid
B102899,A102899,2024-05-02,1521.28,18658.08,11152.42,7556.73,3595.69,Partially Paid
B102900,A102900,2024-12-31,4939.4,15791.76,14139.97,9607.49,4532.48,Paid
B102901,A102901,2024-07-25,5252.48,8204.6,9273.93,6023.22,3250.72,Paid
B102902,A102902,2024-05-27,3143.59,6304.43,5844.21,5172.22,671.99,Paid
B102903,A102903,2025-03-22,6353.13,11802.15,19603.1,11358.8,8244.3,Pending
B102904,A102904,2026-01-01,1826.82,6649.6,9858.6,8191.21,1667.39,Paid
B102905,A102905,2025-09-14,13916.97,9327.85,24351.17,0.0,24351.17,Paid
B102906,A102906,2024-10-25,2381.41,4405.3,8681.19,4934.6,3746.59,Pending
B102907,A102907,2025-08-09,12188.64,11807.11,35522.94,26662.14,8860.79,Paid
B102908,A102908,2025-05-03,1410.76,3547.19,4864.5,0.0,4864.5,Paid
B102909,A102909,2024-08-20,2806.15,2587.58,5490.15,3443.47,2046.68,Paid
B102910,A102910,2024-07-26,8133.64,22233.86,17759.5,12070.15,5689.35,Partially Paid
B102911,A102911,2024-12-30,5224.69,10249.43,13813.62,0.0,13813.62,Paid
B102912,A102912,2025-02-04,742.78,20503.5,27573.67,0.0,27573.67,Partially Paid
B102913,A102913,2024-09-16,1554.45,43190.86,40430.46,33839.67,6590.79,Pending
B102914,A102914,2025-03-17,4990.35,8673.13,8854.11,6498.29,2355.82,Pending
B102915,A102915,2025-02-04,2998.36,13820.99,9180.73,5998.83,3181.9,Paid
B102916,A102916,2025-10-27,16305.86,33970.1,33785.77,25064.63,8721.14,Paid
B102917,A102917,2024-12-23,9316.83,8234.24,16047.64,11890.47,4157.17,Paid
B102918,A102918,2025-02-07,8139.05,8142.12,14893.92,8964.86,5929.06,Paid
B102919,A102919,2024-08-30,2213.36,6157.89,8276.73,6469.87,1806.87,Paid
B102920,A102920,2024-12-11,4065.75,9493.83,19731.93,16248.17,3483.76,Pending
B102921,A102921,2024-08-22,1936.27,18195.24,12284.84,9116.85,3167.98,Paid
B102922,A102922,2025-07-02,3176.94,20019.3,18466.62,12721.62,5745.0,Paid
B102923,A102923,2025-09-17,4603.56,7932.7,19739.48,15270.4,4469.08,Paid
B102924,A102924,2025-06-28,1645.39,17844.52,26016.33,19201.38,6814.95,Partially Paid
B102925,A102925,2025-11-03,67198.3,1840.56,71036.65,41135.96,29900.7,Paid
B102926,A102926,2025-06-24,4994.37,44141.45,46066.12,31373.88,14692.24,Paid
B102927,A102927,2024-09-25,15022.06,8291.81,22551.49,19714.87,2836.62,Paid
B102928,A102928,2024-05-10,1704.81,8963.21,10430.58,5961.37,4469.2,Paid
B102929,A102929,2024-08-19,62983.44,15755.07,107597.03,69866.75,37730.27,Paid
B102930,A102930,2024-03-30,19110.32,24148.23,34095.44,28974.26,5121.18,Paid
B102931,A102931,2025-07-21,977.4,21690.84,17140.97,9435.54,7705.42,Partially Paid
B102932,A102932,2025-07-08,3195.24,8201.63,8023.44,7055.88,967.57,Paid
B102933,A102933,2024-01-27,68008.01,21550.18,86515.55,0.0,86515.55,Paid
B102934,A102934,2024-11-27,2382.8,7858.99,18836.75,12859.65,5977.1,Paid
B102935,A102935,2024-02-12,20098.0,20660.09,35616.45,19944.31,15672.14,Pending
B102936,A102936,2025-01-30,3159.97,34254.52,41451.79,23460.64,17991.15,Paid
B102937,A102937,2024-02-10,2173.21,2449.97,8487.93,5546.44,2941.49,Partially Paid
B102938,A102938,2024-04-22,2857.99,16810.08,18356.13,14330.58,4025.55,Paid
B102939,A102939,2025-03-11,67359.57,19651.17,86119.31,49392.97,36726.34,Paid
B102940,A102940,2024-03-08,3590.69,14935.13,16714.2,14350.44,2363.76,Paid
B102941,A102941,2024-06-24,999.08,3835.08,3733.81,3174.39,559.42,Paid
B102942,A102942,2024-02-03,5945.28,5980.2,14929.22,9701.1,5228.11,Paid
B102943,A102943,2025-12-26,1312.29,15272.95,22880.23,14141.43,8738.81,Paid
B102944,A102944,2025-06-17,941.89,5583.45,9895.76,0.0,9895.76,Paid
B102945,A102945,2024-04-17,1837.47,6505.96,9618.99,6240.97,3378.02,Paid
B102946,A102946,2025-04-29,3539.36,3702.63,15685.53,13844.73,1840.81,Pending
B102947,A102947,2024-07-26,72232.67,2745.83,74816.62,56407.72,18408.89,Paid
B102948,A102948,2024-09-04,96309.79,3786.31,100546.17,81204.1,19342.07,Pending
B102949,A102949,2025-11-11,4700.73,4219.72,12779.55,9402.11,3377.44,Paid
B102950,A102950,2024-04-06,3260.89,19711.74,34479.6,29059.97,5419.63,Paid
B102951,A102951,2024-11-12,10195.25,3929.89,13268.46,7751.69,5516.77,Partially Paid
B102952,A102952,2024-01-18,835.85,21648.58,14497.51,11640.7,2856.81,Paid
B102953,A102953,2024-02-25,770.82,24519.06,20755.94,0.0,20755.94,Paid
B102954,A102954,2025-07-31,5520.81,12237.4,24710.06,16706.46,8003.6,Paid
B102955,A102955,2024-06-21,63810.78,8929.48,69191.77,40123.83,29067.95,Paid
B102956,A102956,2024-05-30,1657.97,20926.4,37323.94,0.0,37323.94,Paid
B102957,A102957,2024-07-29,7798.26,15842.05,15590.3,10234.0,5356.29,Paid
B102958,A102958,2025-04-09,8567.72,4505.09,16978.85,12806.75,4172.1,Paid
B102959,A102959,2025-05-27,14069.81,14984.86,23130.64,19854.35,3276.29,Paid
B102960,A102960,2024-07-21,1659.51,3034.5,9594.52,8070.82,1523.71,Paid
B102961,A102961,2024-01-08,1035.27,13459.94,8936.82,0.0,8936.82,Paid
B102962,A102962,2024-08-02,119512.03,15642.84,135302.54,79558.51,55744.03,Pending
B102963,A102963,2024-02-01,91379.15,6029.37,100812.51,0.0,100812.51,Paid
B102964,A102964,2024-07-14,4728.58,12945.32,29890.17,24032.86,5857.31,Paid
B102965,A102965,2024-07-18,4965.41,27586.11,38315.92,28677.55,9638.37,Paid
B102966,A102966,2024-06-01,26578.99,7513.94,39417.41,26222.53,13194.88,Pending
B102967,A102967,2025-06-11,18873.28,6972.22,23734.58,15615.95,8118.62,Paid
B102968,A102968,2025-01-06,2362.72,10480.3,25580.0,20143.17,5436.83,Paid
B102969,A102969,2024-06-10,54859.97,20781.02,64503.05,49737.72,14765.33,Paid
B102970,A102970,2024-03-24,8133.38,9037.56,15969.13,12093.22,3875.9,Pending
B102971,A102971,2024-10-06,7936.76,16850.0,17852.67,15767.53,2085.14,Partially Paid
B102972,A102972,2025-10-31,3551.48,23588.34,39701.12,34269.79,5431.34,Paid
B102973,A102973,2025-12-23,3412.96,17617.27,20036.03,13221.89,6814.14,Paid
B102974,A102974,2025-09-19,2214.06,3262.41,6825.66,0.0,6825.66,Paid
B102975,A102975,2025-06-05,8685.52,7934.69,26365.92,23016.33,3349.6,Paid
B102976,A102976,2024-08-23,118991.18,8553.21,124558.41,77588.33,46970.08,Paid
B102977,A102977,2025-10-14,1296.45,13511.47,16258.62,14502.77,1755.85,Paid
B102978,A102978,2024-06-11,1391.32,8469.36,7604.07,4755.63,2848.44,Paid
B102979,A102979,2024-12-13,107364.66,5628.8,113049.23,0.0,113049.23,Pending
B102980,A102980,2024-10-19,603.28,17580.33,13808.35,9482.67,4325.68,Paid
B102981,A102981,2024-07-25,3351.75,3102.82,7923.81,6856.83,1066.97,Paid
B102982,A102982,2024-11-10,117293.06,28989.58,144159.88,116189.12,27970.76,Paid
B102983,A102983,2025-01-02,4826.61,14652.37,26908.09,20436.88,6471.21,Paid
B102984,A102984,2025-11-07,3906.66,21684.99,13246.41,0.0,13246.41,Paid
B102985,A102985,2025-02-07,9385.18,12242.75,21204.74,15523.05,5681.7,Partially Paid
B102986,A102986,2025-03-27,51440.5,9538.01,55429.79,0.0,55429.79,Paid
B102987,A102987,2024-04-21,16673.88,26333.13,27496.56,19906.14,7590.42,Paid
B102988,A102988,2024-03-27,1784.65,15396.48,19611.09,13392.95,6218.14,Partially Paid
B102989,A102989,2024-12-12,45716.23,11042.73,63655.74,52121.82,11533.92,Partially Paid
B102990,A102990,2025-02-26,4745.32,2641.09,7163.83,4358.16,2805.66,Paid
B102991,A102991,2024-02-23,80319.62,13121.25,100326.11,70975.61,29350.49,Paid
B102992,A102992,2024-08-03,11180.55,39353.59,23467.49,13783.22,9684.28,Partially Paid
B102993,A102993,2024-08-06,16230.08,1928.93,20627.62,11657.74,8969.89,Pending
B102994,A102994,2025-11-09,1880.77,12356.16,11029.12,6963.37,4065.75,Paid
B102995,A102995,2025-03-15,2883.61,10109.44,12543.59,7605.99,4937.6,Paid
B102996,A102996,2024-11-23,6733.7,16969.42,25954.03,21377.04,4576.99,Paid
B102997,A102997,2024-08-19,1015.58,2925.9,2705.74,1640.06,1065.68,Pending
B102998,A102998,2025-12-19,11829.83,27330.47,34029.03,0.0,34029.03,Paid
B102999,A102999,2025-05-02,3913.93,2391.77,7386.96,5362.98,2023.98,Paid
B103000,A103000,2025-03-12,11713.11,26757.68,38590.21,0.0,38590.21,Paid
B103001,A103001,2025-12-27,50494.04,1278.06,54689.14,31259.54,23429.6,Paid
B103002,A103002,2024-10-12,7466.2,3130.04,11743.04,8172.2,3570.84,Paid
B103003,A103003,2025-05-07,1146.78,29422.28,11175.82,8371.19,2804.63,Partially Paid
B103004,A103004,2024-10-10,113290.85,20208.3,132725.42,78466.71,54258.71,Paid
B103005,A103005,2025-03-22,8965.57,19117.33,31901.01,27701.99,4199.02,Paid
B103006,A103006,2024-07-05,8625.29,3126.96,16920.86,9962.66,6958.2,Paid
B103007,A103007,2025-12-26,15049.18,8092.34,32802.69,27577.28,5225.42,Paid
B103008,A103008,2025-09-25,6157.88,1322.35,9451.76,7789.54,1662.22,Paid
B103009,A103009,2024-08-05,1559.51,6619.24,9198.21,7907.16,1291.05,Paid
B103010,A103010,2024-04-08,4004.25,5654.82,11002.45,0.0,11002.45,Paid
B103011,A103011,2024-04-29,1124.84,4088.79,4133.13,2938.91,1194.21,Paid
B103012,A103012,2025-01-09,2545.18,35256.22,41877.54,27642.66,14234.88,Paid
B103013,A103013,2025-02-08,1534.89,3706.86,9830.39,7765.88,2064.52,Paid
B103014,A103014,2025-09-14,814.6,9019.33,15273.51,0.0,15273.51,Partially Paid
B103015,A103015,2025-02-05,1644.34,18161.06,21028.15,12227.66,8800.49,Paid
B103016,A103016,2025-04-04,5678.3,5180.79,10653.11,6675.05,3978.06,Pending
B103017,A103017,2024-12-03,7312.98,60126.54,46711.5,41908.44,4803.06,Paid
B103018,A103018,2025-01-19,2138.31,12864.22,10321.86,6598.26,3723.6,Paid
B103019,A103019,2024-05-31,113283.84,13109.26,133447.94,86783.02,46664.92,Pending
B103020,A103020,2025-04-13,5714.32,45078.94,35631.38,28599.52,7031.86,Paid
B103021,A103021,2025-05-27,7297.96,22471.55,47067.8,31022.87,16044.93,Paid
B103022,A103022,2024-11-25,2060.71,26876.0,14432.59,10607.16,3825.42,Paid
B103023,A103023,2024-09-27,17749.0,9035.75,28519.83,23180.84,5338.99,Paid
B103024,A103024,2025-05-03,2234.38,4704.07,10549.51,7038.6,3510.91,Paid
B103025,A103025,2025-11-14,83920.76,14578.81,96232.5,65076.23,31156.27,Pending
B103026,A103026,2024-06-11,1066.7,7025.03,14314.93,8991.94,5322.99,Paid
B103027,A103027,2024-01-22,7761.01,10513.9,35550.82,0.0,35550.82,Paid
B103028,A103028,2025-12-11,1075.42,18605.23,19667.65,17652.12,2015.53,Paid
B103029,A103029,2024-06-06,1958.55,9712.57,8567.59,4899.22,3668.36,Pending
B103030,A103030,2024-04-11,1505.73,2340.6,2760.08,0.0,2760.08,Partially Paid
B103031,A103031,2025-07-27,2223.87,2598.66,7351.91,4926.82,2425.09,Paid
B103032,A103032,2024-02-17,3619.27,10657.68,24662.58,16627.07,8035.51,Paid
B103033,A103033,2024-07-12,2225.17,4219.94,6078.63,4458.54,1620.09,Paid
B103034,A103034,2024-11-12,1328.31,9103.44,27987.95,0.0,27987.95,Paid
B103035,A103035,2025-09-18,6529.52,10344.12,29720.13,21455.74,8264.39,Paid
B103036,A103036,2025-08-29,6765.19,8157.92,13980.05,11414.54,2565.51,Paid
B103037,A103037,2026-01-02,10518.04,10569.31,17951.63,10270.97,7680.66,Paid
B103038,A103038,2025-04-14,904.12,9906.5,23069.0,0.0,23069.0,Paid
B103039,A103039,2024-06-15,7232.2,8527.31,15886.33,13645.5,2240.83,Paid
B103040,A103040,2024-12-28,3165.09,49488.16,27219.99,0.0,27219.99,Partially Paid
B103041,A103041,2024-08-23,8300.07,3512.0,10893.76,7210.97,3682.79,Paid
B103042,A103042,2025-02-10,5008.51,13969.82,15109.02,10815.75,4293.27,Paid
B103043,A103043,2024-12-24,5395.67,32520.25,38615.16,29285.52,9329.64,Pending
B103044,A103044,2024-06-18,20257.53,13365.92,31475.32,26083.72,5391.6,Pending
B103045,A103045,2024-05-31,7810.36,17679.48,20348.33,0.0,20348.33,Paid
B103046,A103046,2024-02-03,1798.68,24862.94,23784.79,15972.87,7811.92,Partially Paid
B103047,A103047,2024-09-21,7085.71,14075.19,15331.34,10755.89,4575.44,Paid
B103048,A103048,2025-08-21,2395.58,3562.84,4216.09,0.0,4216.09,Pending
B103049,A103049,2025-09-15,2174.27,6687.06,13153.44,0.0,13153.44,Pending
B103050,A103050,2025-03-20,2296.53,10416.38,12519.96,0.0,12519.96,Paid
B103051,A103051,2025-09-25,6379.03,15285.62,21766.7,19490.34,2276.36,Paid
B103052,A103052,2025-06-15,2250.52,22044.96,10786.33,0.0,10786.33,Paid
B103053,A103053,2024-08-04,4885.82,11695.96,28354.79,17758.72,10596.07,Paid
B103054,A103054,2025-07-02,1367.93,11706.11,11255.01,7812.6,3442.41,Paid
B103055,A103055,2025-03-23,2362.12,12375.75,8447.62,6258.31,2189.31,Pending
B103056,A103056,2025-03-31,3713.04,9455.48,16687.46,12671.56,4015.9,Paid
B103057,A103057,2025-11-30,5107.13,10177.83,17991.99,11771.09,6220.9,Pending
B103058,A103058,2025-02-10,3943.77,7036.75,9181.52,8005.36,1176.17,Paid
B103059,A103059,2024-03-12,2148.77,9594.29,13882.15,12056.14,1826.01,Paid
B103060,A103060,2025-02-13,11514.7,14944.04,28130.69,17085.54,11045.15,Pending
B103061,A103061,2025-07-30,1539.0,6039.95,9472.88,8292.63,1180.25,Paid
B103062,A103062,2025-03-18,40318.53,31445.39,64639.03,45628.04,19010.99,Paid
B103063,A103063,2024-08-19,4627.2,16417.1,13127.84,9233.81,3894.04,Paid
B103064,A103064,2025-04-22,2141.97,5609.74,6421.1,3942.3,2478.8,Pending
B103065,A103065,2025-04-14,18919.6,3941.31,21557.89,12489.88,9068.01,Paid
B103066,A103066,2024-04-15,4860.88,17344.34,10953.15,6976.76,3976.4,Pending
B103067,A103067,2025-03-01,2914.19,10065.24,7783.57,6678.52,1105.05,Paid
B103068,A103068,2024-12-29,3202.77,24278.85,39017.83,27017.81,12000.02,Pending
B103069,A103069,2024-05-22,3498.16,11314.0,10888.42,0.0,10888.42,Paid
B103070,A103070,2025-10-02,2140.62,18216.63,32266.19,24519.05,7747.14,Paid
B103071,A103071,2025-07-24,1759.92,5020.77,5294.83,2927.41,2367.41,Partially Paid
B103072,A103072,2024-05-16,1120.04,22877.71,25472.01,16959.0,8513.02,Paid
B103073,A103073,2025-07-10,1941.82,23421.63,29011.98,17252.12,11759.87,Paid
B103074,A103074,2025-04-15,4273.32,7681.02,15219.42,12341.78,2877.64,Partially Paid
B103075,A103075,2025-04-26,4154.48,5394.78,11940.13,9396.36,2543.77,Partially Paid
B103076,A103076,2024-04-24,1932.03,16748.09,17437.86,0.0,17437.86,Paid
B103077,A103077,2024-06-15,1576.04,46337.15,18709.87,11656.27,7053.6,Paid
B103078,A103078,2024-09-03,3903.35,11167.43,20989.58,18174.3,2815.27,Paid
B103079,A103079,2025-12-25,9639.2,8990.26,29211.03,17266.22,11944.82,Paid
B103080,A103080,2025-11-18,5902.56,22447.78,14194.58,0.0,14194.58,Paid
B103081,A103081,2024-10-06,5146.47,3503.81,8104.06,5496.12,2607.95,Paid
B103082,A103082,2025-01-01,23116.26,11328.66,30186.27,22559.05,7627.22,Paid
B103083,A103083,2025-09-17,1951.73,3127.31,3853.93,3359.4,494.53,Partially Paid
B103084,A103084,2025-02-14,9133.01,6811.01,21070.1,18310.79,2759.31,Paid
B103085,A103085,2024-06-30,11461.61,13547.32,30484.68,18256.1,12228.58,Paid
B103086,A103086,2025-08-29,1824.17,9646.98,12678.59,10465.37,2213.21,Paid
B103087,A103087,2024-06-03,22241.4,43379.27,95484.74,83745.36,11739.37,Pending
B103088,A103088,2025-05-22,5438.77,3544.3,13722.34,11550.55,2171.79,Paid
B103089,A103089,2024-10-24,11707.22,11132.81,25468.41,17700.01,7768.4,Paid
B103090,A103090,2025-05-16,4440.98,31009.63,34111.86,0.0,34111.86,Pending
B103091,A103091,2025-02-24,50389.11,5432.34,54679.91,47596.28,7083.63,Paid
B103092,A103092,2024-07-26,1681.4,2416.79,6937.55,0.0,6937.55,Partially Paid
B103093,A103093,2024-11-17,3094.91,16889.53,9285.41,5929.69,3355.71,Paid
B103094,A103094,2024-03-16,88943.18,7568.19,93269.55,61859.35,31410.2,Paid
B103095,A103095,2024-09-29,3247.52,22028.38,38675.06,28874.97,9800.09,Paid
B103096,A103096,2024-12-27,2413.47,10647.66,16217.87,11225.58,4992.29,Partially Paid
B103097,A103097,2024-06-04,36740.4,28530.25,66253.68,0.0,66253.68,Paid
B103098,A103098,2024-08-20,4672.75,18363.76,18255.19,13710.26,4544.93,Paid
B103099,A103099,2024-04-16,8302.92,6358.61,14753.61,10210.17,4543.44,Pending
B103100,A103100,2025-07-15,2155.32,9834.74,19749.72,14135.02,5614.7,Paid
B103101,A103101,2024-12-24,7245.89,13412.44,18844.02,15328.38,3515.64,Paid
B103102,A103102,2025-06-22,7664.62,2951.94,11269.31,0.0,11269.31,Paid
B103103,A103103,2024-09-25,1785.62,9863.22,24585.95,14087.69,10498.26,Paid
B103104,A103104,2025-07-27,109551.26,10571.93,115589.19,63615.77,51973.42,Pending
B103105,A103105,2025-07-29,3087.35,9487.83,15370.36,10738.34,4632.01,Pending
B103106,A103106,2024-03-13,4690.82,3934.48,9946.48,6446.93,3499.55,Pending
B103107,A103107,2025-03-24,1197.95,2843.35,5314.18,0.0,5314.18,Partially Paid
B103108,A103108,2025-03-26,5177.62,7360.63,18877.84,0.0,18877.84,Pending
B103109,A103109,2024-09-17,4304.49,6723.37,16078.72,8890.12,7188.6,Paid
B103110,A103110,2025-10-02,46298.58,12431.84,52476.43,0.0,52476.43,Paid
B103111,A103111,2025-06-24,2273.14,25338.51,30267.93,18000.01,12267.92,Pending
B103112,A103112,2024-05-01,5742.78,4713.55,10510.42,8065.79,2444.63,Paid
B103113,A103113,2024-03-07,1548.87,1204.4,3108.27,2352.71,755.56,Paid
B103114,A103114,2024-09-03,6466.75,5327.58,10556.61,6092.66,4463.95,Paid
B103115,A103115,2024-03-03,1470.75,26206.77,12072.74,10026.93,2045.8,Pending
B103116,A103116,2024-02-18,6557.21,10548.81,28921.51,17536.46,11385.05,Pending
B103117,A103117,2025-06-19,8075.71,21909.28,60406.1,36881.69,23524.41,Paid
B103118,A103118,2025-03-05,6193.04,20947.45,27733.89,0.0,27733.89,Partially Paid
B103119,A103119,2025-06-21,28844.27,7421.06,36785.07,24505.74,12279.33,Paid
B103120,A103120,2025-01-31,1192.85,3121.16,9521.07,8452.52,1068.56,Paid
B103121,A103121,2025-03-29,8161.67,6948.1,19953.46,17310.82,2642.64,Paid
B103122,A103122,2024-09-19,1597.02,19322.13,24800.84,14081.8,10719.04,Paid
B103123,A103123,2024-12-28,67175.12,4767.29,75532.01,0.0,75532.01,Paid
B103124,A103124,2025-09-02,5624.19,7659.88,12456.5,10267.31,2189.19,Paid
B103125,A103125,2025-01-22,1682.73,25457.07,32566.4,25084.14,7482.26,Pending
B103126,A103126,2025-03-24,15138.64,20407.11,23980.65,19666.12,4314.53,Paid
B103127,A103127,2025-06-23,5877.41,20395.94,31771.53,0.0,31771.53,Paid
B103128,A103128,2025-04-25,1556.8,18679.2,25492.69,17491.03,8001.66,Paid
B103129,A103129,2024-06-07,5065.1,8413.11,14054.12,0.0,14054.12,Paid
B103130,A103130,2024-03-31,4968.06,5084.59,10025.85,6538.79,3487.06,Pending
B103131,A103131,2024-07-21,8419.7,2262.55,12456.18,7102.25,5353.92,Paid
B103132,A103132,2025-04-08,10362.31,5016.66,19073.66,16434.16,2639.5,Paid
B103133,A103133,2025-05-05,13561.64,36380.77,35262.61,31071.06,4191.55,Paid
B103134,A103134,2025-12-11,5658.08,6324.11,13741.33,0.0,13741.33,Paid
B103135,A103135,2025-07-16,2097.32,13727.55,16704.85,13496.22,3208.63,Paid
B103136,A103136,2025-04-04,13655.25,17397.16,29138.23,0.0,29138.23,Paid
B103137,A103137,2025-04-19,101094.57,12625.8,121471.69,89628.35,31843.34,Paid
B103138,A103138,2025-01-19,1190.8,22039.23,16090.21,0.0,16090.21,Paid
B103139,A103139,2025-02-08,6735.88,11692.89,16877.11,12473.59,4403.52,Pending
B103140,A103140,2024-03-23,3559.64,6731.91,10364.47,6111.77,4252.7,Paid
B103141,A103141,2025-07-14,1555.19,26725.83,27980.94,0.0,27980.94,Paid
B103142,A103142,2025-01-21,6223.99,2002.09,9834.15,5468.35,4365.79,Paid
B103143,A103143,2025-10-29,4440.9,2584.42,7917.33,4568.13,3349.2,Paid
B103144,A103144,2025-10-26,3545.04,7402.25,18674.21,13593.19,5081.03,Paid
B103145,A103145,2024-12-11,1440.57,7070.14,12520.5,7665.48,4855.02,Pending
B103146,A103146,2025-03-24,22949.74,16314.55,32512.96,21947.45,10565.51,Paid
B103147,A103147,2024-03-12,114804.91,39782.26,194152.09,163663.03,30489.06,Pending
B103148,A103148,2024-09-14,7608.81,23481.29,16904.95,9812.12,7092.83,Pending
B103149,A103149,2025-10-28,3308.58,21895.09,13660.32,11490.38,2169.94,Paid
B103150,A103150,2024-11-27,20661.25,13265.05,33726.74,29109.81,4616.93,Partially Paid
B103151,A103151,2025-05-10,1506.75,2555.16,9691.42,6410.81,3280.61,Pending
B103152,A103152,2024-12-22,4194.57,17758.36,21895.56,15531.59,6363.97,Partially Paid
B103153,A103153,2025-04-10,1451.76,20832.79,29326.31,20359.81,8966.5,Paid
B103154,A103154,2025-05-17,4456.45,11001.29,21182.7,0.0,21182.7,Paid
B103155,A103155,2024-05-14,3528.75,43640.77,21139.67,12322.31,8817.36,Pending
B103156,A103156,2024-08-05,6537.83,58043.53,44411.58,31423.94,12987.64,Paid
B103157,A103157,2025-10-08,7935.38,8443.91,13571.21,10157.27,3413.94,Paid
B103158,A103158,2024-01-23,6691.85,3769.37,11302.39,0.0,11302.39,Paid
B103159,A103159,2025-08-16,9107.14,5323.67,16639.3,13113.66,3525.64,Paid
B103160,A103160,2025-08-05,24072.85,34942.99,102286.08,0.0,102286.08,Paid
B103161,A103161,2024-12-30,6122.56,11663.02,17022.46,14507.44,2515.01,Partially Paid
B103162,A103162,2024-12-31,1736.49,20684.96,8744.29,6661.45,2082.84,Paid
B103163,A103163,2024-05-01,2490.44,11756.14,20341.71,12799.1,7542.62,Paid
B103164,A103164,2024-02-26,419.91,6693.43,7611.29,6520.18,1091.12,Paid
B103165,A103165,2024-10-23,1779.19,13631.24,18063.08,15375.67,2687.41,Paid
B103166,A103166,2024-02-23,7223.42,4046.66,11357.81,7718.11,3639.7,Partially Paid
B103167,A103167,2024-09-18,2434.36,13241.97,17244.55,10626.48,6618.07,Paid
B103168,A103168,2025-05-12,900.48,12121.9,15711.24,12921.73,2789.51,Paid
B103169,A103169,2025-08-02,812.57,31105.99,12169.24,6947.84,5221.4,Partially Paid
B103170,A103170,2024-08-14,11134.91,5863.85,14501.59,10147.88,4353.7,Paid
B103171,A103171,2025-04-14,1790.74,3182.02,4265.6,3032.34,1233.27,Paid
B103172,A103172,2024-04-20,32965.64,27012.66,55517.09,42758.32,12758.77,Paid
B103173,A103173,2024-02-20,3886.16,8359.15,8148.14,5255.47,2892.67,Paid
B103174,A103174,2024-12-09,513.83,7670.21,7729.52,5211.25,2518.27,Paid
B103175,A103175,2024-08-21,54236.71,3886.15,57228.73,50571.6,6657.13,Paid
B103176,A103176,2025-08-08,7957.84,5070.6,25445.53,21769.43,3676.1,Paid
B103177,A103177,2025-07-14,1048.28,7704.97,5300.15,3623.36,1676.79,Paid
B103178,A103178,2024-08-20,7363.75,8042.9,17666.33,15695.12,1971.21,Paid
B103179,A103179,2025-06-11,2236.45,24603.71,16154.73,0.0,16154.73,Paid
B103180,A103180,2025-12-02,1689.92,6372.05,16666.88,10941.66,5725.23,Paid
B103181,A103181,2025-08-24,9948.29,36036.29,32027.2,0.0,32027.2,Paid
B103182,A103182,2024-01-15,4837.95,8812.02,9241.2,7024.21,2216.99,Pending
B103183,A103183,2025-05-17,20406.88,7039.58,36552.42,26824.74,9727.68,Paid
B103184,A103184,2025-03-22,11631.24,7726.61,14672.48,12024.96,2647.52,Pending
B103185,A103185,2024-12-13,1112.06,17762.74,23907.25,21327.16,2580.1,Paid
B103186,A103186,2024-12-01,1032.79,30272.08,45299.43,0.0,45299.43,Partially Paid
B103187,A103187,2025-08-22,2467.45,13168.94,19897.45,13957.07,5940.38,Paid
B103188,A103188,2025-08-23,1783.16,11759.0,14111.88,11135.04,2976.84,Paid
B103189,A103189,2024-06-08,3988.44,8882.72,9689.02,7121.07,2567.95,Paid
B103190,A103190,2025-10-25,8559.66,29886.94,30320.89,23390.78,6930.11,Pending
B103191,A103191,2025-08-03,2995.22,23938.02,21707.57,17049.48,4658.09,Paid
B103192,A103192,2025-03-14,89705.41,33803.79,107883.06,0.0,107883.06,Paid
B103193,A103193,2025-07-10,8124.42,6094.32,12625.49,9137.75,3487.74,Paid
B103194,A103194,2025-02-14,1643.87,9611.96,8888.7,7266.26,1622.43,Paid
B103195,A103195,2024-06-12,3180.86,21158.52,11378.89,10042.23,1336.65,Paid
B103196,A103196,2024-07-13,1188.8,42112.82,38884.93,24381.77,14503.16,Pending
B103197,A103197,2025-05-08,16770.59,5906.12,24804.88,16969.16,7835.72,Partially Paid
B103198,A103198,2025-06-22,1141.5,9394.67,13372.5,9957.96,3414.54,Paid
B103199,A103199,2025-01-01,8778.82,22326.42,27113.57,18657.37,8456.21,Paid
B103200,A103200,2025-12-18,5174.47,3256.53,7599.88,6122.59,1477.29,Pending
B103201,A103201,2024-12-31,3546.77,13438.57,13037.31,7927.67,5109.64,Paid
B103202,A103202,2024-08-15,3051.02,16944.11,15841.51,13960.63,1880.88,Paid
B103203,A103203,2025-09-06,11419.19,5454.83,17040.15,11619.83,5420.33,Paid
B103204,A103204,2024-07-26,5163.07,10844.3,17980.04,15646.09,2333.95,Pending
B103205,A103205,2024-01-14,9085.29,26571.58,23308.17,0.0,23308.17,Pending
B103206,A103206,2025-04-19,18465.27,11055.59,31386.03,19420.84,11965.19,Partially Paid
B103207,A103207,2024-06-23,2419.69,6668.15,15259.06,0.0,15259.06,Paid
B103208,A103208,2025-12-27,981.63,20536.37,27354.68,0.0,27354.68,Paid
B103209,A103209,2024-04-25,2816.62,45017.52,92534.23,52000.43,40533.79,Paid
B103210,A103210,2025-11-11,8323.49,21686.53,21542.13,14880.6,6661.53,Partially Paid
B103211,A103211,2025-09-07,103865.41,30297.99,124886.58,86803.6,38082.98,Paid
B103212,A103212,2024-11-13,7769.34,23401.01,47175.29,36934.16,10241.13,Paid
B103213,A103213,2025-10-25,6248.41,14825.42,23648.3,17324.11,6324.19,Paid
B103214,A103214,2024-09-28,8253.74,26726.46,35579.77,28680.31,6899.46,Paid
B103215,A103215,2025-04-24,7649.7,10155.22,15705.93,0.0,15705.93,Pending
B103216,A103216,2024-11-01,1712.79,9917.38,27634.99,19139.68,8495.31,Partially Paid
B103217,A103217,2025-04-15,6899.81,18951.92,18664.25,12924.38,5739.86,Partially Paid
B103218,A103218,2025-09-15,1832.15,15162.76,29385.17,19535.04,9850.14,Paid
B103219,A103219,2025-11-25,34006.15,19499.55,41645.68,24045.73,17599.95,Pending
B103220,A103220,2024-11-30,10314.27,25241.66,31137.19,22113.91,9023.28,Paid
B103221,A103221,2024-04-21,6588.96,6126.46,14515.07,12371.81,2143.25,Partially Paid
B103222,A103222,2025-12-20,1556.04,16890.01,28672.05,20038.83,8633.22,Paid
B103223,A103223,2024-05-12,7449.27,14171.02,24282.52,14574.47,9708.05,Paid
B103224,A103224,2024-05-18,7760.46,8782.8,11572.61,0.0,11572.61,Partially Paid
B103225,A103225,2025-06-29,1044.49,22764.17,14125.64,11517.84,2607.8,Partially Paid
B103226,A103226,2025-10-13,24203.84,8091.06,33729.99,0.0,33729.99,Paid
B103227,A103227,2024-06-14,3233.6,4266.65,10981.0,0.0,10981.0,Partially Paid
B103228,A103228,2024-12-17,2469.45,10370.26,6117.79,0.0,6117.79,Paid
B103229,A103229,2025-04-08,53500.74,3601.69,55537.82,42343.34,13194.48,Paid
B103230,A103230,2025-10-05,4650.24,3045.84,6670.41,5764.88,905.53,Pending
B103231,A103231,2025-05-23,1491.43,10439.79,15937.51,10216.44,5721.07,Partially Paid
B103232,A103232,2024-06-07,3441.54,35123.19,29330.56,0.0,29330.56,Paid
B103233,A103233,2024-09-06,16132.97,6879.11,28096.68,17618.93,10477.75,Paid
B103234,A103234,2024-04-24,1844.57,21878.88,11872.52,7968.0,3904.51,Partially Paid
B103235,A103235,2025-08-14,7993.87,9328.98,36509.74,26055.39,10454.35,Partially Paid
B103236,A103236,2024-10-04,2039.46,5986.47,13305.36,0.0,13305.36,Partially Paid
B103237,A103237,2024-03-13,1624.36,19431.55,21413.04,0.0,21413.04,Pending
B103238,A103238,2024-02-22,1601.26,9297.57,8884.58,6756.78,2127.8,Paid
B103239,A103239,2025-06-03,7457.58,16244.67,18871.11,10459.13,8411.99,Pending
B103240,A103240,2024-08-15,4789.1,7150.04,12085.81,8692.25,3393.57,Paid
B103241,A103241,2025-08-14,2034.8,20339.99,24519.43,19144.68,5374.76,Pending
B103242,A103242,2025-05-21,3854.84,3344.76,5166.54,3380.99,1785.55,Paid
B103243,A103243,2024-06-07,7632.95,14410.15,25209.47,21551.36,3658.11,Partially Paid
B103244,A103244,2025-04-27,23792.03,11747.2,36790.94,23805.2,12985.74,Pending
B103245,A103245,2024-04-25,8089.67,17150.24,29645.57,0.0,29645.57,Paid
B103246,A103246,2025-05-01,1891.44,9678.74,13918.89,11714.61,2204.27,Paid
B103247,A103247,2024-10-03,92876.49,11070.35,97434.3,61550.74,35883.56,Paid
B103248,A103248,2024-06-06,4226.06,5842.53,12777.94,0.0,12777.94,Paid
B103249,A103249,2025-10-14,107382.59,3174.7,112158.98,0.0,112158.98,Pending
B103250,A103250,2024-06-22,5985.86,19622.58,27764.73,22811.12,4953.62,Paid
B103251,A103251,2024-01-21,1124.68,5234.49,9462.61,7065.63,2396.99,Partially Paid
B103252,A103252,2024-12-17,7219.35,23263.68,26409.8,0.0,26409.8,Paid
B103253,A103253,2025-07-26,3044.76,12901.56,18631.94,11317.62,7314.32,Partially Paid
B103254,A103254,2024-10-21,1940.95,1413.8,4759.0,3246.77,1512.24,Pending
B103255,A103255,2025-10-08,2926.86,6601.13,11606.7,6735.62,4871.08,Paid
B103256,A103256,2025-04-16,15016.36,21731.95,42583.9,33723.82,8860.08,Paid
B103257,A103257,2024-12-08,6465.16,18165.22,24200.58,21349.59,2850.99,Paid
B103258,A103258,2025-03-29,5177.87,5543.46,10596.79,7363.9,3232.88,Paid
B103259,A103259,2024-12-15,2914.69,19201.25,18093.17,15457.23,2635.94,Paid
B103260,A103260,2025-12-24,8094.92,22499.27,33788.91,22452.34,11336.58,Pending
B103261,A103261,2025-09-25,11699.24,7408.23,22675.6,14430.86,8244.75,Paid
B103262,A103262,2024-03-30,1568.72,14423.59,11153.3,7439.47,3713.84,Pending
B103263,A103263,2025-11-30,1278.94,8638.08,8931.17,0.0,8931.17,Paid
B103264,A103264,2025-10-22,27490.01,3634.97,28718.31,0.0,28718.31,Paid
B103265,A103265,2025-01-27,7707.55,10069.23,12750.81,10089.99,2660.82,Paid
B103266,A103266,2024-08-21,2130.84,21270.37,13878.57,11833.76,2044.81,Paid
B103267,A103267,2024-10-16,2998.36,11880.59,17868.48,0.0,17868.48,Paid
B103268,A103268,2024-10-14,2019.1,8758.65,7814.08,5914.88,1899.21,Pending
B103269,A103269,2025-11-26,46112.03,13339.65,59023.99,35762.84,23261.15,Paid
B103270,A103270,2024-04-22,22510.86,6080.35,29865.76,24334.16,5531.6,Paid
B103271,A103271,2024-05-17,1346.96,7155.0,13722.46,7973.81,5748.66,Partially Paid
B103272,A103272,2024-10-22,42714.48,21898.57,64396.91,39441.92,24954.99,Paid
B103273,A103273,2025-09-07,79374.19,3293.09,81984.63,0.0,81984.63,Paid
B103274,A103274,2025-12-20,9832.62,12042.1,30307.56,17918.05,12389.51,Paid
B103275,A103275,2025-05-24,76999.41,2950.13,81515.98,70401.56,11114.42,Paid
B103276,A103276,2025-09-25,92411.61,12131.95,113254.25,81809.97,31444.28,Paid
B103277,A103277,2024-02-02,990.44,6782.59,12521.7,8137.42,4384.28,Pending
B103278,A103278,2025-02-04,2155.13,22525.86,33229.06,19890.55,13338.51,Partially Paid
B103279,A103279,2024-02-03,1582.47,24698.13,32365.09,19721.74,12643.36,Paid
B103280,A103280,2025-04-13,3154.51,8534.03,11838.79,9536.93,2301.86,Paid
B103281,A103281,2024-01-19,3465.96,10006.59,17719.9,0.0,17719.9,Paid
B103282,A103282,2025-07-09,989.99,2946.14,3933.57,3050.71,882.86,Pending
B103283,A103283,2025-03-22,5129.11,6529.6,11945.2,0.0,11945.2,Paid
B103284,A103284,2024-08-23,5956.98,24145.64,54943.22,35236.97,19706.26,Paid
B103285,A103285,2025-04-09,8228.14,4662.54,12968.22,9343.65,3624.57,Paid
B103286,A103286,2024-01-23,2249.66,3527.29,11003.63,7212.38,3791.25,Paid
B103287,A103287,2025-01-23,7249.33,4764.2,15660.27,11329.34,4330.94,Paid
B103288,A103288,2025-10-13,3949.27,8524.86,17060.45,9450.23,7610.22,Paid
B103289,A103289,2024-12-01,3530.42,39481.55,19381.75,16646.16,2735.59,Paid
B103290,A103290,2025-04-14,5572.3,5060.51,18009.02,13613.62,4395.39,Paid
B103291,A103291,2025-10-23,5343.8,12976.3,13370.15,9646.01,3724.14,Partially Paid
B103292,A103292,2025-06-09,2591.05,9566.09,14294.55,10263.96,4030.59,Paid
B103293,A103293,2024-08-15,2931.35,5497.66,6721.77,5496.71,1225.05,Paid
B103294,A103294,2025-10-19,1956.23,11235.57,10506.8,7789.04,2717.75,Paid
B103295,A103295,2025-04-24,1909.79,18227.3,17211.37,13328.06,3883.31,Pending
B103296,A103296,2025-09-12,28180.75,11593.22,31795.7,0.0,31795.7,Paid
B103297,A103297,2025-12-14,5627.62,18909.4,19224.11,16329.08,2895.03,Partially Paid
B103298,A103298,2025-04-03,59205.88,2464.4,61134.16,45439.1,15695.06,Paid
B103299,A103299,2025-10-02,7095.7,3351.54,8436.78,6365.38,2071.4,Paid
B103300,A103300,2024-08-20,3539.51,60088.88,65797.96,0.0,65797.96,Paid
B103301,A103301,2025-10-30,2303.3,17001.56,24628.87,17616.98,7011.89,Partially Paid
B103302,A103302,2025-05-02,10465.64,26727.27,19732.82,17090.87,2641.94,Pending
B103303,A103303,2024-07-03,3001.3,20910.73,15869.56,11747.86,4121.7,Paid
B103304,A103304,2025-06-25,4898.13,9310.45,16862.15,14728.85,2133.31,Pending
B103305,A103305,2025-06-15,8228.59,6517.46,22847.08,0.0,22847.08,Pending
B103306,A103306,2024-01-23,3000.94,2447.02,5801.16,0.0,5801.16,Paid
B103307,A103307,2024-12-17,14435.94,15596.79,25043.32,19593.06,5450.26,Paid
B103308,A103308,2025-08-04,12623.92,16880.56,22729.53,18204.55,4524.98,Paid
B103309,A103309,2024-02-02,4562.12,45936.83,55700.89,39753.49,15947.4,Paid
B103310,A103310,2025-02-16,1279.92,11180.72,10302.61,8213.89,2088.72,Paid
B103311,A103311,2025-05-03,2473.17,2932.04,10048.49,6373.8,3674.68,Paid
B103312,A103312,2025-06-15,1515.88,9674.2,8256.35,5376.31,2880.04,Paid
B103313,A103313,2025-02-20,4221.21,2805.99,7867.96,0.0,7867.96,Partially Paid
B103314,A103314,2024-10-04,4443.86,12650.05,25084.71,18035.59,7049.12,Paid
B103315,A103315,2024-07-27,2233.82,9419.15,20130.93,13773.12,6357.81,Paid
B103316,A103316,2024-10-27,5386.71,9071.48,10508.69,6024.91,4483.79,Paid
B103317,A103317,2025-11-16,4546.01,50829.92,34096.3,30495.22,3601.08,Paid
B103318,A103318,2025-07-18,1332.13,36249.95,49102.06,0.0,49102.06,Paid
B103319,A103319,2024-04-29,1425.15,30498.07,37884.64,0.0,37884.64,Pending
B103320,A103320,2025-09-30,1533.94,8260.13,6108.96,0.0,6108.96,Partially Paid
B103321,A103321,2024-06-06,570.9,21575.64,10750.6,0.0,10750.6,Paid
B103322,A103322,2024-01-25,2999.38,48359.28,39477.21,0.0,39477.21,Partially Paid
B103323,A103323,2025-12-20,5171.49,17427.14,19134.72,14082.83,5051.89,Paid
B103324,A103324,2024-03-21,9547.61,4672.43,13573.99,10489.8,3084.18,Paid
B103325,A103325,2025-07-14,6195.15,20275.75,29119.68,0.0,29119.68,Paid
B103326,A103326,2024-06-25,947.17,29341.11,28568.58,19273.58,9295.0,Pending
B103327,A103327,2024-09-11,7391.87,24855.38,25566.26,22876.97,2689.29,Pending
B103328,A103328,2024-05-03,6769.62,9501.46,16960.91,11545.64,5415.28,Partially Paid
B103329,A103329,2025-01-23,25809.52,6752.82,29896.27,0.0,29896.27,Paid
B103330,A103330,2025-03-19,18840.24,20080.65,39765.66,24126.68,15638.98,Paid
B103331,A103331,2024-10-02,23505.52,10331.04,29004.95,24350.29,4654.66,Paid
B103332,A103332,2024-11-01,3221.01,15710.34,13794.76,0.0,13794.76,Paid
B103333,A103333,2025-12-23,5126.53,8525.77,8995.07,7251.58,1743.49,Pending
B103334,A103334,2025-04-19,1053.78,8108.49,9745.93,0.0,9745.93,Partially Paid
B103335,A103335,2024-06-09,980.35,9227.0,7419.05,0.0,7419.05,Paid
B103336,A103336,2025-09-27,9038.57,13314.62,21863.82,0.0,21863.82,Paid
B103337,A103337,2024-08-19,1446.04,21957.3,15314.13,13659.88,1654.25,Paid
B103338,A103338,2025-02-27,59649.04,9582.27,70356.84,43425.49,26931.35,Paid
B103339,A103339,2024-01-30,6610.49,13583.1,19311.88,0.0,19311.88,Paid
B103340,A103340,2025-06-28,51402.7,12054.03,76047.6,0.0,76047.6,Partially Paid
B103341,A103341,2025-07-25,7960.27,5272.55,16104.62,11787.75,4316.87,Paid
B103342,A103342,2025-10-09,9207.97,37641.78,40256.54,0.0,40256.54,Paid
B103343,A103343,2025-06-30,93101.63,16672.46,122588.05,76243.1,46344.95,Paid
B103344,A103344,2024-05-12,50101.5,10780.35,62518.07,35839.7,26678.38,Partially Paid
B103345,A103345,2024-04-13,19596.32,34562.71,52063.35,42819.53,9243.82,Partially Paid
B103346,A103346,2025-12-06,5375.84,9588.42,11732.46,8520.09,3212.37,Partially Paid
B103347,A103347,2025-02-28,52746.25,13295.77,59505.87,53273.19,6232.68,Paid
B103348,A103348,2024-09-29,5073.88,1369.48,6809.21,5024.11,1785.09,Partially Paid
B103349,A103349,2025-05-02,5508.25,10699.78,16169.52,9532.28,6637.24,Partially Paid
B103350,A103350,2024-01-09,9020.96,15507.12,26193.23,0.0,26193.23,Paid
B103351,A103351,2024-06-10,3060.64,22248.15,13964.18,10241.06,3723.12,Paid
B103352,A103352,2024-02-22,1974.39,1594.24,3483.25,2627.75,855.5,Partially Paid
B103353,A103353,2024-08-31,5318.59,3585.6,7992.13,0.0,7992.13,Paid
B103354,A103354,2025-10-28,13551.96,9259.9,20230.03,12211.9,8018.13,Paid
B103355,A103355,2025-02-25,2123.48,5036.52,5910.48,0.0,5910.48,Paid
B103356,A103356,2025-03-07,3562.64,21739.68,33020.94,27922.15,5098.79,Paid
B103357,A103357,2024-03-26,5170.16,10135.64,25095.67,13891.24,11204.43,Paid
B103358,A103358,2025-11-28,1804.24,4779.13,10555.46,8563.43,1992.03,Paid
B103359,A103359,2024-12-20,17456.47,1806.31,19397.83,14247.18,5150.65,Paid
B103360,A103360,2025-09-12,17744.98,3190.92,20761.65,16107.56,4654.08,Paid
B103361,A103361,2025-11-02,8038.42,7638.85,33895.38,19112.97,14782.41,Partially Paid
B103362,A103362,2024-11-08,931.95,85218.82,60288.64,0.0,60288.64,Paid
B103363,A103363,2025-12-20,1919.71,12868.54,6807.33,4871.66,1935.67,Partially Paid
B103364,A103364,2024-05-02,2761.65,10469.07,21828.7,12984.67,8844.03,Paid
B103365,A103365,2025-06-20,59490.06,35533.88,85318.0,74680.14,10637.86,Paid
B103366,A103366,2025-04-25,4805.66,2741.89,8274.54,4585.23,3689.31,Pending
B103367,A103367,2024-10-24,1062.83,13586.13,16072.37,9366.96,6705.41,Partially Paid
B103368,A103368,2025-11-02,4325.13,16489.42,18446.95,13818.45,4628.5,Paid
B103369,A103369,2025-05-05,4832.12,48161.44,57491.98,31707.67,25784.31,Partially Paid
B103370,A103370,2024-01-30,1686.99,21679.67,13752.59,12346.85,1405.74,Paid
B103371,A103371,2025-03-08,5882.79,8273.29,12700.71,7117.87,5582.84,Paid
B103372,A103372,2024-10-18,2879.43,40061.05,24238.67,0.0,24238.67,Paid
B103373,A103373,2024-11-15,5377.86,5970.39,18818.51,12731.4,6087.11,Paid
B103374,A103374,2025-10-07,2012.7,21586.25,13517.69,7967.17,5550.52,Paid
B103375,A103375,2024-12-25,4843.12,2672.39,8582.76,7313.47,1269.28,Paid
B103376,A103376,2024-10-08,5974.02,18182.04,28198.5,20897.46,7301.05,Partially Paid
B103377,A103377,2025-11-24,86251.67,8288.77,103722.37,81413.8,22308.57,Partially Paid
B103378,A103378,2024-12-23,1346.04,54782.55,29917.77,24688.38,5229.4,Paid
B103379,A103379,2025-03-08,8029.24,2723.8,11079.41,0.0,11079.41,Paid
B103380,A103380,2025-07-16,2839.45,13648.14,9504.86,6066.82,3438.04,Paid
B103381,A103381,2025-12-17,18491.65,18428.05,35765.03,23578.32,12186.71,Paid
B103382,A103382,2025-07-30,2432.87,56981.33,42800.58,35907.85,6892.73,Pending
B103383,A103383,2025-03-17,4460.71,8383.13,16804.27,13866.13,2938.14,Paid
B103384,A103384,2025-04-10,37802.13,9333.95,43933.22,24385.28,19547.94,Paid
B103385,A103385,2024-09-30,18048.83,12550.22,29467.65,22176.72,7290.92,Paid
B103386,A103386,2025-12-12,2142.07,5971.9,11806.18,9606.25,2199.94,Pending
B103387,A103387,2025-03-13,2118.89,21312.77,30444.96,17817.56,12627.4,Paid
B103388,A103388,2024-01-22,2148.76,4097.53,5176.08,3958.17,1217.91,Paid
B103389,A103389,2024-05-28,1724.01,25149.45,12538.19,8941.85,3596.34,Pending
B103390,A103390,2024-12-23,1527.28,14472.01,22192.72,13897.62,8295.1,Paid
B103391,A103391,2025-04-12,6663.88,8804.52,18834.94,14562.49,4272.45,Paid
B103392,A103392,2025-04-16,10443.22,5864.99,26769.74,17531.03,9238.71,Paid
B103393,A103393,2025-06-03,1062.89,15044.57,23020.68,14272.89,8747.79,Paid
B103394,A103394,2025-04-12,12113.6,13706.56,29629.46,0.0,29629.46,Paid
B103395,A103395,2025-01-30,1736.64,8591.76,7803.54,5934.85,1868.7,Paid
B103396,A103396,2024-02-28,9729.2,2512.62,11419.81,8009.22,3410.59,Pending
B103397,A103397,2024-05-12,6762.8,20584.43,24390.67,21187.16,3203.51,Paid
B103398,A103398,2025-04-08,12065.13,12193.46,23831.6,20614.92,3216.67,Paid
B103399,A103399,2024-03-04,3049.84,21268.26,56193.89,38168.91,18024.99,Partially Paid
B103400,A103400,2024-09-30,5319.54,21038.41,25029.65,0.0,25029.65,Paid
B103401,A103401,2024-04-09,1197.78,11438.54,10792.48,9336.31,1456.18,Pending
B103402,A103402,2024-10-04,2136.3,9819.84,8297.84,5773.75,2524.09,Partially Paid
B103403,A103403,2024-11-22,1050.42,14821.99,8202.63,5403.24,2799.39,Paid
B103404,A103404,2025-08-05,8326.84,13189.9,21547.2,19077.7,2469.5,Paid
B103405,A103405,2025-11-27,1341.98,4816.61,16990.06,12274.81,4715.24,Paid
B103406,A103406,2024-05-14,2805.75,4945.02,7228.76,6187.7,1041.06,Partially Paid
B103407,A103407,2024-04-03,1166.21,20222.38,18635.09,10309.25,8325.83,Paid
B103408,A103408,2025-11-20,7218.09,9646.0,19959.61,11360.38,8599.23,Paid
B103409,A103409,2024-01-12,7309.15,14108.76,22011.45,0.0,22011.45,Paid
B103410,A103410,2025-01-03,5261.61,42203.06,40434.53,31467.43,8967.1,Paid
B103411,A103411,2024-12-12,2661.89,9011.0,13919.62,0.0,13919.62,Partially Paid
B103412,A103412,2024-07-25,9453.76,10594.91,21202.02,15177.76,6024.26,Paid
B103413,A103413,2025-11-08,3769.05,10400.36,17759.22,11820.68,5938.53,Paid
B103414,A103414,2025-08-05,3294.99,28838.04,25539.06,18125.21,7413.85,Paid
B103415,A103415,2025-04-29,4434.11,37195.9,58476.59,49221.89,9254.7,Paid
B103416,A103416,2025-04-22,115471.06,48510.44,159902.94,0.0,159902.94,Paid
B103417,A103417,2025-05-13,2123.28,5697.27,6764.49,4263.76,2500.74,Pending
B103418,A103418,2025-12-06,4814.96,15348.34,20313.45,16282.86,4030.59,Paid
B103419,A103419,2024-03-06,2926.86,9361.28,10191.29,0.0,10191.29,Paid
B103420,A103420,2025-07-12,5723.15,11751.24,9846.38,0.0,9846.38,Paid
B103421,A103421,2024-08-27,4574.1,3146.27,8674.39,0.0,8674.39,Paid
B103422,A103422,2025-06-25,3668.22,5834.52,9002.97,5141.17,3861.8,Paid
B103423,A103423,2024-07-20,2226.79,9403.65,11284.72,0.0,11284.72,Paid
B103424,A103424,2025-11-16,4000.26,9563.02,16644.52,13846.49,2798.03,Pending
B103425,A103425,2024-02-02,1621.23,9610.09,7714.51,5992.69,1721.83,Paid
B103426,A103426,2025-10-29,24485.47,3198.15,33288.57,20522.02,12766.54,Paid
B103427,A103427,2024-08-02,2812.6,9599.89,10577.74,8499.6,2078.14,Paid
B103428,A103428,2024-03-06,2677.19,4945.28,12907.32,0.0,12907.32,Paid
B103429,A103429,2024-03-03,1665.44,15024.67,10047.15,6146.36,3900.79,Paid
B103430,A103430,2025-12-23,1911.65,12389.39,6411.38,4277.83,2133.55,Paid
B103431,A103431,2025-03-15,4021.78,29259.75,34615.48,28993.34,5622.14,Paid
B103432,A103432,2024-11-05,6690.19,4732.43,15164.48,12385.74,2778.74,Paid
B103433,A103433,2025-07-30,106062.34,4252.32,114031.49,86912.68,27118.81,Paid
B103434,A103434,2025-04-16,1797.74,7992.67,22441.18,15403.24,7037.93,Paid
B103435,A103435,2025-10-24,625.65,19873.62,28028.1,0.0,28028.1,Paid
B103436,A103436,2025-08-29,1443.18,4737.49,8318.7,5834.24,2484.46,Partially Paid
B103437,A103437,2024-04-17,2994.69,4277.62,6033.79,0.0,6033.79,Paid
B103438,A103438,2025-09-03,85622.67,18719.92,133769.57,98020.91,35748.66,Partially Paid
B103439,A103439,2024-10-29,7280.8,2856.26,14587.8,0.0,14587.8,Paid
B103440,A103440,2025-09-14,7118.13,5803.34,17459.92,11842.4,5617.52,Partially Paid
B103441,A103441,2024-02-25,1193.04,38525.45,19570.07,15139.38,4430.69,Paid
B103442,A103442,2024-03-24,1382.5,20831.27,25004.13,18597.93,6406.2,Paid
B103443,A103443,2026-01-01,860.61,9483.97,9276.62,0.0,9276.62,Paid
B103444,A103444,2024-06-29,60246.93,31816.78,105455.4,92740.45,12714.95,Pending
B103445,A103445,2024-05-13,3851.4,18092.22,17353.39,14434.52,2918.86,Paid
B103446,A103446,2025-12-14,72570.54,3237.21,75413.3,43135.92,32277.38,Paid
B103447,A103447,2025-12-14,16250.44,13230.45,31669.78,28318.41,3351.37,Pending
B103448,A103448,2024-09-29,3016.04,19167.66,25255.03,16049.2,9205.83,Partially Paid
B103449,A103449,2025-08-27,3542.42,10507.85,19338.73,14990.74,4347.99,Paid
B103450,A103450,2025-08-27,16389.76,87736.02,100541.66,77139.37,23402.28,Paid
B103451,A103451,2025-02-24,7159.98,8143.89,15313.97,8663.39,6650.58,Paid
B103452,A103452,2024-06-15,6220.74,17669.66,28325.53,25360.23,2965.3,Pending
B103453,A103453,2024-03-02,1452.81,17242.87,12912.31,9048.06,3864.25,Paid
B103454,A103454,2025-01-21,4018.57,4481.81,12949.31,10797.36,2151.95,Paid
B103455,A103455,2025-05-30,22741.48,10672.89,48440.29,33142.76,15297.53,Paid
B103456,A103456,2025-03-11,3977.6,22982.69,15745.38,10719.31,5026.07,Paid
B103457,A103457,2024-12-13,23735.32,23324.55,54027.35,0.0,54027.35,Paid
B103458,A103458,2025-08-08,21549.34,28043.68,39001.21,26106.82,12894.39,Pending
B103459,A103459,2024-01-31,5796.87,13097.2,12759.24,8938.53,3820.7,Paid
B103460,A103460,2025-08-14,2695.9,7600.12,10205.32,7309.92,2895.4,Paid
B103461,A103461,2025-01-10,5000.55,15755.93,16696.19,11704.28,4991.91,Paid
B103462,A103462,2024-02-08,2768.37,11303.43,7673.85,5050.55,2623.31,Paid
B103463,A103463,2025-06-17,1918.11,6148.56,12915.08,10691.36,2223.72,Partially Paid
B103464,A103464,2024-09-28,42737.45,12433.97,60984.69,50663.18,10321.51,Paid
B103465,A103465,2025-03-13,15562.99,20876.21,37230.33,30605.22,6625.11,Partially Paid
B103466,A103466,2024-01-24,3246.61,13788.05,14542.88,8102.13,6440.75,Partially Paid
B103467,A103467,2024-12-16,66144.29,23641.88,100257.05,73309.5,26947.55,Paid
B103468,A103468,2024-05-22,8821.79,8391.58,14143.33,0.0,14143.33,Partially Paid
B103469,A103469,2024-03-10,13720.86,6976.94,21656.78,11961.89,9694.89,Paid
B103470,A103470,2025-06-19,706.96,13228.19,26822.07,16987.47,9834.6,Paid
B103471,A103471,2025-01-08,4374.06,6537.29,15365.19,0.0,15365.19,Pending
B103472,A103472,2024-09-18,6418.54,3411.63,7780.01,5310.6,2469.41,Paid
B103473,A103473,2025-09-18,1067.12,10858.51,7759.75,6406.96,1352.79,Paid
B103474,A103474,2025-09-21,8738.02,6158.43,20605.67,0.0,20605.67,Paid
B103475,A103475,2025-11-16,5597.5,35397.71,39137.23,31090.95,8046.28,Paid
B103476,A103476,2025-08-09,2646.35,35566.65,12498.24,0.0,12498.24,Paid
B103477,A103477,2025-08-07,6574.45,12897.4,14929.47,0.0,14929.47,Paid
B103478,A103478,2024-07-23,4408.13,3256.97,13065.7,9507.65,3558.05,Paid
B103479,A103479,2025-10-02,1767.66,8244.93,4997.22,4189.45,807.78,Paid
B103480,A103480,2025-02-15,4694.48,4577.99,7507.8,4309.42,3198.38,Partially Paid
B103481,A103481,2024-03-22,31799.26,3416.1,39202.58,21824.08,17378.5,Paid
B103482,A103482,2025-11-20,7423.18,6241.37,14047.4,10911.22,3136.17,Pending
B103483,A103483,2024-04-26,1559.56,6250.66,15879.25,0.0,15879.25,Paid
B103484,A103484,2025-09-17,1566.97,7358.33,7858.07,5137.18,2720.89,Paid
B103485,A103485,2024-05-21,1828.62,9935.75,14483.69,8711.02,5772.67,Paid
B103486,A103486,2025-10-09,806.59,8878.9,10085.49,0.0,10085.49,Paid
B103487,A103487,2024-07-14,4692.89,21774.73,30675.23,0.0,30675.23,Paid
B103488,A103488,2024-10-15,6549.88,39946.33,33569.86,19087.87,14481.99,Pending
B103489,A103489,2024-04-16,2537.72,10725.04,12689.96,0.0,12689.96,Pending
B103490,A103490,2024-04-17,4388.84,2442.67,7359.06,6249.43,1109.63,Paid
B103491,A103491,2025-07-30,105135.79,5727.55,107577.25,0.0,107577.25,Paid
B103492,A103492,2024-06-23,11584.11,5030.0,19574.07,14995.82,4578.26,Paid
B103493,A103493,2024-11-29,2049.96,13112.71,11827.46,7745.37,4082.09,Paid
B103494,A103494,2025-12-27,110624.55,21447.31,117983.93,86654.44,31329.49,Paid
B103495,A103495,2024-07-13,3651.02,12122.71,13116.3,0.0,13116.3,Paid
B103496,A103496,2025-11-03,3082.74,7780.36,8455.84,5098.16,3357.68,Paid
B103497,A103497,2024-08-19,17482.53,18951.28,26800.51,15625.11,11175.4,Paid
B103498,A103498,2025-11-16,93489.17,8926.99,97942.22,56732.48,41209.73,Paid
B103499,A103499,2024-11-20,4479.33,4428.37,12641.36,9004.38,3636.98,Paid
B103500,A103500,2025-05-28,1020.95,16253.21,9554.79,7664.88,1889.9,Paid
B103501,A103501,2025-07-03,2431.12,6185.1,10621.37,7583.55,3037.82,Paid
B103502,A103502,2024-05-19,898.7,8870.62,12418.78,9405.31,3013.47,Paid
B103503,A103503,2024-02-20,67177.9,35150.83,128113.93,95856.27,32257.66,Paid
B103504,A103504,2024-04-10,1897.04,16313.34,17296.59,11365.85,5930.73,Paid
B103505,A103505,2024-03-17,7217.48,6130.06,15267.05,0.0,15267.05,Paid
B103506,A103506,2024-07-05,8931.11,8466.75,25844.1,20869.37,4974.73,Paid
B103507,A103507,2025-12-21,43093.31,10928.77,60065.11,0.0,60065.11,Paid
B103508,A103508,2025-04-23,20187.92,57987.09,52355.56,38089.61,14265.94,Paid
B103509,A103509,2025-12-13,58153.65,30655.99,105957.71,0.0,105957.71,Partially Paid
B103510,A103510,2025-11-10,1631.42,7358.26,9465.74,0.0,9465.74,Paid
B103511,A103511,2025-09-28,1387.72,15346.69,37673.71,23675.16,13998.55,Paid
B103512,A103512,2025-02-14,47291.22,3474.55,52816.22,32547.88,20268.34,Paid
B103513,A103513,2024-07-28,475.75,3877.74,13395.22,7841.15,5554.07,Paid
B103514,A103514,2024-09-04,17026.45,4611.41,22406.66,14423.51,7983.16,Paid
B103515,A103515,2024-12-01,2858.75,6451.06,15146.88,11905.69,3241.19,Paid
B103516,A103516,2025-11-11,3989.59,12596.41,19954.61,16383.94,3570.67,Paid
B103517,A103517,2025-06-11,7888.79,7931.22,15949.15,13990.76,1958.39,Pending
B103518,A103518,2024-10-27,4062.01,14350.62,23146.7,16743.54,6403.16,Paid
B103519,A103519,2024-10-19,33285.8,58738.55,76387.26,59551.36,16835.91,Paid
B103520,A103520,2025-01-21,5491.23,26793.98,22591.93,0.0,22591.93,Paid
B103521,A103521,2025-09-20,1025.15,13072.03,8323.38,6535.35,1788.02,Partially Paid
B103522,A103522,2025-10-31,1619.98,26105.3,9076.23,7250.03,1826.2,Paid
B103523,A103523,2024-01-31,34325.7,17811.68,44318.01,36483.41,7834.59,Paid
B103524,A103524,2025-11-17,8439.37,23689.8,38812.81,24662.81,14150.0,Paid
B103525,A103525,2025-06-29,2867.23,5565.15,10013.46,8216.07,1797.39,Paid
B103526,A103526,2025-12-23,3660.01,17214.44,16997.15,14654.78,2342.37,Paid
B103527,A103527,2025-09-08,8087.44,28235.86,16510.06,0.0,16510.06,Paid
B103528,A103528,2024-04-07,2369.15,30148.84,27126.15,23536.17,3589.98,Paid
B103529,A103529,2025-05-04,2834.76,52956.76,42407.7,27811.87,14595.83,Paid
B103530,A103530,2025-12-27,955.5,3846.8,4321.27,3677.41,643.86,Paid
B103531,A103531,2024-07-09,38701.17,5833.1,46205.02,0.0,46205.02,Paid
B103532,A103532,2025-07-26,1526.27,16360.6,6336.53,5534.42,802.11,Paid
B103533,A103533,2025-09-13,1728.23,11088.66,11106.26,7343.67,3762.59,Paid
B103534,A103534,2024-07-16,1684.06,6936.52,13088.62,10739.3,2349.33,Partially Paid
B103535,A103535,2025-06-19,3564.25,3363.24,7394.0,4294.68,3099.32,Paid
B103536,A103536,2025-12-05,10905.6,13656.49,34613.97,28842.36,5771.62,Paid
B103537,A103537,2024-04-04,94033.84,15953.92,117633.79,0.0,117633.79,Partially Paid
B103538,A103538,2025-08-15,1783.15,2547.46,5732.58,4940.79,791.8,Pending
B103539,A103539,2024-03-19,40357.98,8947.54,45647.89,33340.94,12306.96,Paid
B103540,A103540,2024-11-27,2255.35,3615.26,5069.1,0.0,5069.1,Pending
B103541,A103541,2025-01-21,7796.77,11407.26,19582.57,14323.25,5259.32,Paid
B103542,A103542,2025-03-15,926.27,9432.59,23362.81,19966.24,3396.57,Paid
B103543,A103543,2025-01-12,20189.88,4103.58,22444.74,16342.38,6102.36,Paid
B103544,A103544,2024-12-11,5689.05,19884.3,12969.61,9106.86,3862.75,Paid
B103545,A103545,2024-06-27,5366.47,2513.66,12737.2,10390.23,2346.97,Paid
B103546,A103546,2025-03-15,1308.42,30150.61,43097.3,0.0,43097.3,Paid
B103547,A103547,2025-03-09,7349.39,28273.73,26270.59,21265.72,5004.87,Paid
B103548,A103548,2024-07-04,50769.73,30706.71,72590.36,51204.36,21386.0,Paid
B103549,A103549,2025-02-11,26048.1,6704.67,32051.4,19723.58,12327.83,Paid
B103550,A103550,2024-03-26,1853.74,9188.99,10740.9,9575.97,1164.93,Pending
B103551,A103551,2024-01-23,55380.81,2975.01,62342.91,40250.28,22092.63,Paid
B103552,A103552,2025-11-26,6961.12,19076.95,18715.81,12650.87,6064.94,Pending
B103553,A103553,2025-02-03,1012.79,7382.14,6517.89,4787.58,1730.31,Paid
B103554,A103554,2024-12-02,7826.5,17191.9,17606.05,14620.8,2985.25,Paid
B103555,A103555,2024-08-17,16512.35,7838.06,30118.18,21377.44,8740.74,Paid
B103556,A103556,2025-02-10,1470.94,11137.97,7638.07,4844.76,2793.31,Paid
B103557,A103557,2025-03-20,4526.5,27008.14,21258.18,16790.4,4467.79,Paid
B103558,A103558,2024-10-02,5597.97,12562.08,14493.08,11917.1,2575.97,Paid
B103559,A103559,2024-10-09,2608.6,6317.51,13695.24,11396.32,2298.92,Paid
B103560,A103560,2024-08-15,14632.64,6900.26,33317.42,24586.56,8730.86,Paid
B103561,A103561,2025-08-21,4424.51,48736.58,35407.08,28000.11,7406.97,Paid
B103562,A103562,2025-10-29,10882.43,10315.03,32984.38,0.0,32984.38,Paid
B103563,A103563,2025-05-28,1685.14,12989.56,11811.47,0.0,11811.47,Paid
B103564,A103564,2024-12-19,32521.21,29588.72,53485.3,0.0,53485.3,Paid
B103565,A103565,2025-09-12,108613.0,12511.4,124161.97,70155.12,54006.84,Paid
B103566,A103566,2024-03-02,6868.93,51488.17,64536.16,40782.61,23753.55,Paid
B103567,A103567,2024-06-26,2464.33,8024.85,6153.44,0.0,6153.44,Paid
B103568,A103568,2024-09-06,2488.31,11639.64,13981.72,0.0,13981.72,Paid
B103569,A103569,2024-09-11,7410.67,7089.72,10435.37,8635.61,1799.76,Paid
B103570,A103570,2024-10-04,3395.77,6029.39,17385.85,14225.93,3159.92,Paid
B103571,A103571,2024-12-01,857.59,3597.0,6536.41,0.0,6536.41,Paid
B103572,A103572,2025-08-28,2263.25,6204.82,8387.37,5282.09,3105.28,Partially Paid
B103573,A103573,2024-01-13,1350.57,3063.96,4241.22,2420.21,1821.02,Paid
B103574,A103574,2024-06-03,92165.37,7357.67,102688.6,71573.3,31115.3,Paid
B103575,A103575,2024-07-09,4700.24,8361.18,9039.49,6163.33,2876.17,Paid
B103576,A103576,2025-11-13,2365.62,14716.36,14461.93,0.0,14461.93,Paid
B103577,A103577,2025-10-01,6837.84,4845.24,12040.72,8656.91,3383.82,Paid
B103578,A103578,2024-08-02,1030.41,8950.42,17110.65,0.0,17110.65,Paid
B103579,A103579,2024-04-07,1268.97,2543.0,3695.02,3062.22,632.8,Paid
B103580,A103580,2024-12-06,3167.19,8390.34,6286.78,4727.52,1559.26,Paid
B103581,A103581,2024-02-26,3076.83,15955.74,46168.72,28751.41,17417.31,Partially Paid
B103582,A103582,2024-03-05,3864.05,11549.01,30339.13,26014.57,4324.56,Paid
B103583,A103583,2024-03-23,47540.12,11299.85,65101.95,41828.83,23273.11,Paid
B103584,A103584,2024-09-14,3676.1,17793.24,16170.94,13225.97,2944.97,Paid
B103585,A103585,2025-10-26,848.57,7509.24,3844.68,2798.22,1046.46,Paid
B103586,A103586,2025-07-26,1903.36,7034.4,8027.54,5979.29,2048.24,Paid
B103587,A103587,2025-08-25,6141.98,18361.07,25660.89,15560.9,10099.99,Paid
B103588,A103588,2024-06-25,12090.37,11314.32,23686.77,17758.35,5928.42,Partially Paid
B103589,A103589,2024-06-04,1658.08,22649.04,41200.5,34696.91,6503.59,Paid
B103590,A103590,2024-02-05,1244.05,7412.01,10317.75,7253.09,3064.65,Pending
B103591,A103591,2025-06-01,1049.41,8199.95,6553.88,4346.89,2206.99,Paid
B103592,A103592,2024-09-15,528.06,2838.19,4322.59,2784.41,1538.18,Paid
B103593,A103593,2024-05-12,5898.33,15641.21,34698.62,24818.26,9880.36,Paid
B103594,A103594,2024-04-25,114533.57,6751.11,122843.55,78161.78,44681.77,Partially Paid
B103595,A103595,2024-12-11,6774.25,15325.56,15307.84,10769.68,4538.16,Partially Paid
B103596,A103596,2024-02-27,37693.04,22458.75,58024.71,42011.45,16013.26,Paid
B103597,A103597,2025-01-05,5278.6,22218.81,22921.58,13976.8,8944.77,Paid
B103598,A103598,2025-02-02,7280.36,2771.97,11046.81,9383.64,1663.18,Paid
B103599,A103599,2024-07-14,1571.33,3020.1,2859.56,2294.01,565.55,Paid
B103600,A103600,2026-01-01,69757.41,8885.91,80645.04,0.0,80645.04,Paid
B103601,A103601,2024-11-21,1087.93,18811.77,14425.16,12291.6,2133.56,Paid
B103602,A103602,2024-05-23,3432.1,12518.98,28605.23,20834.01,7771.21,Paid
B103603,A103603,2024-12-22,103653.44,5754.13,111885.2,0.0,111885.2,Pending
B103604,A103604,2024-03-18,1865.3,32578.23,32089.86,0.0,32089.86,Paid
B103605,A103605,2025-08-11,907.01,8600.26,31918.22,28281.82,3636.4,Paid
B103606,A103606,2025-05-07,1068.82,25298.0,16618.49,0.0,16618.49,Paid
B103607,A103607,2025-12-23,5074.35,12216.95,17420.4,14324.78,3095.61,Paid
B103608,A103608,2025-12-15,2344.85,11182.55,6142.95,4131.72,2011.24,Paid
B103609,A103609,2024-03-01,2474.93,5825.29,7614.35,0.0,7614.35,Pending
B103610,A103610,2025-02-04,1621.79,18769.37,24952.64,21262.21,3690.43,Partially Paid
B103611,A103611,2024-12-18,2463.95,4240.63,7258.86,5767.74,1491.11,Paid
B103612,A103612,2024-12-06,4230.0,5359.86,13058.19,9844.87,3213.31,Pending
B103613,A103613,2025-11-09,4939.8,3959.6,9511.41,8396.33,1115.08,Paid
B103614,A103614,2025-08-25,29763.85,8904.96,52706.45,43535.47,9170.98,Partially Paid
B103615,A103615,2025-03-19,7951.68,35766.06,35724.37,20551.62,15172.75,Partially Paid
B103616,A103616,2025-04-01,70466.06,19262.3,91560.78,0.0,91560.78,Paid
B103617,A103617,2025-01-16,1310.86,12303.87,8812.19,6626.76,2185.43,Paid
B103618,A103618,2025-02-14,1615.13,66295.35,82112.29,58271.43,23840.86,Paid
B103619,A103619,2025-04-26,1111.15,3242.27,4909.26,2788.04,2121.23,Paid
B103620,A103620,2024-05-01,4853.39,11198.96,34240.58,20006.45,14234.13,Paid
B103621,A103621,2024-06-24,3449.6,7977.88,20267.77,13571.03,6696.75,Paid
B103622,A103622,2024-01-22,4457.71,8781.45,13843.05,0.0,13843.05,Pending
B103623,A103623,2024-08-24,1015.17,6037.62,7217.23,5793.19,1424.04,Pending
B103624,A103624,2024-11-06,22949.93,4355.48,26734.75,0.0,26734.75,Pending
B103625,A103625,2025-11-02,101966.18,10060.27,109966.15,81008.34,28957.81,Pending
B103626,A103626,2025-12-25,6845.36,8512.89,15601.42,9380.47,6220.95,Paid
B103627,A103627,2024-10-11,3641.37,17762.93,19644.03,13248.44,6395.59,Pending
B103628,A103628,2024-07-16,1657.02,2850.34,7559.14,6294.16,1264.99,Paid
B103629,A103629,2024-04-26,1188.04,5867.57,4560.39,0.0,4560.39,Paid
B103630,A103630,2025-02-08,17395.94,18447.67,40293.11,26453.63,13839.48,Paid
B103631,A103631,2025-11-12,1004.4,22262.26,19833.69,11296.38,8537.31,Paid
B103632,A103632,2025-11-11,1793.62,29303.71,37377.57,24174.95,13202.61,Paid
B103633,A103633,2025-07-22,61218.35,12276.54,73675.97,61698.75,11977.22,Paid
B103634,A103634,2025-02-28,898.25,20481.79,28077.13,19353.99,8723.14,Paid
B103635,A103635,2024-10-18,5360.32,35682.4,21808.54,13011.16,8797.37,Paid
B103636,A103636,2025-08-13,1805.27,16837.66,20716.33,16375.68,4340.65,Partially Paid
B103637,A103637,2024-11-26,1231.28,10150.04,5347.76,4498.21,849.55,Pending
B103638,A103638,2024-12-08,3088.91,5896.46,10464.89,8072.95,2391.94,Paid
B103639,A103639,2025-09-15,1144.2,8297.25,6506.87,0.0,6506.87,Pending
B103640,A103640,2024-08-16,840.43,15289.83,21421.61,18122.73,3298.88,Partially Paid
B103641,A103641,2024-01-15,1919.41,9235.38,17737.28,11458.97,6278.31,Paid
B103642,A103642,2024-03-26,34853.03,10621.84,49061.8,38859.83,10201.97,Paid
B103643,A103643,2024-10-21,1819.83,3117.97,4442.67,3715.91,726.76,Paid
B103644,A103644,2025-01-12,57161.39,5138.2,68062.22,0.0,68062.22,Paid
B103645,A103645,2025-06-23,5598.27,19624.69,18400.67,0.0,18400.67,Paid
B103646,A103646,2025-02-22,2466.75,8187.78,19946.14,15899.35,4046.78,Paid
B103647,A103647,2024-04-12,5822.81,5995.32,17361.09,12914.02,4447.07,Pending
B103648,A103648,2025-11-15,6390.81,12670.42,15768.3,0.0,15768.3,Paid
B103649,A103649,2025-12-07,1177.26,6702.93,18645.07,10851.97,7793.11,Partially Paid
B103650,A103650,2025-09-23,10982.99,19089.56,54794.24,36932.46,17861.78,Partially Paid
B103651,A103651,2025-01-26,3444.48,44499.73,34059.82,20901.22,13158.6,Partially Paid
B103652,A103652,2025-05-19,6340.9,2355.62,7548.88,4622.67,2926.21,Paid
B103653,A103653,2025-03-26,2582.12,12296.81,13448.5,8820.29,4628.22,Paid
B103654,A103654,2025-11-13,50052.29,5489.95,62233.49,0.0,62233.49,Paid
B103655,A103655,2024-12-13,1412.31,10501.3,18406.9,0.0,18406.9,Paid
B103656,A103656,2025-03-05,968.81,7223.13,11724.83,8192.6,3532.23,Paid
B103657,A103657,2025-09-18,3038.3,2575.11,10112.99,0.0,10112.99,Paid
B103658,A103658,2024-11-08,5829.19,31489.49,34060.68,24289.4,9771.28,Paid
B103659,A103659,2024-05-31,5320.51,7502.0,15932.73,14231.19,1701.54,Paid
B103660,A103660,2025-04-18,909.24,49515.21,64368.26,36126.96,28241.3,Paid
B103661,A103661,2024-02-03,2178.3,3157.06,5490.01,4344.34,1145.68,Paid
B103662,A103662,2025-05-17,7651.98,5816.92,16315.44,12664.1,3651.34,Paid
B103663,A103663,2024-11-20,11609.54,14349.56,28353.7,0.0,28353.7,Paid
B103664,A103664,2025-12-03,5056.02,7602.15,27666.1,0.0,27666.1,Paid
B103665,A103665,2024-07-16,2979.93,14293.15,12064.24,8241.0,3823.24,Paid
B103666,A103666,2024-07-12,4786.09,60449.16,48647.82,0.0,48647.82,Paid
B103667,A103667,2025-06-05,7458.89,14564.91,18274.51,11058.87,7215.64,Paid
B103668,A103668,2025-01-29,3227.83,14263.44,11060.15,7261.91,3798.25,Paid
B103669,A103669,2025-06-14,42954.58,43234.77,55403.5,33389.98,22013.52,Pending
B103670,A103670,2024-12-27,11902.42,9170.88,27656.08,16448.38,11207.71,Pending
B103671,A103671,2025-07-29,31143.16,13232.97,42753.99,29497.28,13256.71,Partially Paid
B103672,A103672,2025-04-14,5210.96,26655.33,28392.68,0.0,28392.68,Pending
B103673,A103673,2025-11-10,5287.01,14145.12,17714.34,15378.36,2335.98,Paid
B103674,A103674,2024-04-11,3800.95,11292.73,9191.15,7187.18,2003.97,Paid
B103675,A103675,2024-05-30,3729.44,3823.92,16668.39,12076.18,4592.21,Paid
B103676,A103676,2025-07-27,11286.29,17600.1,21124.91,15898.45,5226.47,Paid
B103677,A103677,2025-12-28,1936.01,2691.2,4283.69,0.0,4283.69,Paid
B103678,A103678,2024-11-23,1112.32,53609.48,39859.92,28890.07,10969.84,Paid
B103679,A103679,2024-07-02,37567.01,5246.35,42871.54,0.0,42871.54,Paid
B103680,A103680,2025-07-02,91748.08,6745.78,96417.51,80211.27,16206.24,Paid
B103681,A103681,2024-11-03,8035.18,7945.83,19396.93,16371.82,3025.11,Paid
B103682,A103682,2025-07-17,1387.76,10263.48,16354.27,0.0,16354.27,Paid
B103683,A103683,2025-08-27,2487.04,16065.26,23256.56,17498.61,5757.96,Paid
B103684,A103684,2024-01-07,47632.91,7374.05,51346.88,31366.22,19980.67,Paid
B103685,A103685,2024-04-24,8438.03,12839.18,23394.82,15931.91,7462.91,Paid
B103686,A103686,2024-03-20,3387.74,6630.66,13605.76,10069.73,3536.03,Pending
B103687,A103687,2024-02-13,9085.89,14850.72,27080.1,19055.19,8024.9,Pending
B103688,A103688,2025-10-07,957.05,12455.82,29779.05,24385.18,5393.86,Paid
B103689,A103689,2025-11-28,1288.98,12226.62,9058.8,5669.22,3389.58,Paid
B103690,A103690,2024-05-06,7412.78,20508.02,35525.09,22380.37,13144.72,Pending
B103691,A103691,2024-03-18,2270.25,13132.19,12159.74,10628.76,1530.98,Paid
B103692,A103692,2025-07-15,5404.97,21871.53,48394.81,28542.68,19852.12,Paid
B103693,A103693,2024-07-24,54956.59,4052.52,63481.64,0.0,63481.64,Pending
B103694,A103694,2024-04-17,1396.35,28466.04,22209.77,17969.49,4240.29,Paid
B103695,A103695,2024-10-11,20568.94,23211.85,46151.14,0.0,46151.14,Paid
B103696,A103696,2024-05-27,56909.61,17255.45,69681.88,0.0,69681.88,Paid
B103697,A103697,2024-04-28,743.33,17022.97,12041.68,9343.29,2698.39,Partially Paid
B103698,A103698,2025-05-02,15361.64,33956.38,57183.29,0.0,57183.29,Pending
B103699,A103699,2024-05-16,4864.18,15442.89,15982.21,9859.07,6123.14,Partially Paid
B103700,A103700,2024-06-20,104954.43,7433.39,117317.01,76167.34,41149.67,Paid
B103701,A103701,2024-09-08,2292.58,9916.39,21031.33,14337.95,6693.38,Paid
B103702,A103702,2024-10-06,1486.43,6144.24,5751.76,4981.45,770.31,Partially Paid
B103703,A103703,2024-09-18,4726.19,11865.59,13775.9,0.0,13775.9,Paid
B103704,A103704,2024-02-22,904.38,30742.94,10441.9,6367.14,4074.76,Paid
B103705,A103705,2024-12-13,5413.44,7067.86,8476.6,7536.66,939.94,Partially Paid
B103706,A103706,2024-08-31,2452.19,17902.35,26727.0,18283.21,8443.79,Paid
B103707,A103707,2024-02-27,1870.55,19486.25,15617.84,13727.47,1890.37,Paid
B103708,A103708,2024-06-01,1703.06,16618.39,16610.54,11279.83,5330.7,Paid
B103709,A103709,2025-12-01,30870.15,2998.49,34380.9,19949.12,14431.77,Paid
B103710,A103710,2025-06-23,8072.43,29970.85,32300.31,24958.44,7341.86,Pending
B103711,A103711,2024-04-06,2154.59,11631.84,12215.93,0.0,12215.93,Paid
B103712,A103712,2024-08-24,39280.34,10823.87,47424.19,37724.24,9699.95,Paid
B103713,A103713,2025-12-30,92714.64,13373.43,105254.24,59394.9,45859.33,Partially Paid
B103714,A103714,2024-02-23,4055.52,6640.31,7909.66,5059.05,2850.62,Pending
B103715,A103715,2025-11-02,8934.67,11652.3,34564.72,25928.17,8636.55,Paid
B103716,A103716,2025-09-24,7293.34,17517.84,15909.85,8782.14,7127.71,Paid
B103717,A103717,2025-01-30,10531.43,4717.9,18430.63,13594.93,4835.7,Paid
B103718,A103718,2024-08-08,1142.54,21224.72,23582.59,19583.61,3998.98,Partially Paid
B103719,A103719,2025-04-03,23250.48,32826.2,33742.2,0.0,33742.2,Paid
B103720,A103720,2024-12-05,3999.4,1745.93,5227.45,3853.15,1374.29,Paid
B103721,A103721,2024-12-23,5474.98,20068.45,27166.81,21403.34,5763.47,Paid
B103722,A103722,2025-10-18,3722.25,12724.74,34279.22,20699.16,13580.06,Paid
B103723,A103723,2024-10-31,7520.41,59553.45,78650.2,46492.7,32157.49,Paid
B103724,A103724,2025-08-07,2860.2,8005.66,7210.62,0.0,7210.62,Partially Paid
B103725,A103725,2024-09-04,66856.34,10397.48,77623.63,47043.85,30579.78,Paid
B103726,A103726,2025-07-17,9554.74,25610.73,39194.76,32030.02,7164.73,Paid
B103727,A103727,2025-12-29,4626.8,3400.15,7460.5,5912.89,1547.6,Paid
B103728,A103728,2025-10-04,2017.52,10901.94,9737.15,0.0,9737.15,Paid
B103729,A103729,2025-08-10,76239.69,9628.61,82566.03,64724.09,17841.94,Paid
B103730,A103730,2024-08-18,4223.45,9144.08,26067.35,17725.41,8341.94,Paid
B103731,A103731,2025-03-19,12099.67,6499.73,22117.4,0.0,22117.4,Paid
B103732,A103732,2025-04-28,4549.72,13225.44,23946.45,18700.51,5245.94,Paid
B103733,A103733,2025-03-22,4618.13,12450.52,9437.16,7537.86,1899.3,Paid
B103734,A103734,2025-02-20,9044.78,11153.1,19292.58,14164.92,5127.65,Paid
B103735,A103735,2024-09-06,3464.07,16671.32,13165.6,0.0,13165.6,Paid
B103736,A103736,2025-08-08,1554.51,12938.95,13722.66,10512.39,3210.27,Paid
B103737,A103737,2025-12-09,20182.12,7025.87,27085.92,19460.09,7625.83,Pending
B103738,A103738,2025-05-26,1456.11,37791.93,30116.94,17192.07,12924.88,Paid
B103739,A103739,2025-07-08,16050.39,20309.0,27430.28,19787.5,7642.77,Paid
B103740,A103740,2024-05-01,7891.04,7285.29,17813.28,12084.62,5728.67,Paid
B103741,A103741,2025-01-05,11122.24,22645.51,22124.52,12611.86,9512.66,Paid
B103742,A103742,2024-07-23,54438.58,4250.22,58480.83,34377.55,24103.28,Paid
B103743,A103743,2024-12-22,1923.11,24939.01,18462.44,13845.79,4616.65,Paid
B103744,A103744,2024-11-16,834.91,7484.14,9479.84,7925.7,1554.14,Paid
B103745,A103745,2024-12-30,92541.91,12017.59,115182.61,0.0,115182.61,Paid
B103746,A103746,2025-06-02,10286.89,6822.14,17262.01,9786.92,7475.09,Pending
B103747,A103747,2025-05-11,2216.92,33250.53,20955.29,17700.94,3254.35,Paid
B103748,A103748,2025-11-05,845.55,14286.52,17368.45,13592.18,3776.28,Paid
B103749,A103749,2024-04-19,1792.84,9964.17,7742.4,0.0,7742.4,Pending
B103750,A103750,2025-10-18,4293.85,7689.73,15809.37,14173.68,1635.69,Paid
B103751,A103751,2024-06-22,3410.51,8361.61,8888.0,7521.29,1366.71,Pending
B103752,A103752,2025-10-29,3224.98,19813.12,41266.52,35845.69,5420.83,Partially Paid
B103753,A103753,2025-06-04,4722.19,4255.55,7664.27,6276.77,1387.5,Paid
B103754,A103754,2025-06-15,2524.73,13788.39,11478.14,9997.4,1480.74,Paid
B103755,A103755,2024-11-17,2261.09,2508.73,5240.8,0.0,5240.8,Paid
B103756,A103756,2024-02-26,1617.92,42456.0,64560.07,0.0,64560.07,Paid
B103757,A103757,2025-05-18,2290.51,10759.9,20231.79,12631.28,7600.51,Paid
B103758,A103758,2025-10-28,3669.39,7021.66,11248.98,6652.28,4596.7,Paid
B103759,A103759,2024-09-27,1438.88,17242.44,15972.72,11423.33,4549.38,Paid
B103760,A103760,2025-12-15,888.18,28030.01,33918.23,21714.06,12204.17,Paid
B103761,A103761,2025-11-03,26922.6,13076.92,48902.04,38102.75,10799.29,Paid
B103762,A103762,2025-10-14,9242.81,17885.2,16550.24,0.0,16550.24,Paid
B103763,A103763,2025-02-08,2313.92,12447.92,9110.88,5701.93,3408.95,Paid
B103764,A103764,2025-08-25,1867.47,3892.68,4073.08,2339.61,1733.48,Paid
B103765,A103765,2024-08-07,5560.58,6489.25,13042.47,0.0,13042.47,Paid
B103766,A103766,2024-11-30,23385.02,8092.28,43187.25,33717.83,9469.42,Paid
B103767,A103767,2024-07-11,3839.26,29169.73,18832.83,14182.24,4650.58,Paid
B103768,A103768,2025-01-23,8913.66,19098.68,25993.03,20583.8,5409.23,Paid
B103769,A103769,2024-08-03,2577.12,12332.86,26910.91,15343.81,11567.1,Paid
B103770,A103770,2025-07-18,5235.37,3309.29,13304.47,10505.11,2799.36,Paid
B103771,A103771,2024-10-21,5292.87,27972.27,17188.63,12516.41,4672.22,Paid
B103772,A103772,2024-04-02,2203.12,16472.7,24435.87,0.0,24435.87,Partially Paid
B103773,A103773,2024-05-19,1157.93,6219.63,14976.0,10546.14,4429.86,Paid
B103774,A103774,2024-06-11,13446.98,19998.71,24423.54,15028.65,9394.89,Pending
B103775,A103775,2024-06-04,1812.89,2042.82,5539.03,3093.39,2445.64,Pending
B103776,A103776,2025-04-08,3416.34,3174.35,4771.42,2952.58,1818.84,Paid
B103777,A103777,2024-08-11,20744.81,17477.86,37556.98,27330.64,10226.34,Paid
B103778,A103778,2025-04-05,5036.28,7615.46,10584.46,7454.33,3130.13,Paid
B103779,A103779,2024-06-20,90959.95,17101.37,100467.12,88935.53,11531.59,Pending
B103780,A103780,2024-11-20,4483.9,11220.84,14777.42,12786.9,1990.52,Pending
B103781,A103781,2025-12-01,11100.92,29776.18,26172.42,16645.48,9526.94,Paid
B103782,A103782,2025-07-27,3720.28,30528.98,36923.43,0.0,36923.43,Paid
B103783,A103783,2025-06-09,2784.58,17605.91,62961.88,55949.96,7011.91,Paid
B103784,A103784,2024-04-06,76106.85,12004.18,109179.1,75306.24,33872.86,Paid
B103785,A103785,2025-07-18,75469.43,85147.06,105705.24,94440.56,11264.68,Paid
B103786,A103786,2024-10-07,1888.21,9220.71,26439.31,0.0,26439.31,Paid
B103787,A103787,2024-06-03,14964.91,44417.55,70084.62,53294.63,16790.0,Paid
B103788,A103788,2025-12-23,18151.1,15359.51,36354.95,29658.74,6696.22,Paid
B103789,A103789,2025-09-23,3823.12,22274.35,15997.53,9515.39,6482.14,Partially Paid
B103790,A103790,2024-12-20,16429.92,5734.73,22907.06,0.0,22907.06,Paid
B103791,A103791,2024-01-11,11073.3,25938.75,33827.07,26734.49,7092.58,Paid
B103792,A103792,2025-01-28,4262.05,28253.48,46917.23,0.0,46917.23,Pending
B103793,A103793,2025-12-29,37590.08,11073.45,49094.49,0.0,49094.49,Paid
B103794,A103794,2024-12-01,9313.05,4800.93,17982.75,11806.08,6176.67,Pending
B103795,A103795,2025-04-23,1006.04,7521.6,8437.22,7494.43,942.79,Paid
B103796,A103796,2024-02-05,3479.85,21510.92,19353.85,16308.28,3045.57,Partially Paid
B103797,A103797,2024-12-19,1031.28,16401.35,18903.36,15333.91,3569.44,Paid
B103798,A103798,2025-08-20,5118.48,5618.88,21751.04,13885.11,7865.93,Paid
B103799,A103799,2025-05-09,7993.09,3171.1,11770.32,9971.55,1798.77,Paid
B103800,A103800,2025-05-19,2241.79,37392.88,39687.86,29366.3,10321.57,Paid
B103801,A103801,2025-01-29,3644.36,10628.29,24338.08,21816.03,2522.04,Paid
B103802,A103802,2024-09-12,4804.36,5703.19,14422.66,9307.86,5114.79,Paid
B103803,A103803,2025-09-28,3382.05,17071.53,12212.41,10485.21,1727.2,Paid
B103804,A103804,2024-02-02,1296.68,11457.54,11582.0,0.0,11582.0,Paid
B103805,A103805,2025-09-17,1656.42,4350.02,7482.39,6265.1,1217.29,Paid
B103806,A103806,2025-12-19,3254.31,14743.74,24834.44,18635.94,6198.49,Partially Paid
B103807,A103807,2024-12-15,5827.52,14852.91,27986.85,19986.66,8000.18,Paid
B103808,A103808,2024-10-17,7436.67,10941.13,24935.36,0.0,24935.36,Paid
B103809,A103809,2025-02-01,45315.43,2529.26,48051.5,0.0,48051.5,Paid
B103810,A103810,2025-05-25,5010.84,7716.46,10166.64,0.0,10166.64,Partially Paid
B103811,A103811,2024-09-10,20454.69,21126.99,57545.83,34961.28,22584.54,Paid
B103812,A103812,2024-08-18,5390.3,16157.95,31260.3,19814.87,11445.43,Paid
B103813,A103813,2024-06-08,7992.99,7945.2,24350.57,21807.13,2543.45,Paid
B103814,A103814,2025-01-20,1401.15,6716.12,10240.86,0.0,10240.86,Paid
B103815,A103815,2024-11-18,5117.37,9419.16,17345.77,9790.71,7555.05,Partially Paid
B103816,A103816,2025-01-17,7421.14,24756.6,41397.6,27386.02,14011.58,Paid
B103817,A103817,2025-06-17,1711.88,5791.12,11757.11,7146.36,4610.75,Paid
B103818,A103818,2024-08-06,8985.83,6236.16,21248.0,13035.43,8212.57,Pending
B103819,A103819,2025-01-07,2598.11,18833.03,19624.18,11912.66,7711.53,Pending
B103820,A103820,2024-04-25,1194.97,8588.08,5994.35,4484.15,1510.2,Paid
B103821,A103821,2024-07-21,1400.64,5659.03,12929.85,7904.29,5025.56,Paid
B103822,A103822,2024-01-28,15872.95,4845.55,25807.09,0.0,25807.09,Paid
B103823,A103823,2024-05-06,2440.82,25171.47,11532.9,7111.96,4420.95,Paid
B103824,A103824,2025-09-09,14956.17,22155.68,38994.94,33316.43,5678.51,Paid
B103825,A103825,2024-01-08,38147.6,11954.94,44947.82,37164.1,7783.72,Pending
B103826,A103826,2025-03-22,1847.85,2793.76,10689.44,9466.23,1223.21,Pending
B103827,A103827,2024-09-14,4239.99,14800.89,13277.59,11669.78,1607.81,Paid
B103828,A103828,2024-01-22,3678.2,7138.98,6855.6,5015.94,1839.66,Paid
B103829,A103829,2024-07-23,2546.41,4161.64,4511.41,0.0,4511.41,Paid
B103830,A103830,2024-12-27,8501.75,15375.37,30183.45,26188.22,3995.23,Partially Paid
B103831,A103831,2024-05-19,66616.55,26996.53,100572.58,72235.11,28337.47,Paid
B103832,A103832,2024-12-31,5940.1,14035.12,41335.0,29578.7,11756.3,Paid
B103833,A103833,2024-10-25,1838.47,13504.12,17766.01,14299.71,3466.3,Pending
B103834,A103834,2024-06-28,7911.53,17351.5,15966.45,11599.73,4366.72,Paid
B103835,A103835,2024-12-30,1179.85,39968.25,43503.74,37636.9,5866.84,Partially Paid
B103836,A103836,2024-02-13,1478.17,29227.77,31082.78,18264.43,12818.35,Paid
B103837,A103837,2024-11-10,22422.71,14003.75,34247.73,30231.04,4016.69,Partially Paid
B103838,A103838,2025-10-25,6832.61,3987.41,16969.44,15178.63,1790.82,Paid
B103839,A103839,2025-08-28,3359.75,3180.12,7457.3,0.0,7457.3,Paid
B103840,A103840,2025-08-08,902.2,17343.77,13952.48,0.0,13952.48,Partially Paid
B103841,A103841,2024-04-03,2465.99,19562.95,16586.54,9254.31,7332.23,Pending
B103842,A103842,2025-05-29,4325.88,19513.34,16038.92,13281.69,2757.23,Paid
B103843,A103843,2025-03-21,4401.01,8531.22,9358.91,0.0,9358.91,Pending
B103844,A103844,2025-02-28,1398.04,21476.98,12535.45,7583.23,4952.22,Paid
B103845,A103845,2024-07-27,2115.7,6123.78,13390.94,0.0,13390.94,Paid
B103846,A103846,2025-05-14,8086.93,21067.76,48546.88,0.0,48546.88,Paid
B103847,A103847,2024-03-30,2244.31,5440.38,7944.24,6925.65,1018.59,Paid
B103848,A103848,2024-09-14,8858.26,13520.38,24909.58,16723.98,8185.6,Partially Paid
B103849,A103849,2025-12-29,11875.16,14434.48,32188.11,28365.91,3822.2,Paid
B103850,A103850,2024-02-14,3539.81,40986.68,59419.13,40321.94,19097.19,Paid
B103851,A103851,2025-03-01,1144.16,21431.63,14473.93,9832.21,4641.72,Paid
B103852,A103852,2024-03-09,4270.49,22495.19,26357.5,0.0,26357.5,Paid
B103853,A103853,2025-08-02,1930.26,2638.23,5998.46,5056.65,941.81,Paid
B103854,A103854,2024-08-15,10852.2,6734.85,13306.08,0.0,13306.08,Partially Paid
B103855,A103855,2024-12-03,7155.81,4987.54,14837.64,11743.42,3094.23,Partially Paid
B103856,A103856,2025-08-06,99036.77,13935.61,105403.57,60876.6,44526.98,Paid
B103857,A103857,2025-10-05,1862.33,14346.51,11632.72,10456.29,1176.43,Paid
B103858,A103858,2024-04-22,4681.99,6312.93,8792.51,6324.7,2467.81,Paid
B103859,A103859,2025-05-10,5822.0,18406.06,21011.31,12474.24,8537.07,Paid
B103860,A103860,2024-10-03,46970.76,20615.63,60649.4,43065.33,17584.07,Partially Paid
B103861,A103861,2024-02-07,2334.36,10602.27,8488.77,4904.37,3584.4,Paid
B103862,A103862,2024-07-31,20946.56,3582.19,23903.85,18859.51,5044.34,Paid
B103863,A103863,2024-11-05,15693.83,25410.22,50584.42,36524.46,14059.96,Paid
B103864,A103864,2025-01-12,1394.71,20339.14,8319.09,4937.9,3381.19,Paid
B103865,A103865,2024-05-07,5267.02,7909.55,9189.47,0.0,9189.47,Partially Paid
B103866,A103866,2024-04-18,16119.41,20624.88,40834.4,0.0,40834.4,Pending
B103867,A103867,2025-12-21,3957.86,3672.81,13169.39,11585.86,1583.53,Paid
B103868,A103868,2024-05-03,3965.06,10058.01,10199.95,0.0,10199.95,Paid
B103869,A103869,2025-11-15,74144.38,9051.36,84855.11,58712.77,26142.34,Paid
B103870,A103870,2025-07-08,14247.09,26526.16,46462.51,27817.83,18644.69,Partially Paid
B103871,A103871,2024-12-16,3691.75,35678.73,91516.77,0.0,91516.77,Paid
B103872,A103872,2024-11-06,5328.69,6593.19,13206.56,9448.76,3757.8,Paid
B103873,A103873,2025-07-24,42923.78,3668.3,46599.22,37846.7,8752.52,Paid
B103874,A103874,2025-02-17,4031.33,4248.61,12228.53,9502.49,2726.04,Paid
B103875,A103875,2025-02-07,1699.62,11829.76,15743.6,12088.14,3655.46,Pending
B103876,A103876,2024-11-03,1214.1,8407.05,6823.85,5507.2,1316.65,Paid
B103877,A103877,2025-10-21,1837.08,13537.61,25851.52,17435.29,8416.24,Pending
B103878,A103878,2025-09-18,85376.0,9648.41,101731.5,90396.44,11335.06,Paid
B103879,A103879,2024-06-16,3425.24,17901.69,12869.41,11295.21,1574.2,Paid
B103880,A103880,2025-09-18,32904.05,7371.45,43397.89,34764.77,8633.12,Pending
B103881,A103881,2025-11-04,2269.49,28679.89,39180.94,23190.91,15990.04,Pending
B103882,A103882,2024-03-06,93154.44,3661.75,95287.21,79546.35,15740.86,Paid
B103883,A103883,2025-09-15,8287.52,8482.09,16588.56,11002.87,5585.7,Pending
B103884,A103884,2024-08-09,8088.96,12005.57,23445.1,0.0,23445.1,Pending
B103885,A103885,2025-08-30,19849.81,15433.3,41897.12,32892.8,9004.32,Paid
B103886,A103886,2024-01-30,15825.32,8205.6,29153.59,23928.43,5225.16,Paid
B103887,A103887,2025-10-31,2055.79,3891.46,5822.38,4953.6,868.77,Paid
B103888,A103888,2025-08-12,1518.78,20489.8,10722.55,0.0,10722.55,Paid
B103889,A103889,2024-02-20,1338.54,20537.3,21956.88,13658.3,8298.58,Paid
B103890,A103890,2024-03-31,1382.13,1679.28,5475.34,4739.52,735.82,Partially Paid
B103891,A103891,2024-05-16,2593.2,13723.12,19007.24,11928.85,7078.39,Paid
B103892,A103892,2024-06-11,1073.72,3499.74,9938.74,7525.17,2413.57,Paid
B103893,A103893,2025-01-19,5756.38,21473.63,25364.17,15603.11,9761.06,Paid
B103894,A103894,2024-09-24,7798.71,10111.27,36388.85,21737.99,14650.85,Paid
B103895,A103895,2025-01-23,622.61,15185.74,11887.21,7537.79,4349.41,Paid
B103896,A103896,2025-01-06,44662.94,6409.09,48521.11,30562.72,17958.39,Paid
B103897,A103897,2024-04-22,2441.64,6811.5,9168.16,5670.32,3497.84,Partially Paid
B103898,A103898,2025-11-13,1406.26,23885.3,25741.51,15032.9,10708.61,Paid
B103899,A103899,2024-03-20,7958.01,11049.16,20640.19,11867.78,8772.41,Partially Paid
B103900,A103900,2024-07-28,1254.9,3774.15,4293.57,2836.96,1456.6,Paid
B103901,A103901,2024-01-18,4794.47,9761.09,17791.87,0.0,17791.87,Paid
B103902,A103902,2025-07-26,1095.0,9937.11,13945.29,0.0,13945.29,Paid
B103903,A103903,2025-07-09,36934.31,15517.79,51786.71,43542.38,8244.33,Paid
B103904,A103904,2024-01-27,5417.52,6159.85,10910.76,0.0,10910.76,Paid
B103905,A103905,2025-07-03,5091.53,11101.91,10465.58,8659.46,1806.12,Paid
B103906,A103906,2024-05-22,4922.2,11419.56,16388.94,10549.47,5839.46,Paid
B103907,A103907,2024-10-07,1110.0,13579.13,20659.26,14963.66,5695.6,Pending
B103908,A103908,2025-01-09,23686.1,6602.82,34471.86,19996.41,14475.45,Pending
B103909,A103909,2024-08-16,1462.04,16933.56,22316.07,15384.64,6931.43,Paid
B103910,A103910,2024-02-10,20312.11,15923.37,34182.87,19434.26,14748.61,Paid
B103911,A103911,2024-05-09,1873.55,2678.48,5685.03,3140.31,2544.72,Paid
B103912,A103912,2024-11-13,1511.72,7800.35,4592.77,4024.69,568.08,Paid
B103913,A103913,2024-12-08,9009.46,40607.24,45719.03,37924.03,7795.0,Paid
B103914,A103914,2025-03-12,1065.74,8037.26,12766.14,7972.17,4793.97,Paid
B103915,A103915,2024-08-10,3143.68,10376.44,20863.45,13547.92,7315.53,Paid
B103916,A103916,2024-09-14,3463.52,36383.3,44503.66,26475.44,18028.22,Paid
B103917,A103917,2024-04-21,2315.09,2999.93,5312.42,3201.99,2110.43,Paid
B103918,A103918,2025-12-14,821.1,21250.3,14053.45,10593.27,3460.18,Paid
B103919,A103919,2024-05-29,7231.69,7338.39,19324.03,14526.06,4797.97,Paid
B103920,A103920,2024-12-12,1259.16,8031.89,14371.31,10739.84,3631.46,Paid
B103921,A103921,2025-05-25,22172.73,5532.4,26216.53,14757.66,11458.86,Pending
B103922,A103922,2025-05-26,2832.12,19856.03,25142.23,0.0,25142.23,Paid
B103923,A103923,2025-07-08,1356.54,6477.19,8139.26,4549.86,3589.4,Pending
B103924,A103924,2024-05-14,5944.74,3449.38,9981.28,8950.1,1031.18,Paid
B103925,A103925,2025-04-09,4803.61,2980.76,7352.11,0.0,7352.11,Paid
B103926,A103926,2024-07-11,1624.82,6558.73,10056.61,0.0,10056.61,Paid
B103927,A103927,2024-06-21,3615.2,15340.62,31287.2,0.0,31287.2,Paid
B103928,A103928,2025-04-04,4011.1,6435.4,18474.3,0.0,18474.3,Paid
B103929,A103929,2024-03-11,1975.83,25148.42,25350.22,15680.48,9669.74,Partially Paid
B103930,A103930,2024-01-12,5175.16,22639.14,25744.89,0.0,25744.89,Paid
B103931,A103931,2024-02-14,5549.06,17199.66,33375.99,27649.28,5726.71,Paid
B103932,A103932,2025-04-07,12141.26,4769.43,17625.42,12938.12,4687.31,Paid
B103933,A103933,2024-08-07,3600.33,10799.28,8925.64,5846.94,3078.7,Pending
B103934,A103934,2026-01-02,2324.61,19045.14,9759.54,6260.27,3499.28,Paid
B103935,A103935,2024-05-22,7432.56,13317.53,16882.4,0.0,16882.4,Paid
B103936,A103936,2025-09-13,4715.0,9205.15,17293.62,11926.13,5367.49,Paid
B103937,A103937,2024-04-09,1913.7,3138.26,3470.61,2669.07,801.54,Paid
B103938,A103938,2025-11-24,5657.81,31155.68,29375.25,0.0,29375.25,Partially Paid
B103939,A103939,2024-09-21,2431.73,3878.58,6228.97,4804.61,1424.36,Paid
B103940,A103940,2025-08-23,23582.62,8793.68,28866.47,20676.85,8189.62,Paid
B103941,A103941,2025-08-24,979.54,9907.45,9944.71,8255.36,1689.35,Pending
B103942,A103942,2024-08-13,38525.38,7409.88,43030.94,0.0,43030.94,Paid
B103943,A103943,2024-01-13,633.0,2416.33,6085.86,5018.7,1067.16,Paid
B103944,A103944,2024-11-24,4617.7,5279.62,8578.67,7589.49,989.18,Paid
B103945,A103945,2025-11-29,1322.68,3668.77,4758.5,3372.98,1385.51,Pending
B103946,A103946,2024-12-18,2231.62,10728.62,13820.71,9368.48,4452.23,Paid
B103947,A103947,2025-01-16,8102.34,12851.89,19372.64,16456.14,2916.49,Paid
B103948,A103948,2024-08-22,4861.44,16742.02,17155.43,10849.96,6305.47,Partially Paid
B103949,A103949,2024-05-24,1052.8,11315.91,11871.98,9574.33,2297.65,Paid
B103950,A103950,2025-09-13,6979.88,15719.08,24011.71,18019.25,5992.46,Partially Paid
B103951,A103951,2024-02-23,66428.75,22419.61,74318.05,52094.94,22223.11,Paid
B103952,A103952,2025-03-28,12381.27,6239.74,18153.16,11205.07,6948.09,Paid
B103953,A103953,2025-05-07,9940.94,6731.61,14460.12,8020.54,6439.58,Pending
B103954,A103954,2024-07-31,4125.82,11729.54,25483.53,0.0,25483.53,Paid
B103955,A103955,2025-02-17,26223.1,22240.36,42781.49,24397.12,18384.37,Paid
B103956,A103956,2025-02-11,687.74,4221.13,3794.97,2228.73,1566.24,Paid
B103957,A103957,2024-03-05,20556.34,38515.13,70320.79,0.0,70320.79,Paid
B103958,A103958,2024-06-29,1067.57,16548.32,8630.36,0.0,8630.36,Paid
B103959,A103959,2024-09-19,2360.51,6231.89,7930.85,6275.09,1655.76,Paid
B103960,A103960,2025-05-08,36895.06,50430.75,85647.45,0.0,85647.45,Paid
B103961,A103961,2024-08-13,107560.9,10762.06,119026.07,68398.66,50627.41,Paid
B103962,A103962,2024-10-09,2150.15,46638.19,24216.96,0.0,24216.96,Pending
B103963,A103963,2024-11-15,3050.21,4298.08,7542.54,4778.08,2764.46,Paid
B103964,A103964,2025-01-21,5099.67,5987.68,11361.49,7947.08,3414.4,Paid
B103965,A103965,2025-08-14,2266.47,18164.23,17095.91,0.0,17095.91,Paid
B103966,A103966,2025-09-18,7587.12,2802.46,10074.69,6573.16,3501.53,Pending
B103967,A103967,2024-08-07,2500.97,1426.52,4234.67,2416.86,1817.81,Pending
B103968,A103968,2024-03-01,8888.64,28845.96,22350.07,18634.56,3715.51,Paid
B103969,A103969,2024-07-20,824.83,4530.26,5078.88,2801.1,2277.78,Partially Paid
B103970,A103970,2025-10-14,8955.9,32802.42,44632.87,39538.11,5094.77,Paid
B103971,A103971,2024-12-08,6617.6,13105.56,16899.67,0.0,16899.67,Partially Paid
B103972,A103972,2025-12-12,4460.87,12900.39,19613.75,0.0,19613.75,Paid
B103973,A103973,2025-11-25,45298.23,16630.53,50926.39,43252.76,7673.63,Paid
B103974,A103974,2024-11-05,2338.63,11969.82,17602.23,13799.07,3803.16,Partially Paid
B103975,A103975,2024-09-04,4803.93,4278.61,10438.43,8856.8,1581.63,Partially Paid
B103976,A103976,2025-09-26,1910.5,25226.36,20789.94,15408.84,5381.09,Paid
B103977,A103977,2024-07-29,88536.08,5739.53,97533.94,62440.92,35093.02,Pending
B103978,A103978,2025-12-26,115972.57,7255.31,120594.04,70486.06,50107.98,Paid
B103979,A103979,2025-05-26,2809.68,4355.66,4783.0,0.0,4783.0,Partially Paid
B103980,A103980,2024-09-16,37960.71,1953.97,40601.77,31530.51,9071.26,Pending
B103981,A103981,2025-01-17,5765.7,10567.01,12688.85,8963.25,3725.6,Pending
B103982,A103982,2024-06-17,1336.68,12761.66,15143.18,10090.48,5052.7,Partially Paid
B103983,A103983,2024-12-08,5687.03,7804.01,14304.75,12117.03,2187.72,Pending
B103984,A103984,2025-08-01,1632.07,12019.27,11078.24,8574.62,2503.63,Paid
B103985,A103985,2025-06-23,11189.73,29270.27,44980.06,27123.81,17856.25,Paid
B103986,A103986,2024-02-08,5950.69,14828.39,15146.13,13194.59,1951.54,Paid
B103987,A103987,2024-11-28,5214.71,30167.49,30423.36,0.0,30423.36,Pending
B103988,A103988,2024-07-09,2653.61,39285.07,23181.78,0.0,23181.78,Paid
B103989,A103989,2024-12-13,1538.04,1602.54,5793.86,3271.63,2522.23,Paid
B103990,A103990,2025-12-18,4789.98,29781.4,37354.33,33237.95,4116.38,Paid
B103991,A103991,2024-07-11,14839.36,1961.17,19058.43,13822.73,5235.7,Pending
B103992,A103992,2025-08-11,5233.83,37649.21,33810.04,0.0,33810.04,Pending
B103993,A103993,2025-12-26,966.94,16019.45,23054.16,13552.96,9501.2,Paid
B103994,A103994,2025-11-14,1292.23,14034.31,18673.38,13001.75,5671.64,Partially Paid
B103995,A103995,2024-09-08,1645.09,16037.38,20356.95,14213.58,6143.37,Paid
B103996,A103996,2024-09-09,3328.93,31679.04,30091.22,22668.7,7422.52,Partially Paid
B103997,A103997,2025-11-13,9529.89,9149.35,17184.69,11600.32,5584.37,Paid
B103998,A103998,2025-12-27,24241.18,10128.75,37299.49,0.0,37299.49,Paid
B103999,A103999,2024-05-14,5392.73,6301.89,9789.81,0.0,9789.81,Partially Paid
B104000,A104000,2024-07-22,1225.56,12533.09,27526.9,23444.9,4082.01,Partially Paid
B104001,A104001,2024-12-14,6840.18,5273.39,11893.45,10532.92,1360.53,Paid
B104002,A104002,2024-02-24,2007.58,20577.81,26475.28,22745.2,3730.08,Paid
B104003,A104003,2024-03-08,23914.19,10609.23,33519.68,0.0,33519.68,Paid
B104004,A104004,2025-09-18,14134.33,4635.04,20544.17,0.0,20544.17,Paid
B104005,A104005,2025-12-02,5056.01,15830.4,19389.75,0.0,19389.75,Paid
B104006,A104006,2024-04-20,4898.15,12055.6,23885.95,18070.61,5815.34,Paid
B104007,A104007,2024-08-12,3670.3,26661.87,20310.51,16264.81,4045.7,Paid
B104008,A104008,2025-06-03,694.32,4137.25,11901.41,0.0,11901.41,Paid
B104009,A104009,2024-05-10,13108.61,34157.12,42988.71,30493.19,12495.53,Paid
B104010,A104010,2025-11-23,4039.93,36478.45,42042.03,32066.19,9975.85,Pending
B104011,A104011,2024-09-05,1909.06,26195.35,26727.45,17320.31,9407.13,Paid
B104012,A104012,2024-10-14,2462.71,30879.62,13337.8,10480.18,2857.62,Pending
B104013,A104013,2025-03-05,11668.14,24794.73,23850.4,14410.94,9439.47,Paid
B104014,A104014,2024-12-29,2043.72,1625.04,3970.72,2325.55,1645.18,Paid
B104015,A104015,2024-11-06,7359.79,10868.8,22054.89,15013.36,7041.53,Paid
B104016,A104016,2025-12-23,64995.64,19696.39,89130.83,73462.01,15668.82,Paid
B104017,A104017,2025-05-12,1104.6,51842.71,34406.36,22089.46,12316.9,Paid
B104018,A104018,2024-11-14,1082.83,13759.22,12150.4,0.0,12150.4,Paid
B104019,A104019,2025-06-03,1720.8,20067.48,12481.56,10821.39,1660.17,Pending
B104020,A104020,2025-11-19,6007.72,15365.59,13261.04,9935.3,3325.74,Paid
B104021,A104021,2024-06-18,7411.22,6505.55,13810.63,8540.56,5270.07,Paid
B104022,A104022,2025-01-30,1492.17,4235.58,6956.88,4281.49,2675.4,Paid
B104023,A104023,2024-03-10,1353.33,15291.64,17994.23,10639.07,7355.17,Paid
B104024,A104024,2024-09-30,23569.16,5044.92,28999.68,17206.99,11792.69,Partially Paid
B104025,A104025,2024-02-09,62629.29,8250.12,70582.76,58652.94,11929.82,Paid
B104026,A104026,2024-01-21,36025.18,7069.75,49452.98,41098.81,8354.16,Paid
B104027,A104027,2024-12-15,62169.63,25812.56,86066.66,76062.99,10003.67,Paid
B104028,A104028,2024-12-16,9288.38,7664.15,21424.85,14013.88,7410.97,Paid
B104029,A104029,2025-06-30,13558.5,25443.02,44805.3,33632.85,11172.45,Partially Paid
B104030,A104030,2025-09-16,21400.78,6601.26,29087.26,0.0,29087.26,Pending
B104031,A104031,2024-08-23,1466.29,4039.43,7357.98,4309.96,3048.02,Paid
B104032,A104032,2025-08-03,11601.19,11779.61,19462.73,14276.28,5186.44,Pending
B104033,A104033,2025-09-07,46550.06,25696.77,75852.43,47345.53,28506.89,Paid
B104034,A104034,2025-02-24,5802.42,11034.79,14629.52,9292.84,5336.68,Pending
B104035,A104035,2024-09-24,2823.17,4148.81,6163.12,5160.89,1002.23,Paid
B104036,A104036,2024-11-27,50071.24,26045.61,74414.76,48700.41,25714.35,Partially Paid
B104037,A104037,2025-03-25,4193.62,29340.99,12712.47,10459.81,2252.65,Paid
B104038,A104038,2025-07-16,1899.66,9542.22,8136.43,0.0,8136.43,Paid
B104039,A104039,2025-12-23,6000.27,1713.77,8151.76,0.0,8151.76,Paid
B104040,A104040,2024-03-20,24099.62,11305.0,38008.17,29502.82,8505.34,Paid
B104041,A104041,2024-09-04,3128.76,4471.43,6458.7,0.0,6458.7,Pending
B104042,A104042,2025-08-06,83426.95,5714.07,95527.55,78101.28,17426.27,Paid
B104043,A104043,2024-11-09,1962.62,2418.83,6175.03,0.0,6175.03,Partially Paid
B104044,A104044,2025-07-31,5213.94,4085.13,14128.24,10962.48,3165.76,Pending
B104045,A104045,2025-11-27,3736.28,12845.52,8008.68,4910.83,3097.84,Paid
B104046,A104046,2025-08-16,50316.76,5366.01,58469.26,35424.53,23044.73,Pending
B104047,A104047,2024-12-10,3245.92,2449.67,7053.84,0.0,7053.84,Paid
B104048,A104048,2025-12-22,489.07,21293.31,12449.87,7750.98,4698.89,Paid
B104049,A104049,2024-07-01,2547.05,2320.73,6324.42,3818.18,2506.24,Partially Paid
B104050,A104050,2026-01-01,2226.91,21613.49,21961.13,14626.49,7334.64,Paid
B104051,A104051,2025-09-30,1975.56,11622.65,11757.09,9397.99,2359.1,Paid
B104052,A104052,2025-02-04,1304.89,7285.22,5125.82,4227.85,897.97,Paid
B104053,A104053,2024-08-30,2049.76,4874.13,9148.93,6140.63,3008.3,Paid
B104054,A104054,2025-12-19,1966.05,22385.06,8142.59,6550.96,1591.63,Pending
B104055,A104055,2024-10-21,1565.56,8358.77,7986.94,0.0,7986.94,Paid
B104056,A104056,2024-02-27,91656.78,9343.12,102413.55,70203.02,32210.53,Pending
B104057,A104057,2024-06-01,79092.67,18541.97,112785.36,0.0,112785.36,Paid
B104058,A104058,2024-12-23,1506.62,2758.86,9519.09,0.0,9519.09,Paid
B104059,A104059,2025-08-25,2022.41,22395.39,11601.44,9227.55,2373.89,Pending
B104060,A104060,2025-05-03,1051.21,42584.21,27572.12,16135.13,11437.0,Pending
B104061,A104061,2024-01-23,7021.44,3945.76,9932.11,0.0,9932.11,Paid
B104062,A104062,2024-11-27,4219.55,2986.31,6859.08,5531.69,1327.38,Paid
B104063,A104063,2024-10-23,7735.95,21460.69,26429.23,0.0,26429.23,Paid
B104064,A104064,2024-09-06,70944.54,39114.7,131692.16,0.0,131692.16,Pending
B104065,A104065,2024-01-31,31938.53,4285.77,38440.79,22136.59,16304.2,Paid
B104066,A104066,2025-11-28,6452.05,11130.01,11162.24,9605.56,1556.68,Paid
B104067,A104067,2024-06-09,16630.23,3550.29,19287.61,15810.24,3477.38,Paid
B104068,A104068,2025-06-16,1793.55,11668.31,10810.46,0.0,10810.46,Paid
B104069,A104069,2025-07-04,4422.82,4204.47,8774.89,5077.89,3697.0,Pending
B104070,A104070,2024-04-13,1881.31,5530.5,8897.98,5222.72,3675.26,Partially Paid
B104071,A104071,2024-10-21,3156.95,11456.62,20204.38,0.0,20204.38,Paid
B104072,A104072,2025-01-25,5062.46,34385.83,22383.4,0.0,22383.4,Paid
B104073,A104073,2024-06-28,24420.77,14121.57,42908.53,24211.63,18696.9,Pending
B104074,A104074,2024-12-15,16476.98,29282.34,25812.13,21639.66,4172.47,Paid
B104075,A104075,2025-08-03,5984.7,5562.38,9949.05,0.0,9949.05,Paid
B104076,A104076,2024-07-10,3296.47,4136.55,6045.13,4601.97,1443.16,Paid
B104077,A104077,2025-03-19,1481.5,14299.71,17073.72,12910.36,4163.36,Paid
B104078,A104078,2025-07-12,7025.65,11061.99,23397.66,19446.71,3950.95,Paid
B104079,A104079,2025-09-30,2577.63,9226.34,9817.06,7258.67,2558.39,Paid
B104080,A104080,2024-12-10,4296.64,5608.66,8733.58,7775.41,958.18,Paid
B104081,A104081,2025-12-12,1033.28,8495.49,13188.54,9703.14,3485.41,Paid
B104082,A104082,2024-05-06,9269.4,6152.79,13072.98,10272.31,2800.67,Paid
B104083,A104083,2025-09-03,1198.9,6889.26,17978.16,0.0,17978.16,Paid
B104084,A104084,2025-10-31,7402.09,3885.56,11486.08,9212.45,2273.62,Pending
B104085,A104085,2025-07-13,6065.08,14302.78,39078.42,0.0,39078.42,Paid
B104086,A104086,2024-12-26,1205.28,2833.07,4782.22,2727.27,2054.95,Partially Paid
B104087,A104087,2025-05-29,19311.62,23972.46,73163.05,0.0,73163.05,Paid
B104088,A104088,2024-06-29,5313.69,32745.58,36725.34,23729.07,12996.27,Partially Paid
B104089,A104089,2025-02-04,20589.66,14236.1,40446.96,30213.05,10233.91,Paid
B104090,A104090,2025-04-19,28950.0,56862.57,79880.57,68661.96,11218.61,Paid
B104091,A104091,2025-11-16,3045.76,1388.86,4562.09,2649.03,1913.05,Paid
B104092,A104092,2024-05-04,5034.34,7867.12,26182.17,0.0,26182.17,Paid
B104093,A104093,2024-10-07,3369.83,10679.12,38951.91,28632.89,10319.02,Paid
B104094,A104094,2024-12-25,70484.46,3440.0,78540.71,46993.19,31547.52,Pending
B104095,A104095,2025-01-25,2220.82,14797.08,8808.11,0.0,8808.11,Partially Paid
B104096,A104096,2024-11-18,2584.1,12596.02,9564.84,8284.84,1280.0,Pending
B104097,A104097,2024-09-21,1292.57,6409.13,7485.21,6073.43,1411.78,Paid
B104098,A104098,2024-10-17,34079.77,18119.02,60126.28,48781.57,11344.71,Paid
B104099,A104099,2024-11-29,4655.9,16143.35,11284.92,7854.36,3430.56,Paid
B104100,A104100,2024-05-04,116347.02,1831.4,120660.07,94858.53,25801.54,Paid
B104101,A104101,2025-05-02,1158.87,44471.48,38726.82,31287.34,7439.48,Paid
B104102,A104102,2024-10-06,1097.47,8450.28,7243.16,4034.94,3208.22,Paid
B104103,A104103,2024-04-12,1989.56,29512.88,28707.84,0.0,28707.84,Pending
B104104,A104104,2025-07-14,5438.89,56043.11,37847.95,32632.23,5215.72,Paid
B104105,A104105,2024-05-15,359.55,11823.9,22744.82,0.0,22744.82,Partially Paid
B104106,A104106,2025-06-21,1564.67,25130.4,19011.77,16052.06,2959.7,Paid
B104107,A104107,2024-06-21,19530.39,8424.08,40506.81,0.0,40506.81,Paid
B104108,A104108,2024-08-29,3177.99,7428.78,13649.94,9026.9,4623.04,Paid
B104109,A104109,2024-02-05,2320.58,16737.08,14713.6,11208.09,3505.51,Paid
B104110,A104110,2024-08-21,1753.17,5269.54,11086.56,9249.12,1837.44,Pending
B104111,A104111,2024-07-12,1023.8,11530.45,8256.99,5688.1,2568.9,Partially Paid
B104112,A104112,2025-10-24,4469.01,16398.45,30761.94,23733.86,7028.08,Paid
B104113,A104113,2025-09-09,38511.15,12371.97,56805.35,47718.6,9086.75,Paid
B104114,A104114,2025-08-18,2098.93,21890.6,19826.6,0.0,19826.6,Paid
B104115,A104115,2025-05-28,4525.69,21985.46,29013.61,18762.68,10250.93,Paid
B104116,A104116,2025-04-08,103645.46,27060.08,119874.29,95552.36,24321.93,Paid
B104117,A104117,2025-11-08,5263.43,12679.37,16674.3,0.0,16674.3,Paid
B104118,A104118,2024-09-13,1133.32,2888.47,6426.01,5088.05,1337.97,Paid
B104119,A104119,2024-10-08,78424.0,6527.45,87939.72,61429.16,26510.56,Partially Paid
B104120,A104120,2025-12-03,90085.42,12188.71,99205.67,55269.72,43935.95,Partially Paid
B104121,A104121,2025-12-27,1863.9,19664.78,11500.59,7697.62,3802.96,Partially Paid
B104122,A104122,2024-02-26,4664.97,3911.35,6751.66,5456.67,1294.99,Paid
B104123,A104123,2025-10-17,3777.18,19359.42,33561.71,27558.06,6003.65,Pending
B104124,A104124,2024-04-17,58127.06,4247.92,61062.34,52177.55,8884.78,Paid
B104125,A104125,2025-08-06,3064.46,5099.65,11654.56,7351.71,4302.85,Partially Paid
B104126,A104126,2025-12-09,1960.46,10820.82,21325.29,16590.72,4734.57,Paid
B104127,A104127,2024-07-11,25430.46,2542.83,27895.58,17307.19,10588.39,Paid
B104128,A104128,2024-10-10,2789.92,20753.7,25505.38,15550.08,9955.3,Paid
B104129,A104129,2025-07-07,21195.3,42314.95,63640.5,0.0,63640.5,Paid
B104130,A104130,2024-06-28,9975.18,12081.06,32430.19,19809.46,12620.73,Paid
B104131,A104131,2025-10-02,16051.1,24384.64,25681.36,14414.82,11266.55,Paid
B104132,A104132,2024-04-01,4216.53,27911.93,13606.5,10370.77,3235.73,Paid
B104133,A104133,2025-12-30,5341.88,7213.77,9558.86,5371.9,4186.97,Paid
B104134,A104134,2024-08-08,2660.63,15992.55,19921.92,14699.32,5222.6,Pending
B104135,A104135,2024-01-17,1842.55,4109.83,9447.39,7857.42,1589.97,Paid
B104136,A104136,2024-02-09,17506.93,8378.62,25719.39,0.0,25719.39,Paid
B104137,A104137,2024-01-29,853.21,7759.66,9849.39,7726.94,2122.46,Partially Paid
B104138,A104138,2025-10-30,3236.28,20578.75,17343.32,9980.8,7362.51,Paid
B104139,A104139,2025-08-05,3877.79,18418.72,33422.29,25666.79,7755.5,Pending
B104140,A104140,2024-03-18,58963.92,24694.68,79432.03,67902.95,11529.08,Pending
B104141,A104141,2024-06-06,110767.21,16222.92,121377.22,85002.36,36374.86,Paid
B104142,A104142,2025-03-16,3861.81,8236.43,15099.38,10302.04,4797.34,Paid
B104143,A104143,2024-10-03,1606.91,19120.55,26655.6,22334.13,4321.47,Paid
B104144,A104144,2025-07-01,75196.12,28003.25,102374.99,78792.56,23582.43,Paid
B104145,A104145,2024-03-17,3054.19,11432.06,11321.5,8010.16,3311.34,Paid
B104146,A104146,2025-07-27,51403.97,4469.6,61914.52,47683.95,14230.57,Pending
B104147,A104147,2024-06-02,1837.63,7283.39,12189.91,7989.56,4200.35,Partially Paid
B104148,A104148,2025-05-24,7512.52,10286.7,13331.35,11587.98,1743.37,Paid
B104149,A104149,2024-01-16,1898.18,24082.25,12226.94,6752.26,5474.68,Pending
B104150,A104150,2025-10-09,2242.04,16977.13,7359.76,4739.33,2620.43,Partially Paid
B104151,A104151,2025-05-18,3117.32,8661.6,8451.11,0.0,8451.11,Partially Paid
B104152,A104152,2024-03-04,1449.16,8925.9,8176.5,5066.39,3110.11,Partially Paid
B104153,A104153,2025-02-01,1003.04,28680.3,14106.07,0.0,14106.07,Paid
B104154,A104154,2026-01-01,10252.43,8458.4,12994.41,9701.52,3292.9,Paid
B104155,A104155,2024-08-20,1138.6,3599.33,4057.29,3191.59,865.71,Pending
B104156,A104156,2025-08-12,5644.3,16006.36,31447.94,0.0,31447.94,Paid
B104157,A104157,2025-06-17,894.98,25588.92,10894.36,9150.16,1744.2,Paid
B104158,A104158,2025-07-08,11580.43,12711.66,28775.77,21550.56,7225.22,Paid
B104159,A104159,2025-11-23,10137.41,8669.52,23576.21,13360.51,10215.7,Paid
B104160,A104160,2025-04-03,1244.17,48522.68,32178.93,0.0,32178.93,Paid
B104161,A104161,2024-11-18,1648.02,3220.38,4548.92,2762.73,1786.2,Paid
B104162,A104162,2024-03-27,6933.88,17247.31,19775.13,11852.16,7922.98,Partially Paid
B104163,A104163,2025-03-14,3367.09,18685.33,16680.83,12450.58,4230.24,Partially Paid
B104164,A104164,2024-01-18,22527.5,3060.69,24756.96,19736.91,5020.05,Paid
B104165,A104165,2025-01-07,5017.72,6051.06,20115.2,0.0,20115.2,Paid
B104166,A104166,2025-11-05,5654.64,13823.52,23408.53,20322.14,3086.39,Paid
B104167,A104167,2025-11-18,6230.89,11450.19,19176.39,13373.68,5802.71,Paid
B104168,A104168,2025-08-12,1342.45,22816.06,17707.16,12005.7,5701.47,Paid
B104169,A104169,2025-08-10,26211.23,13793.27,33503.27,25183.12,8320.15,Pending
B104170,A104170,2024-09-18,5996.8,16132.39,17980.5,14825.96,3154.54,Paid
B104171,A104171,2025-04-07,3752.5,24840.25,20644.69,11931.7,8712.99,Pending
B104172,A104172,2025-10-10,38411.94,25823.18,60141.35,0.0,60141.35,Paid
B104173,A104173,2025-07-20,45223.4,17965.93,64019.05,0.0,64019.05,Paid
B104174,A104174,2025-06-22,97295.85,23588.22,111944.71,81995.85,29948.86,Paid
B104175,A104175,2025-01-31,3052.15,16184.05,16877.88,14193.57,2684.31,Paid
B104176,A104176,2024-11-20,985.87,6510.55,16583.31,12359.69,4223.62,Paid
B104177,A104177,2024-08-09,3740.36,3324.34,7257.16,5125.66,2131.5,Paid
B104178,A104178,2025-12-06,3388.91,28699.75,18067.51,15171.55,2895.97,Paid
B104179,A104179,2025-02-20,4550.91,8311.71,10888.32,9665.98,1222.34,Paid
B104180,A104180,2024-02-06,1350.19,18791.64,9050.42,7354.76,1695.66,Paid
B104181,A104181,2025-12-18,17580.59,11867.01,23158.39,0.0,23158.39,Partially Paid
B104182,A104182,2024-01-22,4539.87,17960.16,22813.75,18755.33,4058.42,Paid
B104183,A104183,2025-02-26,2279.99,16894.04,29535.6,0.0,29535.6,Pending
B104184,A104184,2024-06-28,3774.9,24485.3,25619.06,16075.39,9543.67,Pending
B104185,A104185,2025-10-15,22108.74,21890.07,28505.01,0.0,28505.01,Paid
B104186,A104186,2024-07-02,48308.56,14865.15,57176.39,33731.69,23444.7,Paid
B104187,A104187,2025-07-30,2387.35,15833.02,15259.81,11231.0,4028.82,Paid
B104188,A104188,2025-05-13,5134.23,4595.39,11391.39,6316.54,5074.85,Pending
B104189,A104189,2024-04-16,10389.43,4931.29,16718.74,0.0,16718.74,Paid
B104190,A104190,2024-11-16,4379.69,8475.57,17406.68,13755.19,3651.49,Paid
B104191,A104191,2025-12-19,3576.71,31709.32,24546.87,13802.89,10743.98,Partially Paid
B104192,A104192,2025-08-14,23842.17,15688.71,39433.6,22681.98,16751.63,Paid
B104193,A104193,2024-07-04,879.34,16319.39,11009.78,8112.13,2897.65,Paid
B104194,A104194,2024-05-21,21850.94,18318.08,49272.09,0.0,49272.09,Paid
B104195,A104195,2025-10-28,2252.66,8024.93,19557.31,12850.63,6706.68,Paid
B104196,A104196,2024-06-06,4070.11,11386.28,13390.32,10931.95,2458.37,Paid
B104197,A104197,2024-12-27,5532.67,10179.18,16580.18,10974.45,5605.74,Pending
B104198,A104198,2024-08-25,2447.25,5440.14,13427.89,9246.56,4181.33,Pending
B104199,A104199,2024-06-19,3223.03,19596.21,17974.47,14726.15,3248.32,Partially Paid
B104200,A104200,2025-12-20,2274.55,12723.41,6866.2,0.0,6866.2,Paid
B104201,A104201,2025-03-08,7397.37,18415.38,21340.29,17987.34,3352.96,Pending
B104202,A104202,2025-11-15,1217.36,11878.2,11709.36,6480.71,5228.65,Paid
B104203,A104203,2025-05-05,47649.55,10876.83,53865.03,34089.63,19775.4,Paid
B104204,A104204,2024-08-02,20175.02,8572.88,22814.5,15785.99,7028.51,Paid
B104205,A104205,2024-06-10,863.14,15200.39,13785.75,0.0,13785.75,Paid
B104206,A104206,2025-11-22,4976.92,9190.49,8666.2,7294.44,1371.76,Paid
B104207,A104207,2024-03-20,88165.16,20987.25,106716.45,93386.4,13330.05,Paid
B104208,A104208,2025-03-15,2030.12,10648.2,23920.5,15587.0,8333.5,Paid
B104209,A104209,2024-06-30,4863.8,9364.55,10081.73,5994.0,4087.73,Paid
B104210,A104210,2025-10-16,6853.91,23500.94,37922.5,31600.84,6321.66,Pending
B104211,A104211,2025-10-02,63630.49,8760.25,72000.45,64655.23,7345.22,Paid
B104212,A104212,2024-11-10,1410.56,4952.43,10195.34,0.0,10195.34,Pending
B104213,A104213,2024-05-14,1134.72,25881.95,35633.12,0.0,35633.12,Paid
B104214,A104214,2025-01-13,1216.86,5462.69,8667.73,4835.71,3832.03,Paid
B104215,A104215,2024-12-12,9545.92,4716.67,16871.63,13850.85,3020.77,Paid
B104216,A104216,2024-08-24,9032.12,45830.99,35051.01,25452.66,9598.35,Paid
B104217,A104217,2024-01-19,1862.36,8288.87,9519.08,0.0,9519.08,Paid
B104218,A104218,2025-05-13,46964.45,4333.97,50040.84,37744.21,12296.63,Pending
B104219,A104219,2025-04-22,1435.9,9573.72,19109.56,12120.28,6989.28,Paid
B104220,A104220,2024-11-07,4272.29,2348.08,6806.04,4873.29,1932.75,Paid
B104221,A104221,2024-05-21,652.33,16564.44,13866.71,0.0,13866.71,Paid
B104222,A104222,2025-04-23,7516.1,6495.83,18781.95,15331.92,3450.03,Paid
B104223,A104223,2024-08-09,3517.71,9854.74,22193.74,16562.49,5631.25,Paid
B104224,A104224,2024-07-17,6393.03,4533.29,13076.97,9733.29,3343.68,Paid
B104225,A104225,2024-07-29,24220.6,40457.37,46896.03,0.0,46896.03,Paid
B104226,A104226,2025-01-03,2028.11,11383.7,10779.38,9110.69,1668.69,Paid
B104227,A104227,2025-12-24,1183.89,11597.89,11602.54,8179.1,3423.44,Pending
B104228,A104228,2025-06-23,3527.38,47682.55,35593.58,30503.27,5090.31,Paid
B104229,A104229,2025-02-07,3742.67,5337.84,17259.21,14615.51,2643.71,Paid
B104230,A104230,2025-06-10,802.29,5725.84,9735.34,7371.81,2363.53,Paid
B104231,A104231,2025-08-13,5241.5,2779.79,7306.08,4049.56,3256.53,Paid
B104232,A104232,2024-08-15,5038.36,28080.01,33949.74,23788.11,10161.64,Paid
B104233,A104233,2024-12-13,1603.81,19413.52,19107.94,0.0,19107.94,Paid
B104234,A104234,2024-12-04,1689.18,22917.88,35438.56,21609.08,13829.48,Pending
B104235,A104235,2024-05-04,51720.61,16895.48,77260.32,56951.55,20308.77,Paid
B104236,A104236,2025-03-03,3835.21,4833.84,16830.54,11422.83,5407.71,Pending
B104237,A104237,2025-11-25,2190.85,5341.26,6821.77,5519.13,1302.63,Paid
B104238,A104238,2025-01-17,12732.31,35606.56,38502.38,0.0,38502.38,Paid
B104239,A104239,2025-10-14,2231.44,16849.04,12791.07,0.0,12791.07,Paid
B104240,A104240,2024-07-01,5344.59,13816.85,14750.23,0.0,14750.23,Paid
B104241,A104241,2025-03-12,109586.37,20200.6,120790.75,83695.65,37095.09,Paid
B104242,A104242,2025-12-22,55692.17,2921.49,58563.36,49872.53,8690.83,Paid
B104243,A104243,2025-02-08,1045.28,9735.69,10041.72,7649.77,2391.95,Pending
B104244,A104244,2025-02-02,1455.84,7351.88,18384.42,15075.96,3308.47,Paid
B104245,A104245,2025-07-21,5380.29,4843.77,14324.7,0.0,14324.7,Paid
B104246,A104246,2024-03-21,3306.75,8236.67,9793.27,5894.18,3899.09,Paid
B104247,A104247,2025-03-03,973.54,12083.73,13831.27,7963.33,5867.93,Paid
B104248,A104248,2024-05-02,1532.59,15005.06,13643.98,0.0,13643.98,Paid
B104249,A104249,2025-01-04,2466.59,4176.51,5246.17,0.0,5246.17,Partially Paid
B104250,A104250,2024-04-16,7491.62,2232.48,10718.37,0.0,10718.37,Paid
B104251,A104251,2024-04-26,1794.6,49743.88,21165.99,18677.42,2488.57,Paid
B104252,A104252,2024-10-30,41523.0,2162.85,45177.92,31616.8,13561.11,Partially Paid
B104253,A104253,2025-09-22,1890.95,1856.98,5579.66,3354.89,2224.76,Paid
B104254,A104254,2024-05-30,3260.13,6310.48,7900.6,4800.13,3100.47,Paid
B104255,A104255,2024-05-31,4093.75,4676.93,8326.08,5566.56,2759.52,Partially Paid
B104256,A104256,2024-09-17,2185.78,17711.76,21714.09,18403.33,3310.76,Pending
B104257,A104257,2024-04-01,1823.06,41788.94,45575.08,36073.5,9501.58,Paid
B104258,A104258,2024-01-20,87622.41,9328.64,102065.9,83632.6,18433.3,Paid
B104259,A104259,2024-07-18,18719.07,9717.92,36389.71,24020.46,12369.25,Paid
B104260,A104260,2026-01-02,117594.21,28060.77,156892.17,0.0,156892.17,Paid
B104261,A104261,2024-03-16,844.64,8818.79,5177.76,4475.91,701.85,Pending
B104262,A104262,2024-10-07,925.5,5140.0,17160.13,0.0,17160.13,Paid
B104263,A104263,2024-03-06,78540.16,14170.46,85246.96,67847.52,17399.44,Partially Paid
B104264,A104264,2025-06-22,65665.92,12014.26,79095.88,0.0,79095.88,Paid
B104265,A104265,2025-06-24,5402.47,24855.14,14791.04,11458.76,3332.28,Pending
B104266,A104266,2024-12-14,1979.26,19806.5,27299.55,21052.37,6247.19,Paid
B104267,A104267,2025-02-02,18608.75,5013.18,34662.27,28356.6,6305.67,Paid
B104268,A104268,2024-09-15,3153.66,2183.75,5321.24,4169.29,1151.95,Partially Paid
B104269,A104269,2024-07-17,67189.44,2051.93,69915.2,0.0,69915.2,Pending
B104270,A104270,2024-02-25,1856.11,10057.51,7579.4,6308.04,1271.36,Paid
B104271,A104271,2025-10-13,2471.36,4385.75,5258.89,4282.64,976.25,Paid
B104272,A104272,2024-10-04,1096.19,22768.47,13672.79,10798.28,2874.51,Paid
B104273,A104273,2024-07-22,2275.53,5305.78,8772.4,6107.73,2664.68,Paid
B104274,A104274,2025-02-05,1170.2,16600.82,9145.53,5423.47,3722.06,Paid
B104275,A104275,2025-01-15,9500.07,4440.71,18563.59,12276.29,6287.3,Pending
B104276,A104276,2025-11-13,8941.25,12830.19,34055.09,27072.7,6982.39,Pending
B104277,A104277,2025-09-03,2729.14,19648.38,17669.82,15809.43,1860.39,Paid
B104278,A104278,2025-06-26,6561.72,23689.15,32322.08,20108.67,12213.41,Paid
B104279,A104279,2024-04-01,1141.62,6280.79,6576.33,0.0,6576.33,Partially Paid
B104280,A104280,2025-02-02,6823.88,1781.55,8299.3,5978.6,2320.71,Paid
B104281,A104281,2024-07-03,19977.77,8742.03,28967.9,24079.25,4888.64,Paid
B104282,A104282,2024-10-13,5073.11,15811.59,10655.68,6095.7,4559.98,Paid
B104283,A104283,2025-06-30,2245.56,52990.66,40168.57,34154.98,6013.59,Paid
B104284,A104284,2025-07-19,11802.12,12353.87,18859.28,11539.01,7320.27,Pending
B104285,A104285,2024-07-13,82874.36,7529.02,94637.42,0.0,94637.42,Partially Paid
B104286,A104286,2024-07-30,92568.39,26812.94,121311.79,91792.85,29518.93,Paid
B104287,A104287,2024-02-18,7163.22,13848.26,25478.82,17055.64,8423.17,Paid
B104288,A104288,2024-10-31,2200.34,10734.16,15024.01,11003.09,4020.92,Paid
B104289,A104289,2025-10-04,2195.52,8772.21,9263.38,0.0,9263.38,Paid
B104290,A104290,2025-12-02,3272.78,3113.77,5676.36,4954.45,721.91,Paid
B104291,A104291,2025-11-18,9950.43,13171.23,19759.42,0.0,19759.42,Paid
B104292,A104292,2024-10-13,1467.32,25966.64,21380.5,18256.67,3123.83,Paid
B104293,A104293,2025-12-17,5542.22,4970.53,18096.99,10441.4,7655.59,Paid
B104294,A104294,2025-01-24,969.64,11026.12,20960.68,15520.53,5440.15,Partially Paid
B104295,A104295,2025-10-01,1240.58,13005.77,11597.68,10430.29,1167.39,Paid
B104296,A104296,2024-11-10,2935.82,15535.01,16156.88,0.0,16156.88,Partially Paid
B104297,A104297,2025-06-13,2015.69,2477.62,4859.16,0.0,4859.16,Pending
B104298,A104298,2024-10-07,2135.16,21737.41,13832.36,9788.62,4043.74,Paid
B104299,A104299,2025-04-30,68286.27,15347.98,74332.83,58407.95,15924.87,Paid
B104300,A104300,2025-03-31,4220.53,10644.9,13369.94,8816.37,4553.57,Pending
B104301,A104301,2025-06-16,2830.95,3080.02,6585.09,5522.56,1062.53,Paid
B104302,A104302,2025-06-19,838.6,18698.78,17074.63,10649.07,6425.55,Paid
B104303,A104303,2025-06-10,2197.48,3999.4,7516.96,0.0,7516.96,Pending
B104304,A104304,2024-01-20,4265.18,11277.02,7979.94,6737.37,1242.56,Paid
B104305,A104305,2025-12-22,3586.83,14360.79,17205.89,9666.97,7538.92,Paid
B104306,A104306,2024-02-03,2640.48,7195.5,14560.43,11578.46,2981.97,Paid
B104307,A104307,2025-04-16,15058.04,4916.55,18004.7,10853.48,7151.22,Paid
B104308,A104308,2024-11-07,48729.44,30175.35,76829.26,64128.06,12701.2,Partially Paid
B104309,A104309,2025-07-12,1530.34,13184.32,9892.01,6751.46,3140.55,Pending
B104310,A104310,2024-04-07,1158.12,14434.47,15144.22,9683.25,5460.97,Paid
B104311,A104311,2025-08-05,5178.67,12429.53,16438.41,9578.47,6859.94,Paid
B104312,A104312,2025-09-27,5970.59,11503.22,17293.06,11157.15,6135.91,Paid
B104313,A104313,2025-08-11,5349.2,13600.33,12323.15,7024.59,5298.55,Paid
B104314,A104314,2024-06-17,4610.9,18018.94,14114.05,12653.66,1460.39,Paid
B104315,A104315,2024-11-30,6058.87,13510.77,32425.98,0.0,32425.98,Paid
B104316,A104316,2026-01-03,21252.2,15388.12,26095.55,17103.62,8991.93,Paid
B104317,A104317,2024-09-15,4463.11,22112.09,15208.7,10245.25,4963.45,Paid
B104318,A104318,2025-03-17,3165.55,5671.12,11843.96,8274.58,3569.37,Paid
B104319,A104319,2025-07-25,1140.86,4423.12,4976.84,3316.93,1659.9,Paid
B104320,A104320,2025-07-01,4792.81,9623.87,16435.59,12392.88,4042.7,Paid
B104321,A104321,2024-05-09,7591.71,23243.69,44083.89,0.0,44083.89,Pending
B104322,A104322,2025-06-02,2772.97,20889.97,24345.47,13776.51,10568.96,Paid
B104323,A104323,2025-09-27,9919.33,26269.88,35728.8,0.0,35728.8,Partially Paid
B104324,A104324,2025-07-04,7545.56,4195.41,12888.03,11020.27,1867.76,Partially Paid
B104325,A104325,2024-04-10,11212.38,17039.56,20268.22,0.0,20268.22,Partially Paid
B104326,A104326,2025-01-08,7244.8,6526.18,21920.16,14590.61,7329.54,Partially Paid
B104327,A104327,2025-02-27,4869.44,23917.35,22744.73,17342.93,5401.8,Paid
B104328,A104328,2024-09-15,14744.3,8235.86,18165.99,0.0,18165.99,Paid
B104329,A104329,2024-05-12,3081.16,12740.83,12278.2,7070.93,5207.27,Paid
B104330,A104330,2025-01-03,1073.8,17007.0,30996.65,21671.64,9325.01,Paid
B104331,A104331,2024-06-14,7137.52,41598.63,35940.46,20242.47,15697.99,Paid
B104332,A104332,2025-10-26,2190.06,30016.13,24022.13,0.0,24022.13,Paid
B104333,A104333,2024-02-29,47140.71,4213.1,54404.23,42812.93,11591.3,Paid
B104334,A104334,2025-08-16,18177.99,31514.86,45452.03,26586.61,18865.43,Paid
B104335,A104335,2025-07-16,4265.4,25147.53,17013.61,13244.73,3768.88,Paid
B104336,A104336,2026-01-01,5975.57,22377.62,33576.28,19626.9,13949.38,Paid
B104337,A104337,2025-11-29,2924.44,50696.95,37247.35,21220.04,16027.31,Paid
B104338,A104338,2025-10-26,1246.5,15911.46,30272.58,18930.79,11341.79,Paid
B104339,A104339,2024-03-19,1367.06,10675.44,12663.24,11276.87,1386.37,Paid
B104340,A104340,2024-06-08,90094.79,8575.65,96668.71,0.0,96668.71,Paid
B104341,A104341,2024-03-31,3107.88,12099.81,25269.19,16776.17,8493.02,Paid
B104342,A104342,2024-11-22,4177.47,18314.62,20810.72,11924.14,8886.58,Pending
B104343,A104343,2024-11-07,89628.37,7237.64,99415.96,0.0,99415.96,Paid
B104344,A104344,2025-06-19,7334.17,13847.91,22688.1,0.0,22688.1,Paid
B104345,A104345,2024-10-11,63273.81,2923.91,65401.24,46967.01,18434.23,Paid
B104346,A104346,2024-02-12,5508.84,3271.25,7471.44,0.0,7471.44,Paid
B104347,A104347,2024-05-16,1482.67,10361.57,13979.45,10356.22,3623.23,Paid
B104348,A104348,2025-09-07,2228.72,5572.53,5954.37,3410.83,2543.53,Paid
B104349,A104349,2025-10-16,3254.12,25555.43,23775.8,16449.4,7326.39,Paid
B104350,A104350,2025-02-19,2384.62,23142.05,24284.64,21097.83,3186.8,Paid
B104351,A104351,2025-05-13,5486.3,23937.64,31277.01,27341.83,3935.18,Partially Paid
B104352,A104352,2024-08-15,10855.88,23802.55,21937.36,0.0,21937.36,Paid
B104353,A104353,2024-08-17,3953.11,1625.29,7974.14,4784.14,3190.0,Paid
B104354,A104354,2025-03-31,4158.04,9661.28,21301.66,13082.98,8218.68,Paid
B104355,A104355,2024-11-08,13971.05,21280.27,27150.36,23019.17,4131.19,Paid
B104356,A104356,2024-05-04,84260.72,21785.89,109024.37,63875.36,45149.01,Pending
B104357,A104357,2025-09-04,1050.07,8323.88,4172.51,0.0,4172.51,Paid
B104358,A104358,2024-11-27,2325.43,35194.53,30405.09,24162.1,6242.99,Paid
B104359,A104359,2024-06-21,2164.65,29906.87,42382.73,29890.78,12491.95,Paid
B104360,A104360,2024-08-29,8790.41,10473.81,21905.46,18208.94,3696.53,Paid
B104361,A104361,2025-02-01,537.92,7471.15,6112.16,3693.43,2418.73,Paid
B104362,A104362,2024-11-18,18612.0,7686.73,22889.47,16089.95,6799.52,Paid
B104363,A104363,2024-07-08,1409.31,1995.91,3025.9,2529.28,496.61,Partially Paid
B104364,A104364,2024-11-12,2388.16,29234.44,20474.36,13114.54,7359.81,Paid
B104365,A104365,2024-09-15,1747.32,25379.0,29223.47,20892.27,8331.2,Paid
B104366,A104366,2025-06-26,94249.86,9135.86,116055.65,89103.96,26951.69,Paid
B104367,A104367,2025-12-08,11157.62,8838.13,30744.96,24657.84,6087.12,Paid
B104368,A104368,2025-05-26,1073.63,14696.41,26687.98,19557.77,7130.22,Paid
B104369,A104369,2025-01-31,1252.75,5552.08,13894.88,11157.82,2737.07,Pending
B104370,A104370,2025-10-18,2631.82,16707.2,11415.8,9287.05,2128.75,Paid
B104371,A104371,2025-02-17,930.65,29800.97,34799.69,29289.91,5509.78,Paid
B104372,A104372,2024-07-06,715.42,12911.78,15010.11,13026.16,1983.94,Paid
B104373,A104373,2024-01-22,5964.4,4384.5,9925.86,0.0,9925.86,Paid
B104374,A104374,2025-11-09,7856.27,7337.64,25530.02,22058.45,3471.57,Paid
B104375,A104375,2025-08-09,3440.62,8883.14,9190.69,0.0,9190.69,Paid
B104376,A104376,2025-08-23,4505.54,17553.64,28646.14,17058.86,11587.29,Paid
B104377,A104377,2024-06-07,45358.1,14270.6,55784.63,0.0,55784.63,Paid
B104378,A104378,2025-07-15,6194.5,11928.88,14300.37,0.0,14300.37,Pending
B104379,A104379,2024-07-18,4939.2,18471.72,23202.8,0.0,23202.8,Paid
B104380,A104380,2024-08-15,53168.47,5889.53,70448.24,60533.06,9915.18,Paid
B104381,A104381,2025-02-05,8968.02,12556.64,18826.07,0.0,18826.07,Paid
B104382,A104382,2024-10-16,2720.26,20877.52,47450.45,36654.21,10796.24,Partially Paid
B104383,A104383,2024-01-12,5367.32,6700.92,14137.94,8908.55,5229.4,Paid
B104384,A104384,2025-01-11,9560.22,3926.68,13586.03,9810.89,3775.14,Pending
B104385,A104385,2025-04-18,7161.92,8099.83,14176.23,9761.65,4414.58,Pending
B104386,A104386,2024-06-02,11091.33,3614.0,15021.35,12806.63,2214.72,Pending
B104387,A104387,2025-09-12,1493.03,6052.45,16947.13,12517.75,4429.37,Pending
B104388,A104388,2024-05-08,1596.18,21583.5,11454.05,0.0,11454.05,Paid
B104389,A104389,2025-12-01,3913.5,9377.36,21309.54,0.0,21309.54,Paid
B104390,A104390,2025-07-08,12934.41,6267.68,21662.49,0.0,21662.49,Paid
B104391,A104391,2025-03-01,4249.83,7702.25,8844.89,7679.18,1165.7,Paid
B104392,A104392,2025-06-10,71964.69,8802.38,77399.72,46597.09,30802.63,Paid
B104393,A104393,2026-01-04,23623.95,22323.64,43282.33,32292.17,10990.16,Paid
B104394,A104394,2025-05-30,6666.15,4305.11,13751.85,10605.66,3146.2,Partially Paid
B104395,A104395,2024-06-21,9920.91,4890.32,14429.69,11053.5,3376.2,Paid
B104396,A104396,2025-07-19,9731.06,1962.34,12844.9,0.0,12844.9,Paid
B104397,A104397,2024-05-05,30076.07,1687.48,31277.64,0.0,31277.64,Partially Paid
B104398,A104398,2024-06-25,689.48,4702.5,5564.3,0.0,5564.3,Paid
B104399,A104399,2025-05-24,2172.9,14928.39,17616.95,13776.82,3840.13,Paid
B104400,A104400,2025-01-22,52629.67,12002.72,65840.48,56634.86,9205.62,Paid
B104401,A104401,2025-12-12,6769.59,3466.52,8492.27,7390.1,1102.17,Paid
B104402,A104402,2025-11-18,8872.15,14713.0,15660.29,0.0,15660.29,Paid
B104403,A104403,2025-07-29,5881.82,16708.15,22101.27,16810.42,5290.85,Pending
B104404,A104404,2024-04-19,1875.84,13761.91,7707.91,4995.56,2712.35,Partially Paid
B104405,A104405,2025-09-30,3316.91,4000.08,9816.0,7882.36,1933.64,Paid
B104406,A104406,2025-06-18,4358.96,25257.59,22170.9,0.0,22170.9,Paid
B104407,A104407,2024-02-13,2194.36,18816.98,9446.41,5605.21,3841.2,Partially Paid
B104408,A104408,2025-02-02,2399.79,14994.15,13016.3,10222.83,2793.47,Paid
B104409,A104409,2025-04-24,1521.8,7319.33,12435.53,9224.83,3210.7,Paid
B104410,A104410,2025-04-13,1946.22,4575.36,5221.39,4509.16,712.23,Pending
B104411,A104411,2025-12-29,59280.29,12019.15,71920.48,40267.17,31653.31,Paid
B104412,A104412,2025-05-24,15577.87,15329.95,25446.56,0.0,25446.56,Paid
B104413,A104413,2024-11-11,3526.09,2272.87,6012.71,4809.96,1202.76,Pending
B104414,A104414,2024-10-14,35401.13,10696.76,48397.84,0.0,48397.84,Paid
B104415,A104415,2025-04-18,888.21,39121.43,15216.43,12472.86,2743.57,Paid
B104416,A104416,2025-11-14,83341.87,15213.44,98987.96,72423.25,26564.72,Paid
B104417,A104417,2024-09-23,116205.06,9680.55,127732.31,83081.12,44651.19,Pending
B104418,A104418,2025-09-06,90862.79,8369.37,104546.63,71923.03,32623.6,Paid
B104419,A104419,2025-10-09,2257.67,5367.55,5555.52,0.0,5555.52,Pending
B104420,A104420,2025-03-08,7986.12,15756.12,20866.5,11509.41,9357.09,Paid
B104421,A104421,2025-01-05,4527.41,19877.15,26049.51,15152.12,10897.39,Paid
B104422,A104422,2024-07-07,17665.3,26394.7,31363.87,23202.93,8160.94,Paid
B104423,A104423,2025-10-28,2495.76,21921.52,23534.88,21147.13,2387.75,Paid
B104424,A104424,2024-09-03,40486.22,4876.14,53199.47,0.0,53199.47,Paid
B104425,A104425,2024-11-15,1369.42,23909.24,14146.69,11735.66,2411.03,Paid
B104426,A104426,2024-03-26,1894.72,20909.36,18041.9,12335.63,5706.27,Paid
B104427,A104427,2024-09-22,2828.8,12611.56,16431.53,9753.04,6678.49,Paid
B104428,A104428,2024-08-19,918.6,3178.56,3706.28,3130.77,575.52,Paid
B104429,A104429,2025-12-11,63588.09,14381.72,95731.98,74684.12,21047.86,Paid
B104430,A104430,2025-01-16,5587.48,6836.22,11392.56,6795.14,4597.42,Paid
B104431,A104431,2025-10-09,10562.55,7082.91,18380.52,12914.44,5466.08,Paid
B104432,A104432,2024-11-07,45305.04,7715.15,52816.66,0.0,52816.66,Partially Paid
B104433,A104433,2025-01-25,3854.83,9314.3,9396.44,7360.79,2035.65,Paid
B104434,A104434,2024-11-27,2652.61,16896.15,19725.9,0.0,19725.9,Paid
B104435,A104435,2025-04-03,9656.3,12042.31,16815.77,11005.2,5810.57,Paid
B104436,A104436,2025-05-27,9556.91,3335.03,11745.25,8747.65,2997.6,Paid
B104437,A104437,2024-12-13,2406.11,14964.34,12270.29,10636.6,1633.69,Paid
B104438,A104438,2025-06-05,10031.52,25877.77,24885.78,17303.37,7582.41,Paid
B104439,A104439,2025-03-24,2171.18,26046.31,33015.86,29321.19,3694.67,Pending
B104440,A104440,2025-07-06,3062.28,8814.3,14352.38,11468.93,2883.44,Pending
B104441,A104441,2025-08-06,5784.69,1691.58,7442.8,5663.32,1779.48,Paid
B104442,A104442,2024-09-23,3921.44,6547.24,13801.75,7879.56,5922.19,Paid
B104443,A104443,2025-04-09,17326.84,6087.79,22056.42,0.0,22056.42,Paid
B104444,A104444,2025-11-21,3855.98,1980.25,5677.75,4459.25,1218.5,Paid
B104445,A104445,2025-09-06,106268.18,28168.47,131802.79,78346.69,53456.1,Partially Paid
B104446,A104446,2024-08-18,2014.89,4878.02,17251.55,0.0,17251.55,Pending
B104447,A104447,2025-06-10,2379.29,6898.23,17773.43,15596.09,2177.34,Paid
B104448,A104448,2024-07-13,2543.59,14517.62,27875.66,17267.81,10607.85,Paid
B104449,A104449,2024-07-31,880.59,13859.61,17016.03,11871.89,5144.15,Pending
B104450,A104450,2024-01-14,77362.9,3000.26,80479.37,56061.27,24418.1,Paid
B104451,A104451,2024-06-13,2189.55,6888.93,10732.91,6226.04,4506.87,Paid
B104452,A104452,2025-07-27,15541.4,3971.16,23225.63,19311.06,3914.57,Paid
B104453,A104453,2025-05-21,4536.94,27409.63,65943.19,50201.34,15741.85,Paid
B104454,A104454,2025-03-16,2914.19,23556.68,10718.69,7902.69,2816.0,Pending
B104455,A104455,2024-01-09,4437.85,8841.45,13994.25,11923.47,2070.78,Paid
B104456,A104456,2024-07-21,5811.12,4189.07,9215.57,8004.69,1210.88,Paid
B104457,A104457,2025-02-21,3975.73,2571.08,8734.96,5197.59,3537.37,Paid
B104458,A104458,2024-01-19,4310.49,9318.12,30332.07,0.0,30332.07,Paid
B104459,A104459,2025-02-12,913.72,53878.44,46668.93,30050.25,16618.68,Paid
B104460,A104460,2024-12-07,2156.61,3231.77,5610.08,0.0,5610.08,Paid
B104461,A104461,2025-01-17,1694.31,43661.59,18921.92,11180.51,7741.41,Paid
B104462,A104462,2025-01-15,9939.24,5396.32,22770.84,14022.23,8748.61,Paid
B104463,A104463,2024-08-14,9890.79,8198.52,14456.54,9028.73,5427.82,Paid
B104464,A104464,2024-07-02,16687.48,6771.71,25539.21,19615.52,5923.69,Paid
B104465,A104465,2024-10-30,6119.16,13171.77,22650.01,17752.85,4897.16,Paid
B104466,A104466,2024-11-06,61377.35,15062.9,68299.56,59523.31,8776.25,Paid
B104467,A104467,2025-03-14,2076.53,19997.82,19288.75,0.0,19288.75,Paid
B104468,A104468,2025-11-22,1756.01,5797.95,9531.8,0.0,9531.8,Paid
B104469,A104469,2024-05-03,3332.45,25294.22,16634.03,0.0,16634.03,Partially Paid
B104470,A104470,2024-12-19,3372.77,4845.31,9719.25,7078.11,2641.15,Paid
B104471,A104471,2025-08-11,2181.85,2961.89,5678.22,4038.19,1640.03,Pending
B104472,A104472,2024-02-17,48960.36,4279.23,53369.32,30194.46,23174.85,Partially Paid
B104473,A104473,2024-08-21,4972.84,18971.22,28706.48,17665.43,11041.05,Pending
B104474,A104474,2024-12-27,4158.42,11743.3,14416.95,11975.15,2441.8,Partially Paid
B104475,A104475,2024-10-22,66701.99,6758.29,73261.99,0.0,73261.99,Partially Paid
B104476,A104476,2024-08-30,5761.17,8224.88,15844.23,11387.7,4456.53,Paid
B104477,A104477,2024-12-20,55097.82,25819.03,64253.45,44206.0,20047.45,Paid
B104478,A104478,2024-05-23,5448.61,12197.43,11960.19,7355.11,4605.08,Pending
B104479,A104479,2024-08-01,3869.88,32386.07,16070.36,14131.36,1939.0,Pending
B104480,A104480,2025-11-02,2922.13,16711.84,41072.71,23351.28,17721.43,Partially Paid
B104481,A104481,2025-10-08,2014.57,12654.12,15383.65,10949.77,4433.88,Paid
B104482,A104482,2024-09-30,4399.35,9758.47,17441.62,0.0,17441.62,Paid
B104483,A104483,2024-11-14,40839.04,25136.8,57085.34,44718.47,12366.87,Partially Paid
B104484,A104484,2025-02-24,3099.3,8316.53,10701.75,8309.34,2392.4,Paid
B104485,A104485,2024-05-19,6601.38,7118.5,11831.36,9392.27,2439.09,Partially Paid
B104486,A104486,2025-09-21,1357.21,8197.12,8126.24,0.0,8126.24,Paid
B104487,A104487,2024-12-26,2373.3,27405.01,44645.21,26284.21,18361.0,Paid
B104488,A104488,2024-06-15,57544.03,13551.08,84280.6,61199.66,23080.94,Paid
B104489,A104489,2025-10-29,48499.37,4454.82,52329.02,44884.26,7444.76,Paid
B104490,A104490,2024-06-26,7137.62,9830.4,19551.62,13003.14,6548.47,Pending
B104491,A104491,2024-05-12,59710.64,7563.84,68881.67,59248.89,9632.78,Paid
B104492,A104492,2024-03-26,4384.24,24646.18,13077.63,10409.73,2667.9,Pending
B104493,A104493,2025-07-25,11519.15,6878.5,18643.54,16443.22,2200.32,Pending
B104494,A104494,2024-03-02,8938.01,14359.88,26014.9,18752.71,7262.18,Paid
B104495,A104495,2025-02-05,1797.29,2544.23,10100.97,6541.4,3559.57,Paid
B104496,A104496,2025-01-02,4381.14,9664.11,12204.55,7025.32,5179.23,Paid
B104497,A104497,2024-12-03,2188.44,11753.9,6696.37,3702.18,2994.18,Paid
B104498,A104498,2024-05-15,5085.13,3069.05,8503.59,7368.07,1135.52,Paid
B104499,A104499,2024-01-19,1017.99,15481.19,9404.31,7030.15,2374.15,Paid
B104500,A104500,2024-10-14,41274.65,9549.65,60219.18,35383.78,24835.4,Pending
B104501,A104501,2025-11-03,17997.9,36770.68,67676.33,45538.96,22137.37,Paid
B104502,A104502,2025-03-02,6110.19,21572.76,31219.13,23566.27,7652.86,Paid
B104503,A104503,2024-05-10,3121.68,10718.17,11802.09,0.0,11802.09,Paid
B104504,A104504,2024-08-15,7802.93,28388.11,42229.53,34181.91,8047.62,Partially Paid
B104505,A104505,2025-11-17,769.21,30904.23,17590.7,12253.3,5337.4,Paid
B104506,A104506,2025-10-21,55054.41,8962.79,63323.16,35709.78,27613.38,Paid
B104507,A104507,2025-05-07,4592.66,13066.41,19768.37,15310.9,4457.47,Paid
B104508,A104508,2024-09-28,5564.46,22550.79,44720.33,30300.4,14419.93,Paid
B104509,A104509,2024-08-10,4395.37,20048.63,21998.28,12637.98,9360.3,Paid
B104510,A104510,2025-10-25,804.77,21052.87,11230.84,9440.98,1789.86,Paid
B104511,A104511,2025-05-04,11232.26,3789.11,14561.03,12781.34,1779.69,Pending
B104512,A104512,2025-03-24,1976.88,22024.77,15301.22,11232.83,4068.39,Pending
B104513,A104513,2024-04-11,4214.14,6303.25,10304.5,6085.69,4218.81,Paid
B104514,A104514,2024-07-02,6069.74,7153.35,12757.78,8813.7,3944.08,Partially Paid
B104515,A104515,2024-06-25,37788.91,21638.08,48030.82,27715.29,20315.53,Paid
B104516,A104516,2024-08-26,5779.17,14851.91,30883.48,25653.41,5230.07,Paid
B104517,A104517,2024-04-06,1213.12,9570.42,8158.96,6032.65,2126.32,Paid
B104518,A104518,2025-09-24,2337.18,13937.06,12671.44,8713.89,3957.56,Paid
B104519,A104519,2025-04-18,9664.44,6079.0,15653.89,12608.61,3045.28,Paid
B104520,A104520,2025-05-31,119093.86,2615.14,123048.94,103720.97,19327.98,Pending
B104521,A104521,2024-03-28,5490.91,11827.31,11300.53,0.0,11300.53,Paid
B104522,A104522,2025-11-11,6492.47,7151.1,14983.49,12547.04,2436.45,Paid
B104523,A104523,2025-06-06,7049.68,6270.66,15763.7,13458.66,2305.04,Paid
B104524,A104524,2025-01-23,63745.91,18234.57,87546.36,62500.38,25045.98,Paid
B104525,A104525,2025-02-12,2400.58,7525.92,5916.79,0.0,5916.79,Partially Paid
B104526,A104526,2024-08-20,2647.06,3349.4,5900.9,4464.94,1435.95,Paid
B104527,A104527,2024-09-17,3412.78,26096.84,20584.59,12242.71,8341.88,Paid
B104528,A104528,2024-03-31,3179.5,16331.13,12045.73,7632.76,4412.97,Partially Paid
B104529,A104529,2024-11-15,11336.36,3103.63,14158.8,8638.64,5520.15,Pending
B104530,A104530,2024-07-12,7090.16,1619.78,10592.21,8232.31,2359.9,Paid
B104531,A104531,2025-10-02,4130.05,10970.71,15026.07,12804.18,2221.89,Paid
B104532,A104532,2025-08-26,2418.55,4889.91,6560.38,5349.47,1210.91,Paid
B104533,A104533,2025-09-04,6466.47,9082.81,14507.78,9894.72,4613.06,Paid
B104534,A104534,2024-10-30,4802.04,13803.22,9621.37,7507.94,2113.43,Paid
B104535,A104535,2025-01-06,4292.13,26172.52,31890.42,0.0,31890.42,Paid
B104536,A104536,2025-07-16,9487.98,10031.3,33845.02,21866.32,11978.7,Paid
B104537,A104537,2025-03-29,3271.11,3671.76,5963.05,5144.57,818.48,Paid
B104538,A104538,2025-07-19,3903.51,8719.24,16643.02,10346.1,6296.92,Paid
B104539,A104539,2025-05-25,1668.61,13327.7,11783.6,9097.51,2686.09,Paid
B104540,A104540,2024-03-07,1371.58,4745.92,10261.82,8340.03,1921.8,Paid
B104541,A104541,2025-07-20,5107.12,3160.15,9029.15,6920.76,2108.38,Paid
B104542,A104542,2024-08-10,5166.69,3944.51,8953.37,5300.72,3652.65,Paid
B104543,A104543,2025-04-14,2480.9,10025.26,15142.64,9757.35,5385.28,Paid
B104544,A104544,2024-03-17,11726.24,6134.09,20958.76,11634.28,9324.49,Paid
B104545,A104545,2025-04-19,2020.13,4126.32,6360.63,5187.34,1173.29,Paid
B104546,A104546,2025-11-16,56969.98,17838.8,80215.21,49314.34,30900.86,Partially Paid
B104547,A104547,2025-12-03,8243.71,8137.93,27978.19,23772.31,4205.88,Partially Paid
B104548,A104548,2025-10-28,1102.96,16392.01,50593.71,30756.5,19837.2,Pending
B104549,A104549,2024-01-27,2216.11,23979.19,18623.18,12666.25,5956.93,Paid
B104550,A104550,2025-06-17,82827.4,33900.38,131660.04,78964.25,52695.79,Paid
B104551,A104551,2025-11-27,1514.92,21711.42,40968.19,30171.46,10796.73,Pending
B104552,A104552,2025-02-22,5468.83,12617.15,18892.87,14317.51,4575.35,Paid
B104553,A104553,2025-01-02,5160.74,13611.45,22642.93,0.0,22642.93,Paid
B104554,A104554,2025-06-14,43152.16,9930.05,55648.9,38539.33,17109.57,Paid
B104555,A104555,2024-03-24,837.7,10044.11,8933.56,0.0,8933.56,Paid
B104556,A104556,2024-07-10,1034.04,4783.01,8277.01,6834.66,1442.35,Paid
B104557,A104557,2024-06-02,8878.03,19629.79,32500.21,26822.33,5677.88,Paid
B104558,A104558,2025-11-06,11998.97,2385.25,14655.45,9386.34,5269.11,Paid
B104559,A104559,2025-03-20,21526.57,6336.08,24632.44,15825.87,8806.57,Paid
B104560,A104560,2024-09-23,28199.59,8412.87,32673.07,24941.91,7731.16,Pending
B104561,A104561,2025-10-23,2654.31,38827.47,46128.12,35202.57,10925.55,Pending
B104562,A104562,2025-05-25,2362.74,7121.22,8638.15,6968.09,1670.07,Paid
B104563,A104563,2024-11-06,2275.21,38665.48,39737.77,23198.31,16539.46,Partially Paid
B104564,A104564,2025-04-12,2206.02,8977.35,10523.22,8262.9,2260.32,Pending
B104565,A104565,2025-01-05,2763.12,19581.7,16417.71,13256.12,3161.59,Paid
B104566,A104566,2025-02-05,28018.36,7777.24,38429.11,0.0,38429.11,Paid
B104567,A104567,2025-05-10,10696.26,7966.86,15255.7,9769.19,5486.51,Partially Paid
B104568,A104568,2025-07-15,76116.2,73652.95,143974.24,112676.63,31297.61,Paid
B104569,A104569,2025-04-26,9798.48,8806.84,12434.37,7346.27,5088.1,Paid
B104570,A104570,2024-06-18,1279.72,3260.2,5342.94,0.0,5342.94,Paid
B104571,A104571,2025-08-30,705.69,17230.66,14100.3,10232.01,3868.29,Paid
B104572,A104572,2024-04-06,24610.91,15675.42,48545.69,0.0,48545.69,Pending
B104573,A104573,2026-01-06,4306.6,43626.61,27971.58,0.0,27971.58,Pending
B104574,A104574,2024-11-01,62061.37,15409.7,84703.29,70729.23,13974.06,Partially Paid
B104575,A104575,2024-06-27,1319.25,8384.6,16634.8,9503.53,7131.27,Pending
B104576,A104576,2025-10-11,77268.1,10772.3,88101.86,68396.16,19705.69,Paid
B104577,A104577,2025-01-12,42309.33,21682.38,58906.17,47193.7,11712.48,Pending
B104578,A104578,2024-01-29,1958.22,7355.02,13644.15,11288.66,2355.5,Paid
B104579,A104579,2024-07-21,2092.09,8953.27,11056.35,7513.48,3542.87,Paid
B104580,A104580,2026-01-06,2082.42,8194.77,11470.48,0.0,11470.48,Paid
B104581,A104581,2024-01-09,2928.19,5014.4,6242.81,0.0,6242.81,Partially Paid
B104582,A104582,2024-01-10,2397.58,14299.35,18866.79,13777.7,5089.09,Paid
B104583,A104583,2025-09-24,11754.98,9852.88,17524.31,11946.59,5577.72,Paid
B104584,A104584,2024-06-12,10223.69,5724.56,14428.46,0.0,14428.46,Paid
B104585,A104585,2025-08-24,1516.29,10950.18,22218.36,15961.19,6257.17,Paid
B104586,A104586,2024-09-05,4595.87,2996.97,6001.83,4263.03,1738.81,Paid
B104587,A104587,2024-06-15,118322.41,4468.54,122359.6,0.0,122359.6,Paid
B104588,A104588,2025-03-05,3483.27,3726.98,9384.96,5322.92,4062.05,Partially Paid
B104589,A104589,2024-05-26,54261.83,5930.85,60188.48,50663.91,9524.57,Paid
B104590,A104590,2025-05-27,2400.68,6056.76,5664.45,3794.95,1869.49,Paid
B104591,A104591,2025-07-03,63297.75,21646.78,86259.17,60622.75,25636.42,Partially Paid
B104592,A104592,2025-05-27,3197.0,14692.35,12885.04,7619.3,5265.74,Pending
B104593,A104593,2024-08-11,2117.01,7714.89,11703.02,0.0,11703.02,Paid
B104594,A104594,2025-10-11,1509.54,9232.87,19011.18,14412.16,4599.02,Paid
B104595,A104595,2025-08-04,1108.83,25339.92,25491.11,16734.95,8756.16,Paid
B104596,A104596,2024-03-17,3356.88,2947.47,6970.42,4707.51,2262.91,Paid
B104597,A104597,2025-10-12,4754.18,15852.87,32356.41,0.0,32356.41,Paid
B104598,A104598,2024-12-04,11543.97,37089.84,94028.12,69299.89,24728.23,Pending
B104599,A104599,2024-02-09,1417.65,3065.07,9759.3,6221.91,3537.39,Paid
B104600,A104600,2025-07-25,21578.09,10739.72,43357.86,32401.56,10956.3,Paid
B104601,A104601,2025-10-04,16079.5,4323.38,19986.52,17113.19,2873.33,Paid
B104602,A104602,2025-12-31,33007.29,2711.07,35003.63,0.0,35003.63,Paid
B104603,A104603,2025-05-31,1870.21,8806.25,12214.46,7105.19,5109.28,Partially Paid
B104604,A104604,2024-09-10,3581.46,13216.4,26096.36,18442.49,7653.87,Pending
B104605,A104605,2024-05-25,5499.65,18100.42,29511.32,20847.31,8664.01,Paid
B104606,A104606,2024-09-18,3797.38,14098.32,21282.35,18735.68,2546.67,Paid
B104607,A104607,2025-09-12,7194.88,9528.28,15523.26,13537.83,1985.43,Partially Paid
B104608,A104608,2025-01-19,1113.46,17423.37,14775.49,10449.93,4325.56,Paid
B104609,A104609,2025-04-25,2104.41,10097.25,14167.44,9122.08,5045.35,Paid
B104610,A104610,2024-07-11,9668.75,29512.82,37263.76,28905.48,8358.27,Paid
B104611,A104611,2024-11-03,1163.25,17766.36,18517.1,10965.66,7551.44,Paid
B104612,A104612,2025-05-12,7788.64,15343.09,23379.72,14523.77,8855.95,Paid
B104613,A104613,2024-06-16,2034.38,11209.72,16108.23,13493.93,2614.31,Pending
B104614,A104614,2025-10-17,6972.93,49812.21,54123.71,45635.26,8488.45,Paid
B104615,A104615,2024-07-27,7871.72,24075.8,34697.19,30070.36,4626.83,Paid
B104616,A104616,2025-02-13,9766.79,6217.82,15757.35,0.0,15757.35,Paid
B104617,A104617,2024-08-01,4976.83,8117.99,18567.14,11296.38,7270.76,Paid
B104618,A104618,2024-04-13,1617.36,10006.23,11308.08,7373.52,3934.56,Paid
B104619,A104619,2025-04-10,5714.65,28395.68,48322.54,0.0,48322.54,Paid
B104620,A104620,2025-07-18,97617.49,14344.69,113415.93,75070.46,38345.47,Paid
B104621,A104621,2025-01-03,6301.09,2961.99,8775.88,6467.3,2308.58,Partially Paid
B104622,A104622,2024-08-30,5095.34,13792.71,22498.03,0.0,22498.03,Pending
B104623,A104623,2025-12-30,49693.33,9023.3,61480.73,54302.28,7178.46,Paid
B104624,A104624,2024-10-22,2082.56,19716.09,10640.53,9499.93,1140.6,Pending
B104625,A104625,2025-01-08,3758.37,7226.77,6553.18,0.0,6553.18,Pending
B104626,A104626,2025-03-07,4569.11,4161.03,6231.65,3515.48,2716.17,Paid
B104627,A104627,2024-10-07,3032.86,2218.59,6802.38,4901.21,1901.17,Partially Paid
B104628,A104628,2025-04-14,3524.22,12575.11,14342.9,8608.72,5734.18,Paid
B104629,A104629,2024-11-14,2649.76,7764.24,12212.29,7309.56,4902.73,Partially Paid
B104630,A104630,2024-03-25,1923.69,34308.23,16311.16,11069.89,5241.27,Paid
B104631,A104631,2024-06-02,7350.76,7330.74,15403.47,13638.5,1764.97,Partially Paid
B104632,A104632,2025-01-31,67760.03,3682.48,70726.21,0.0,70726.21,Paid
B104633,A104633,2025-05-17,1929.87,27741.4,32748.69,0.0,32748.69,Paid
B104634,A104634,2024-10-31,18373.97,20613.41,33745.5,20547.78,13197.72,Paid
B104635,A104635,2025-11-03,10973.98,12014.0,20413.46,11834.89,8578.56,Partially Paid
B104636,A104636,2025-12-13,21368.78,9605.84,31331.36,18440.36,12891.01,Paid
B104637,A104637,2025-02-17,2197.6,9620.51,15460.24,0.0,15460.24,Paid
B104638,A104638,2024-10-14,619.51,2712.09,2410.53,1611.93,798.6,Paid
B104639,A104639,2025-05-17,42595.92,18247.0,69190.44,59251.29,9939.15,Paid
B104640,A104640,2025-06-27,1128.33,26295.62,24478.77,19108.2,5370.56,Paid
B104641,A104641,2025-04-05,119353.32,21454.01,136710.2,0.0,136710.2,Pending
B104642,A104642,2025-05-09,3601.57,6787.62,14728.41,12783.18,1945.23,Paid
B104643,A104643,2024-01-10,1095.97,2485.73,5163.27,0.0,5163.27,Paid
B104644,A104644,2024-05-31,1769.77,79633.77,48137.86,0.0,48137.86,Paid
B104645,A104645,2024-03-24,4318.11,25851.05,24362.95,14766.56,9596.38,Paid
B104646,A104646,2024-05-13,21112.73,12230.4,33259.92,28306.67,4953.25,Paid
B104647,A104647,2025-02-16,2034.14,3505.88,4763.22,3813.22,950.0,Paid
B104648,A104648,2024-04-04,6108.41,14204.52,14389.02,0.0,14389.02,Paid
B104649,A104649,2025-06-01,46690.77,44814.39,99428.5,82770.42,16658.09,Partially Paid
B104650,A104650,2025-09-26,2975.88,25988.03,25419.23,19827.11,5592.12,Paid
B104651,A104651,2025-09-14,4782.23,3321.74,7531.26,4371.32,3159.94,Paid
B104652,A104652,2024-12-23,2497.79,10337.32,10532.93,0.0,10532.93,Partially Paid
B104653,A104653,2024-09-29,3731.26,6303.4,12344.69,7961.22,4383.47,Paid
B104654,A104654,2025-02-05,1913.69,40349.68,23969.07,17774.05,6195.02,Paid
B104655,A104655,2025-03-10,8340.96,6110.2,17082.05,14592.12,2489.93,Partially Paid
B104656,A104656,2025-04-22,1047.33,22559.24,15239.6,9921.68,5317.93,Paid
B104657,A104657,2024-11-04,5846.14,3025.2,8422.08,0.0,8422.08,Paid
B104658,A104658,2025-05-24,30089.67,6773.9,36735.62,27344.79,9390.83,Paid
B104659,A104659,2024-03-01,1741.22,21943.07,18469.19,12432.44,6036.75,Partially Paid
B104660,A104660,2024-02-14,9223.54,15376.56,21520.11,17047.31,4472.8,Partially Paid
B104661,A104661,2024-02-26,24666.22,8793.44,30423.15,20159.29,10263.87,Paid
B104662,A104662,2025-06-11,100605.2,9763.4,109340.0,97995.14,11344.87,Paid
B104663,A104663,2025-04-12,3175.6,16074.19,19586.95,12711.55,6875.4,Paid
B104664,A104664,2025-12-04,1092.04,23532.75,13688.47,0.0,13688.47,Paid
B104665,A104665,2025-04-27,10184.1,14237.21,25786.83,16632.78,9154.05,Partially Paid
B104666,A104666,2025-12-17,77508.52,1456.35,80193.59,57057.84,23135.75,Paid
B104667,A104667,2024-08-03,4769.44,17492.54,24104.24,15714.84,8389.4,Paid
B104668,A104668,2024-08-21,46373.88,13911.68,64924.78,45158.99,19765.79,Paid
B104669,A104669,2024-01-15,35030.27,30449.8,47271.77,0.0,47271.77,Paid
B104670,A104670,2025-06-28,20183.19,17975.28,27589.74,21989.72,5600.01,Pending
B104671,A104671,2024-08-19,33853.33,81832.8,87580.0,0.0,87580.0,Paid
B104672,A104672,2024-07-09,6752.13,5653.77,12569.88,10869.15,1700.72,Paid
B104673,A104673,2024-03-19,1271.9,8056.65,11023.79,7306.39,3717.4,Paid
B104674,A104674,2024-04-30,7237.4,18484.76,33829.01,19338.21,14490.8,Partially Paid
B104675,A104675,2025-11-11,3231.68,4669.53,10022.56,0.0,10022.56,Paid
B104676,A104676,2025-09-23,8902.5,45746.24,51825.0,0.0,51825.0,Paid
B104677,A104677,2024-06-02,9898.49,4662.37,19548.82,17571.74,1977.08,Paid
B104678,A104678,2025-03-14,24712.59,8922.69,35870.27,26599.28,9270.99,Paid
B104679,A104679,2024-03-26,5150.49,6499.01,11562.9,9794.72,1768.19,Pending
B104680,A104680,2024-08-02,27357.6,6895.57,33162.78,19497.43,13665.35,Paid
B104681,A104681,2025-04-10,2081.07,6662.85,14782.43,10984.15,3798.29,Paid
B104682,A104682,2024-06-29,3954.42,9452.93,10551.68,5872.57,4679.11,Paid
B104683,A104683,2024-11-09,2043.5,5920.0,10193.97,6961.67,3232.31,Paid
B104684,A104684,2025-12-01,48622.58,9625.1,62072.3,0.0,62072.3,Partially Paid
B104685,A104685,2024-06-08,24153.36,3195.14,27334.21,19456.11,7878.09,Paid
B104686,A104686,2025-12-09,5213.86,29159.76,16227.96,12975.55,3252.41,Partially Paid
B104687,A104687,2024-07-07,3899.76,7416.47,10645.75,9124.99,1520.76,Paid
B104688,A104688,2025-04-19,1300.54,11738.42,17914.6,14023.23,3891.37,Pending
B104689,A104689,2024-11-07,394.98,8969.04,11857.55,9531.23,2326.32,Paid
B104690,A104690,2024-09-07,1923.31,18024.38,9458.33,5923.09,3535.24,Paid
B104691,A104691,2025-01-25,5548.42,29365.91,26839.72,17513.23,9326.49,Paid
B104692,A104692,2024-03-02,2207.81,82193.99,51555.16,45276.96,6278.2,Paid
B104693,A104693,2024-10-14,2121.61,5395.37,7059.24,4285.54,2773.7,Paid
B104694,A104694,2024-10-31,5342.47,6930.35,24844.32,0.0,24844.32,Paid
B104695,A104695,2025-03-15,1143.74,9467.63,17426.53,14711.2,2715.33,Paid
B104696,A104696,2025-01-23,3357.55,83815.02,60659.49,50397.75,10261.74,Paid
B104697,A104697,2025-05-07,3417.89,27473.14,16205.7,13498.22,2707.47,Paid
B104698,A104698,2025-03-15,3971.42,13743.48,14309.02,0.0,14309.02,Paid
B104699,A104699,2025-03-07,14565.83,5532.7,19794.96,16379.19,3415.76,Paid
B104700,A104700,2024-07-02,25452.69,5338.71,36008.72,24270.66,11738.06,Pending
B104701,A104701,2025-12-01,4014.6,29888.95,33279.93,0.0,33279.93,Paid
B104702,A104702,2024-12-13,2483.93,10492.71,12498.1,10346.81,2151.29,Paid
B104703,A104703,2025-05-19,1876.9,53772.48,48928.38,33595.42,15332.95,Paid
B104704,A104704,2025-05-14,3540.39,13645.97,11007.93,9167.25,1840.68,Paid
B104705,A104705,2026-01-05,3920.11,21999.65,15702.23,8698.55,7003.67,Paid
B104706,A104706,2024-06-15,6837.89,5559.92,18703.97,11410.58,7293.39,Paid
B104707,A104707,2025-07-16,1411.59,11627.53,12690.02,11125.17,1564.85,Paid
B104708,A104708,2025-04-03,3987.7,9753.01,7645.96,5889.75,1756.21,Paid
B104709,A104709,2024-04-07,5570.45,11402.78,32228.98,23005.7,9223.27,Partially Paid
B104710,A104710,2024-04-15,1394.85,1660.31,3159.76,2379.39,780.38,Partially Paid
B104711,A104711,2025-12-20,46588.05,1283.1,49528.27,34210.45,15317.82,Paid
B104712,A104712,2025-03-20,67213.32,26189.05,84622.94,50474.47,34148.47,Paid
B104713,A104713,2025-05-24,1046.29,43272.27,53046.76,45721.6,7325.16,Paid
B104714,A104714,2024-11-28,956.3,10326.88,19671.23,16011.12,3660.11,Paid
B104715,A104715,2025-10-18,9131.17,18273.26,27335.23,21711.48,5623.74,Paid
B104716,A104716,2025-07-01,1505.97,23440.86,26916.91,22753.87,4163.04,Paid
B104717,A104717,2025-05-26,8465.46,7877.18,20446.23,0.0,20446.23,Paid
B104718,A104718,2024-09-09,3668.07,2863.1,8202.66,5992.35,2210.31,Paid
B104719,A104719,2024-07-21,2022.16,29857.98,21220.54,12689.77,8530.78,Paid
B104720,A104720,2024-02-28,4965.63,19056.63,51487.31,30253.0,21234.31,Partially Paid
B104721,A104721,2024-09-11,32879.17,6729.04,40205.1,22555.28,17649.82,Pending
B104722,A104722,2024-03-06,24652.43,6672.15,29304.19,0.0,29304.19,Paid
B104723,A104723,2024-11-25,3090.08,23149.62,44174.91,26762.83,17412.07,Paid
B104724,A104724,2025-06-13,76644.35,13519.95,97013.52,0.0,97013.52,Paid
B104725,A104725,2024-10-19,1578.81,4102.82,3065.7,2628.08,437.63,Paid
B104726,A104726,2024-01-31,23590.48,5295.68,27596.4,21046.87,6549.53,Paid
B104727,A104727,2025-10-26,3049.99,55303.39,27025.21,0.0,27025.21,Paid
B104728,A104728,2025-03-13,38464.6,4183.38,39769.58,35096.22,4673.36,Paid
B104729,A104729,2025-08-22,1303.73,12903.43,7050.93,0.0,7050.93,Paid
B104730,A104730,2025-08-13,1622.19,19003.18,18307.54,0.0,18307.54,Paid
B104731,A104731,2024-02-18,10318.5,5256.44,12810.58,11297.23,1513.35,Paid
B104732,A104732,2025-02-22,4046.28,3447.12,12798.26,10552.98,2245.28,Paid
B104733,A104733,2025-08-18,98796.42,8857.91,104708.95,81626.02,23082.93,Pending
B104734,A104734,2025-03-29,66222.14,7495.02,72711.2,55069.48,17641.72,Paid
B104735,A104735,2025-10-01,6944.89,12279.4,16149.15,11948.02,4201.12,Partially Paid
B104736,A104736,2025-07-12,880.94,17458.31,6599.98,3950.4,2649.58,Paid
B104737,A104737,2025-10-22,29850.12,12272.91,43337.61,0.0,43337.61,Partially Paid
B104738,A104738,2024-03-17,10024.66,11446.85,16933.43,10739.44,6193.99,Pending
B104739,A104739,2024-02-23,11915.59,1886.14,15358.64,11530.31,3828.33,Paid
B104740,A104740,2024-08-21,97198.98,4243.04,100877.13,0.0,100877.13,Paid
B104741,A104741,2024-07-24,2377.31,11733.34,19349.94,13310.38,6039.56,Paid
B104742,A104742,2025-11-06,17574.47,8585.81,23028.02,19585.29,3442.73,Paid
B104743,A104743,2025-07-06,1547.54,15323.65,10781.89,6012.68,4769.22,Paid
B104744,A104744,2024-04-14,8903.79,29393.23,37034.36,29964.25,7070.1,Paid
B104745,A104745,2024-02-21,7166.67,13487.66,15968.56,9282.93,6685.63,Paid
B104746,A104746,2025-06-08,3076.57,8601.8,10902.91,9433.14,1469.76,Paid
B104747,A104747,2024-02-17,42134.76,20126.81,55739.07,40094.86,15644.21,Paid
B104748,A104748,2024-06-09,1035.14,32052.31,28260.95,20563.87,7697.07,Paid
B104749,A104749,2024-04-23,8566.51,28730.18,29701.78,25887.18,3814.61,Paid
B104750,A104750,2025-07-11,2029.53,16864.71,9750.42,6860.67,2889.76,Paid
B104751,A104751,2025-11-18,11457.96,27944.36,39438.2,34149.78,5288.42,Paid
B104752,A104752,2024-08-05,3013.35,24679.99,12468.14,0.0,12468.14,Paid
B104753,A104753,2024-07-24,44049.23,8930.69,50476.12,32757.3,17718.82,Paid
B104754,A104754,2025-03-13,4404.36,14772.7,26798.29,15308.71,11489.58,Paid
B104755,A104755,2025-12-09,3589.07,4751.66,11212.15,0.0,11212.15,Paid
B104756,A104756,2025-07-23,1054.41,10060.95,23352.32,0.0,23352.32,Paid
B104757,A104757,2024-05-29,5089.57,5106.96,18000.44,10054.83,7945.61,Paid
B104758,A104758,2025-05-16,5224.68,4949.63,18306.32,15878.09,2428.23,Paid
B104759,A104759,2024-10-10,1279.98,8324.19,6839.84,5036.96,1802.87,Paid
B104760,A104760,2024-11-08,3793.28,10312.77,14096.58,0.0,14096.58,Paid
B104761,A104761,2024-02-24,2299.42,6460.86,7262.51,6417.13,845.38,Partially Paid
B104762,A104762,2025-05-14,4109.64,20877.94,16377.18,10138.6,6238.58,Paid
B104763,A104763,2025-02-15,3569.61,10234.36,13855.82,10682.6,3173.22,Paid
B104764,A104764,2025-09-24,2763.61,23610.63,14718.69,8988.19,5730.5,Partially Paid
B104765,A104765,2024-10-03,4833.8,14787.03,21449.54,13742.36,7707.18,Paid
B104766,A104766,2025-04-07,1233.99,17215.97,9002.25,6655.71,2346.53,Pending
B104767,A104767,2024-05-02,5372.88,8339.9,17268.24,10844.59,6423.65,Paid
B104768,A104768,2025-12-08,554.99,12584.88,23167.04,16559.6,6607.45,Paid
B104769,A104769,2024-02-20,2430.47,10270.08,22616.72,12565.92,10050.79,Paid
B104770,A104770,2024-09-07,2216.44,16336.99,17728.63,13783.96,3944.66,Partially Paid
B104771,A104771,2024-11-08,1909.68,7291.35,8516.14,0.0,8516.14,Partially Paid
B104772,A104772,2025-07-18,3148.71,5693.9,8955.24,0.0,8955.24,Pending
B104773,A104773,2024-11-28,2313.13,4349.24,6438.58,0.0,6438.58,Paid
B104774,A104774,2024-01-13,2909.19,6540.21,6058.88,3475.4,2583.48,Paid
B104775,A104775,2025-03-03,3168.12,5736.97,19244.54,14838.94,4405.6,Pending
B104776,A104776,2024-02-27,9445.59,34626.63,47916.09,0.0,47916.09,Paid
B104777,A104777,2025-01-16,92020.43,15673.58,102666.54,81112.21,21554.33,Paid
B104778,A104778,2025-07-24,7268.02,7728.67,12647.19,6997.07,5650.13,Paid
B104779,A104779,2024-01-14,8241.14,8107.74,31248.75,27443.58,3805.17,Paid
B104780,A104780,2025-06-10,7933.52,1962.08,10662.97,9065.95,1597.02,Paid
B104781,A104781,2025-12-30,19585.77,6390.68,26432.09,19373.43,7058.67,Partially Paid
B104782,A104782,2025-01-09,1239.13,6360.8,18482.82,15408.15,3074.67,Paid
B104783,A104783,2025-03-20,3665.89,8639.28,16017.47,10458.57,5558.9,Paid
B104784,A104784,2025-07-24,1701.21,6159.61,19714.04,11685.2,8028.85,Paid
B104785,A104785,2025-04-30,77988.76,2714.17,81770.54,49459.83,32310.71,Paid
B104786,A104786,2024-10-02,115650.96,4786.03,124873.93,0.0,124873.93,Paid
B104787,A104787,2024-05-22,10308.32,27807.33,59353.49,38289.8,21063.69,Pending
B104788,A104788,2025-06-18,94524.6,32708.25,148811.48,0.0,148811.48,Paid
B104789,A104789,2025-12-27,2884.17,11701.07,15825.24,12524.76,3300.49,Paid
B104790,A104790,2025-09-30,4442.32,15037.24,10790.31,0.0,10790.31,Pending
B104791,A104791,2024-04-26,13168.24,4165.28,25960.39,0.0,25960.39,Paid
B104792,A104792,2025-06-18,53288.2,4049.16,59268.55,34960.33,24308.22,Partially Paid
B104793,A104793,2025-05-20,7585.64,16390.03,37802.01,27191.12,10610.89,Paid
B104794,A104794,2024-12-08,5152.92,13553.95,13321.84,10654.63,2667.21,Paid
B104795,A104795,2024-01-29,58757.93,24215.42,73300.13,51672.28,21627.85,Pending
B104796,A104796,2025-12-25,6748.48,8917.91,23106.03,18726.33,4379.7,Paid
B104797,A104797,2024-02-07,11601.94,14418.75,29592.2,0.0,29592.2,Paid
B104798,A104798,2024-05-13,5623.03,3938.06,9997.96,0.0,9997.96,Paid
B104799,A104799,2025-12-09,2650.41,11225.05,15813.41,11713.49,4099.92,Paid
B104800,A104800,2024-02-09,541.56,45526.84,38226.58,32146.71,6079.87,Paid
B104801,A104801,2025-01-02,2367.19,16968.57,15149.83,9249.49,5900.35,Paid
B104802,A104802,2025-08-25,935.87,6164.35,8773.02,6554.89,2218.13,Paid
B104803,A104803,2024-04-15,1812.55,58034.87,54720.43,43016.35,11704.07,Pending
B104804,A104804,2025-07-01,5211.17,5663.33,18154.85,15729.43,2425.43,Paid
B104805,A104805,2024-08-29,2396.85,10329.06,14351.04,10926.21,3424.84,Paid
B104806,A104806,2024-01-19,43276.39,3088.09,47187.98,0.0,47187.98,Paid
B104807,A104807,2024-10-02,1239.79,3089.67,8942.27,0.0,8942.27,Paid
B104808,A104808,2024-10-17,1255.9,6178.79,5021.73,3119.17,1902.56,Pending
B104809,A104809,2024-02-01,4538.0,14135.55,16219.07,11555.59,4663.48,Paid
B104810,A104810,2025-03-14,7538.89,15185.42,16836.3,12600.16,4236.14,Pending
B104811,A104811,2024-04-22,5707.48,18672.01,12403.61,0.0,12403.61,Partially Paid
B104812,A104812,2024-11-24,4014.14,10076.4,24042.59,0.0,24042.59,Paid
B104813,A104813,2025-06-18,4057.5,10959.78,20762.82,0.0,20762.82,Partially Paid
B104814,A104814,2024-04-20,3709.26,19665.9,21833.05,0.0,21833.05,Paid
B104815,A104815,2024-12-09,3033.05,43522.07,31882.83,25330.39,6552.44,Paid
B104816,A104816,2024-12-30,2204.4,9637.69,10464.49,0.0,10464.49,Paid
B104817,A104817,2024-10-17,7218.24,8212.09,13765.75,10552.39,3213.36,Paid
B104818,A104818,2025-03-23,1929.15,5612.14,19760.86,15696.05,4064.82,Partially Paid
B104819,A104819,2024-02-07,102163.07,2054.62,106239.35,0.0,106239.35,Pending
B104820,A104820,2024-12-21,3193.39,17036.41,17084.29,10296.2,6788.09,Paid
B104821,A104821,2024-02-14,1735.25,7916.81,9924.39,0.0,9924.39,Pending
B104822,A104822,2024-05-10,18623.92,7491.6,32623.13,0.0,32623.13,Paid
B104823,A104823,2024-01-11,17358.63,7919.88,25072.39,0.0,25072.39,Paid
B104824,A104824,2025-06-14,2197.63,17901.89,22141.82,15299.49,6842.34,Paid
B104825,A104825,2024-05-11,1267.26,1849.97,3715.32,0.0,3715.32,Paid
B104826,A104826,2024-11-27,16736.15,23883.77,25785.35,16210.79,9574.56,Paid
B104827,A104827,2024-07-14,15987.14,22078.73,44834.11,25840.63,18993.48,Partially Paid
B104828,A104828,2024-10-11,7509.31,6380.61,11406.12,0.0,11406.12,Paid
B104829,A104829,2024-02-25,64947.12,10252.15,73635.93,60405.47,13230.45,Paid
B104830,A104830,2025-07-10,1877.95,8609.75,19206.88,0.0,19206.88,Partially Paid
B104831,A104831,2025-06-21,2247.18,6863.19,22851.49,18490.58,4360.91,Partially Paid
B104832,A104832,2025-01-13,2781.42,4734.81,7712.38,5663.83,2048.54,Pending
B104833,A104833,2024-10-28,3460.38,23095.77,29336.82,0.0,29336.82,Pending
B104834,A104834,2024-07-28,1881.88,3657.13,9106.19,8085.03,1021.16,Partially Paid
B104835,A104835,2025-10-25,2643.17,3835.48,5749.54,4868.94,880.6,Partially Paid
B104836,A104836,2025-04-25,1318.25,6461.79,15418.3,0.0,15418.3,Partially Paid
B104837,A104837,2024-03-11,2010.21,6963.6,10372.38,6484.75,3887.63,Paid
B104838,A104838,2025-03-18,1308.38,13621.95,14077.22,0.0,14077.22,Paid
B104839,A104839,2024-10-29,1983.73,6083.37,5543.34,4111.98,1431.36,Partially Paid
B104840,A104840,2024-02-03,1395.69,30054.68,17227.0,10769.4,6457.6,Paid
B104841,A104841,2025-09-23,8252.32,17747.45,21117.6,17656.77,3460.84,Paid
B104842,A104842,2025-10-20,2131.03,14756.8,16092.93,8868.9,7224.03,Partially Paid
B104843,A104843,2025-07-08,9137.35,3334.38,15974.39,9744.45,6229.95,Paid
B104844,A104844,2024-04-17,2211.01,8039.0,7552.42,4593.57,2958.84,Paid
B104845,A104845,2025-08-13,4017.17,18192.87,20761.81,15636.36,5125.45,Pending
B104846,A104846,2025-07-28,2139.0,8722.56,6617.08,4823.49,1793.59,Partially Paid
B104847,A104847,2025-09-28,6031.81,6639.61,13928.68,0.0,13928.68,Paid
B104848,A104848,2025-12-19,33664.64,10963.53,46987.25,39471.7,7515.55,Paid
B104849,A104849,2024-01-13,4827.82,4657.54,9150.27,6089.65,3060.63,Paid
B104850,A104850,2025-10-27,529.35,25644.79,16391.18,12047.25,4343.93,Pending
B104851,A104851,2024-08-15,6630.03,43822.69,21832.83,14377.72,7455.11,Pending
B104852,A104852,2024-11-20,56204.38,4905.48,71388.7,44283.11,27105.59,Paid
B104853,A104853,2025-04-14,55683.87,16045.77,83708.04,63935.1,19772.94,Partially Paid
B104854,A104854,2025-06-17,11983.15,23281.7,25980.41,0.0,25980.41,Paid
B104855,A104855,2025-08-03,3562.04,7848.9,10122.01,0.0,10122.01,Paid
B104856,A104856,2025-11-24,1900.65,8713.46,5089.07,2886.66,2202.41,Paid
B104857,A104857,2024-06-12,6062.83,13084.51,17000.28,9571.94,7428.33,Pending
B104858,A104858,2025-04-12,4307.37,9120.77,10885.5,8660.25,2225.25,Partially Paid
B104859,A104859,2025-06-08,1577.36,5872.49,11875.99,0.0,11875.99,Pending
B104860,A104860,2025-09-30,10982.9,11971.34,16455.32,13133.76,3321.56,Paid
B104861,A104861,2024-10-03,2253.58,16143.2,19643.94,12335.86,7308.08,Paid
B104862,A104862,2024-09-03,6649.24,17077.84,25761.65,0.0,25761.65,Pending
B104863,A104863,2025-10-17,8177.53,2890.32,9450.63,7397.06,2053.57,Pending
B104864,A104864,2024-06-21,3787.73,11509.85,19299.72,11929.19,7370.53,Paid
B104865,A104865,2025-08-01,1470.98,27162.83,18766.19,13975.4,4790.79,Paid
B104866,A104866,2025-10-18,3650.65,22795.13,26030.87,18269.3,7761.57,Paid
B104867,A104867,2024-11-24,58572.94,4899.09,66023.24,56891.99,9131.25,Paid
B104868,A104868,2025-06-13,5511.41,4133.43,7729.3,4353.31,3375.99,Paid
B104869,A104869,2024-10-03,4805.67,16386.13,18522.91,13081.95,5440.96,Paid
B104870,A104870,2025-01-22,103184.54,51027.48,152085.68,0.0,152085.68,Paid
B104871,A104871,2025-01-16,4663.96,9010.19,33976.42,0.0,33976.42,Pending
B104872,A104872,2024-12-04,5561.9,7641.52,13589.77,11653.2,1936.58,Pending
B104873,A104873,2024-01-05,7838.2,3125.9,12581.62,11285.0,1296.62,Pending
B104874,A104874,2024-09-05,3429.37,18866.12,16034.87,11944.36,4090.51,Paid
B104875,A104875,2025-09-18,1313.08,12135.82,22893.55,15358.99,7534.55,Paid
B104876,A104876,2024-03-03,8309.44,34357.7,55027.71,31823.02,23204.7,Paid
B104877,A104877,2024-12-20,1907.52,19458.38,18532.1,14267.4,4264.7,Paid
B104878,A104878,2024-06-26,1339.2,13976.32,19115.1,15711.62,3403.48,Partially Paid
B104879,A104879,2024-04-30,20477.9,10370.11,27129.74,19663.32,7466.41,Partially Paid
B104880,A104880,2025-12-07,1881.04,36334.4,24163.26,15023.98,9139.28,Paid
B104881,A104881,2024-12-31,2532.07,16208.65,22579.6,19569.44,3010.15,Pending
B104882,A104882,2024-12-23,8133.14,7717.1,15620.54,13489.16,2131.38,Paid
B104883,A104883,2025-11-01,9808.4,8412.86,28658.25,0.0,28658.25,Paid
B104884,A104884,2024-03-24,24207.37,32586.95,59459.64,0.0,59459.64,Paid
B104885,A104885,2024-03-26,2913.95,20628.62,18652.8,0.0,18652.8,Paid
B104886,A104886,2024-08-20,68210.8,15570.08,81801.7,47905.49,33896.2,Paid
B104887,A104887,2024-03-18,2400.3,24302.75,17213.15,14557.88,2655.26,Partially Paid
B104888,A104888,2025-02-12,9546.15,20509.72,34550.59,27862.21,6688.37,Partially Paid
B104889,A104889,2024-08-06,6008.2,2557.04,9420.27,6901.1,2519.17,Partially Paid
B104890,A104890,2025-04-02,5276.91,9484.81,24435.47,21308.76,3126.71,Paid
B104891,A104891,2025-01-05,3278.75,15507.48,8443.48,6964.44,1479.05,Paid
B104892,A104892,2025-08-24,13825.39,25053.69,47812.2,34539.84,13272.36,Paid
B104893,A104893,2025-11-14,19008.54,24740.9,81781.91,70096.75,11685.16,Pending
B104894,A104894,2025-07-17,6215.69,10018.7,16945.48,14518.36,2427.12,Paid
B104895,A104895,2024-11-21,7755.64,47375.23,68770.37,52752.23,16018.14,Paid
B104896,A104896,2024-10-27,3570.03,9214.66,16886.24,0.0,16886.24,Paid
B104897,A104897,2024-01-30,1049.86,17899.02,21048.23,16957.45,4090.78,Paid
B104898,A104898,2024-04-20,11887.48,1604.94,14077.8,8218.74,5859.06,Partially Paid
B104899,A104899,2024-02-23,9855.61,3408.07,13545.71,11607.44,1938.27,Paid
B104900,A104900,2024-10-24,5390.83,10103.48,29408.54,23895.96,5512.58,Paid
B104901,A104901,2025-03-29,3365.78,20202.45,18829.43,12542.83,6286.6,Paid
B104902,A104902,2025-04-16,8854.01,15056.15,23203.6,13915.65,9287.95,Paid
B104903,A104903,2024-09-18,79029.45,4824.61,89140.9,51359.04,37781.85,Partially Paid
B104904,A104904,2024-11-23,2148.68,6878.74,12743.35,11307.63,1435.72,Partially Paid
B104905,A104905,2025-10-20,4977.66,29502.42,18549.46,14050.89,4498.57,Paid
B104906,A104906,2024-12-05,1826.08,4268.09,9542.53,5459.83,4082.7,Paid
B104907,A104907,2025-07-12,1702.39,9953.93,10659.54,5954.98,4704.56,Paid
B104908,A104908,2025-03-04,1037.92,30582.23,15683.61,9217.26,6466.35,Paid
B104909,A104909,2024-09-27,2783.07,47430.78,17804.41,14057.67,3746.74,Pending
B104910,A104910,2025-09-17,1973.8,4235.08,4969.64,3097.25,1872.39,Paid
B104911,A104911,2024-03-12,1395.24,28954.8,27518.19,20096.41,7421.79,Paid
B104912,A104912,2024-06-16,2406.02,7350.16,14410.8,12121.09,2289.71,Paid
B104913,A104913,2024-06-14,6965.87,6678.74,13728.6,11241.1,2487.5,Paid
B104914,A104914,2025-11-15,1632.01,26977.34,28412.27,0.0,28412.27,Pending
B104915,A104915,2024-02-14,5719.96,14480.32,22220.34,18771.4,3448.95,Pending
B104916,A104916,2025-10-28,9312.22,2955.33,13495.25,8883.01,4612.23,Paid
B104917,A104917,2024-11-19,1677.93,5466.22,11940.1,7599.4,4340.71,Paid
B104918,A104918,2025-01-01,13832.41,16191.81,39816.57,32402.09,7414.47,Pending
B104919,A104919,2024-09-27,5758.87,7676.71,9600.35,6949.75,2650.6,Paid
B104920,A104920,2024-11-23,6562.41,14110.3,14730.87,12989.11,1741.77,Paid
B104921,A104921,2024-11-23,2828.34,7321.76,7602.54,4900.98,2701.56,Paid
B104922,A104922,2025-08-12,1293.64,4493.57,11106.13,8167.41,2938.72,Paid
B104923,A104923,2024-09-15,19598.45,3609.36,23587.57,14645.13,8942.44,Paid
B104924,A104924,2024-07-22,54761.8,14143.86,66095.9,0.0,66095.9,Paid
B104925,A104925,2025-03-15,5944.15,8867.4,12535.38,7717.92,4817.46,Paid
B104926,A104926,2025-09-04,3917.68,5284.23,12682.96,7237.47,5445.49,Paid
B104927,A104927,2024-04-16,2319.57,7449.31,5986.15,3712.1,2274.05,Partially Paid
B104928,A104928,2025-01-12,4480.01,15580.65,21584.2,12043.12,9541.08,Partially Paid
B104929,A104929,2024-06-18,21278.47,24503.16,35521.86,21235.4,14286.47,Partially Paid
B104930,A104930,2024-04-23,5300.86,1687.81,6652.12,4666.01,1986.11,Pending
B104931,A104931,2025-09-18,7369.01,28862.22,58010.19,37558.58,20451.62,Paid
B104932,A104932,2025-07-08,9650.93,15605.25,29709.55,19759.99,9949.56,Paid
B104933,A104933,2024-04-20,1611.47,7178.75,22682.17,0.0,22682.17,Paid
B104934,A104934,2025-12-03,2193.82,14040.9,11026.23,9657.33,1368.91,Partially Paid
B104935,A104935,2024-12-31,9593.37,8495.88,18092.56,15620.03,2472.53,Paid
B104936,A104936,2024-02-04,1477.97,53408.43,38672.85,25748.86,12923.99,Pending
B104937,A104937,2025-10-22,9085.32,1672.91,11352.32,9888.76,1463.56,Pending
B104938,A104938,2024-05-14,834.39,12306.23,24698.5,17379.63,7318.87,Partially Paid
B104939,A104939,2025-05-01,1121.52,11441.21,6499.18,0.0,6499.18,Paid
B104940,A104940,2025-12-09,1033.33,15815.34,37177.57,33325.09,3852.49,Paid
B104941,A104941,2024-07-20,1115.78,9171.73,13273.68,9297.35,3976.34,Pending
B104942,A104942,2025-09-15,11873.18,7158.43,28174.78,16320.17,11854.61,Paid
B104943,A104943,2025-06-10,2805.58,24942.53,10634.41,0.0,10634.41,Pending
B104944,A104944,2025-02-24,63034.98,2626.94,67144.37,41199.66,25944.7,Paid
B104945,A104945,2024-08-14,3637.94,1714.02,7198.35,5506.33,1692.01,Paid
B104946,A104946,2024-07-29,23470.64,4155.66,31450.84,17827.01,13623.83,Partially Paid
B104947,A104947,2024-09-03,19945.93,2577.25,26750.72,15749.94,11000.78,Pending
B104948,A104948,2024-10-15,10857.16,2443.63,14528.95,9580.48,4948.48,Paid
B104949,A104949,2024-03-11,7406.53,12622.87,23595.63,18067.52,5528.11,Pending
B104950,A104950,2024-06-08,9198.43,22529.34,28472.72,0.0,28472.72,Paid
B104951,A104951,2025-05-17,1362.13,24830.38,52536.67,40803.2,11733.47,Paid
B104952,A104952,2025-03-14,1610.55,16498.28,7868.82,5732.85,2135.97,Pending
B104953,A104953,2025-12-06,8618.18,4524.55,12849.3,0.0,12849.3,Paid
B104954,A104954,2024-08-13,7739.85,31052.38,34907.16,29867.71,5039.44,Pending
B104955,A104955,2025-03-12,1238.21,19078.76,28621.2,20268.17,8353.03,Paid
B104956,A104956,2025-05-21,527.61,8302.91,20419.04,16824.05,3594.99,Paid
B104957,A104957,2025-10-30,4030.7,7551.85,14051.26,10048.35,4002.91,Paid
B104958,A104958,2025-08-26,1669.69,36165.89,16560.06,0.0,16560.06,Partially Paid
B104959,A104959,2024-08-10,106704.89,3438.91,114908.77,64325.78,50583.0,Paid
B104960,A104960,2025-03-11,2792.39,1314.1,4319.51,2781.28,1538.23,Paid
B104961,A104961,2024-10-13,1433.55,12827.28,20215.49,0.0,20215.49,Paid
B104962,A104962,2025-09-19,2894.69,17529.04,19279.09,15268.37,4010.71,Paid
B104963,A104963,2024-04-04,66209.51,6732.63,76070.01,0.0,76070.01,Pending
B104964,A104964,2025-06-13,1998.24,26420.46,18070.74,13683.94,4386.8,Paid
B104965,A104965,2024-05-25,2346.84,9751.1,18381.46,16257.72,2123.74,Paid
B104966,A104966,2025-11-05,1810.26,31702.21,19360.31,16849.24,2511.08,Pending
B104967,A104967,2024-01-26,33510.18,12883.05,46747.57,40867.85,5879.72,Paid
B104968,A104968,2025-02-21,2474.21,2122.31,4796.39,3669.96,1126.44,Paid
B104969,A104969,2024-12-17,1818.55,10627.25,14291.3,12312.61,1978.69,Paid
B104970,A104970,2024-09-01,2242.61,24301.6,27121.78,18996.74,8125.05,Paid
B104971,A104971,2024-07-03,5393.51,5046.69,11561.12,10303.05,1258.07,Paid
B104972,A104972,2025-05-26,22459.16,7803.02,35459.24,21565.78,13893.46,Paid
B104973,A104973,2024-07-19,13580.45,7170.07,19778.66,12947.77,6830.89,Paid
B104974,A104974,2025-11-13,9664.4,3456.34,11981.73,8736.95,3244.77,Paid
B104975,A104975,2024-05-12,1320.92,24585.19,15646.32,13869.16,1777.16,Paid
B104976,A104976,2025-07-01,34785.59,4710.54,40954.27,30808.69,10145.58,Partially Paid
B104977,A104977,2025-01-22,68136.02,14449.26,82054.41,46927.47,35126.94,Paid
B104978,A104978,2025-06-01,1858.09,13275.41,7155.29,5482.57,1672.71,Paid
B104979,A104979,2024-01-09,52995.06,12767.03,64845.59,0.0,64845.59,Paid
B104980,A104980,2024-11-11,4695.31,45241.83,42138.23,0.0,42138.23,Paid
B104981,A104981,2025-09-11,5172.64,25550.65,23426.98,15354.88,8072.09,Pending
B104982,A104982,2024-07-16,11914.9,16516.81,22203.72,0.0,22203.72,Paid
B104983,A104983,2025-01-17,7869.09,16243.71,26543.84,20953.72,5590.12,Pending
B104984,A104984,2025-06-11,3289.46,11015.53,12385.78,8560.03,3825.75,Paid
B104985,A104985,2024-02-10,1755.86,17136.2,14983.0,8641.93,6341.07,Partially Paid
B104986,A104986,2024-03-13,9365.55,12615.41,18250.81,12425.94,5824.87,Pending
B104987,A104987,2024-10-23,2451.85,12748.57,12444.68,8966.26,3478.42,Paid
B104988,A104988,2024-04-19,3001.67,18665.59,12294.1,8996.54,3297.55,Paid
B104989,A104989,2025-12-19,3665.31,7886.55,9412.11,7485.45,1926.66,Paid
B104990,A104990,2024-11-18,20327.11,37800.39,44805.33,24900.94,19904.39,Paid
B104991,A104991,2024-02-29,4953.97,13850.88,26476.46,22749.09,3727.36,Pending
B104992,A104992,2024-04-20,54450.2,13551.49,66394.05,50595.57,15798.48,Pending
B104993,A104993,2025-10-15,2304.29,3458.97,4350.27,3198.15,1152.12,Paid
B104994,A104994,2024-11-12,9546.22,35624.62,45196.87,27409.02,17787.85,Partially Paid
B104995,A104995,2024-02-17,22372.37,32808.49,45437.43,26914.73,18522.7,Paid
B104996,A104996,2024-05-17,2363.11,16082.66,10963.72,8175.41,2788.32,Paid
B104997,A104997,2024-01-29,8247.12,15232.32,16979.49,13601.28,3378.21,Partially Paid
B104998,A104998,2024-02-09,1893.67,8178.87,8392.14,6854.8,1537.34,Partially Paid
B104999,A104999,2024-01-22,13255.11,4517.73,21026.34,15766.41,5259.93,Paid
B105000,A105000,2024-02-09,1929.71,12101.1,19716.06,13292.46,6423.6,Paid
B105001,A105001,2024-12-30,5521.45,4896.22,11742.43,7040.19,4702.24,Paid
B105002,A105002,2025-03-03,4542.18,44079.94,32795.2,24536.45,8258.75,Paid
B105003,A105003,2025-03-07,3649.0,6682.09,12309.04,8203.84,4105.21,Paid
B105004,A105004,2025-06-07,14031.47,19154.75,21870.17,18219.93,3650.24,Pending
B105005,A105005,2025-04-14,14600.57,8050.88,22200.26,16151.83,6048.42,Paid
B105006,A105006,2024-07-19,2512.02,2768.76,9432.21,5928.68,3503.53,Paid
B105007,A105007,2025-07-04,2011.5,20210.11,13298.42,11179.74,2118.68,Paid
B105008,A105008,2025-07-28,2677.37,26485.27,22059.89,19190.14,2869.75,Paid
B105009,A105009,2024-08-04,8915.82,8478.57,16711.55,0.0,16711.55,Pending
B105010,A105010,2025-09-02,9686.58,5037.54,13427.94,9974.28,3453.65,Paid
B105011,A105011,2025-05-18,22237.08,12232.25,26644.59,0.0,26644.59,Paid
B105012,A105012,2024-09-05,10404.85,20766.42,45629.43,38921.31,6708.12,Paid
B105013,A105013,2024-06-24,8843.82,12994.4,30782.5,23209.05,7573.45,Paid
B105014,A105014,2024-10-26,3894.56,11782.32,24030.85,17691.94,6338.91,Paid
B105015,A105015,2024-11-13,70116.93,5960.12,73737.89,41772.59,31965.3,Paid
B105016,A105016,2024-05-13,79047.56,13676.85,98223.74,0.0,98223.74,Paid
B105017,A105017,2025-04-15,2111.44,4764.78,12721.42,7811.24,4910.18,Paid
B105018,A105018,2025-01-05,1725.41,8949.53,14554.73,12508.88,2045.85,Paid
B105019,A105019,2024-01-24,83852.65,11595.56,92545.33,76443.97,16101.36,Paid
B105020,A105020,2024-11-13,1344.88,8063.97,9218.54,0.0,9218.54,Paid
B105021,A105021,2024-04-03,1178.16,5516.33,10402.99,0.0,10402.99,Paid
B105022,A105022,2025-02-08,1420.63,3013.47,5388.99,0.0,5388.99,Partially Paid
B105023,A105023,2025-06-05,3714.4,15756.0,13639.67,8955.61,4684.06,Paid
B105024,A105024,2025-04-01,8112.99,12682.41,26809.34,0.0,26809.34,Pending
B105025,A105025,2025-09-14,1984.15,30212.46,42800.7,33057.37,9743.33,Paid
B105026,A105026,2024-05-30,4563.8,3237.42,7118.5,6275.02,843.48,Paid
B105027,A105027,2025-03-24,3850.71,8931.38,10088.42,0.0,10088.42,Partially Paid
B105028,A105028,2024-03-24,4276.81,13266.39,14994.33,9790.97,5203.36,Paid
B105029,A105029,2024-01-19,2491.17,3990.09,5691.82,4482.77,1209.05,Paid
B105030,A105030,2024-05-19,5881.01,2833.59,10552.32,0.0,10552.32,Paid
B105031,A105031,2025-10-17,9740.25,7155.02,22193.03,17766.27,4426.75,Partially Paid
B105032,A105032,2025-05-27,4992.68,7831.3,12010.85,10633.33,1377.52,Paid
B105033,A105033,2025-07-12,15777.87,8609.42,41354.07,24511.32,16842.75,Paid
B105034,A105034,2025-11-30,16800.05,49794.63,78251.07,65264.7,12986.37,Pending
B105035,A105035,2024-03-21,22055.81,16234.17,52747.53,30531.76,22215.77,Partially Paid
B105036,A105036,2024-03-16,1999.03,8646.61,4998.97,3978.03,1020.94,Partially Paid
B105037,A105037,2024-02-25,2238.87,15465.64,13927.67,11338.93,2588.75,Paid
B105038,A105038,2024-01-15,1467.54,20972.28,16346.57,0.0,16346.57,Paid
B105039,A105039,2024-04-16,81496.19,14154.83,92698.38,74301.6,18396.78,Paid
B105040,A105040,2025-02-03,4837.87,51431.84,38974.29,24214.44,14759.85,Paid
B105041,A105041,2025-01-25,49508.1,13042.41,63476.12,35635.39,27840.74,Paid
B105042,A105042,2024-10-31,3746.79,23549.51,28095.51,17201.97,10893.54,Partially Paid
B105043,A105043,2024-12-05,1701.56,2194.78,3070.94,1837.1,1233.84,Paid
B105044,A105044,2025-01-31,7615.04,14667.69,40244.23,0.0,40244.23,Paid
B105045,A105045,2025-04-25,1877.3,18108.78,28209.16,18195.37,10013.8,Paid
B105046,A105046,2025-09-10,11942.48,4726.37,23348.37,18756.04,4592.33,Paid
B105047,A105047,2024-05-24,2996.93,13166.43,15608.91,13126.9,2482.02,Paid
B105048,A105048,2024-06-19,10914.5,2781.68,13984.52,12365.64,1618.88,Paid
B105049,A105049,2024-01-14,1329.44,1643.7,5386.72,0.0,5386.72,Paid
B105050,A105050,2025-11-05,4527.49,8569.67,19748.72,16693.95,3054.77,Paid
B105051,A105051,2025-03-26,486.33,8991.41,7402.55,4962.26,2440.3,Paid
B105052,A105052,2024-07-02,4282.08,32796.19,26340.66,17160.08,9180.59,Paid
B105053,A105053,2025-11-12,5959.19,20484.8,36848.02,25685.25,11162.77,Paid
B105054,A105054,2024-05-14,4376.86,5498.13,8320.29,6548.47,1771.82,Paid
B105055,A105055,2025-06-26,29824.89,6909.55,41793.49,0.0,41793.49,Partially Paid
B105056,A105056,2025-08-20,57347.67,12517.75,62111.2,0.0,62111.2,Paid
B105057,A105057,2024-09-26,1113.53,2921.8,2828.03,2094.99,733.04,Paid
B105058,A105058,2024-09-08,3678.62,2135.15,7375.41,4142.64,3232.76,Paid
B105059,A105059,2025-01-08,4644.68,16864.88,12570.17,10351.81,2218.36,Paid
B105060,A105060,2025-09-21,7125.25,47995.84,40981.76,0.0,40981.76,Paid
B105061,A105061,2025-06-19,60752.49,19002.75,89206.92,77611.62,11595.29,Paid
B105062,A105062,2025-08-21,1560.9,19173.39,18629.06,13796.84,4832.22,Paid
B105063,A105063,2025-05-25,3985.93,18428.36,25372.79,0.0,25372.79,Paid
B105064,A105064,2025-11-10,23364.89,12787.78,47851.12,32527.09,15324.02,Paid
B105065,A105065,2024-06-30,2278.2,11492.9,16543.13,12865.6,3677.52,Paid
B105066,A105066,2025-10-30,1358.1,4786.67,9634.04,6154.37,3479.68,Paid
B105067,A105067,2025-07-06,1352.73,17990.3,20724.48,17293.7,3430.78,Pending
B105068,A105068,2024-09-25,1798.96,28567.14,36729.08,24329.05,12400.03,Paid
B105069,A105069,2024-09-17,19833.66,1905.44,22493.51,17385.34,5108.16,Paid
B105070,A105070,2024-05-17,3952.31,10162.74,17407.29,13969.47,3437.82,Paid
B105071,A105071,2025-04-08,4906.46,4427.31,16187.96,10697.56,5490.41,Partially Paid
B105072,A105072,2025-05-04,1619.38,2156.96,6004.25,4645.6,1358.65,Paid
B105073,A105073,2025-10-06,9629.78,4232.12,12869.6,8765.76,4103.83,Paid
B105074,A105074,2024-03-24,3267.77,12250.74,7094.46,5249.42,1845.04,Paid
B105075,A105075,2025-01-13,2847.02,53711.88,37977.12,31329.82,6647.3,Paid
B105076,A105076,2024-03-07,1788.85,14941.95,30700.81,24725.35,5975.46,Partially Paid
B105077,A105077,2024-03-26,2075.79,37552.71,49461.28,31294.8,18166.48,Paid
B105078,A105078,2024-08-28,1604.86,7947.38,9607.05,7652.38,1954.67,Paid
B105079,A105079,2024-05-09,1613.55,1919.51,3760.54,3135.44,625.1,Paid
B105080,A105080,2025-02-17,2692.05,8568.86,10102.35,6063.31,4039.04,Partially Paid
B105081,A105081,2024-11-20,3321.43,29102.95,20514.5,11585.29,8929.2,Paid
B105082,A105082,2025-01-10,43915.28,8918.19,49742.62,35130.23,14612.39,Paid
B105083,A105083,2025-03-17,96356.33,19090.55,106240.27,67618.08,38622.19,Pending
B105084,A105084,2024-05-19,15388.56,5933.15,19317.64,11292.86,8024.78,Pending
B105085,A105085,2025-03-31,8091.27,2450.21,10280.28,8831.16,1449.12,Pending
B105086,A105086,2025-09-07,11021.03,3829.05,13235.47,0.0,13235.47,Partially Paid
B105087,A105087,2024-01-15,711.99,19240.99,14541.4,0.0,14541.4,Paid
B105088,A105088,2024-08-21,3871.95,5747.02,12300.21,10091.27,2208.94,Pending
B105089,A105089,2025-09-04,6327.42,3313.6,13260.7,0.0,13260.7,Paid
B105090,A105090,2026-01-02,21788.64,9745.13,25432.19,15955.81,9476.38,Paid
B105091,A105091,2025-02-06,8457.9,19182.68,23606.15,18141.07,5465.08,Partially Paid
B105092,A105092,2025-11-14,811.14,11079.44,7789.63,5557.63,2232.0,Pending
B105093,A105093,2025-08-08,7503.99,23103.98,50464.02,29304.63,21159.39,Paid
B105094,A105094,2024-11-17,77801.19,8646.57,95570.65,65996.69,29573.97,Paid
B105095,A105095,2025-05-23,1634.68,4114.4,7326.73,4814.89,2511.84,Paid
B105096,A105096,2025-06-10,2058.23,12138.51,24244.68,19266.91,4977.77,Paid
B105097,A105097,2024-03-31,7595.38,10238.14,16037.19,0.0,16037.19,Paid
B105098,A105098,2025-12-23,101295.14,12599.67,123117.11,0.0,123117.11,Paid
B105099,A105099,2024-11-25,74616.65,35693.79,110604.73,90257.8,20346.93,Paid
B105100,A105100,2024-12-06,1193.3,29349.64,31806.02,19847.05,11958.97,Paid
B105101,A105101,2024-12-28,4753.88,5644.49,10941.76,8393.81,2547.95,Paid
B105102,A105102,2024-08-30,2284.23,8827.49,6394.72,3941.34,2453.38,Paid
B105103,A105103,2024-03-06,2247.06,18015.42,25955.86,18800.29,7155.57,Pending
B105104,A105104,2024-04-22,1513.53,10865.74,10896.16,0.0,10896.16,Paid
B105105,A105105,2024-02-25,3102.15,24064.3,14629.78,11636.93,2992.85,Pending
B105106,A105106,2024-02-05,5790.05,31515.99,92814.84,65810.33,27004.51,Paid
B105107,A105107,2024-03-18,5440.03,20720.13,19040.31,0.0,19040.31,Pending
B105108,A105108,2024-07-24,992.18,11457.55,12436.39,6932.85,5503.55,Partially Paid
B105109,A105109,2024-04-08,2040.21,9611.58,17372.88,11916.41,5456.47,Paid
B105110,A105110,2025-10-12,4074.91,4204.2,9030.94,6850.21,2180.73,Paid
B105111,A105111,2024-02-06,19933.37,8862.75,30757.4,20061.21,10696.19,Paid
B105112,A105112,2025-08-25,4915.34,5817.82,10914.99,9096.58,1818.42,Paid
B105113,A105113,2025-02-24,2188.14,6171.06,5564.15,0.0,5564.15,Pending
B105114,A105114,2024-07-26,22352.76,13541.47,35552.15,24781.26,10770.89,Paid
B105115,A105115,2025-07-09,1277.65,9700.13,18439.35,13076.02,5363.33,Paid
B105116,A105116,2025-09-24,2927.14,22251.62,19560.79,11983.23,7577.57,Paid
B105117,A105117,2025-12-28,3212.63,31096.8,15663.55,9475.82,6187.73,Paid
B105118,A105118,2024-11-09,25966.38,8097.91,31824.53,20077.14,11747.39,Pending
B105119,A105119,2025-04-20,1944.75,18838.39,22450.8,15576.78,6874.02,Paid
B105120,A105120,2025-01-31,3366.89,13009.77,8639.14,7689.33,949.81,Paid
B105121,A105121,2024-08-03,5698.2,9037.43,17359.23,0.0,17359.23,Paid
B105122,A105122,2025-08-01,38184.74,20686.74,68622.58,47900.13,20722.45,Partially Paid
B105123,A105123,2024-06-07,7216.68,8459.2,11135.06,6974.43,4160.63,Paid
B105124,A105124,2025-09-30,5357.55,13037.34,12925.91,0.0,12925.91,Partially Paid
B105125,A105125,2025-09-27,3710.2,7995.84,17759.1,13750.21,4008.89,Paid
B105126,A105126,2024-11-24,8359.33,24803.91,29983.61,20759.09,9224.52,Paid
B105127,A105127,2025-03-16,9562.17,8927.3,28222.77,21547.92,6674.85,Paid
B105128,A105128,2025-08-03,54323.37,22121.3,73295.96,55132.72,18163.24,Paid
B105129,A105129,2025-11-03,1737.26,9481.3,6187.66,4660.38,1527.28,Paid
B105130,A105130,2024-02-15,9850.49,11235.96,18098.0,10404.12,7693.88,Pending
B105131,A105131,2024-02-14,11766.33,9389.99,23115.0,0.0,23115.0,Paid
B105132,A105132,2025-04-01,6521.28,15670.69,12069.14,0.0,12069.14,Paid
B105133,A105133,2024-07-11,1805.63,10860.66,11001.84,0.0,11001.84,Paid
B105134,A105134,2024-01-18,7556.52,8283.57,17878.9,13812.08,4066.82,Paid
B105135,A105135,2024-05-04,83541.73,2537.73,86782.04,62822.17,23959.87,Paid
B105136,A105136,2024-10-08,1310.8,7633.59,8524.43,6903.82,1620.61,Partially Paid
B105137,A105137,2024-02-18,73281.92,4002.62,77623.77,53587.91,24035.87,Paid
B105138,A105138,2024-07-15,9323.86,27954.36,44464.45,39671.13,4793.32,Partially Paid
B105139,A105139,2024-11-07,2124.81,13212.96,19261.56,17010.86,2250.69,Paid
B105140,A105140,2025-07-20,50371.55,18857.62,67670.3,39490.02,28180.28,Paid
B105141,A105141,2025-12-03,1893.92,10651.93,27465.94,0.0,27465.94,Paid
B105142,A105142,2024-04-16,8192.09,7337.11,17126.15,0.0,17126.15,Paid
B105143,A105143,2025-01-07,1309.19,9954.1,11559.04,7645.09,3913.94,Pending
B105144,A105144,2025-05-25,94488.6,15580.52,112603.61,80746.86,31856.75,Partially Paid
B105145,A105145,2025-04-11,17007.27,25986.99,42242.01,24937.58,17304.43,Paid
B105146,A105146,2024-09-04,6431.9,2810.25,8903.37,7112.32,1791.05,Partially Paid
B105147,A105147,2024-09-24,1633.91,12390.87,7490.15,5624.73,1865.43,Paid
B105148,A105148,2024-07-25,3900.79,1407.53,7571.34,4554.2,3017.14,Paid
B105149,A105149,2025-05-24,2665.03,7892.04,10305.55,0.0,10305.55,Paid
B105150,A105150,2025-06-17,6369.67,7438.87,18975.44,14713.94,4261.5,Paid
B105151,A105151,2025-01-08,2396.42,30040.22,37229.41,0.0,37229.41,Pending
B105152,A105152,2024-12-11,1084.54,19079.42,24537.71,15313.64,9224.07,Pending
B105153,A105153,2025-02-13,104374.45,8398.4,114126.64,87099.38,27027.26,Pending
B105154,A105154,2025-04-01,939.76,7007.33,18093.83,15499.06,2594.78,Paid
B105155,A105155,2025-08-07,1060.72,29381.19,20659.43,13265.45,7393.98,Paid
B105156,A105156,2024-06-01,1365.42,9807.04,10215.39,6447.18,3768.21,Paid
B105157,A105157,2024-07-16,5770.02,10654.03,16787.62,10849.62,5938.01,Paid
B105158,A105158,2024-05-29,1076.6,10232.47,5982.38,4888.22,1094.16,Partially Paid
B105159,A105159,2025-02-13,370.08,14964.49,13466.6,11221.16,2245.44,Pending
B105160,A105160,2024-07-02,79303.52,3140.89,81469.07,0.0,81469.07,Paid
B105161,A105161,2024-04-23,4424.21,17147.2,32878.3,0.0,32878.3,Paid
B105162,A105162,2024-08-24,33655.79,3942.06,36903.98,0.0,36903.98,Paid
B105163,A105163,2025-10-01,4381.02,3326.34,8637.72,0.0,8637.72,Paid
B105164,A105164,2024-06-30,3924.66,12052.8,13042.9,0.0,13042.9,Pending
B105165,A105165,2025-03-12,46193.1,6657.97,68500.86,60785.19,7715.67,Partially Paid
B105166,A105166,2025-02-10,11670.31,20180.82,36340.58,25249.06,11091.52,Pending
B105167,A105167,2025-06-09,3407.21,4128.05,5982.66,5321.75,660.91,Paid
B105168,A105168,2025-06-24,9384.12,2881.13,12852.56,8768.17,4084.39,Partially Paid
B105169,A105169,2024-11-25,66792.5,26045.63,79426.77,63593.25,15833.52,Paid
B105170,A105170,2024-09-23,7585.33,20400.18,14986.23,10125.5,4860.73,Pending
B105171,A105171,2025-09-11,1763.22,15808.52,33526.8,22194.47,11332.33,Pending
B105172,A105172,2025-12-06,4419.9,18609.58,19820.17,14976.9,4843.27,Paid
B105173,A105173,2025-02-09,954.2,14970.45,13547.02,0.0,13547.02,Paid
B105174,A105174,2024-12-05,7847.53,13333.99,14568.98,0.0,14568.98,Paid
B105175,A105175,2024-10-31,978.31,19676.67,22201.55,16640.33,5561.21,Paid
B105176,A105176,2024-05-05,81791.25,28527.35,110805.41,80505.04,30300.37,Paid
B105177,A105177,2025-07-13,627.23,8839.12,7323.37,6459.12,864.25,Paid
B105178,A105178,2025-02-20,14376.61,6003.85,20391.75,0.0,20391.75,Paid
B105179,A105179,2025-08-08,1672.15,12116.59,23088.35,15985.88,7102.47,Paid
B105180,A105180,2025-01-23,994.96,15953.72,21682.15,18180.03,3502.12,Paid
B105181,A105181,2025-04-30,1284.36,7242.99,26680.13,15687.11,10993.02,Paid
B105182,A105182,2024-11-03,40371.23,5049.44,47796.42,33571.93,14224.49,Partially Paid
B105183,A105183,2025-11-14,1032.59,2593.42,2791.55,1644.57,1146.99,Paid
B105184,A105184,2024-07-15,1784.64,3627.03,6155.66,5533.96,621.69,Paid
B105185,A105185,2024-12-10,5369.71,48111.78,51863.04,29378.57,22484.47,Partially Paid
B105186,A105186,2024-02-01,23183.43,38978.21,54718.34,0.0,54718.34,Paid
B105187,A105187,2025-09-16,45491.9,3209.69,52063.6,0.0,52063.6,Paid
B105188,A105188,2025-10-21,5255.15,3113.87,10278.83,6706.84,3571.99,Partially Paid
B105189,A105189,2025-12-05,5821.33,2806.39,8530.24,7526.56,1003.69,Paid
B105190,A105190,2025-03-10,47777.41,7397.3,52340.86,37958.03,14382.83,Paid
B105191,A105191,2025-03-04,2393.23,4501.56,6543.92,5747.68,796.25,Paid
B105192,A105192,2024-08-19,2843.16,5853.36,16314.59,11746.07,4568.53,Paid
B105193,A105193,2025-06-14,1588.88,17481.25,15522.33,11092.9,4429.43,Pending
B105194,A105194,2024-08-10,1616.67,19323.65,14560.46,0.0,14560.46,Partially Paid
B105195,A105195,2025-08-14,46556.7,3629.92,48829.02,0.0,48829.02,Paid
B105196,A105196,2025-01-15,1933.47,17756.67,13970.22,12104.55,1865.66,Paid
B105197,A105197,2024-02-09,1821.93,10245.22,10922.53,9250.64,1671.9,Paid
B105198,A105198,2024-01-30,5406.66,2636.44,11546.55,6896.37,4650.18,Partially Paid
B105199,A105199,2025-01-12,1747.92,13207.2,10514.7,5891.15,4623.55,Paid
B105200,A105200,2024-03-27,4562.96,2454.79,5999.03,4791.39,1207.64,Partially Paid
B105201,A105201,2024-07-08,22855.35,3018.3,28304.87,19052.0,9252.88,Paid
B105202,A105202,2024-11-02,3757.84,5431.17,10755.56,6299.85,4455.71,Paid
B105203,A105203,2025-03-09,19521.29,38874.56,42528.25,36718.73,5809.51,Partially Paid
B105204,A105204,2024-03-26,3681.3,21042.19,21180.7,19019.96,2160.75,Paid
B105205,A105205,2024-07-08,3647.27,10959.66,14261.47,9434.37,4827.1,Paid
B105206,A105206,2024-01-12,52936.38,11229.93,71783.13,0.0,71783.13,Paid
B105207,A105207,2025-07-13,10601.27,6077.55,17631.8,14984.28,2647.52,Partially Paid
B105208,A105208,2025-05-23,4921.18,20539.23,42967.52,31596.12,11371.4,Pending
B105209,A105209,2025-05-29,1528.31,12498.15,18026.32,16132.06,1894.26,Paid
B105210,A105210,2025-09-10,80107.15,8199.41,90568.01,70027.7,20540.31,Paid
B105211,A105211,2024-01-09,1158.14,10423.95,23077.69,17266.15,5811.53,Paid
B105212,A105212,2024-08-09,1514.04,8763.76,9780.84,8555.61,1225.22,Paid
B105213,A105213,2025-06-28,8044.93,20329.79,28625.14,23774.37,4850.78,Paid
B105214,A105214,2024-09-20,4696.61,18617.15,16209.12,11226.12,4983.0,Paid
B105215,A105215,2025-03-30,8739.19,6552.85,13238.94,7330.86,5908.08,Paid
B105216,A105216,2025-03-01,1096.85,3120.24,7699.4,6261.46,1437.94,Paid
B105217,A105217,2024-11-20,6581.59,2249.06,10377.95,0.0,10377.95,Paid
B105218,A105218,2025-05-15,4987.23,7443.8,8942.16,5325.23,3616.93,Paid
B105219,A105219,2025-08-06,7273.15,12330.42,17227.26,0.0,17227.26,Paid
B105220,A105220,2024-07-16,2068.09,3192.38,4170.19,0.0,4170.19,Paid
B105221,A105221,2025-05-21,5419.7,12074.71,13132.97,7303.91,5829.06,Paid
B105222,A105222,2024-10-05,41245.71,17491.55,70767.05,56965.82,13801.23,Paid
B105223,A105223,2025-12-02,4092.25,12267.22,16362.22,11195.0,5167.22,Paid
B105224,A105224,2024-01-19,5191.24,3441.63,9638.22,5472.62,4165.6,Paid
B105225,A105225,2024-04-17,1454.48,3657.93,4774.41,0.0,4774.41,Paid
B105226,A105226,2025-06-14,5505.92,3128.67,11925.0,9083.63,2841.37,Paid
B105227,A105227,2024-05-12,1159.24,12905.26,16421.96,10792.65,5629.31,Partially Paid
B105228,A105228,2025-05-01,2996.07,4824.2,10364.62,8557.55,1807.07,Paid
B105229,A105229,2025-08-30,5475.2,45850.65,64913.59,0.0,64913.59,Pending
B105230,A105230,2024-01-12,1294.25,18910.14,15125.34,8506.61,6618.73,Paid
B105231,A105231,2025-09-28,4993.43,26119.86,22659.96,16909.35,5750.61,Paid
B105232,A105232,2024-12-18,7858.19,2817.02,14880.2,10464.09,4416.11,Paid
B105233,A105233,2024-12-20,6370.39,4883.17,20468.73,0.0,20468.73,Pending
B105234,A105234,2025-10-30,406.24,48462.02,50699.39,35725.58,14973.81,Paid
B105235,A105235,2024-08-17,5648.54,6899.69,14038.3,11639.56,2398.74,Paid
B105236,A105236,2024-01-21,1288.7,6296.94,22455.93,13186.93,9268.99,Partially Paid
B105237,A105237,2025-03-03,93110.53,3754.07,105040.14,66840.02,38200.12,Paid
B105238,A105238,2025-04-11,1031.1,4663.22,4790.09,4288.71,501.38,Pending
B105239,A105239,2026-01-03,4625.54,43092.02,26595.85,18486.67,8109.18,Partially Paid
B105240,A105240,2024-09-07,2407.77,18917.71,13198.48,0.0,13198.48,Paid
B105241,A105241,2024-07-02,2915.46,14577.08,12831.01,9320.38,3510.63,Paid
B105242,A105242,2025-07-02,3192.04,9233.95,28075.08,0.0,28075.08,Paid
B105243,A105243,2025-05-27,2176.05,6084.79,20078.34,11646.8,8431.55,Paid
B105244,A105244,2025-07-22,111528.4,16373.24,123239.94,0.0,123239.94,Paid
B105245,A105245,2025-10-30,3087.06,23433.16,33066.68,23800.31,9266.37,Paid
B105246,A105246,2025-07-31,3457.14,27405.92,21491.32,19187.11,2304.21,Paid
B105247,A105247,2024-08-27,31073.85,16689.35,42140.56,36491.74,5648.82,Pending
B105248,A105248,2025-11-12,5928.98,10707.12,17322.92,10462.67,6860.25,Paid
B105249,A105249,2024-02-09,1503.69,2808.18,6331.93,0.0,6331.93,Pending
B105250,A105250,2025-05-06,7346.36,4093.84,9944.68,6107.61,3837.07,Partially Paid
B105251,A105251,2025-03-21,6210.88,2736.61,13007.54,8815.5,4192.04,Paid
B105252,A105252,2024-01-23,911.19,12767.29,5478.28,3651.36,1826.91,Paid
B105253,A105253,2025-09-04,119626.18,4053.49,127621.41,0.0,127621.41,Paid
B105254,A105254,2025-12-29,1735.1,4061.4,9848.05,8292.39,1555.66,Paid
B105255,A105255,2025-07-10,2120.16,4175.51,3857.98,3316.54,541.44,Partially Paid
B105256,A105256,2024-04-24,9131.21,11725.86,22310.94,17604.99,4705.95,Pending
B105257,A105257,2025-05-03,4891.47,4243.52,11847.83,9129.6,2718.23,Paid
B105258,A105258,2024-04-04,8140.18,17562.75,18781.12,16396.85,2384.27,Paid
B105259,A105259,2024-11-17,2564.02,13322.35,9874.41,5783.0,4091.41,Paid
B105260,A105260,2024-05-03,2367.85,24149.13,23274.74,0.0,23274.74,Paid
B105261,A105261,2025-03-17,869.6,15557.91,28238.18,17686.08,10552.1,Paid
B105262,A105262,2024-08-27,1141.65,1364.06,5109.29,3054.64,2054.65,Paid
B105263,A105263,2024-04-01,2270.22,74980.48,35016.59,27481.66,7534.93,Paid
B105264,A105264,2025-02-07,4809.38,7969.26,16136.5,9959.99,6176.52,Paid
B105265,A105265,2025-02-08,1380.55,3137.95,5064.95,4488.17,576.78,Paid
B105266,A105266,2025-11-08,6105.18,9921.74,12167.73,8939.89,3227.85,Paid
B105267,A105267,2024-09-15,901.69,16313.62,24680.88,17647.36,7033.52,Paid
B105268,A105268,2024-07-18,3800.36,15365.93,12065.46,8146.28,3919.18,Paid
B105269,A105269,2025-07-28,4960.82,8936.68,10115.48,6532.66,3582.82,Paid
B105270,A105270,2025-09-13,1558.72,42074.87,26095.21,22675.59,3419.62,Pending
B105271,A105271,2025-08-14,24548.51,29216.24,39739.21,30412.42,9326.8,Pending
B105272,A105272,2024-08-15,4853.82,9841.02,12881.09,0.0,12881.09,Pending
B105273,A105273,2025-09-30,564.91,24709.4,32759.4,25853.03,6906.37,Paid
B105274,A105274,2024-07-07,1734.45,21005.92,11149.17,0.0,11149.17,Paid
B105275,A105275,2026-01-02,1472.96,8567.59,12624.56,10348.72,2275.84,Paid
B105276,A105276,2024-09-17,1554.84,12453.43,12290.06,9139.08,3150.98,Paid
B105277,A105277,2024-04-05,5489.56,35722.41,25607.78,18047.78,7559.99,Paid
B105278,A105278,2025-05-08,2246.95,7273.27,8461.52,6592.8,1868.72,Paid
B105279,A105279,2024-12-03,4270.96,7234.8,8154.17,0.0,8154.17,Paid
B105280,A105280,2025-06-23,45522.86,7237.46,48429.25,33471.16,14958.09,Partially Paid
B105281,A105281,2025-02-12,1676.56,3050.6,10393.5,8220.7,2172.8,Partially Paid
B105282,A105282,2025-09-26,4408.86,3302.37,12275.42,8311.75,3963.68,Partially Paid
B105283,A105283,2024-10-23,9316.29,13977.47,38963.81,26351.27,12612.54,Paid
B105284,A105284,2025-01-03,41024.49,16346.53,61771.43,52109.35,9662.08,Pending
B105285,A105285,2025-03-18,16896.61,4821.91,23505.05,17437.02,6068.03,Partially Paid
B105286,A105286,2024-02-05,1555.81,12306.41,25870.19,0.0,25870.19,Pending
B105287,A105287,2025-12-19,951.58,13862.74,13367.99,8294.85,5073.15,Paid
B105288,A105288,2025-07-04,1207.65,10957.17,5843.05,4841.88,1001.17,Paid
B105289,A105289,2025-09-30,1806.93,3926.69,9757.28,7518.39,2238.89,Paid
B105290,A105290,2024-08-13,119568.63,5280.78,123789.78,0.0,123789.78,Paid
B105291,A105291,2024-05-09,9196.34,25834.05,34584.09,24298.2,10285.89,Paid
B105292,A105292,2025-11-16,5256.59,5042.94,16003.7,10528.08,5475.62,Pending
B105293,A105293,2025-11-26,2253.85,13020.24,10263.62,8247.29,2016.33,Paid
B105294,A105294,2024-08-03,4532.94,3476.85,7763.63,4504.58,3259.05,Pending
B105295,A105295,2024-05-07,3347.05,32907.45,33003.22,0.0,33003.22,Paid
B105296,A105296,2024-08-21,859.04,27152.19,18535.2,16531.24,2003.96,Partially Paid
B105297,A105297,2025-03-23,14381.71,5720.65,20878.57,17435.31,3443.27,Paid
B105298,A105298,2025-07-14,2263.89,20569.37,48674.05,39244.16,9429.89,Pending
B105299,A105299,2025-09-02,1309.67,4363.55,10728.38,7556.46,3171.92,Paid
B105300,A105300,2025-09-29,6318.0,21333.58,27428.2,15241.82,12186.38,Paid
B105301,A105301,2025-03-15,3652.27,4252.94,9315.66,8334.8,980.86,Paid
B105302,A105302,2024-01-15,51643.46,3613.2,57236.34,0.0,57236.34,Paid
B105303,A105303,2024-05-09,4867.79,12293.07,36617.15,26523.69,10093.45,Pending
B105304,A105304,2025-07-07,930.32,10775.79,21974.17,0.0,21974.17,Paid
B105305,A105305,2025-05-06,1010.1,4023.0,9093.39,0.0,9093.39,Paid
B105306,A105306,2024-09-08,1512.42,2518.97,3020.19,2390.42,629.77,Paid
B105307,A105307,2025-08-04,2059.0,12157.04,9878.28,5618.8,4259.47,Pending
B105308,A105308,2025-05-03,1544.83,25543.63,26197.5,23563.4,2634.1,Paid
B105309,A105309,2025-07-05,4614.03,7404.58,7698.02,6336.87,1361.14,Paid
B105310,A105310,2024-10-12,70019.73,8140.35,77797.45,50028.13,27769.31,Partially Paid
B105311,A105311,2024-12-10,37876.73,26263.0,62080.38,45929.98,16150.4,Paid
B105312,A105312,2024-06-18,6027.48,4811.33,10514.09,0.0,10514.09,Partially Paid
B105313,A105313,2024-12-01,924.02,35529.09,34442.05,23214.5,11227.55,Paid
B105314,A105314,2024-09-03,1902.59,1882.01,5058.04,3558.49,1499.55,Paid
B105315,A105315,2025-08-19,1149.66,11506.09,14298.55,10712.73,3585.82,Partially Paid
B105316,A105316,2025-09-24,8908.91,11190.37,24560.2,17903.9,6656.3,Paid
B105317,A105317,2024-10-31,989.63,12774.82,7493.44,6319.63,1173.82,Paid
B105318,A105318,2025-12-31,2027.64,5767.21,7316.04,4329.03,2987.01,Paid
B105319,A105319,2024-07-28,6735.7,21205.9,20993.9,11956.88,9037.02,Paid
B105320,A105320,2025-05-15,1528.07,3204.69,4182.22,3040.43,1141.79,Paid
B105321,A105321,2024-01-18,3781.85,13930.09,11770.28,8399.41,3370.87,Pending
B105322,A105322,2025-01-03,19919.9,8889.28,30223.92,23450.62,6773.3,Partially Paid
B105323,A105323,2025-12-23,9697.32,8674.85,23091.66,0.0,23091.66,Paid
B105324,A105324,2024-04-11,659.5,16250.43,20492.12,11913.5,8578.62,Paid
B105325,A105325,2024-03-16,71195.83,20952.58,92415.56,76844.64,15570.91,Paid
B105326,A105326,2024-12-24,7100.12,3410.77,13815.86,9728.61,4087.25,Paid
B105327,A105327,2025-07-03,5391.18,7620.23,15646.03,0.0,15646.03,Paid
B105328,A105328,2024-09-07,13226.52,4011.5,16103.83,0.0,16103.83,Partially Paid
B105329,A105329,2024-09-11,2786.53,3832.98,7092.44,6244.45,847.99,Paid
B105330,A105330,2024-07-04,1151.57,8029.85,8582.01,5208.39,3373.62,Paid
B105331,A105331,2024-06-19,1579.2,19647.63,14003.25,0.0,14003.25,Paid
B105332,A105332,2024-01-07,2485.12,10321.49,13490.86,9971.08,3519.78,Partially Paid
B105333,A105333,2025-04-12,871.97,19171.0,19466.14,12739.49,6726.65,Partially Paid
B105334,A105334,2024-05-28,731.37,16857.43,18063.42,12421.9,5641.52,Paid
B105335,A105335,2024-06-16,42920.63,7334.12,48967.59,0.0,48967.59,Paid
B105336,A105336,2024-12-15,2515.88,23113.31,26710.22,17812.2,8898.03,Paid
B105337,A105337,2024-04-26,3717.58,42628.12,20196.9,12618.69,7578.2,Partially Paid
B105338,A105338,2025-07-05,7218.57,12453.88,13943.1,9947.44,3995.65,Pending
B105339,A105339,2024-11-16,2396.47,30098.75,32580.67,24930.85,7649.82,Paid
B105340,A105340,2024-06-20,10854.83,10165.87,23174.29,15054.31,8119.98,Paid
B105341,A105341,2025-06-10,3234.94,21950.03,13042.56,10705.84,2336.71,Partially Paid
B105342,A105342,2025-08-25,94130.38,15605.11,101246.25,77147.39,24098.86,Paid
B105343,A105343,2025-03-16,2573.38,15927.8,14380.05,0.0,14380.05,Paid
B105344,A105344,2025-09-10,52740.7,41590.15,77940.02,51610.58,26329.44,Paid
B105345,A105345,2025-05-28,30596.53,4280.87,36084.21,28233.05,7851.16,Paid
B105346,A105346,2025-02-15,1027.01,10601.34,10057.11,8650.25,1406.86,Paid
B105347,A105347,2025-03-12,9579.27,1879.32,11210.35,6183.03,5027.32,Paid
B105348,A105348,2024-11-16,3144.07,12479.34,29875.08,0.0,29875.08,Pending
B105349,A105349,2025-07-03,7402.49,26888.08,42289.47,31464.31,10825.16,Paid
B105350,A105350,2025-09-08,23165.91,11630.29,33362.68,0.0,33362.68,Paid
B105351,A105351,2025-08-04,1772.96,12562.86,10201.5,6652.32,3549.18,Partially Paid
B105352,A105352,2024-03-09,3414.33,20283.66,17804.67,10354.91,7449.76,Paid
B105353,A105353,2024-02-02,2386.04,2536.0,5733.28,4888.87,844.42,Paid
B105354,A105354,2025-08-24,52821.77,4935.13,63344.89,46144.86,17200.04,Paid
B105355,A105355,2024-08-01,4971.14,4426.4,13871.47,0.0,13871.47,Paid
B105356,A105356,2025-04-11,4567.91,11360.67,21568.68,14961.01,6607.67,Paid
B105357,A105357,2025-07-20,1019.21,12408.85,10395.5,0.0,10395.5,Paid
B105358,A105358,2025-07-30,35405.22,5588.93,39521.61,26035.05,13486.56,Paid
B105359,A105359,2024-03-25,8524.97,13152.3,25343.58,21182.89,4160.69,Paid
B105360,A105360,2024-12-18,1272.71,29977.08,18637.87,13641.59,4996.28,Paid
B105361,A105361,2024-08-20,8622.73,2564.1,11727.6,7418.65,4308.95,Paid
B105362,A105362,2025-09-10,5854.17,8453.99,19455.21,16218.51,3236.71,Paid
B105363,A105363,2024-05-13,1800.67,8397.6,10066.36,6215.9,3850.46,Paid
B105364,A105364,2024-01-29,7918.28,15846.08,30361.57,20071.15,10290.41,Paid
B105365,A105365,2024-12-27,22237.36,11703.66,31579.29,0.0,31579.29,Paid
B105366,A105366,2025-02-27,1163.53,7185.12,17550.16,0.0,17550.16,Paid
B105367,A105367,2025-09-04,2046.63,15505.36,11641.22,8107.47,3533.76,Paid
B105368,A105368,2024-03-24,5167.29,4487.84,16868.82,10262.0,6606.82,Partially Paid
B105369,A105369,2025-09-11,2282.27,14755.8,17922.27,13067.13,4855.15,Paid
B105370,A105370,2025-10-31,5725.73,16942.11,21839.07,12820.91,9018.16,Paid
B105371,A105371,2024-05-01,2257.96,13579.54,9173.56,0.0,9173.56,Paid
B105372,A105372,2025-05-09,2252.41,1476.44,5010.76,2863.6,2147.16,Paid
B105373,A105373,2025-05-09,3546.65,4115.18,13759.27,10556.51,3202.76,Paid
B105374,A105374,2024-08-15,5962.45,11360.63,11006.15,9488.63,1517.52,Paid
B105375,A105375,2025-02-28,5306.87,8673.4,12783.02,8138.83,4644.19,Paid
B105376,A105376,2024-05-26,2139.85,42495.15,45259.29,26449.07,18810.22,Paid
B105377,A105377,2024-08-15,92584.82,3834.95,100137.77,71335.16,28802.61,Paid
B105378,A105378,2024-11-30,7232.78,2807.76,11014.07,8335.41,2678.66,Paid
B105379,A105379,2024-09-05,6851.87,53872.95,91606.33,59674.84,31931.49,Pending
B105380,A105380,2024-11-24,7684.24,23028.85,26331.05,17478.45,8852.6,Partially Paid
B105381,A105381,2024-04-25,36115.22,18888.04,62652.37,0.0,62652.37,Paid
B105382,A105382,2025-03-22,1755.27,4355.66,5534.55,4935.82,598.73,Pending
B105383,A105383,2024-01-14,3673.9,20410.62,22939.73,0.0,22939.73,Paid
B105384,A105384,2024-05-14,3290.89,19266.32,15331.27,10813.47,4517.81,Paid
B105385,A105385,2024-12-20,48265.96,7691.18,51318.37,43860.45,7457.92,Paid
B105386,A105386,2024-09-25,12170.74,7651.31,16255.89,0.0,16255.89,Paid
B105387,A105387,2025-11-18,901.9,9349.28,9051.08,6018.53,3032.56,Paid
B105388,A105388,2024-08-03,3165.93,8872.47,9778.35,6972.24,2806.11,Paid
B105389,A105389,2024-09-17,2293.93,55513.02,42393.86,23941.05,18452.81,Paid
B105390,A105390,2025-09-12,20582.9,6161.1,33038.0,28699.97,4338.03,Paid
B105391,A105391,2025-08-24,1091.5,9767.71,17041.51,9956.44,7085.07,Paid
B105392,A105392,2025-01-15,109814.85,22710.05,137776.21,119201.11,18575.1,Partially Paid
B105393,A105393,2025-02-27,10693.06,5716.76,18606.69,16316.09,2290.6,Paid
B105394,A105394,2025-12-21,2310.23,20073.87,12243.18,10529.84,1713.34,Paid
B105395,A105395,2024-02-12,3988.99,3451.96,12103.53,0.0,12103.53,Partially Paid
B105396,A105396,2025-12-21,1338.83,15866.89,12597.7,9336.43,3261.26,Paid
B105397,A105397,2024-12-27,4387.46,31113.6,27656.83,18643.25,9013.58,Pending
B105398,A105398,2025-07-16,2297.31,3978.73,5939.16,3623.05,2316.11,Paid
B105399,A105399,2024-05-25,11391.21,6953.99,15705.8,11615.29,4090.5,Paid
B105400,A105400,2024-05-27,6923.44,25575.73,30204.98,17053.35,13151.62,Pending
B105401,A105401,2025-07-24,5841.11,19075.34,20231.48,13281.16,6950.32,Paid
B105402,A105402,2024-04-21,8469.05,7008.6,30414.96,22289.78,8125.18,Paid
B105403,A105403,2024-02-10,4881.34,12483.92,28696.02,25633.97,3062.05,Paid
B105404,A105404,2024-07-19,1580.47,3936.85,3590.45,2624.95,965.5,Partially Paid
B105405,A105405,2024-05-05,4665.85,21898.69,26669.45,0.0,26669.45,Paid
B105406,A105406,2024-08-24,8228.21,17366.42,43613.31,32418.12,11195.19,Paid
B105407,A105407,2025-09-22,4257.22,2329.18,5533.55,0.0,5533.55,Paid
B105408,A105408,2025-11-23,119926.98,12195.73,128729.3,107593.6,21135.71,Paid
B105409,A105409,2024-07-06,1222.97,4347.5,14011.71,0.0,14011.71,Paid
B105410,A105410,2024-08-03,51610.39,2109.45,52891.43,29819.04,23072.39,Pending
B105411,A105411,2024-05-13,1168.75,8760.42,18684.94,11628.98,7055.96,Paid
B105412,A105412,2024-10-03,41360.82,21797.94,57719.92,32463.06,25256.86,Paid
B105413,A105413,2025-10-06,6720.06,17206.32,26365.27,22817.43,3547.85,Paid
B105414,A105414,2024-01-13,83205.01,8992.87,90684.81,50456.98,40227.82,Paid
B105415,A105415,2025-02-14,9019.46,32603.96,21368.58,11917.13,9451.45,Paid
B105416,A105416,2025-08-03,1321.5,8454.03,9250.66,0.0,9250.66,Paid
B105417,A105417,2025-09-20,5200.92,7310.03,13022.36,8012.64,5009.72,Paid
B105418,A105418,2025-01-17,7337.92,22995.09,62662.48,54751.95,7910.53,Paid
B105419,A105419,2025-09-16,17453.85,21503.96,52414.88,43738.39,8676.49,Paid
B105420,A105420,2025-06-22,4934.31,6095.45,9912.22,6195.0,3717.22,Paid
B105421,A105421,2024-02-27,10418.44,15064.87,31529.78,22220.88,9308.91,Paid
B105422,A105422,2024-09-06,2142.68,10863.76,7341.57,6202.95,1138.62,Pending
B105423,A105423,2024-12-06,6462.58,11504.31,23660.02,13156.81,10503.2,Paid
B105424,A105424,2024-10-15,1326.11,27058.55,17358.51,12430.31,4928.2,Pending
B105425,A105425,2024-02-08,9484.66,26557.27,24763.18,0.0,24763.18,Paid
B105426,A105426,2025-07-03,1141.03,4000.89,6942.38,6091.77,850.61,Pending
B105427,A105427,2024-12-11,17428.5,6802.46,28979.99,19419.39,9560.6,Paid
B105428,A105428,2024-08-29,84272.47,5724.41,91726.38,57264.69,34461.69,Partially Paid
B105429,A105429,2025-05-13,2382.91,14329.43,18672.94,12372.05,6300.89,Paid
B105430,A105430,2026-01-02,1550.03,7226.77,19322.71,0.0,19322.71,Paid
B105431,A105431,2024-07-07,3229.82,23413.46,20583.26,17203.51,3379.75,Paid
B105432,A105432,2024-02-20,1817.82,27781.33,10808.93,8534.45,2274.48,Paid
B105433,A105433,2024-11-01,28325.85,4351.69,31100.02,21875.51,9224.51,Paid
B105434,A105434,2025-11-07,1573.61,29947.61,31091.42,26411.43,4679.99,Paid
B105435,A105435,2024-09-29,2520.93,16199.2,10393.67,7869.01,2524.66,Paid
B105436,A105436,2025-11-16,97718.86,4733.55,101751.45,0.0,101751.45,Paid
B105437,A105437,2025-02-06,4077.23,10543.54,14891.98,11731.58,3160.4,Pending
B105438,A105438,2025-09-08,2902.8,31320.8,49290.72,31658.88,17631.84,Paid
B105439,A105439,2025-03-10,3691.53,9310.68,18942.59,14957.15,3985.44,Paid
B105440,A105440,2025-03-02,42002.8,16866.21,59572.46,43519.52,16052.94,Paid
B105441,A105441,2024-05-14,7912.79,6595.97,15051.13,12237.98,2813.15,Pending
B105442,A105442,2025-02-16,6830.53,12795.15,13307.51,9569.94,3737.56,Pending
B105443,A105443,2024-08-19,5554.88,30671.26,15368.51,13203.2,2165.31,Partially Paid
B105444,A105444,2024-05-30,2208.31,13390.47,30389.97,20590.08,9799.89,Paid
B105445,A105445,2025-08-01,4221.55,1875.88,7558.86,4945.1,2613.76,Partially Paid
B105446,A105446,2025-06-26,4801.79,3808.65,15139.9,9503.3,5636.6,Pending
B105447,A105447,2024-05-08,3616.03,8120.66,21320.9,0.0,21320.9,Paid
B105448,A105448,2024-08-02,7394.67,10308.31,11590.71,0.0,11590.71,Pending
B105449,A105449,2025-03-10,7990.5,22089.48,17893.79,14347.23,3546.56,Partially Paid
B105450,A105450,2025-03-14,4486.05,6410.37,11759.41,0.0,11759.41,Pending
B105451,A105451,2025-08-21,2186.2,12990.34,33057.0,24138.02,8918.97,Partially Paid
B105452,A105452,2024-08-30,3727.24,12790.54,18682.06,14328.14,4353.92,Paid
B105453,A105453,2025-10-08,5597.43,11648.58,17243.1,12385.92,4857.19,Paid
B105454,A105454,2024-11-26,22219.8,6202.5,31852.74,0.0,31852.74,Paid
B105455,A105455,2024-04-30,4922.94,6311.37,13476.75,8997.36,4479.39,Paid
B105456,A105456,2024-02-18,3075.91,6198.1,8652.16,7311.53,1340.62,Paid
B105457,A105457,2024-03-30,6944.12,16777.21,21313.81,16984.58,4329.23,Paid
B105458,A105458,2024-12-20,6516.88,11240.6,16183.12,14499.36,1683.76,Paid
B105459,A105459,2024-01-19,903.2,15506.72,12035.86,7851.45,4184.41,Paid
B105460,A105460,2025-10-02,1543.16,14940.96,17353.9,15196.69,2157.2,Partially Paid
B105461,A105461,2024-06-22,2239.9,4226.62,9906.2,0.0,9906.2,Pending
B105462,A105462,2024-08-25,5662.11,10486.39,19952.19,11488.05,8464.13,Pending
B105463,A105463,2024-07-06,6244.33,15233.88,28968.76,19572.89,9395.86,Paid
B105464,A105464,2024-02-23,3535.56,13392.91,9305.66,5776.12,3529.54,Paid
B105465,A105465,2025-11-16,79493.33,19795.18,99848.32,0.0,99848.32,Paid
B105466,A105466,2025-01-31,837.05,4023.73,7049.01,0.0,7049.01,Paid
B105467,A105467,2025-03-06,7046.65,3621.59,10845.22,7146.25,3698.97,Paid
B105468,A105468,2024-10-03,22858.82,9767.88,33754.34,18962.53,14791.81,Paid
B105469,A105469,2024-07-28,5364.89,5575.77,9278.46,0.0,9278.46,Paid
B105470,A105470,2024-06-03,11860.81,11940.25,25297.23,0.0,25297.23,Partially Paid
B105471,A105471,2024-10-30,9643.7,5655.19,17438.01,0.0,17438.01,Paid
B105472,A105472,2025-03-29,2743.01,2318.65,4905.5,0.0,4905.5,Paid
B105473,A105473,2025-07-07,2027.87,10677.72,8595.05,5027.84,3567.2,Pending
B105474,A105474,2025-11-07,6975.35,6855.26,22897.35,17588.62,5308.73,Paid
B105475,A105475,2025-01-20,1239.93,11367.9,5803.72,3351.2,2452.52,Paid
B105476,A105476,2025-09-16,8530.13,9379.32,36084.6,0.0,36084.6,Paid
B105477,A105477,2025-06-19,9346.22,8424.49,12935.99,8542.44,4393.55,Paid
B105478,A105478,2024-08-30,1303.32,35235.06,41055.61,0.0,41055.61,Paid
B105479,A105479,2025-09-28,1197.29,7191.54,5085.3,4314.62,770.68,Paid
B105480,A105480,2024-05-12,1699.72,14847.61,16854.87,12403.37,4451.49,Paid
B105481,A105481,2026-01-08,1877.75,24936.76,31460.13,22543.13,8917.0,Partially Paid
B105482,A105482,2025-10-28,8133.14,28180.92,21529.57,15799.13,5730.44,Paid
B105483,A105483,2025-07-24,18807.86,2069.59,21349.28,15083.38,6265.89,Paid
B105484,A105484,2024-08-29,95012.32,11805.85,102614.27,84506.04,18108.23,Paid
B105485,A105485,2025-08-07,4419.63,9022.49,9378.4,7189.16,2189.23,Paid
B105486,A105486,2025-12-05,2092.77,16534.74,11738.32,7052.93,4685.39,Partially Paid
B105487,A105487,2025-08-03,1755.2,21387.19,17121.22,15036.29,2084.93,Paid
B105488,A105488,2025-05-03,6688.05,14842.08,21731.38,13384.01,8347.37,Partially Paid
B105489,A105489,2024-08-29,5022.64,1833.86,8718.42,5322.93,3395.48,Pending
B105490,A105490,2025-12-01,16468.37,9843.2,24437.87,16576.41,7861.46,Paid
B105491,A105491,2024-08-11,2483.88,3645.31,4290.69,2920.55,1370.14,Paid
B105492,A105492,2024-04-11,105918.64,13314.32,111184.92,64310.49,46874.42,Paid
B105493,A105493,2025-07-14,1619.03,9875.32,14216.6,8307.66,5908.94,Paid
B105494,A105494,2024-10-04,41469.98,21586.75,57048.79,50793.02,6255.77,Paid
B105495,A105495,2025-02-06,1438.46,11891.5,7623.53,4510.45,3113.08,Paid
B105496,A105496,2025-06-02,6966.92,7367.11,11613.58,10288.06,1325.52,Pending
B105497,A105497,2025-03-17,29689.21,16410.68,78714.8,0.0,78714.8,Paid
B105498,A105498,2025-06-12,77193.84,7472.38,103051.0,64535.82,38515.18,Partially Paid
B105499,A105499,2024-12-16,6863.48,12978.89,20085.53,0.0,20085.53,Paid
B105500,A105500,2025-07-18,15142.37,21774.59,63987.69,40367.1,23620.59,Paid
B105501,A105501,2025-04-03,3610.95,31547.38,14206.76,8977.66,5229.1,Paid
B105502,A105502,2024-02-13,1342.6,3513.02,6944.75,0.0,6944.75,Paid
B105503,A105503,2025-12-21,2265.31,19695.39,14280.51,0.0,14280.51,Paid
B105504,A105504,2024-04-08,5884.11,14433.49,26535.57,22469.66,4065.91,Partially Paid
B105505,A105505,2025-05-02,751.65,3212.02,3431.09,2519.79,911.3,Pending
B105506,A105506,2025-06-02,9479.56,3835.47,12625.03,0.0,12625.03,Pending
B105507,A105507,2025-07-22,18775.64,16454.51,29498.45,16580.88,12917.57,Partially Paid
B105508,A105508,2024-06-01,7057.12,12284.49,17595.62,13330.31,4265.3,Paid
B105509,A105509,2025-12-25,2577.69,14186.62,36893.3,0.0,36893.3,Paid
B105510,A105510,2025-05-14,11979.31,2939.27,14460.29,10514.82,3945.46,Partially Paid
B105511,A105511,2025-01-15,16770.22,44813.39,40044.45,29617.86,10426.59,Pending
B105512,A105512,2025-12-07,2299.14,21639.45,32562.55,0.0,32562.55,Paid
B105513,A105513,2025-05-05,4893.43,10229.02,29877.96,23298.1,6579.86,Paid
B105514,A105514,2025-10-29,111560.58,12622.93,116027.76,0.0,116027.76,Partially Paid
B105515,A105515,2025-01-23,2871.18,24866.22,29596.24,23676.64,5919.6,Paid
B105516,A105516,2025-09-23,22054.8,5260.64,33583.4,19890.46,13692.95,Paid
B105517,A105517,2025-10-27,3405.8,12459.26,25810.87,16279.24,9531.63,Partially Paid
B105518,A105518,2024-07-13,14663.94,13135.89,18389.86,0.0,18389.86,Paid
B105519,A105519,2024-08-16,1068.09,22009.66,34189.95,30374.47,3815.48,Paid
B105520,A105520,2024-02-17,1648.61,3224.28,3174.34,2654.87,519.48,Paid
B105521,A105521,2024-05-12,2720.1,11730.67,25320.49,17880.39,7440.1,Paid
B105522,A105522,2026-01-03,10786.16,24534.79,19192.85,0.0,19192.85,Paid
B105523,A105523,2024-01-12,7489.73,15309.42,15739.45,0.0,15739.45,Partially Paid
B105524,A105524,2025-11-28,2214.94,6187.55,5677.24,4728.85,948.39,Paid
B105525,A105525,2024-04-28,2192.91,9505.96,11803.95,10459.96,1343.98,Paid
B105526,A105526,2025-07-21,768.29,4954.17,14728.38,10211.7,4516.68,Paid
B105527,A105527,2025-01-03,3403.36,4282.71,7894.71,0.0,7894.71,Paid
B105528,A105528,2024-02-16,86064.42,3989.14,88603.86,0.0,88603.86,Paid
B105529,A105529,2025-01-28,6972.24,3237.39,10488.09,9136.37,1351.73,Paid
B105530,A105530,2024-01-30,43409.14,26902.58,72819.67,57878.01,14941.66,Partially Paid
B105531,A105531,2024-05-11,4256.22,3207.84,6081.72,4881.89,1199.84,Paid
B105532,A105532,2024-05-16,5821.75,15798.3,31838.41,25017.43,6820.98,Paid
B105533,A105533,2025-03-24,2847.12,12855.99,10657.02,8548.22,2108.8,Pending
B105534,A105534,2024-11-11,17261.47,13311.41,26513.78,15991.54,10522.25,Paid
B105535,A105535,2025-12-10,14014.67,6507.91,19424.18,15282.86,4141.33,Paid
B105536,A105536,2025-03-18,52738.89,33431.17,78589.6,54035.57,24554.03,Pending
B105537,A105537,2025-04-18,102957.29,2933.1,106868.55,71313.36,35555.19,Pending
B105538,A105538,2024-02-18,1903.16,1302.58,6041.83,3871.52,2170.31,Paid
B105539,A105539,2024-03-23,23497.83,1557.92,25864.0,22050.37,3813.63,Partially Paid
B105540,A105540,2024-04-20,36812.72,6100.79,43887.42,35486.49,8400.93,Partially Paid
B105541,A105541,2024-09-23,5921.66,6930.51,18349.96,11998.11,6351.85,Paid
B105542,A105542,2024-02-07,3043.28,10833.38,29231.47,17194.62,12036.85,Paid
B105543,A105543,2024-12-26,15125.48,4944.29,20174.04,0.0,20174.04,Paid
B105544,A105544,2025-07-27,2112.47,22411.84,25409.66,19453.16,5956.5,Pending
B105545,A105545,2025-05-01,6591.78,18921.75,28914.5,16004.75,12909.75,Paid
B105546,A105546,2024-07-17,15196.13,18921.98,52522.36,0.0,52522.36,Paid
B105547,A105547,2024-01-07,5938.6,5547.52,11110.59,6513.64,4596.95,Paid
B105548,A105548,2024-10-14,1279.6,7460.83,3733.98,3123.52,610.46,Partially Paid
B105549,A105549,2025-10-20,1968.37,8720.37,10426.95,8183.54,2243.41,Paid
B105550,A105550,2025-01-31,3822.25,12039.8,14634.13,0.0,14634.13,Pending
B105551,A105551,2025-04-03,2778.11,8678.27,16696.08,10486.88,6209.19,Pending
B105552,A105552,2025-12-12,2263.5,9615.98,13310.7,9106.75,4203.96,Paid
B105553,A105553,2025-03-04,51698.1,10762.79,55732.31,48108.16,7624.15,Pending
B105554,A105554,2024-02-01,6760.59,18358.64,15034.57,8624.31,6410.25,Paid
B105555,A105555,2024-05-09,5153.43,4314.92,13095.15,0.0,13095.15,Paid
B105556,A105556,2024-05-17,56214.24,5478.59,67668.64,38989.96,28678.68,Paid
B105557,A105557,2025-06-20,1384.57,3296.04,9657.26,0.0,9657.26,Paid
B105558,A105558,2024-12-01,1243.79,18722.37,14797.73,9171.77,5625.96,Paid
B105559,A105559,2025-09-26,1351.31,18979.4,28251.95,16984.86,11267.09,Paid
B105560,A105560,2025-02-02,7563.06,26824.08,38596.35,33816.77,4779.59,Partially Paid
B105561,A105561,2024-01-18,4181.16,41524.46,28182.15,17912.7,10269.45,Paid
B105562,A105562,2025-09-11,1373.25,26369.65,11270.54,9452.79,1817.75,Paid
B105563,A105563,2024-09-19,33427.73,2796.16,39080.77,25876.49,13204.28,Paid
B105564,A105564,2024-07-19,10047.26,6175.74,18911.86,11381.96,7529.9,Paid
B105565,A105565,2025-08-30,5730.14,24718.27,29802.56,20781.48,9021.07,Partially Paid
B105566,A105566,2025-01-27,8765.57,15380.14,25283.96,0.0,25283.96,Paid
B105567,A105567,2025-04-23,51913.27,22429.73,67335.79,0.0,67335.79,Paid
B105568,A105568,2024-07-03,4788.26,13012.21,30799.19,18667.64,12131.55,Partially Paid
B105569,A105569,2025-03-28,5187.09,8106.32,10651.15,7947.8,2703.35,Paid
B105570,A105570,2024-09-04,1220.2,15931.4,22311.75,14114.82,8196.93,Paid
B105571,A105571,2025-06-09,1629.54,8693.7,5378.98,4685.36,693.62,Paid
B105572,A105572,2024-07-04,1931.79,6717.31,6638.0,4157.1,2480.89,Partially Paid
B105573,A105573,2024-12-26,2289.68,11353.03,10210.94,7286.8,2924.14,Paid
B105574,A105574,2025-01-15,9739.11,19815.24,29036.9,0.0,29036.9,Paid
B105575,A105575,2025-12-06,22125.27,5888.2,27027.56,0.0,27027.56,Partially Paid
B105576,A105576,2025-12-31,9972.63,6626.11,21175.21,12844.63,8330.58,Paid
B105577,A105577,2025-06-26,2835.82,12264.24,17183.54,0.0,17183.54,Paid
B105578,A105578,2024-03-26,7593.66,8620.46,13396.77,10293.18,3103.59,Paid
B105579,A105579,2024-12-26,38066.14,13295.68,51351.66,28963.06,22388.59,Paid
B105580,A105580,2024-07-09,3722.91,8665.36,14839.86,9099.79,5740.07,Paid
B105581,A105581,2024-10-21,1292.18,30540.55,30635.16,26161.17,4473.99,Partially Paid
B105582,A105582,2024-03-06,6941.59,9541.3,14768.41,9707.51,5060.9,Partially Paid
B105583,A105583,2025-05-26,97866.92,13925.02,112523.26,70121.24,42402.02,Pending
B105584,A105584,2025-04-11,21071.04,16330.01,40274.74,0.0,40274.74,Paid
B105585,A105585,2024-01-31,24933.48,3240.41,29267.78,20159.31,9108.47,Paid
B105586,A105586,2024-02-04,9796.7,9288.61,19896.32,14312.32,5584.0,Paid
B105587,A105587,2024-10-20,9777.56,2733.48,11208.88,8930.79,2278.09,Paid
B105588,A105588,2024-06-27,2751.99,12672.57,10407.15,9031.5,1375.65,Paid
B105589,A105589,2025-09-09,1997.77,8169.39,18331.99,0.0,18331.99,Paid
B105590,A105590,2024-05-09,556.4,2936.08,6115.9,0.0,6115.9,Paid
B105591,A105591,2024-03-31,1198.3,12982.08,9672.46,8584.04,1088.42,Paid
B105592,A105592,2024-11-20,47819.42,23604.57,75136.03,0.0,75136.03,Paid
B105593,A105593,2024-01-31,3917.2,5908.38,9719.36,8415.12,1304.24,Paid
B105594,A105594,2024-05-15,9383.4,22791.19,58498.49,50347.77,8150.72,Paid
B105595,A105595,2024-09-19,1332.22,18415.82,31865.26,23223.72,8641.53,Paid
B105596,A105596,2025-08-02,1920.76,16702.13,27140.75,16906.93,10233.83,Paid
B105597,A105597,2025-02-13,24677.95,19770.67,50749.56,34518.9,16230.67,Paid
B105598,A105598,2025-11-17,2116.69,14107.95,11856.35,7248.52,4607.83,Paid
B105599,A105599,2025-03-22,7827.21,13919.35,21381.49,12947.13,8434.35,Paid
B105600,A105600,2024-10-10,2096.51,17457.75,47137.05,40689.94,6447.1,Paid
B105601,A105601,2024-04-25,50625.2,4182.87,54730.52,32798.82,21931.7,Paid
B105602,A105602,2025-12-07,4980.82,3697.42,6818.12,6076.34,741.78,Paid
B105603,A105603,2025-01-30,2121.96,7681.5,11005.08,7123.65,3881.43,Paid
B105604,A105604,2024-01-25,3855.03,15778.03,11197.73,7956.07,3241.66,Pending
B105605,A105605,2025-08-30,13665.09,6602.06,20363.11,0.0,20363.11,Paid
B105606,A105606,2025-12-31,8716.81,3410.73,16279.25,11080.52,5198.73,Paid
B105607,A105607,2025-04-16,2195.26,13272.7,17901.97,13599.75,4302.21,Pending
B105608,A105608,2025-11-25,2677.77,10000.04,18294.16,15927.11,2367.06,Paid
B105609,A105609,2024-07-14,728.13,21940.13,8911.25,7840.34,1070.91,Paid
B105610,A105610,2025-05-09,112235.3,6301.16,120422.12,68474.83,51947.28,Paid
B105611,A105611,2024-06-13,4802.91,5811.93,10322.78,7599.01,2723.78,Paid
B105612,A105612,2025-09-05,8748.56,5337.89,11392.04,0.0,11392.04,Partially Paid
B105613,A105613,2025-12-03,17488.53,4863.21,30516.18,18334.64,12181.54,Partially Paid
B105614,A105614,2024-10-28,2285.92,12551.07,17090.59,14310.14,2780.45,Partially Paid
B105615,A105615,2025-08-07,64233.17,19595.65,85301.51,56652.64,28648.87,Pending
B105616,A105616,2024-03-16,10951.32,9557.31,23488.39,21013.04,2475.36,Partially Paid
B105617,A105617,2025-12-09,5844.9,24995.54,17653.21,14638.97,3014.24,Paid
B105618,A105618,2025-07-17,1523.61,3933.51,5535.78,4104.47,1431.31,Paid
B105619,A105619,2024-11-06,1747.5,4349.59,6728.85,3784.66,2944.19,Partially Paid
B105620,A105620,2024-11-05,73551.77,24298.78,108493.24,62414.67,46078.57,Paid
B105621,A105621,2024-11-06,2005.17,5209.57,9620.06,7329.11,2290.96,Paid
B105622,A105622,2024-05-09,2336.9,12188.58,11779.86,9942.44,1837.42,Pending
B105623,A105623,2025-10-31,22476.82,3854.9,24659.04,0.0,24659.04,Paid
B105624,A105624,2024-09-18,42157.84,2030.74,43421.59,37140.1,6281.49,Paid
B105625,A105625,2024-07-18,1525.45,16153.92,10680.02,7375.83,3304.2,Pending
B105626,A105626,2024-12-18,3083.58,6381.69,9507.73,0.0,9507.73,Paid
B105627,A105627,2025-05-04,9081.46,4342.42,10838.43,9338.76,1499.67,Paid
B105628,A105628,2024-07-22,9983.33,11940.41,26889.9,20704.83,6185.06,Paid
B105629,A105629,2025-05-25,7073.27,8190.27,17734.84,15331.96,2402.89,Pending
B105630,A105630,2025-08-09,93393.39,16152.31,117691.35,0.0,117691.35,Paid
B105631,A105631,2025-03-28,92020.52,13109.96,110751.46,64906.13,45845.33,Paid
B105632,A105632,2024-03-25,50861.15,10681.6,69736.7,56412.33,13324.37,Paid
B105633,A105633,2025-12-01,12173.11,13109.1,17628.82,13663.42,3965.4,Paid
B105634,A105634,2025-09-12,24238.55,17496.14,34891.51,27490.07,7401.44,Paid
B105635,A105635,2025-04-19,2361.59,10878.3,29239.26,16504.98,12734.28,Paid
B105636,A105636,2025-03-18,3569.71,1403.38,5716.0,0.0,5716.0,Paid
B105637,A105637,2025-10-18,5424.33,6530.31,13035.19,11722.23,1312.96,Paid
B105638,A105638,2024-10-05,1739.68,26125.31,15229.43,12465.28,2764.15,Partially Paid
B105639,A105639,2024-12-12,1952.32,9867.58,7753.32,5534.45,2218.87,Partially Paid
B105640,A105640,2024-05-08,1246.17,10932.07,13904.0,0.0,13904.0,Paid
B105641,A105641,2024-08-11,7375.85,2428.17,9055.22,7620.43,1434.8,Paid
B105642,A105642,2025-05-11,4997.9,13390.67,25216.79,21897.24,3319.56,Paid
B105643,A105643,2025-11-18,55010.96,6544.72,62378.75,0.0,62378.75,Paid
B105644,A105644,2025-12-11,2745.2,25044.96,34735.94,25719.29,9016.64,Partially Paid
B105645,A105645,2025-10-15,4938.77,4724.33,8447.69,7338.43,1109.26,Paid
B105646,A105646,2024-11-02,63832.79,27865.95,105586.75,87240.0,18346.75,Paid
B105647,A105647,2024-05-01,2721.18,3634.44,9880.03,5690.56,4189.47,Paid
B105648,A105648,2024-03-21,8859.11,14722.56,22249.22,13038.36,9210.86,Paid
B105649,A105649,2025-09-20,1300.67,31648.2,26278.16,21192.95,5085.22,Pending
B105650,A105650,2025-09-23,6755.95,1656.14,8447.73,7161.95,1285.78,Paid
B105651,A105651,2024-09-17,5666.26,12891.27,17598.38,12407.56,5190.82,Paid
B105652,A105652,2025-06-25,2687.44,29245.25,40735.28,33302.37,7432.9,Paid
B105653,A105653,2025-09-25,9028.51,11943.67,17310.41,14042.63,3267.78,Paid
B105654,A105654,2024-12-22,4976.46,12975.16,18464.74,13213.04,5251.7,Paid
B105655,A105655,2025-10-12,21361.77,6564.88,27041.66,18699.62,8342.04,Paid
B105656,A105656,2024-10-09,2854.02,12736.52,23009.92,13256.03,9753.89,Paid
B105657,A105657,2024-09-12,11889.48,3890.43,15400.58,13753.36,1647.22,Paid
B105658,A105658,2024-09-26,33728.89,25388.03,49595.21,30823.35,18771.86,Paid
B105659,A105659,2025-11-12,2367.29,12723.63,6230.15,3752.01,2478.14,Paid
B105660,A105660,2025-11-11,35189.74,15204.1,49401.68,28569.0,20832.68,Paid
B105661,A105661,2024-01-31,11015.53,8703.64,15526.27,11313.22,4213.06,Paid
B105662,A105662,2025-04-16,1216.56,19302.97,21717.29,0.0,21717.29,Paid
B105663,A105663,2024-02-07,1496.29,12407.99,9270.71,7946.69,1324.01,Paid
B105664,A105664,2024-10-23,10021.43,6814.84,21499.16,13341.11,8158.05,Paid
B105665,A105665,2025-08-30,2331.0,20152.06,16801.65,14634.28,2167.37,Paid
B105666,A105666,2024-07-23,5021.72,3671.96,9869.27,0.0,9869.27,Paid
B105667,A105667,2024-03-16,24185.8,17888.24,53917.47,0.0,53917.47,Paid
B105668,A105668,2024-05-16,5902.32,18467.14,23784.85,17875.07,5909.78,Paid
B105669,A105669,2024-04-25,1838.15,13539.38,12067.83,0.0,12067.83,Paid
B105670,A105670,2025-06-09,2284.04,8291.61,10224.7,6111.01,4113.69,Paid
B105671,A105671,2024-10-20,75445.68,11075.52,95118.29,69483.6,25634.69,Pending
B105672,A105672,2025-11-18,49540.47,3315.59,52834.16,32589.32,20244.84,Paid
B105673,A105673,2025-11-03,8850.15,17300.48,35355.59,0.0,35355.59,Partially Paid
B105674,A105674,2024-02-15,7090.7,6577.96,16932.6,9625.25,7307.35,Paid
B105675,A105675,2025-12-19,2169.23,3094.1,6272.87,4483.2,1789.67,Paid
B105676,A105676,2025-11-16,2522.58,7080.45,4990.74,3042.55,1948.19,Paid
B105677,A105677,2024-11-03,2506.3,36399.94,55742.71,32920.25,22822.46,Paid
B105678,A105678,2024-10-18,6867.74,27751.76,37382.97,21653.67,15729.3,Paid
B105679,A105679,2025-07-19,919.03,7506.39,8067.14,0.0,8067.14,Paid
B105680,A105680,2025-10-02,106413.22,36945.83,161381.03,0.0,161381.03,Partially Paid
B105681,A105681,2024-01-21,99819.72,4092.58,107920.67,81347.23,26573.44,Paid
B105682,A105682,2025-05-27,381.15,22909.9,12589.07,7270.81,5318.27,Pending
B105683,A105683,2025-07-06,76687.63,9020.49,90953.69,65691.92,25261.77,Paid
B105684,A105684,2024-02-24,1876.38,18021.87,27231.48,0.0,27231.48,Paid
B105685,A105685,2024-08-09,55305.5,11342.01,63256.08,37924.49,25331.58,Paid
B105686,A105686,2025-09-17,5906.53,6993.08,19113.12,0.0,19113.12,Paid
B105687,A105687,2024-07-11,20430.19,14478.7,30871.91,20744.38,10127.54,Paid
B105688,A105688,2024-02-04,18035.3,15138.78,32272.1,21411.01,10861.09,Pending
B105689,A105689,2024-09-16,4389.16,1278.6,7549.84,6720.6,829.25,Paid
B105690,A105690,2025-11-11,1666.25,21938.83,27827.37,22651.51,5175.86,Partially Paid
B105691,A105691,2024-12-14,40125.07,10360.57,61362.84,46554.08,14808.77,Pending
B105692,A105692,2024-11-07,5232.5,14834.44,17441.08,10792.95,6648.12,Paid
B105693,A105693,2024-03-14,15938.05,7747.67,22029.71,16931.83,5097.88,Paid
B105694,A105694,2024-11-05,2066.84,3826.21,9518.94,7879.53,1639.41,Paid
B105695,A105695,2025-07-27,1327.24,18376.5,23143.82,0.0,23143.82,Partially Paid
B105696,A105696,2024-04-14,4955.4,19851.52,20503.19,17490.45,3012.74,Partially Paid
B105697,A105697,2024-01-28,2158.44,12360.44,29552.69,0.0,29552.69,Paid
B105698,A105698,2025-09-18,843.42,20165.54,14758.22,0.0,14758.22,Paid
B105699,A105699,2025-07-25,91501.9,26084.25,117716.62,84559.95,33156.67,Paid
B105700,A105700,2024-01-09,58956.52,4244.84,70327.15,50354.35,19972.8,Pending
B105701,A105701,2024-08-20,8815.95,8050.43,12432.02,8954.97,3477.05,Pending
B105702,A105702,2024-03-29,1588.37,16526.29,12028.84,10563.27,1465.57,Paid
B105703,A105703,2024-08-05,3964.98,4391.89,7149.57,4928.77,2220.79,Paid
B105704,A105704,2024-12-14,51436.95,54808.17,104025.02,86864.1,17160.93,Paid
B105705,A105705,2025-07-20,2187.26,29611.7,36542.4,26192.27,10350.13,Pending
B105706,A105706,2025-11-25,5894.84,8609.22,23155.96,16265.04,6890.92,Paid
B105707,A105707,2025-08-19,5365.33,8563.79,15728.56,13846.32,1882.24,Pending
B105708,A105708,2025-12-08,118116.21,9319.84,128640.18,84213.57,44426.62,Paid
B105709,A105709,2025-10-22,3965.9,22967.1,17439.86,11425.0,6014.86,Paid
B105710,A105710,2025-07-13,7084.55,16046.17,25242.48,21339.62,3902.86,Paid
B105711,A105711,2025-04-04,2091.3,3448.9,5590.55,3948.44,1642.11,Paid
B105712,A105712,2024-04-03,6626.72,18763.31,37748.85,28821.63,8927.22,Pending
B105713,A105713,2025-06-03,10577.4,18662.21,27887.75,0.0,27887.75,Paid
B105714,A105714,2025-12-24,9099.32,1739.14,12211.42,8954.65,3256.77,Paid
B105715,A105715,2025-05-30,3026.97,6631.83,10702.89,7925.28,2777.61,Paid
B105716,A105716,2025-08-13,1896.21,6642.03,11816.45,0.0,11816.45,Paid
B105717,A105717,2025-04-24,3779.96,6180.45,9032.54,5236.38,3796.16,Paid
B105718,A105718,2025-05-14,9294.8,4790.5,14950.47,0.0,14950.47,Paid
B105719,A105719,2025-03-25,105621.29,3790.21,108249.66,75452.92,32796.74,Paid
B105720,A105720,2025-08-20,1415.92,21197.97,42275.48,27632.73,14642.75,Pending
B105721,A105721,2024-09-17,1519.54,3196.07,2777.03,0.0,2777.03,Paid
B105722,A105722,2025-06-23,3742.64,8951.39,12913.33,9557.79,3355.54,Paid
B105723,A105723,2024-07-20,3921.2,7111.35,11892.61,7318.31,4574.31,Paid
B105724,A105724,2025-04-13,52804.29,21658.41,68635.19,45082.47,23552.71,Pending
B105725,A105725,2024-04-09,9700.65,25259.84,34140.74,27043.13,7097.61,Paid
B105726,A105726,2024-12-24,4332.31,22036.63,26555.42,0.0,26555.42,Paid
B105727,A105727,2024-04-22,38112.85,17671.88,48686.22,34810.84,13875.39,Paid
B105728,A105728,2024-12-25,4120.31,21913.28,13690.18,11716.42,1973.76,Paid
B105729,A105729,2025-04-17,19174.35,14221.0,24556.15,13724.5,10831.65,Paid
B105730,A105730,2024-04-09,2995.59,22299.97,20606.34,17383.46,3222.87,Paid
B105731,A105731,2024-04-02,5004.51,6265.59,11699.77,9977.26,1722.51,Paid
B105732,A105732,2024-02-19,5527.35,26738.15,28228.77,22643.93,5584.84,Paid
B105733,A105733,2025-04-02,2012.14,3595.53,10720.2,8157.67,2562.53,Paid
B105734,A105734,2025-01-26,2494.62,25964.52,20770.17,14782.11,5988.06,Partially Paid
B105735,A105735,2024-01-27,1535.99,9502.17,9535.5,7469.57,2065.93,Paid
B105736,A105736,2025-12-07,2075.66,15946.02,12654.07,10532.07,2122.0,Paid
B105737,A105737,2024-01-28,19119.3,6889.88,34278.02,21656.9,12621.12,Paid
B105738,A105738,2024-08-28,1573.77,15713.15,20724.48,17997.49,2726.98,Paid
B105739,A105739,2025-12-02,5812.66,5061.92,11794.61,7664.72,4129.89,Paid
B105740,A105740,2024-11-10,10189.27,11231.58,17884.84,9921.68,7963.16,Paid
B105741,A105741,2025-02-23,1669.84,8710.14,10769.88,8521.14,2248.74,Paid
B105742,A105742,2024-11-30,1174.76,5668.48,10006.94,8716.46,1290.48,Paid
B105743,A105743,2025-07-30,2481.17,8418.82,9922.84,8470.33,1452.52,Paid
B105744,A105744,2024-04-13,1016.99,2615.68,5460.79,3367.18,2093.6,Paid
B105745,A105745,2025-05-22,1128.94,15161.9,29764.64,26292.57,3472.07,Paid
B105746,A105746,2025-05-04,11119.11,27892.59,42326.04,37210.56,5115.48,Pending
B105747,A105747,2024-07-09,81664.73,8545.27,85712.52,66725.9,18986.62,Partially Paid
B105748,A105748,2025-04-05,1758.82,1889.03,5979.48,3823.6,2155.88,Pending
B105749,A105749,2024-07-11,9310.46,7877.3,22935.97,15973.87,6962.1,Paid
B105750,A105750,2024-12-20,1376.51,6665.83,14070.55,0.0,14070.55,Paid
B105751,A105751,2025-08-10,4799.94,26246.91,29406.34,21597.61,7808.73,Paid
B105752,A105752,2024-04-27,2062.46,16583.53,14376.05,10823.06,3552.99,Paid
B105753,A105753,2024-04-21,2197.38,30880.09,21310.29,13630.45,7679.84,Paid
B105754,A105754,2025-09-12,10164.28,2510.86,14049.02,0.0,14049.02,Paid
B105755,A105755,2025-05-25,23794.01,5271.39,31072.06,0.0,31072.06,Pending
B105756,A105756,2024-12-22,2875.17,52036.79,34328.09,20356.41,13971.68,Partially Paid
B105757,A105757,2024-01-22,3677.38,2178.95,7479.98,4964.51,2515.46,Partially Paid
B105758,A105758,2025-01-25,3986.51,16889.5,21643.98,0.0,21643.98,Paid
B105759,A105759,2024-07-30,10556.43,10706.09,17264.61,13856.99,3407.62,Paid
B105760,A105760,2025-11-17,5206.77,21170.55,27372.13,20445.81,6926.32,Paid
B105761,A105761,2025-04-30,3483.42,10295.3,15874.63,8807.71,7066.92,Partially Paid
B105762,A105762,2025-04-25,4911.1,14215.36,19740.89,0.0,19740.89,Paid
B105763,A105763,2025-12-18,7313.93,32526.48,28072.66,22942.08,5130.58,Paid
B105764,A105764,2025-02-04,397.77,13441.17,31608.22,0.0,31608.22,Paid
B105765,A105765,2025-09-30,527.87,7712.18,6205.96,0.0,6205.96,Pending
B105766,A105766,2025-12-09,11461.8,47041.86,100438.26,64450.05,35988.21,Paid
B105767,A105767,2025-06-05,3560.77,10137.18,14824.78,12351.32,2473.46,Paid
B105768,A105768,2024-07-09,950.07,6624.37,4784.2,4042.52,741.68,Paid
B105769,A105769,2024-12-12,52427.35,1514.64,55821.06,0.0,55821.06,Partially Paid
B105770,A105770,2024-12-23,15479.77,8153.82,33959.19,19628.83,14330.36,Paid
B105771,A105771,2025-06-30,3938.74,10188.26,29180.98,21769.16,7411.82,Paid
B105772,A105772,2025-08-22,32132.36,3805.21,35439.46,26357.93,9081.53,Paid
B105773,A105773,2024-02-21,8592.45,10562.66,17655.64,14683.62,2972.02,Paid
B105774,A105774,2024-04-06,14987.77,64274.77,87188.28,0.0,87188.28,Paid
B105775,A105775,2024-12-11,1692.82,5673.8,9163.09,7282.35,1880.74,Paid
B105776,A105776,2024-07-12,4786.36,12320.2,14608.58,12348.18,2260.4,Paid
B105777,A105777,2025-07-06,842.41,14572.53,13993.18,10280.71,3712.48,Partially Paid
B105778,A105778,2025-11-13,2078.66,7536.7,9808.44,0.0,9808.44,Paid
B105779,A105779,2024-02-17,1563.93,45932.83,26396.02,0.0,26396.02,Paid
B105780,A105780,2025-03-06,63641.27,16832.87,84353.2,55657.26,28695.94,Paid
B105781,A105781,2024-12-20,3739.85,13093.99,17704.75,15284.56,2420.19,Paid
B105782,A105782,2024-07-07,2480.36,3161.46,4228.39,3357.74,870.64,Paid
B105783,A105783,2025-06-11,3151.87,4180.74,4612.08,3609.89,1002.19,Paid
B105784,A105784,2024-12-02,3651.39,13263.12,7255.56,4171.04,3084.52,Pending
B105785,A105785,2025-05-03,4402.9,13542.53,12746.65,9745.33,3001.32,Paid
B105786,A105786,2024-08-07,3434.99,11567.73,20258.77,17237.67,3021.1,Paid
B105787,A105787,2024-06-12,957.45,9847.13,18438.77,11377.4,7061.37,Paid
B105788,A105788,2025-11-03,1819.78,22110.82,10302.12,0.0,10302.12,Paid
B105789,A105789,2024-09-02,5997.76,21359.33,28439.27,25349.33,3089.94,Paid
B105790,A105790,2024-11-05,15288.73,22084.01,36271.64,26880.06,9391.58,Paid
B105791,A105791,2025-04-12,2487.1,22115.71,27866.96,0.0,27866.96,Paid
B105792,A105792,2024-02-24,1237.81,28519.51,20469.0,13677.45,6791.56,Partially Paid
B105793,A105793,2025-05-12,7915.75,13179.9,18472.46,11905.56,6566.91,Partially Paid
B105794,A105794,2024-06-29,5436.61,8910.2,17254.97,9809.39,7445.58,Paid
B105795,A105795,2024-12-16,1863.37,20501.27,24232.91,15083.97,9148.94,Paid
B105796,A105796,2024-03-06,5632.72,30986.96,23556.08,18241.19,5314.88,Pending
B105797,A105797,2025-07-23,2322.34,12586.86,11750.82,7742.18,4008.64,Paid
B105798,A105798,2024-12-09,1193.45,4592.1,6142.5,0.0,6142.5,Pending
B105799,A105799,2024-04-20,7206.83,6429.95,15706.03,9124.82,6581.2,Paid
B105800,A105800,2025-12-12,5324.84,4392.47,10561.05,8996.01,1565.04,Paid
B105801,A105801,2024-08-03,9161.24,3593.11,16931.34,12183.09,4748.25,Pending
B105802,A105802,2025-05-17,4081.47,8725.05,20159.4,13801.66,6357.75,Paid
B105803,A105803,2025-02-10,6062.02,18882.04,46381.12,28647.87,17733.25,Paid
B105804,A105804,2025-07-05,3605.46,5991.52,6248.02,4487.97,1760.05,Paid
B105805,A105805,2025-05-14,1236.21,7014.42,6617.62,5766.26,851.36,Paid
B105806,A105806,2024-06-29,2480.23,21596.4,28952.46,0.0,28952.46,Paid
B105807,A105807,2024-04-17,1392.33,7573.95,10949.84,6287.21,4662.63,Paid
B105808,A105808,2025-07-19,103668.22,34039.39,157729.95,128787.43,28942.52,Paid
B105809,A105809,2025-04-26,28776.04,3795.08,40046.49,25251.63,14794.86,Partially Paid
B105810,A105810,2025-02-06,3927.15,13162.31,11574.97,9249.43,2325.54,Partially Paid
B105811,A105811,2025-03-10,4674.45,3398.96,7009.44,5676.06,1333.38,Pending
B105812,A105812,2025-10-23,1946.94,70452.04,63282.37,52651.37,10631.0,Paid
B105813,A105813,2025-12-03,56289.0,36767.56,96759.98,60580.03,36179.95,Pending
B105814,A105814,2024-07-19,932.81,24447.27,21465.14,0.0,21465.14,Pending
B105815,A105815,2025-04-12,417.79,5321.4,7374.05,4892.32,2481.73,Paid
B105816,A105816,2024-12-20,1991.15,28580.43,36607.09,28904.87,7702.22,Paid
B105817,A105817,2024-03-09,44151.66,29244.17,59363.49,52366.26,6997.23,Partially Paid
B105818,A105818,2025-06-25,45477.34,17910.15,56112.76,44056.75,12056.01,Paid
B105819,A105819,2025-04-28,2162.7,12473.98,12522.77,0.0,12522.77,Pending
B105820,A105820,2024-05-02,1287.73,57309.24,48938.14,37583.05,11355.1,Paid
B105821,A105821,2025-06-20,7683.37,8868.3,16483.39,14619.21,1864.18,Paid
B105822,A105822,2025-08-16,812.67,4874.31,4831.92,3882.12,949.8,Pending
B105823,A105823,2025-12-19,2317.16,22346.51,30016.5,20101.11,9915.39,Partially Paid
B105824,A105824,2024-11-21,1929.74,14315.28,9381.19,7394.13,1987.07,Paid
B105825,A105825,2025-07-22,3456.52,75427.48,72143.68,44107.15,28036.53,Paid
B105826,A105826,2024-01-19,4978.23,8707.03,11618.75,8081.0,3537.75,Pending
B105827,A105827,2025-04-01,2679.39,3679.04,6104.68,0.0,6104.68,Paid
B105828,A105828,2024-08-12,16001.72,13753.88,21363.14,0.0,21363.14,Paid
B105829,A105829,2025-01-31,106025.69,21089.9,116750.39,99296.92,17453.47,Pending
B105830,A105830,2025-11-09,1362.94,3032.94,4223.49,0.0,4223.49,Paid
B105831,A105831,2024-06-25,9416.55,8248.48,27256.9,23000.4,4256.5,Paid
B105832,A105832,2025-10-25,1198.83,4755.77,7808.95,4506.6,3302.35,Paid
B105833,A105833,2025-11-19,1148.47,18018.3,7204.96,6073.07,1131.89,Paid
B105834,A105834,2024-04-02,4391.17,16898.28,49515.85,31016.56,18499.29,Paid
B105835,A105835,2024-12-06,108721.79,7079.82,120341.62,98271.25,22070.37,Paid
B105836,A105836,2024-08-18,2129.62,22228.25,28973.22,20848.97,8124.25,Paid
B105837,A105837,2024-02-08,1506.95,12342.72,14311.18,9106.95,5204.23,Paid
B105838,A105838,2024-07-11,7604.06,8264.29,28872.38,23825.14,5047.24,Paid
B105839,A105839,2024-08-16,100645.86,7051.96,107452.51,0.0,107452.51,Paid
B105840,A105840,2025-10-11,10889.48,20352.36,27815.48,24937.95,2877.53,Paid
B105841,A105841,2025-05-16,59592.86,34641.22,76780.52,56039.91,20740.61,Paid
B105842,A105842,2024-11-12,10189.67,22200.12,24806.44,0.0,24806.44,Paid
B105843,A105843,2025-06-18,1066.51,44260.48,31945.05,23854.2,8090.84,Paid
B105844,A105844,2025-08-10,3750.36,28013.44,18576.63,0.0,18576.63,Paid
B105845,A105845,2025-06-25,6979.79,4538.43,12555.93,8151.63,4404.3,Paid
B105846,A105846,2025-01-07,11720.05,12336.83,26822.53,17111.86,9710.68,Paid
B105847,A105847,2025-04-29,901.18,42774.65,34239.24,27581.61,6657.63,Pending
B105848,A105848,2024-02-12,1377.76,26432.66,30414.85,21343.37,9071.48,Pending
B105849,A105849,2024-08-22,7915.29,5140.83,17351.89,12559.25,4792.64,Paid
B105850,A105850,2025-05-17,1494.84,20493.78,26652.6,19205.92,7446.68,Paid
B105851,A105851,2025-07-23,1066.44,13894.12,9413.51,7826.55,1586.96,Pending
B105852,A105852,2024-06-25,2329.1,4764.64,8032.68,5039.63,2993.05,Pending
B105853,A105853,2024-11-01,2173.31,11169.42,35840.53,23610.06,12230.47,Paid
B105854,A105854,2025-01-11,8626.85,38172.66,51976.75,37110.24,14866.51,Paid
B105855,A105855,2024-03-30,1771.75,5399.13,8878.36,5221.6,3656.76,Paid
B105856,A105856,2025-07-31,5145.83,2042.15,8964.03,5717.65,3246.38,Paid
B105857,A105857,2024-04-05,4336.56,11285.99,31268.77,0.0,31268.77,Paid
B105858,A105858,2024-02-27,1785.07,6261.32,16430.94,12102.48,4328.46,Partially Paid
B105859,A105859,2025-09-22,32398.27,1337.76,35564.42,27212.61,8351.81,Partially Paid
B105860,A105860,2024-12-28,1458.33,7252.68,4637.15,0.0,4637.15,Paid
B105861,A105861,2025-04-22,1456.25,8673.02,6953.2,0.0,6953.2,Paid
B105862,A105862,2024-08-22,2899.79,17191.63,11815.97,0.0,11815.97,Pending
B105863,A105863,2025-06-20,2206.94,11309.77,10944.1,7068.45,3875.66,Pending
B105864,A105864,2025-01-09,1939.15,5345.43,7013.1,0.0,7013.1,Partially Paid
B105865,A105865,2025-04-23,6663.19,26988.44,18858.28,16483.08,2375.2,Paid
B105866,A105866,2025-03-07,4316.03,44667.28,49513.38,37297.66,12215.72,Pending
B105867,A105867,2025-06-17,2113.44,7059.74,8808.48,6184.6,2623.88,Paid
B105868,A105868,2025-02-05,14286.39,3313.22,18275.51,15040.13,3235.37,Paid
B105869,A105869,2024-07-07,9640.83,21188.22,26234.49,15403.15,10831.34,Pending
B105870,A105870,2025-07-17,7793.67,8872.84,13784.91,10276.17,3508.75,Paid
B105871,A105871,2024-04-01,9757.55,2854.34,15511.12,10161.32,5349.81,Paid
B105872,A105872,2025-09-10,1650.6,5009.14,8977.12,6045.14,2931.98,Partially Paid
B105873,A105873,2025-12-18,7688.63,51826.12,23808.94,17638.15,6170.78,Paid
B105874,A105874,2025-01-31,22178.54,42733.55,84539.63,67764.63,16775.0,Pending
B105875,A105875,2025-01-11,6403.29,28347.95,29461.84,0.0,29461.84,Paid
B105876,A105876,2024-03-20,5600.5,14656.12,13884.51,12485.98,1398.53,Paid
B105877,A105877,2024-10-01,5359.07,14157.51,13562.55,0.0,13562.55,Paid
B105878,A105878,2024-01-19,1307.97,13447.57,16266.2,10821.64,5444.56,Paid
B105879,A105879,2024-11-29,10001.74,17603.67,21689.75,19455.09,2234.65,Paid
B105880,A105880,2025-01-31,20375.33,7063.89,33451.11,23316.0,10135.11,Paid
B105881,A105881,2025-12-16,11362.48,26741.88,30744.86,22790.54,7954.32,Paid
B105882,A105882,2025-03-10,1808.79,3443.58,3015.7,2394.21,621.49,Paid
B105883,A105883,2024-12-11,712.25,2815.62,6517.33,5434.0,1083.33,Paid
B105884,A105884,2024-07-27,5244.25,19635.17,54051.57,40125.58,13925.99,Paid
B105885,A105885,2024-02-08,5826.95,13016.05,13315.18,8489.7,4825.48,Partially Paid
B105886,A105886,2024-07-26,655.15,6434.29,5861.69,3455.01,2406.68,Paid
B105887,A105887,2025-10-16,3321.61,8943.15,19367.81,15906.36,3461.45,Paid
B105888,A105888,2024-02-29,2754.0,8399.93,10287.26,5967.37,4319.89,Partially Paid
B105889,A105889,2024-04-20,1705.26,1845.1,6193.49,3818.32,2375.17,Paid
B105890,A105890,2025-11-18,2086.03,2692.6,8020.6,4990.65,3029.96,Partially Paid
B105891,A105891,2025-05-15,12110.03,11246.01,20195.79,0.0,20195.79,Paid
B105892,A105892,2025-12-20,3301.55,3379.09,6227.07,5277.88,949.19,Paid
B105893,A105893,2024-08-17,2067.2,16132.97,11503.9,0.0,11503.9,Paid
B105894,A105894,2025-01-22,2359.88,3217.45,10666.4,6874.88,3791.52,Paid
B105895,A105895,2024-03-05,11305.32,4379.99,14129.36,11666.03,2463.32,Partially Paid
B105896,A105896,2024-12-25,3688.5,29937.38,35145.01,23939.77,11205.24,Paid
B105897,A105897,2025-04-14,2297.29,28375.5,26193.44,15186.43,11007.01,Paid
B105898,A105898,2024-11-21,7913.89,20468.14,32106.42,23444.47,8661.96,Paid
B105899,A105899,2024-12-23,15447.33,4248.21,18355.98,11828.42,6527.56,Partially Paid
B105900,A105900,2024-04-04,3084.16,5121.51,10889.9,0.0,10889.9,Paid
B105901,A105901,2025-12-02,1371.27,11082.5,31555.55,20046.6,11508.95,Pending
B105902,A105902,2024-10-28,3867.93,6430.72,7222.36,4643.94,2578.42,Paid
B105903,A105903,2026-01-02,2596.02,27437.73,34026.63,25363.41,8663.22,Paid
B105904,A105904,2025-05-13,3304.59,20875.75,21501.1,0.0,21501.1,Paid
B105905,A105905,2025-10-21,2987.64,13238.61,21562.2,12984.69,8577.51,Paid
B105906,A105906,2025-08-22,11925.52,7426.5,34297.1,28223.77,6073.33,Partially Paid
B105907,A105907,2025-01-27,1555.84,9731.48,8555.87,7505.31,1050.56,Pending
B105908,A105908,2025-09-05,7398.17,7795.1,17410.05,0.0,17410.05,Paid
B105909,A105909,2025-03-15,7082.38,9254.81,18010.75,10106.11,7904.64,Paid
B105910,A105910,2024-04-18,20828.62,18179.54,40976.99,34503.02,6473.98,Paid
B105911,A105911,2025-01-13,11263.48,2736.25,12594.15,10171.42,2422.72,Paid
B105912,A105912,2025-08-08,4931.5,10210.35,11934.01,7743.86,4190.15,Paid
B105913,A105913,2024-12-06,4302.28,5003.91,16548.06,12080.01,4468.04,Paid
B105914,A105914,2025-05-11,1088.28,13033.9,19604.44,15709.41,3895.03,Paid
B105915,A105915,2025-10-05,67899.19,8999.25,72918.4,45649.67,27268.73,Paid
B105916,A105916,2024-03-12,363.82,26631.64,21540.67,13964.7,7575.97,Paid
B105917,A105917,2025-05-28,2413.16,9629.27,9435.88,7356.73,2079.15,Paid
B105918,A105918,2025-02-05,2255.48,13891.97,45705.23,32224.76,13480.47,Partially Paid
B105919,A105919,2024-05-05,101211.56,10440.08,119600.24,68499.83,51100.42,Partially Paid
B105920,A105920,2025-04-17,2465.19,5860.15,9619.85,7092.98,2526.87,Paid
B105921,A105921,2024-11-25,1803.74,4582.98,10197.88,8697.05,1500.83,Paid
B105922,A105922,2024-01-29,8620.08,31009.26,37665.61,0.0,37665.61,Paid
B105923,A105923,2024-04-11,1901.82,6324.87,15630.91,10314.0,5316.91,Pending
B105924,A105924,2025-05-28,21111.91,3781.9,23530.07,13356.13,10173.94,Paid
B105925,A105925,2025-12-27,35472.22,46360.02,84447.82,50731.43,33716.39,Pending
B105926,A105926,2025-10-05,1057.34,6978.74,10066.73,0.0,10066.73,Paid
B105927,A105927,2024-12-18,4997.64,12058.88,11836.34,8809.01,3027.33,Paid
B105928,A105928,2024-05-15,8516.88,6309.86,23308.04,15895.47,7412.57,Paid
B105929,A105929,2025-07-06,2428.51,21130.29,24360.96,17347.41,7013.56,Paid
B105930,A105930,2025-08-23,4975.04,6367.76,10199.67,0.0,10199.67,Pending
B105931,A105931,2024-02-04,76611.28,9627.93,84671.8,0.0,84671.8,Paid
B105932,A105932,2024-09-18,5455.35,8600.52,14832.71,13031.23,1801.48,Paid
B105933,A105933,2025-04-28,11998.81,26759.73,33146.89,0.0,33146.89,Partially Paid
B105934,A105934,2024-02-09,5078.51,17960.62,20793.78,16366.68,4427.1,Paid
B105935,A105935,2025-01-26,3187.92,17953.52,19948.21,13841.06,6107.15,Pending
B105936,A105936,2025-07-20,64643.29,18536.66,81869.8,47121.47,34748.33,Paid
B105937,A105937,2025-04-04,4482.81,6836.99,11904.4,8874.06,3030.35,Paid
B105938,A105938,2025-08-21,111374.47,13895.7,120089.77,0.0,120089.77,Paid
B105939,A105939,2024-06-12,14530.72,81994.16,57514.29,0.0,57514.29,Paid
B105940,A105940,2025-08-31,5459.87,8662.05,27737.52,19789.36,7948.16,Paid
B105941,A105941,2024-08-31,1415.3,61708.33,86443.92,56424.06,30019.85,Paid
B105942,A105942,2024-08-10,1105.58,24092.03,10129.02,0.0,10129.02,Pending
B105943,A105943,2024-06-06,37075.92,6726.79,40032.17,33514.77,6517.4,Paid
B105944,A105944,2025-06-10,2478.14,13257.72,19698.53,0.0,19698.53,Paid
B105945,A105945,2024-02-07,3956.62,5921.78,9743.96,6414.0,3329.96,Pending
B105946,A105946,2025-10-02,802.62,16881.25,11811.76,9060.55,2751.21,Paid
B105947,A105947,2024-01-14,3742.72,6575.07,20568.47,17447.36,3121.11,Paid
B105948,A105948,2024-02-19,4980.97,32389.57,31123.78,25730.11,5393.67,Paid
B105949,A105949,2025-04-15,1261.38,7350.11,7207.62,0.0,7207.62,Pending
B105950,A105950,2024-07-05,25979.07,24205.16,42986.86,25725.28,17261.58,Pending
B105951,A105951,2025-10-14,2080.85,31855.74,19231.37,14759.57,4471.8,Paid
B105952,A105952,2025-05-16,19681.78,3006.44,23165.8,0.0,23165.8,Paid
B105953,A105953,2025-01-15,1515.83,10566.41,30286.44,25361.68,4924.76,Paid
B105954,A105954,2024-03-11,2246.89,7850.52,10539.57,7503.32,3036.25,Paid
B105955,A105955,2025-10-28,33435.11,1681.2,37480.85,30048.41,7432.44,Pending
B105956,A105956,2025-03-11,4703.34,43405.56,31230.68,0.0,31230.68,Paid
B105957,A105957,2025-06-02,16253.12,16220.15,30611.77,0.0,30611.77,Paid
B105958,A105958,2025-01-03,2256.02,17369.73,17828.92,0.0,17828.92,Paid
B105959,A105959,2025-03-31,19574.8,13741.42,32660.11,26798.22,5861.89,Paid
B105960,A105960,2025-06-01,303.87,2879.2,4103.3,2651.68,1451.61,Paid
B105961,A105961,2024-11-30,834.08,15846.04,21117.91,18603.85,2514.06,Paid
B105962,A105962,2025-01-05,11608.69,4182.19,13336.84,0.0,13336.84,Paid
B105963,A105963,2025-08-21,102520.93,3775.32,109706.61,84887.96,24818.65,Paid
B105964,A105964,2025-02-02,7272.41,45514.2,30184.83,25023.68,5161.15,Paid
B105965,A105965,2025-07-12,2445.6,26976.1,17530.89,13016.82,4514.07,Paid
B105966,A105966,2024-04-27,29424.39,17036.24,38224.61,21136.58,17088.03,Pending
B105967,A105967,2025-07-26,18943.18,7106.78,27046.5,23678.4,3368.09,Paid
B105968,A105968,2024-02-11,3380.26,10288.87,8559.6,6571.68,1987.93,Paid
B105969,A105969,2025-07-06,2894.86,10565.19,14142.02,12560.56,1581.46,Paid
B105970,A105970,2025-01-12,5167.06,1566.5,8128.54,5155.17,2973.37,Pending
B105971,A105971,2025-02-04,42930.44,7340.22,45357.62,31767.57,13590.05,Partially Paid
B105972,A105972,2024-07-31,1026.83,40748.25,34101.82,22988.76,11113.06,Pending
B105973,A105973,2024-07-24,4196.04,16521.81,17237.68,14140.85,3096.83,Paid
B105974,A105974,2024-04-10,4887.52,4258.99,6817.17,0.0,6817.17,Partially Paid
B105975,A105975,2025-02-03,2703.79,6541.86,7974.98,0.0,7974.98,Paid
B105976,A105976,2025-04-02,6613.33,12900.12,36440.83,0.0,36440.83,Paid
B105977,A105977,2024-05-01,7520.45,5573.89,14982.35,10666.03,4316.33,Paid
B105978,A105978,2025-02-26,914.5,3821.56,7295.16,6374.8,920.36,Paid
B105979,A105979,2024-09-09,3259.4,20453.28,29746.93,21863.91,7883.02,Paid
B105980,A105980,2025-07-02,2193.7,33923.93,22202.24,12761.28,9440.96,Paid
B105981,A105981,2024-08-15,8349.87,3778.99,10636.7,8605.38,2031.32,Paid
B105982,A105982,2025-05-20,1261.29,12793.78,16247.49,13074.56,3172.93,Paid
B105983,A105983,2024-08-03,20736.99,7613.87,26824.27,15109.29,11714.98,Paid
B105984,A105984,2025-12-04,1773.48,6556.39,18278.46,14021.61,4256.85,Partially Paid
B105985,A105985,2024-04-25,1279.09,12905.75,6010.21,5281.79,728.42,Pending
B105986,A105986,2025-01-10,4129.66,6675.68,16227.56,13668.55,2559.01,Paid
B105987,A105987,2024-10-30,2155.53,6587.23,20771.7,18337.14,2434.56,Paid
B105988,A105988,2025-11-08,1000.76,9430.53,13861.07,8208.41,5652.65,Paid
B105989,A105989,2024-01-23,1671.06,7825.54,8823.16,5504.15,3319.01,Paid
B105990,A105990,2025-11-03,1355.91,8828.95,6363.09,0.0,6363.09,Paid
B105991,A105991,2024-01-25,2897.45,31506.4,50845.45,44223.13,6622.32,Paid
B105992,A105992,2024-01-10,2732.02,8184.82,7548.61,5060.47,2488.14,Paid
B105993,A105993,2024-06-06,1936.49,16768.72,9295.7,0.0,9295.7,Pending
B105994,A105994,2025-09-17,865.4,2507.21,2425.48,2074.8,350.68,Paid
B105995,A105995,2025-10-27,1330.52,13806.72,22322.17,0.0,22322.17,Pending
B105996,A105996,2025-07-04,1451.5,2396.18,5478.94,0.0,5478.94,Paid
B105997,A105997,2024-05-16,2941.04,4765.3,10814.11,0.0,10814.11,Paid
B105998,A105998,2025-01-12,7849.56,17082.56,26130.83,14738.19,11392.64,Pending
B105999,A105999,2025-04-08,5223.5,8230.72,16347.83,10778.09,5569.74,Paid
B106000,A106000,2024-08-27,7701.74,19336.46,29882.96,19503.33,10379.63,Paid
B106001,A106001,2024-09-13,35849.19,7900.38,39278.72,30703.9,8574.82,Paid
B106002,A106002,2025-08-10,5874.71,8648.25,11873.87,8385.72,3488.14,Paid
B106003,A106003,2024-11-29,5584.07,8968.53,17988.77,0.0,17988.77,Partially Paid
B106004,A106004,2024-12-28,5616.61,3544.39,7576.52,5047.63,2528.89,Paid
B106005,A106005,2025-01-10,8804.37,4728.27,13905.69,12110.65,1795.04,Paid
B106006,A106006,2024-07-29,1907.92,4778.27,6529.64,0.0,6529.64,Paid
B106007,A106007,2024-09-24,7625.73,2870.38,10984.63,7961.51,3023.11,Paid
B106008,A106008,2025-10-18,19742.7,4424.6,22311.51,19392.85,2918.66,Paid
B106009,A106009,2025-07-10,6551.62,8871.29,12974.91,10240.66,2734.26,Paid
B106010,A106010,2025-05-21,30164.39,2178.64,31640.81,18235.3,13405.51,Paid
B106011,A106011,2025-07-25,53817.87,12335.59,71095.99,0.0,71095.99,Paid
B106012,A106012,2025-02-25,79680.68,3018.63,82477.55,52134.46,30343.09,Paid
B106013,A106013,2024-11-11,1270.8,23012.12,26897.29,19622.48,7274.81,Paid
B106014,A106014,2024-05-23,3573.24,18843.81,26741.34,17522.54,9218.8,Paid
B106015,A106015,2025-02-24,933.38,5560.63,4715.68,3279.29,1436.39,Partially Paid
B106016,A106016,2024-07-14,2679.68,1914.15,5228.93,4608.66,620.27,Pending
B106017,A106017,2024-04-05,7438.54,2378.97,9968.89,0.0,9968.89,Partially Paid
B106018,A106018,2025-05-09,3389.4,13973.8,9635.45,6147.01,3488.44,Paid
B106019,A106019,2024-09-20,10769.85,8147.33,35475.69,23657.23,11818.46,Paid
B106020,A106020,2024-01-30,11710.9,9641.8,28830.37,22562.49,6267.88,Paid
B106021,A106021,2024-08-24,1300.12,15704.07,18226.68,14900.84,3325.84,Pending
B106022,A106022,2024-11-29,3388.65,7685.6,9605.53,0.0,9605.53,Paid
B106023,A106023,2025-09-05,2159.69,34358.29,23924.45,18147.91,5776.55,Paid
B106024,A106024,2024-08-11,2664.5,12487.06,8489.97,6059.28,2430.69,Paid
B106025,A106025,2024-11-12,61559.77,47218.95,111460.03,72807.4,38652.63,Paid
B106026,A106026,2024-07-24,4155.17,4914.84,9501.41,7162.84,2338.57,Paid
B106027,A106027,2024-12-11,2576.13,5882.85,14249.17,9453.73,4795.44,Paid
B106028,A106028,2025-08-25,2463.79,37516.33,21425.59,0.0,21425.59,Pending
B106029,A106029,2024-07-28,1539.66,9035.51,12114.44,10457.3,1657.14,Paid
B106030,A106030,2024-03-23,11545.68,25480.34,18997.36,16546.09,2451.27,Paid
B106031,A106031,2025-07-07,5936.72,13686.95,15679.18,10233.21,5445.97,Paid
B106032,A106032,2025-12-15,4209.17,20962.54,32548.01,22627.5,9920.51,Paid
B106033,A106033,2024-02-21,4631.51,30520.24,22514.22,19144.07,3370.14,Paid
B106034,A106034,2025-04-03,9206.11,10290.62,20756.14,18230.16,2525.99,Paid
B106035,A106035,2024-07-03,2313.3,10599.91,15206.72,13682.36,1524.36,Pending
B106036,A106036,2024-07-18,84552.71,6717.92,97788.15,67753.77,30034.38,Paid
B106037,A106037,2025-08-24,2480.87,14726.39,48349.32,33633.0,14716.32,Paid
B106038,A106038,2025-01-27,1486.88,8556.37,20660.11,15406.6,5253.51,Pending
B106039,A106039,2025-10-10,2801.83,22032.05,43030.89,26095.17,16935.72,Paid
B106040,A106040,2024-05-23,1723.14,11322.75,8947.29,7107.2,1840.08,Pending
B106041,A106041,2024-02-06,6585.71,27511.8,43653.61,36230.72,7422.89,Paid
B106042,A106042,2024-11-12,34468.63,8161.76,43072.31,36099.26,6973.04,Paid
B106043,A106043,2024-11-19,1935.75,6648.68,8229.91,0.0,8229.91,Paid
B106044,A106044,2025-03-27,7872.27,9977.65,19293.08,0.0,19293.08,Paid
B106045,A106045,2024-10-25,7178.28,25206.76,26264.54,0.0,26264.54,Paid
B106046,A106046,2024-08-26,2949.42,6784.15,12433.81,6878.62,5555.19,Paid
B106047,A106047,2025-12-25,2194.63,29132.93,27946.45,0.0,27946.45,Paid
B106048,A106048,2025-04-11,20094.62,41554.7,50033.43,32745.49,17287.94,Pending
B106049,A106049,2025-10-22,2857.87,29631.29,12548.0,7897.09,4650.9,Paid
B106050,A106050,2025-08-30,1252.64,8873.75,4077.83,3662.04,415.79,Paid
B106051,A106051,2025-10-26,7884.46,2036.59,12159.29,0.0,12159.29,Paid
B106052,A106052,2024-03-11,5992.33,8907.3,18066.92,15436.49,2630.43,Paid
B106053,A106053,2024-07-01,1103.44,14324.61,14012.98,0.0,14012.98,Paid
B106054,A106054,2025-05-26,3749.97,8698.25,7895.59,5354.25,2541.35,Paid
B106055,A106055,2025-09-11,10342.03,9958.2,27956.81,19937.07,8019.74,Paid
B106056,A106056,2024-04-04,12940.55,8278.08,26875.73,20799.61,6076.12,Paid
B106057,A106057,2025-12-11,8508.4,15302.84,28739.39,16039.94,12699.45,Paid
B106058,A106058,2024-06-18,2391.17,13608.9,10490.42,0.0,10490.42,Paid
B106059,A106059,2025-08-30,2866.15,24016.38,26569.84,0.0,26569.84,Paid
B106060,A106060,2025-03-15,6902.63,7029.95,9730.83,5388.92,4341.91,Paid
B106061,A106061,2024-02-22,2315.2,8867.61,7499.42,4283.46,3215.96,Pending
B106062,A106062,2025-11-18,79022.68,43090.17,116222.01,72814.13,43407.87,Paid
B106063,A106063,2025-11-19,2896.06,10098.65,8854.84,6125.63,2729.2,Paid
B106064,A106064,2024-10-12,1813.69,73083.95,41683.11,35788.6,5894.51,Paid
B106065,A106065,2025-06-05,9038.83,2509.24,10243.26,7255.34,2987.93,Partially Paid
B106066,A106066,2024-03-31,9042.24,15440.07,20366.78,13976.81,6389.97,Paid
B106067,A106067,2025-08-31,17149.49,6678.12,29843.75,0.0,29843.75,Paid
B106068,A106068,2024-03-12,2518.57,60766.56,60355.24,54288.91,6066.33,Pending
B106069,A106069,2024-07-17,4500.12,68710.74,90114.13,70591.01,19523.12,Partially Paid
B106070,A106070,2024-10-06,989.05,7387.65,4810.89,3407.97,1402.92,Paid
B106071,A106071,2024-08-29,3264.11,4382.37,10773.15,7141.87,3631.27,Pending
B106072,A106072,2025-08-13,102543.53,24026.5,129377.06,92636.32,36740.74,Paid
B106073,A106073,2024-12-12,10656.33,12691.13,41363.94,33685.98,7677.96,Paid
B106074,A106074,2024-03-18,9718.25,10691.33,28315.72,18794.19,9521.53,Paid
B106075,A106075,2025-01-16,7417.3,29621.48,19316.15,12479.95,6836.2,Paid
B106076,A106076,2025-08-03,1206.2,3547.0,2836.77,0.0,2836.77,Partially Paid
B106077,A106077,2025-06-05,17634.74,21869.82,30898.94,21100.12,9798.83,Paid
B106078,A106078,2024-08-31,1121.42,22513.12,24457.04,13714.95,10742.09,Paid
B106079,A106079,2025-04-12,8292.77,6573.92,15585.91,12641.45,2944.45,Paid
B106080,A106080,2024-05-07,11166.17,17339.29,39305.98,34744.0,4561.98,Paid
B106081,A106081,2025-02-28,1285.8,27832.83,31732.78,27507.44,4225.34,Partially Paid
B106082,A106082,2026-01-02,1733.96,43364.73,32790.51,26831.45,5959.07,Paid
B106083,A106083,2025-07-26,12916.56,10131.41,19565.72,15538.15,4027.57,Paid
B106084,A106084,2024-02-15,1178.7,11425.19,10106.21,6616.77,3489.44,Paid
B106085,A106085,2025-05-22,27697.04,8490.91,40632.32,23888.51,16743.81,Paid
B106086,A106086,2024-07-17,26398.23,2655.62,32203.96,22698.13,9505.82,Pending
B106087,A106087,2024-03-24,11728.88,15969.14,33972.8,28717.99,5254.81,Paid
B106088,A106088,2024-04-02,2455.35,8647.15,7095.29,5248.48,1846.81,Paid
B106089,A106089,2025-07-09,4583.12,28357.78,27520.33,0.0,27520.33,Paid
B106090,A106090,2025-05-08,8299.72,5757.78,17581.31,15330.68,2250.62,Partially Paid
B106091,A106091,2025-01-22,4254.26,8400.75,17653.36,13917.55,3735.81,Paid
B106092,A106092,2025-04-11,25547.74,1371.57,26953.4,15468.85,11484.55,Partially Paid
B106093,A106093,2024-06-04,1079.72,8046.28,6474.33,3771.86,2702.47,Pending
B106094,A106094,2024-06-22,3893.34,10914.5,16171.1,0.0,16171.1,Paid
B106095,A106095,2024-10-04,19843.82,13871.15,31375.86,21184.92,10190.95,Partially Paid
B106096,A106096,2024-04-26,519.81,22478.77,9252.6,6020.35,3232.24,Paid
B106097,A106097,2024-05-31,1039.71,3698.47,3929.76,2312.22,1617.54,Paid
B106098,A106098,2025-03-08,7062.22,8443.03,11965.07,0.0,11965.07,Paid
B106099,A106099,2025-04-01,1271.83,21139.36,22131.0,13672.27,8458.74,Partially Paid
B106100,A106100,2025-10-11,70224.35,9681.31,81530.29,55849.07,25681.22,Pending
B106101,A106101,2024-01-25,8009.91,4411.9,13985.67,9867.22,4118.45,Paid
B106102,A106102,2025-01-03,1895.98,8534.94,10233.25,5646.26,4586.99,Paid
B106103,A106103,2025-10-13,1750.78,3019.08,6004.75,4767.42,1237.32,Paid
B106104,A106104,2024-08-28,2647.19,8773.76,10852.25,7380.66,3471.59,Pending
B106105,A106105,2025-03-10,2087.67,4432.51,5933.91,4877.94,1055.98,Pending
B106106,A106106,2025-12-09,6206.02,15086.28,27683.36,16336.01,11347.35,Paid
B106107,A106107,2024-05-16,4034.06,33060.88,48006.17,31285.39,16720.79,Paid
B106108,A106108,2025-06-26,1976.96,4312.26,6254.18,4029.56,2224.61,Paid
B106109,A106109,2025-10-01,2057.89,24088.59,21724.53,12024.62,9699.92,Paid
B106110,A106110,2024-07-21,3567.53,19624.86,21276.04,15273.24,6002.8,Paid
B106111,A106111,2025-11-28,1136.84,25725.45,35656.02,31636.86,4019.16,Paid
B106112,A106112,2025-10-24,4518.6,29302.39,33882.42,18799.43,15083.0,Paid
B106113,A106113,2025-05-04,6782.11,16382.02,42111.3,32320.89,9790.4,Paid
B106114,A106114,2024-07-02,5667.16,16763.84,19853.76,0.0,19853.76,Paid
B106115,A106115,2025-06-13,4996.87,30202.53,21037.06,0.0,21037.06,Paid
B106116,A106116,2025-10-15,2166.16,7334.84,9796.13,0.0,9796.13,Paid
B106117,A106117,2025-03-14,995.11,6476.73,7873.79,4813.06,3060.73,Paid
B106118,A106118,2024-11-19,5519.97,12909.19,41486.18,25929.24,15556.94,Pending
B106119,A106119,2024-01-25,3541.71,23184.87,18227.37,12235.36,5992.01,Paid
B106120,A106120,2024-06-09,59064.4,2644.04,63057.45,0.0,63057.45,Paid
B106121,A106121,2024-05-09,6046.08,29331.15,18972.8,12249.47,6723.33,Paid
B106122,A106122,2024-03-15,3042.79,11844.23,6878.36,4333.95,2544.41,Paid
B106123,A106123,2024-02-27,4405.79,8061.67,17705.39,15759.8,1945.59,Partially Paid
B106124,A106124,2025-04-09,7420.14,17726.05,28605.2,0.0,28605.2,Paid
B106125,A106125,2024-06-22,1283.69,13830.92,12328.77,9485.14,2843.63,Pending
B106126,A106126,2025-09-07,11716.43,21564.99,33490.41,28785.98,4704.43,Paid
B106127,A106127,2025-08-07,2870.91,12825.28,9568.63,5851.61,3717.01,Pending
B106128,A106128,2024-06-09,4709.89,39482.49,37803.01,21741.22,16061.8,Paid
B106129,A106129,2025-10-02,21506.95,48452.93,56830.58,48723.26,8107.33,Partially Paid
B106130,A106130,2024-01-27,1169.23,3213.38,4476.86,3014.25,1462.61,Paid
B106131,A106131,2024-09-07,915.37,11864.01,9719.46,6655.14,3064.32,Paid
B106132,A106132,2025-12-22,13760.05,1897.01,17967.77,10074.72,7893.05,Partially Paid
B106133,A106133,2024-08-22,5325.15,22554.8,29706.32,16495.19,13211.13,Pending
B106134,A106134,2025-09-25,1765.93,15862.98,12161.51,9663.17,2498.34,Partially Paid
B106135,A106135,2025-12-10,26260.48,16886.29,33391.81,25894.8,7497.02,Pending
B106136,A106136,2025-05-06,23593.05,27508.86,58488.63,37963.02,20525.61,Paid
B106137,A106137,2024-01-16,4115.94,24164.59,12197.94,7621.49,4576.45,Paid
B106138,A106138,2024-04-08,11228.28,4809.95,26008.72,0.0,26008.72,Paid
B106139,A106139,2024-05-03,2371.88,8699.39,15640.42,0.0,15640.42,Partially Paid
B106140,A106140,2024-05-08,9759.53,6390.65,13656.9,0.0,13656.9,Paid
B106141,A106141,2025-07-05,1436.13,11684.28,13549.66,7930.3,5619.36,Partially Paid
B106142,A106142,2024-03-14,4999.32,17519.31,22619.41,20186.29,2433.12,Pending
B106143,A106143,2024-10-25,24997.23,5310.75,27613.34,24689.44,2923.9,Partially Paid
B106144,A106144,2025-11-18,2216.58,6860.07,8569.43,5532.42,3037.01,Paid
B106145,A106145,2025-05-16,976.56,3148.82,5199.82,4018.09,1181.73,Pending
B106146,A106146,2024-02-19,325.26,8110.43,13671.41,7598.03,6073.38,Paid
B106147,A106147,2025-10-16,4798.25,76571.31,77867.59,51845.67,26021.92,Paid
B106148,A106148,2025-01-24,1437.14,20942.05,19634.91,12430.15,7204.76,Paid
B106149,A106149,2024-02-02,2094.28,7298.59,17091.63,11153.03,5938.61,Paid
B106150,A106150,2025-12-12,7421.6,13945.31,31727.57,22024.72,9702.84,Paid
B106151,A106151,2025-05-15,17569.99,7474.16,22773.84,15845.44,6928.4,Partially Paid
B106152,A106152,2024-05-18,7466.84,10084.3,18322.08,12592.93,5729.15,Paid
B106153,A106153,2025-12-10,5918.73,8626.87,12122.38,10157.0,1965.38,Paid
B106154,A106154,2024-02-19,1348.29,3644.27,5348.09,3045.91,2302.19,Paid
B106155,A106155,2025-09-04,29656.69,14281.11,44883.26,29777.52,15105.73,Paid
B106156,A106156,2025-05-23,17773.35,4875.69,22076.53,12330.88,9745.65,Partially Paid
B106157,A106157,2024-05-07,2280.71,14878.32,26442.42,15290.27,11152.15,Paid
B106158,A106158,2024-08-06,3682.17,7564.78,12117.97,10022.25,2095.72,Paid
B106159,A106159,2025-09-19,1236.06,3580.43,7051.0,0.0,7051.0,Paid
B106160,A106160,2025-06-21,77690.54,32370.34,126229.28,84739.57,41489.71,Paid
B106161,A106161,2025-07-29,2705.63,8998.78,11282.58,9506.28,1776.3,Partially Paid
B106162,A106162,2024-02-16,22158.03,12581.87,31913.9,25418.2,6495.7,Pending
B106163,A106163,2024-04-06,973.35,1804.9,4910.22,0.0,4910.22,Partially Paid
B106164,A106164,2024-01-28,7264.9,1933.8,11031.35,9895.63,1135.72,Paid
B106165,A106165,2024-09-03,6527.93,17647.96,21708.44,13972.91,7735.53,Paid
B106166,A106166,2025-05-06,5263.09,10463.98,12171.92,7908.45,4263.48,Paid
B106167,A106167,2024-08-29,893.64,2694.57,8595.19,6688.4,1906.79,Partially Paid
B106168,A106168,2024-11-07,97186.21,32072.5,108177.01,86425.87,21751.14,Paid
B106169,A106169,2024-03-13,6569.31,11428.64,32921.12,24843.76,8077.37,Paid
B106170,A106170,2024-10-10,3363.46,9123.06,11484.43,6968.68,4515.75,Pending
B106171,A106171,2024-07-13,1311.78,5666.65,5176.9,2984.68,2192.22,Paid
B106172,A106172,2024-05-05,56029.7,10369.74,69755.19,61142.96,8612.23,Pending
B106173,A106173,2024-06-06,3951.91,26335.63,15696.73,0.0,15696.73,Paid
B106174,A106174,2025-01-28,18198.97,2588.86,26298.57,22273.28,4025.29,Paid
B106175,A106175,2024-08-21,8399.2,11870.09,12731.63,7767.42,4964.21,Pending
B106176,A106176,2024-12-18,11658.57,8581.82,15197.04,11052.6,4144.45,Paid
B106177,A106177,2025-07-27,2758.84,8589.09,9992.55,8565.5,1427.05,Paid
B106178,A106178,2025-06-15,19547.59,5288.08,24902.73,17028.32,7874.41,Pending
B106179,A106179,2024-07-03,7567.8,24258.88,33235.97,0.0,33235.97,Paid
B106180,A106180,2024-05-18,5000.58,12472.11,18321.69,16128.64,2193.05,Paid
B106181,A106181,2024-12-29,5605.5,12013.91,17296.8,0.0,17296.8,Paid
B106182,A106182,2025-10-12,5346.03,12290.65,15069.84,9436.67,5633.17,Paid
B106183,A106183,2024-02-12,1457.57,3543.68,2891.3,0.0,2891.3,Paid
B106184,A106184,2024-11-01,4546.33,2232.83,6923.21,4400.73,2522.48,Pending
B106185,A106185,2024-01-11,1370.83,7192.86,18455.65,10626.33,7829.33,Paid
B106186,A106186,2024-11-27,23842.16,11818.85,30514.58,0.0,30514.58,Paid
B106187,A106187,2024-06-20,2645.92,4929.17,7314.86,4041.46,3273.4,Paid
B106188,A106188,2024-12-04,6167.78,4075.93,9902.1,5814.94,4087.16,Paid
B106189,A106189,2026-01-04,2343.01,17888.27,32682.21,23089.82,9592.4,Paid
B106190,A106190,2024-03-14,7024.57,13954.32,25241.86,22456.91,2784.95,Paid
B106191,A106191,2025-06-24,2360.07,3621.64,6957.43,5060.61,1896.82,Pending
B106192,A106192,2025-05-28,2711.28,15976.3,23368.1,14755.02,8613.08,Paid
B106193,A106193,2025-05-07,21189.69,24429.85,49769.29,41068.58,8700.72,Paid
B106194,A106194,2025-03-21,10556.55,9382.17,18382.99,15418.0,2964.99,Paid
B106195,A106195,2024-02-22,11558.61,7630.17,15759.65,12004.18,3755.48,Pending
B106196,A106196,2024-06-04,2824.02,10557.87,11888.9,8007.49,3881.41,Paid
B106197,A106197,2025-08-12,2324.68,13400.07,11574.75,8010.83,3563.92,Paid
B106198,A106198,2024-04-09,550.71,28662.29,15827.62,12499.13,3328.49,Paid
B106199,A106199,2025-01-03,2368.23,1305.76,5975.14,3612.36,2362.78,Paid
B106200,A106200,2025-08-06,6601.53,8762.03,12512.78,7339.76,5173.02,Pending
B106201,A106201,2025-10-19,3185.21,3752.41,8316.81,5356.86,2959.95,Partially Paid
B106202,A106202,2024-03-22,1291.85,14569.13,15110.26,11729.68,3380.58,Paid
B106203,A106203,2024-04-15,7854.86,89255.42,50310.36,34088.4,16221.96,Paid
B106204,A106204,2024-08-18,1671.55,6620.74,19522.5,11850.61,7671.9,Pending
B106205,A106205,2024-12-30,2016.33,8022.74,5069.56,3836.64,1232.92,Partially Paid
B106206,A106206,2025-07-24,3283.69,12744.09,6907.96,4873.66,2034.3,Paid
B106207,A106207,2025-08-24,1226.84,26661.73,13718.15,0.0,13718.15,Pending
B106208,A106208,2024-01-31,954.38,20225.34,11737.32,0.0,11737.32,Paid
B106209,A106209,2024-01-30,1979.57,5235.99,9979.69,8775.61,1204.08,Paid
B106210,A106210,2024-05-12,63421.91,31321.49,84283.83,66567.74,17716.1,Paid
B106211,A106211,2025-05-09,20216.26,21878.8,35671.91,0.0,35671.91,Paid
B106212,A106212,2025-08-29,4056.26,3728.43,10656.22,6364.32,4291.9,Paid
B106213,A106213,2025-09-20,11537.35,22116.87,30192.28,18259.04,11933.24,Paid
B106214,A106214,2024-12-14,892.09,15908.8,7415.72,6050.24,1365.48,Paid
B106215,A106215,2024-02-07,1555.56,24537.24,12930.55,10312.17,2618.38,Partially Paid
B106216,A106216,2025-10-19,2641.13,3717.64,9316.07,5856.67,3459.39,Pending
B106217,A106217,2024-08-22,14065.19,27771.41,26386.9,16428.56,9958.34,Paid
B106218,A106218,2024-09-13,8947.84,12945.33,23752.71,14661.62,9091.1,Paid
B106219,A106219,2024-02-25,8209.23,7513.26,27177.35,0.0,27177.35,Paid
B106220,A106220,2025-12-29,20123.1,13363.11,27967.69,0.0,27967.69,Paid
B106221,A106221,2025-02-06,2857.59,59035.37,33378.48,26470.75,6907.73,Paid
B106222,A106222,2024-10-19,74320.15,13098.66,85863.72,61480.58,24383.14,Paid
B106223,A106223,2025-12-17,916.02,35983.55,20629.21,0.0,20629.21,Pending
B106224,A106224,2025-08-15,13606.38,8463.84,18962.17,14001.77,4960.4,Pending
B106225,A106225,2025-05-03,2278.27,27829.49,40287.65,22811.61,17476.04,Pending
B106226,A106226,2025-09-01,14154.67,29890.3,43253.25,33466.15,9787.1,Paid
B106227,A106227,2024-01-18,1574.84,28398.1,42427.95,33630.22,8797.73,Pending
B106228,A106228,2025-02-17,4647.85,7238.76,11209.66,0.0,11209.66,Paid
B106229,A106229,2025-10-27,11058.59,5565.4,19315.05,14079.95,5235.1,Paid
B106230,A106230,2024-11-20,32911.57,2484.85,35236.93,28091.96,7144.96,Paid
B106231,A106231,2025-02-04,60320.01,5511.91,68477.54,54403.87,14073.67,Pending
B106232,A106232,2024-10-11,8087.39,3818.39,17291.83,14581.08,2710.74,Paid
B106233,A106233,2024-07-21,5269.52,46601.64,26804.59,21158.58,5646.01,Partially Paid
B106234,A106234,2025-08-13,8806.02,11481.49,30388.6,17139.13,13249.46,Pending
B106235,A106235,2025-05-17,54170.6,12417.2,58406.47,0.0,58406.47,Paid
B106236,A106236,2025-08-14,1326.81,46525.79,51109.31,34429.61,16679.7,Paid
B106237,A106237,2025-03-15,12422.27,22398.53,30435.56,18715.04,11720.52,Pending
B106238,A106238,2024-03-13,1922.06,34721.05,46277.7,37559.17,8718.53,Pending
B106239,A106239,2025-04-07,9130.72,26210.69,30252.2,19555.56,10696.64,Pending
B106240,A106240,2025-05-14,1528.16,9581.73,12478.25,0.0,12478.25,Paid
B106241,A106241,2025-10-10,5348.28,12979.61,13798.28,9064.36,4733.92,Paid
B106242,A106242,2025-04-06,24116.3,59208.77,84261.4,66367.87,17893.54,Paid
B106243,A106243,2024-11-05,2439.12,11196.15,13494.62,0.0,13494.62,Paid
B106244,A106244,2024-05-11,1933.06,19831.34,21032.51,18727.72,2304.79,Pending
B106245,A106245,2024-09-29,3267.34,31959.38,23483.36,17953.19,5530.17,Paid
B106246,A106246,2024-01-09,3648.6,7178.17,7277.66,6116.99,1160.68,Paid
B106247,A106247,2025-02-21,2332.08,11997.73,22985.29,18480.56,4504.73,Pending
B106248,A106248,2024-07-27,8410.89,12297.28,15106.18,8369.11,6737.07,Paid
B106249,A106249,2024-06-30,3322.49,5590.12,9035.55,5836.58,3198.97,Pending
B106250,A106250,2025-04-13,2914.2,2510.52,4986.22,2834.25,2151.97,Paid
B106251,A106251,2025-05-18,32550.0,22112.73,56570.02,31676.14,24893.88,Paid
B106252,A106252,2025-11-27,3781.98,8714.13,6272.41,4743.22,1529.18,Paid
B106253,A106253,2025-03-26,3996.04,19016.55,34070.13,20991.79,13078.34,Pending
B106254,A106254,2024-08-20,1555.91,14292.16,20627.28,15668.19,4959.09,Pending
B106255,A106255,2024-05-30,2069.51,12986.17,22518.31,0.0,22518.31,Paid
B106256,A106256,2025-07-30,6751.74,26710.72,34025.73,0.0,34025.73,Paid
B106257,A106257,2024-10-26,3800.11,5400.01,9763.51,0.0,9763.51,Paid
B106258,A106258,2024-08-31,2425.93,8947.44,11270.45,8191.25,3079.19,Partially Paid
B106259,A106259,2024-10-15,66908.27,5527.34,70416.97,50201.07,20215.9,Paid
B106260,A106260,2025-11-10,3125.71,13483.6,10847.16,7010.24,3836.92,Paid
B106261,A106261,2024-01-31,1551.5,14844.46,7612.36,5195.11,2417.26,Paid
B106262,A106262,2025-03-30,1751.52,11816.25,5654.22,3218.21,2436.01,Paid
B106263,A106263,2024-04-20,881.28,11645.16,12692.33,7172.39,5519.94,Paid
B106264,A106264,2024-08-31,1329.6,11042.23,6370.6,3644.11,2726.49,Paid
B106265,A106265,2025-02-28,4235.02,28937.6,22530.21,17580.89,4949.32,Paid
B106266,A106266,2024-12-02,4709.06,21103.55,12896.63,7580.38,5316.25,Partially Paid
B106267,A106267,2024-02-23,6376.92,47695.72,53418.07,37048.77,16369.3,Paid
B106268,A106268,2025-10-10,5570.56,14205.03,15413.76,11103.03,4310.72,Paid
B106269,A106269,2025-07-17,7752.71,35066.02,34236.95,24312.09,9924.87,Paid
B106270,A106270,2024-02-08,546.73,16044.47,11584.57,6497.73,5086.84,Paid
B106271,A106271,2024-12-17,1560.67,20591.0,15108.94,10103.55,5005.39,Paid
B106272,A106272,2025-01-21,3535.78,4482.03,11827.0,10510.84,1316.16,Paid
B106273,A106273,2025-05-31,827.98,5950.04,9314.85,6986.69,2328.16,Paid
B106274,A106274,2024-10-26,1746.84,39845.48,21044.99,0.0,21044.99,Paid
B106275,A106275,2024-02-04,7990.08,8200.94,16226.1,12867.11,3358.99,Paid
B106276,A106276,2024-04-06,1948.47,3471.4,9325.82,0.0,9325.82,Paid
B106277,A106277,2024-07-31,85943.63,18588.75,102164.09,83786.95,18377.14,Partially Paid
B106278,A106278,2025-09-17,1768.48,21908.36,8043.54,5662.65,2380.9,Pending
B106279,A106279,2024-02-02,7272.28,10061.55,16107.15,13243.1,2864.05,Partially Paid
B106280,A106280,2024-09-26,1290.44,13239.38,7273.06,5963.37,1309.69,Paid
B106281,A106281,2024-01-27,104575.91,12896.13,118761.93,79194.03,39567.9,Paid
B106282,A106282,2025-09-05,964.38,17203.57,12017.99,8168.09,3849.91,Paid
B106283,A106283,2024-02-15,7824.22,11906.57,29803.66,21438.63,8365.03,Pending
B106284,A106284,2024-06-25,4996.53,14249.47,15599.53,11847.95,3751.57,Paid
B106285,A106285,2025-02-22,15252.19,8644.93,24220.77,21447.09,2773.67,Paid
B106286,A106286,2025-02-25,901.41,15980.22,36327.23,0.0,36327.23,Paid
B106287,A106287,2025-11-12,4865.72,29640.59,14498.63,9545.97,4952.65,Paid
B106288,A106288,2025-11-25,5786.38,8800.94,18622.08,14714.75,3907.34,Partially Paid
B106289,A106289,2025-09-09,1963.58,7466.13,12476.07,0.0,12476.07,Paid
B106290,A106290,2024-08-01,23529.18,16816.3,38573.93,28262.13,10311.8,Paid
B106291,A106291,2024-01-30,5545.47,35294.67,37015.6,26884.27,10131.33,Paid
B106292,A106292,2024-01-12,1807.13,11138.57,10867.63,0.0,10867.63,Paid
B106293,A106293,2025-10-17,1478.34,8118.53,9740.84,7111.74,2629.1,Paid
B106294,A106294,2024-08-15,3099.57,32291.05,47597.28,38106.56,9490.72,Pending
B106295,A106295,2025-11-06,4860.45,15984.96,16690.24,12062.23,4628.01,Pending
B106296,A106296,2024-05-26,7814.76,26972.29,31924.01,22032.57,9891.45,Paid
B106297,A106297,2025-10-25,2099.98,25243.34,30220.62,23604.74,6615.89,Paid
B106298,A106298,2025-11-12,2854.3,37457.11,36838.41,0.0,36838.41,Paid
B106299,A106299,2025-09-06,52511.75,52735.7,99866.98,66710.85,33156.14,Paid
B106300,A106300,2025-11-01,2465.74,8728.01,15284.42,10792.12,4492.31,Paid
B106301,A106301,2024-11-14,3999.24,7035.99,10996.28,6348.15,4648.13,Pending
B106302,A106302,2025-08-02,5535.23,11024.52,12885.3,10749.67,2135.64,Partially Paid
B106303,A106303,2025-12-12,5209.08,35506.41,15507.6,10391.94,5115.66,Paid
B106304,A106304,2024-06-12,6838.15,17091.09,29738.56,22796.49,6942.07,Paid
B106305,A106305,2025-03-02,43976.43,8089.97,54259.3,40411.47,13847.83,Paid
B106306,A106306,2025-05-15,3312.73,1584.73,7379.46,4543.85,2835.6,Paid
B106307,A106307,2024-04-04,6207.79,8508.16,18691.17,12593.22,6097.95,Paid
B106308,A106308,2025-10-19,1747.02,10449.03,14297.43,12694.02,1603.42,Paid
B106309,A106309,2024-02-12,73763.11,2273.74,76634.55,61884.9,14749.64,Paid
B106310,A106310,2024-10-28,2517.67,15861.64,32276.96,22398.52,9878.44,Paid
B106311,A106311,2024-12-05,18568.56,13248.35,30675.21,26471.24,4203.97,Partially Paid
B106312,A106312,2024-01-06,5075.69,16009.51,19459.99,0.0,19459.99,Paid
B106313,A106313,2024-04-20,27562.87,3942.4,34429.18,0.0,34429.18,Partially Paid
B106314,A106314,2024-05-12,4537.49,9727.95,31359.99,23018.01,8341.97,Paid
B106315,A106315,2024-03-10,2321.21,24880.48,14428.58,12639.56,1789.02,Paid
B106316,A106316,2024-07-27,7414.52,9618.0,13365.51,0.0,13365.51,Paid
B106317,A106317,2025-02-23,4977.32,10611.05,27462.13,0.0,27462.13,Paid
B106318,A106318,2024-09-02,4740.91,4321.6,12570.68,9918.73,2651.94,Pending
B106319,A106319,2025-09-01,6663.8,42310.04,79912.67,0.0,79912.67,Paid
B106320,A106320,2025-09-21,7021.28,13868.05,36780.14,22169.95,14610.19,Paid
B106321,A106321,2025-10-22,2008.62,12012.93,27249.17,22626.45,4622.72,Paid
B106322,A106322,2024-08-05,24157.18,3020.64,31859.99,22989.7,8870.29,Partially Paid
B106323,A106323,2025-06-12,6387.52,2161.09,8538.75,5300.46,3238.29,Pending
B106324,A106324,2025-07-24,1353.8,20365.95,15734.07,10443.47,5290.59,Paid
B106325,A106325,2025-10-16,48042.95,3145.77,53263.57,32426.58,20837.0,Paid
B106326,A106326,2025-01-21,3924.56,14494.37,19853.82,15179.79,4674.03,Pending
B106327,A106327,2024-03-23,3738.26,8660.01,18331.03,0.0,18331.03,Paid
B106328,A106328,2025-02-21,5306.18,6669.92,13438.3,0.0,13438.3,Paid
B106329,A106329,2025-03-29,1990.94,1959.62,6210.94,4019.48,2191.45,Pending
B106330,A106330,2024-06-17,1274.41,34248.32,51642.32,30407.96,21234.35,Pending
B106331,A106331,2025-10-12,5603.64,24037.81,37366.97,0.0,37366.97,Paid
B106332,A106332,2025-11-02,5204.85,8319.23,13481.87,0.0,13481.87,Paid
B106333,A106333,2024-02-10,2956.53,8530.19,6849.15,5203.07,1646.08,Pending
B106334,A106334,2024-06-09,3213.76,16996.07,14842.09,9144.94,5697.14,Pending
B106335,A106335,2024-12-01,5120.59,10309.5,11186.92,8973.21,2213.71,Paid
B106336,A106336,2024-10-26,15509.4,34422.09,46910.88,36643.06,10267.82,Paid
B106337,A106337,2024-04-27,822.03,15156.44,21255.31,12607.29,8648.02,Paid
B106338,A106338,2025-12-14,1465.15,48944.83,40399.45,22473.67,17925.78,Paid
B106339,A106339,2025-09-17,2346.66,23558.76,20942.77,0.0,20942.77,Paid
B106340,A106340,2024-04-07,5473.04,16051.5,21226.6,13821.52,7405.08,Paid
B106341,A106341,2024-02-24,6273.24,7636.01,20732.31,14385.98,6346.33,Paid
B106342,A106342,2024-06-17,11343.92,23898.73,40461.4,36398.05,4063.34,Paid
B106343,A106343,2025-06-05,2996.61,19491.54,19036.39,0.0,19036.39,Paid
B106344,A106344,2025-02-07,1750.8,6477.45,5112.76,3094.97,2017.78,Paid
B106345,A106345,2025-12-15,7968.47,20000.67,29115.03,22698.25,6416.78,Paid
B106346,A106346,2024-11-19,3731.0,11626.3,13055.82,8223.25,4832.58,Partially Paid
B106347,A106347,2025-01-12,6389.48,52666.55,44292.55,24770.93,19521.63,Paid
B106348,A106348,2025-03-21,2632.79,14833.44,14137.03,10909.72,3227.31,Pending
B106349,A106349,2025-04-20,2223.32,1513.84,5785.12,3542.94,2242.18,Paid
B106350,A106350,2025-08-27,2331.99,8072.34,8758.46,0.0,8758.46,Paid
B106351,A106351,2024-11-17,5594.17,28001.47,43036.5,27371.76,15664.74,Pending
B106352,A106352,2025-06-29,4249.11,50394.47,21183.24,13213.46,7969.78,Paid
B106353,A106353,2025-08-17,1408.24,13824.77,23283.41,13070.82,10212.59,Partially Paid
B106354,A106354,2024-08-08,2046.55,3868.75,3800.64,0.0,3800.64,Paid
B106355,A106355,2025-11-05,4359.0,3179.25,6171.21,3949.35,2221.86,Paid
B106356,A106356,2025-05-15,2275.66,6026.99,14223.53,12701.04,1522.5,Paid
B106357,A106357,2024-12-28,43783.89,57133.35,88074.66,78902.81,9171.85,Paid
B106358,A106358,2025-09-26,874.74,30849.89,14141.21,12087.13,2054.08,Paid
B106359,A106359,2024-04-15,6850.29,51105.93,28442.4,24638.42,3803.97,Pending
B106360,A106360,2024-05-17,6756.9,6981.82,27748.6,0.0,27748.6,Paid
B106361,A106361,2025-05-23,2399.55,25071.99,30681.9,0.0,30681.9,Paid
B106362,A106362,2024-06-23,25137.28,11484.76,30270.18,17742.91,12527.27,Partially Paid
B106363,A106363,2025-09-18,3042.18,2462.02,6899.69,4847.8,2051.89,Paid
B106364,A106364,2024-01-19,6001.59,24940.85,49582.05,0.0,49582.05,Paid
B106365,A106365,2025-11-14,828.2,7623.65,3902.96,2204.43,1698.53,Paid
B106366,A106366,2024-11-22,2122.89,7891.73,23379.36,16036.55,7342.81,Pending
B106367,A106367,2024-04-13,6365.07,11303.6,18904.25,0.0,18904.25,Paid
B106368,A106368,2024-06-19,5247.4,8829.94,11191.16,8468.01,2723.15,Paid
B106369,A106369,2024-11-08,4656.97,6458.13,8568.42,6055.19,2513.24,Paid
B106370,A106370,2026-01-02,111206.19,11695.23,116218.65,89190.13,27028.53,Pending
B106371,A106371,2024-12-15,3689.71,26459.08,24827.94,13673.5,11154.43,Pending
B106372,A106372,2025-03-06,11936.46,4047.74,15880.71,13034.78,2845.94,Pending
B106373,A106373,2025-07-13,32368.23,12868.06,49915.01,36364.32,13550.69,Pending
B106374,A106374,2025-05-20,5267.98,10480.81,28490.1,17320.75,11169.35,Paid
B106375,A106375,2024-10-13,116658.33,6272.52,120775.99,83366.73,37409.26,Paid
B106376,A106376,2025-10-01,7405.23,4553.54,14013.02,9382.89,4630.13,Paid
B106377,A106377,2024-09-20,91633.5,15079.44,98238.63,83520.59,14718.04,Paid
B106378,A106378,2025-05-12,2218.91,10120.05,9903.87,8318.94,1584.94,Paid
B106379,A106379,2024-12-25,1124.39,8157.01,9579.27,5803.42,3775.85,Paid
B106380,A106380,2024-08-15,72731.06,55003.87,125164.81,105952.57,19212.23,Paid
B106381,A106381,2024-07-19,113506.54,2967.77,115200.45,0.0,115200.45,Partially Paid
B106382,A106382,2024-09-02,27794.26,33354.6,64275.95,40977.33,23298.62,Paid
B106383,A106383,2024-05-19,5947.99,7919.57,12090.22,10591.44,1498.78,Paid
B106384,A106384,2025-09-25,18523.35,19219.71,36499.3,0.0,36499.3,Paid
B106385,A106385,2025-11-05,17785.6,16353.92,32846.49,27183.61,5662.88,Paid
B106386,A106386,2025-03-02,849.93,14493.57,9309.64,0.0,9309.64,Paid
B106387,A106387,2024-12-07,817.51,2819.59,3461.78,2868.26,593.52,Paid
B106388,A106388,2024-12-09,1068.9,7225.23,9828.77,5730.46,4098.31,Paid
B106389,A106389,2025-06-20,112972.19,10377.95,123385.48,76866.4,46519.08,Paid
B106390,A106390,2025-01-24,4857.84,3078.83,10188.32,8149.67,2038.65,Paid
B106391,A106391,2024-01-09,69218.68,14699.26,76746.47,46163.19,30583.28,Partially Paid
B106392,A106392,2025-11-11,4440.13,6187.92,12456.22,10124.18,2332.03,Paid
B106393,A106393,2025-10-03,1798.52,11501.16,8092.74,5320.55,2772.19,Paid
B106394,A106394,2025-02-09,2627.23,28123.67,22737.66,17304.57,5433.09,Paid
B106395,A106395,2025-03-03,2049.35,12900.09,24738.78,0.0,24738.78,Paid
B106396,A106396,2025-02-19,1998.32,16198.2,13518.4,10273.58,3244.82,Paid
B106397,A106397,2024-08-03,535.21,7103.47,11859.45,9097.48,2761.97,Paid
B106398,A106398,2025-07-15,2601.36,3418.39,5108.09,3585.52,1522.57,Pending
B106399,A106399,2025-07-15,4188.18,17720.3,9721.44,8509.51,1211.93,Partially Paid
B106400,A106400,2025-07-18,5810.85,26579.42,18125.88,16136.15,1989.73,Partially Paid
B106401,A106401,2024-02-22,1507.99,22446.59,14896.4,0.0,14896.4,Paid
B106402,A106402,2024-07-19,7619.23,19288.99,41413.25,33431.24,7982.01,Paid
B106403,A106403,2025-05-17,12334.29,2089.19,15922.89,9445.91,6476.99,Paid
B106404,A106404,2025-10-13,5465.16,30327.6,94991.86,83077.83,11914.03,Paid
B106405,A106405,2025-10-11,3214.55,15428.83,26217.77,20262.62,5955.15,Paid
B106406,A106406,2025-06-22,7350.02,27634.04,38535.05,0.0,38535.05,Paid
B106407,A106407,2025-04-22,1061.68,10475.11,14440.81,0.0,14440.81,Paid
B106408,A106408,2024-02-15,3250.75,17497.08,14159.08,9547.26,4611.82,Paid
B106409,A106409,2025-09-02,11327.26,24393.22,42054.81,36444.3,5610.51,Paid
B106410,A106410,2024-09-24,2799.1,21417.91,24691.33,19754.6,4936.73,Paid
B106411,A106411,2024-02-20,3220.11,5140.43,13520.03,10333.5,3186.53,Partially Paid
B106412,A106412,2025-08-11,10005.98,11903.14,13899.89,8755.49,5144.4,Paid
B106413,A106413,2026-01-03,3162.83,13241.87,19634.78,16638.58,2996.2,Paid
B106414,A106414,2025-04-02,5138.21,24699.69,58143.59,50745.57,7398.02,Paid
B106415,A106415,2024-08-12,3179.26,8138.88,20281.31,15633.37,4647.94,Paid
B106416,A106416,2025-09-15,1154.12,8111.93,8581.76,7418.26,1163.5,Pending
B106417,A106417,2025-10-18,4520.79,12383.89,35378.51,21747.05,13631.45,Paid
B106418,A106418,2024-12-14,3446.97,13054.4,27448.96,19743.74,7705.23,Paid
B106419,A106419,2024-08-28,2140.19,9739.44,8848.47,5268.01,3580.46,Paid
B106420,A106420,2024-06-04,8554.67,2908.53,10473.26,0.0,10473.26,Paid
B106421,A106421,2024-03-02,11941.25,10715.94,22075.22,15432.22,6643.0,Paid
B106422,A106422,2025-01-24,2242.57,10465.73,7095.24,6160.08,935.16,Paid
B106423,A106423,2025-12-11,1453.97,4046.84,5596.47,4878.73,717.75,Pending
B106424,A106424,2024-11-15,1248.28,19586.08,16810.55,12345.51,4465.04,Paid
B106425,A106425,2024-02-10,7442.78,13381.97,16350.29,9571.91,6778.38,Paid
B106426,A106426,2024-12-09,4174.52,13347.67,9485.75,6378.58,3107.16,Partially Paid
B106427,A106427,2026-01-02,1470.59,16207.21,11512.65,0.0,11512.65,Partially Paid
B106428,A106428,2024-08-24,4838.29,18790.81,31649.28,23301.26,8348.01,Paid
B106429,A106429,2025-03-30,101576.02,11727.02,109950.2,65357.44,44592.76,Paid
B106430,A106430,2024-12-08,2020.23,4451.93,3399.16,1951.24,1447.91,Paid
B106431,A106431,2025-04-01,8813.79,11525.07,18869.11,16585.68,2283.43,Paid
B106432,A106432,2024-09-14,1972.62,2185.37,3351.17,2716.12,635.05,Paid
B106433,A106433,2025-03-15,5038.14,17991.7,25130.72,19028.57,6102.15,Paid
B106434,A106434,2024-08-08,16558.75,48772.64,47564.35,26979.06,20585.29,Paid
B106435,A106435,2024-07-25,1848.55,14578.13,12061.78,9448.07,2613.72,Paid
B106436,A106436,2024-05-19,6591.72,5781.33,18577.72,16299.14,2278.57,Pending
B106437,A106437,2025-10-03,5227.36,5768.62,11519.75,7891.57,3628.18,Pending
B106438,A106438,2025-07-20,1479.06,8413.46,7081.35,0.0,7081.35,Paid
B106439,A106439,2025-01-30,8236.04,3674.26,15863.37,0.0,15863.37,Paid
B106440,A106440,2025-08-21,7994.07,7917.78,17276.66,0.0,17276.66,Partially Paid
B106441,A106441,2025-12-22,10283.47,2924.78,11698.82,8070.11,3628.71,Pending
B106442,A106442,2024-02-15,10255.9,26597.56,30765.9,23864.31,6901.6,Paid
B106443,A106443,2024-08-10,3238.24,13109.0,27979.5,16214.49,11765.01,Paid
B106444,A106444,2024-02-01,6110.14,7502.99,13850.96,0.0,13850.96,Pending
B106445,A106445,2025-10-20,29952.38,2031.36,31977.59,21183.72,10793.87,Paid
B106446,A106446,2024-01-25,751.58,16567.48,23160.32,0.0,23160.32,Pending
B106447,A106447,2025-09-22,2460.73,1529.15,6715.2,0.0,6715.2,Pending
B106448,A106448,2024-05-18,8659.51,5224.43,15892.55,0.0,15892.55,Paid
B106449,A106449,2025-08-04,1285.08,7640.84,9909.99,6839.8,3070.18,Paid
B106450,A106450,2024-02-03,58264.73,13892.14,65861.96,46558.21,19303.75,Paid
B106451,A106451,2024-03-16,2448.24,8290.97,7954.92,5880.38,2074.54,Paid
B106452,A106452,2024-05-04,38050.26,7462.72,45572.69,33834.09,11738.59,Pending
B106453,A106453,2024-08-17,1699.03,5763.51,10214.14,0.0,10214.14,Paid
B106454,A106454,2024-12-11,1417.22,33398.22,14198.26,0.0,14198.26,Paid
B106455,A106455,2024-10-02,4677.43,10286.37,14962.84,9436.71,5526.13,Pending
B106456,A106456,2025-03-14,7775.97,8231.99,14979.87,11270.58,3709.29,Pending
B106457,A106457,2024-02-12,5922.29,5539.3,17457.79,15585.98,1871.81,Paid
B106458,A106458,2025-11-13,15660.51,4302.16,17953.37,12207.45,5745.91,Paid
B106459,A106459,2025-03-06,5344.8,6643.59,23033.21,13255.27,9777.93,Paid
B106460,A106460,2024-11-13,6483.72,12974.5,14611.85,12479.65,2132.2,Paid
B106461,A106461,2025-09-10,11536.84,18234.8,25101.61,19954.87,5146.74,Paid
B106462,A106462,2025-05-28,9272.01,18789.12,16951.31,14684.46,2266.86,Pending
B106463,A106463,2024-06-12,10381.95,13146.39,33329.59,28357.23,4972.37,Paid
B106464,A106464,2024-09-15,9468.87,6876.49,12470.55,10450.88,2019.67,Paid
B106465,A106465,2025-09-30,2741.86,13041.01,11226.26,6214.6,5011.66,Paid
B106466,A106466,2025-04-14,21791.47,31046.18,46911.25,39424.41,7486.84,Pending
B106467,A106467,2024-02-22,744.01,16350.17,26657.46,16747.1,9910.36,Paid
B106468,A106468,2024-12-11,5370.55,50207.4,25876.73,15030.19,10846.54,Paid
B106469,A106469,2024-01-20,5336.13,30985.57,32598.59,20606.8,11991.79,Paid
B106470,A106470,2024-05-28,1360.99,10146.88,17474.21,14774.69,2699.52,Paid
B106471,A106471,2025-03-09,14553.57,4895.29,22767.38,19198.4,3568.98,Pending
B106472,A106472,2024-06-07,7254.04,12782.34,30942.29,21350.85,9591.44,Paid
B106473,A106473,2025-05-07,1846.0,26370.46,9670.31,7407.57,2262.74,Pending
B106474,A106474,2024-05-20,6639.28,8330.63,27940.73,21958.52,5982.21,Paid
B106475,A106475,2025-08-15,1049.76,15300.02,15274.18,11789.47,3484.71,Paid
B106476,A106476,2024-01-31,8829.24,15228.17,21971.17,16609.54,5361.63,Paid
B106477,A106477,2024-01-11,2009.87,10582.95,13909.25,11713.7,2195.55,Pending
B106478,A106478,2025-08-17,1810.3,5858.95,15115.19,10229.11,4886.07,Paid
B106479,A106479,2024-01-16,1305.13,3241.23,2919.48,1958.47,961.02,Paid
B106480,A106480,2025-03-15,9848.64,17618.63,29137.73,19618.2,9519.53,Paid
B106481,A106481,2025-02-11,9031.03,30061.11,34369.53,0.0,34369.53,Paid
B106482,A106482,2024-07-30,7387.58,16292.27,22098.24,19257.41,2840.83,Paid
B106483,A106483,2025-08-26,2239.37,12960.88,6350.71,3963.13,2387.58,Paid
B106484,A106484,2025-09-01,3525.19,1633.86,7200.43,5763.17,1437.26,Paid
B106485,A106485,2024-08-04,1883.86,2943.44,4360.89,3450.9,909.99,Paid
B106486,A106486,2025-05-17,6555.18,4309.12,7819.36,6355.97,1463.39,Partially Paid
B106487,A106487,2025-04-06,5031.88,8395.03,16518.5,12889.23,3629.27,Paid
B106488,A106488,2024-09-17,7548.52,4503.54,9986.51,5706.6,4279.91,Paid
B106489,A106489,2024-11-27,1867.29,11933.58,7468.46,4681.26,2787.2,Paid
B106490,A106490,2025-04-04,5582.07,8434.1,27127.95,24002.9,3125.04,Paid
B106491,A106491,2025-01-21,22740.44,40596.91,60627.34,37734.65,22892.7,Paid
B106492,A106492,2025-04-10,5298.39,4130.97,11381.37,7590.76,3790.62,Paid
B106493,A106493,2024-03-19,7485.43,6790.41,18974.67,16768.71,2205.96,Partially Paid
B106494,A106494,2024-09-18,7632.01,85925.57,94870.15,82958.12,11912.02,Paid
B106495,A106495,2024-01-29,2691.06,43817.7,19452.38,12568.76,6883.62,Pending
B106496,A106496,2025-11-22,2289.88,12272.73,10465.69,0.0,10465.69,Paid
B106497,A106497,2024-09-18,7607.52,8867.68,20797.73,12836.43,7961.3,Pending
B106498,A106498,2024-05-05,10993.88,6084.41,17192.33,0.0,17192.33,Pending
B106499,A106499,2024-11-08,2438.22,6201.38,5055.36,3141.05,1914.31,Paid
B106500,A106500,2024-04-24,9959.68,17591.19,21035.7,0.0,21035.7,Paid
B106501,A106501,2024-09-15,2234.8,5364.14,13467.34,7930.57,5536.77,Paid
B106502,A106502,2024-08-27,2501.38,24956.36,13683.09,0.0,13683.09,Paid
B106503,A106503,2025-05-13,5294.63,5312.51,9333.27,7672.08,1661.19,Paid
B106504,A106504,2024-02-15,3849.8,15776.63,14240.86,10315.49,3925.36,Paid
B106505,A106505,2024-05-04,6589.36,8307.5,13745.83,12140.16,1605.66,Paid
B106506,A106506,2025-03-30,2061.51,20029.47,22658.2,15523.6,7134.6,Paid
B106507,A106507,2026-01-01,1434.92,15499.57,10785.35,9331.14,1454.21,Paid
B106508,A106508,2025-06-08,2320.83,22010.22,14717.44,12124.57,2592.87,Pending
B106509,A106509,2024-04-03,114190.4,6317.11,122430.11,99747.32,22682.79,Paid
B106510,A106510,2024-12-29,10126.35,4654.24,22922.41,16414.64,6507.77,Partially Paid
B106511,A106511,2024-05-05,5001.86,10228.0,9130.87,6625.08,2505.79,Pending
B106512,A106512,2024-12-07,13628.36,10477.13,28551.45,18744.83,9806.62,Partially Paid
B106513,A106513,2025-08-31,6196.36,1475.89,8374.7,7274.08,1100.63,Paid
B106514,A106514,2025-05-31,1862.33,7044.0,8891.85,0.0,8891.85,Paid
B106515,A106515,2025-08-26,9467.44,3279.15,12377.35,8549.84,3827.51,Paid
B106516,A106516,2025-03-06,3793.47,11407.34,15105.0,11299.6,3805.4,Paid
B106517,A106517,2025-03-14,1105.79,13696.76,11703.55,7516.35,4187.2,Pending
B106518,A106518,2024-01-11,1752.33,10533.32,10815.62,6958.83,3856.8,Paid
B106519,A106519,2024-05-02,18175.81,7650.28,27407.38,18615.24,8792.14,Paid
B106520,A106520,2025-01-26,2408.02,13858.8,23128.19,19180.79,3947.4,Paid
B106521,A106521,2024-12-21,5463.93,16584.73,30302.11,17943.92,12358.19,Paid
B106522,A106522,2025-10-05,14571.14,3635.43,24699.69,19019.1,5680.59,Paid
B106523,A106523,2025-11-24,40953.48,11988.51,51842.84,46142.9,5699.94,Paid
B106524,A106524,2024-04-12,1238.62,12235.02,9041.54,7054.14,1987.4,Paid
B106525,A106525,2024-02-26,36636.67,49191.84,84738.55,59978.22,24760.33,Paid
B106526,A106526,2024-07-03,967.0,2861.31,5579.93,4176.23,1403.7,Partially Paid
B106527,A106527,2025-12-03,1993.34,25076.82,23318.56,13584.18,9734.39,Pending
B106528,A106528,2025-07-28,10614.13,39180.62,26838.66,18718.28,8120.38,Partially Paid
B106529,A106529,2025-11-07,2310.7,13532.39,14808.5,8783.37,6025.14,Paid
B106530,A106530,2024-08-25,4204.74,3832.77,11359.64,0.0,11359.64,Paid
B106531,A106531,2025-03-27,2288.66,24174.64,17955.91,12185.79,5770.12,Paid
B106532,A106532,2024-07-19,7200.72,3591.34,8759.45,7353.86,1405.59,Paid
B106533,A106533,2025-05-30,2502.34,12972.34,12932.54,9207.64,3724.9,Paid
B106534,A106534,2025-06-12,7936.43,11798.13,18916.3,0.0,18916.3,Paid
B106535,A106535,2024-08-02,9908.91,8685.11,13195.73,10186.55,3009.19,Paid
B106536,A106536,2025-01-14,2020.0,5422.72,7743.96,6098.11,1645.85,Paid
B106537,A106537,2025-07-05,733.21,23646.38,23516.96,0.0,23516.96,Pending
B106538,A106538,2025-05-12,2451.34,35497.2,25692.14,17490.55,8201.59,Pending
B106539,A106539,2024-12-29,8445.11,13151.87,12954.67,10943.71,2010.96,Paid
B106540,A106540,2024-06-17,5246.25,1311.75,9454.0,6816.19,2637.82,Paid
B106541,A106541,2025-11-18,2546.61,12671.47,24855.23,20264.47,4590.77,Partially Paid
B106542,A106542,2025-08-21,21366.03,6808.52,32380.65,19353.8,13026.85,Pending
B106543,A106543,2025-02-13,3322.44,16554.17,25041.6,17624.15,7417.44,Paid
B106544,A106544,2024-05-21,51852.36,18681.88,58328.03,35189.49,23138.54,Partially Paid
B106545,A106545,2024-08-30,9239.43,31662.21,47900.57,26907.7,20992.87,Paid
B106546,A106546,2024-04-26,652.92,7570.79,5619.49,4462.98,1156.51,Paid
B106547,A106547,2024-09-10,2376.94,5839.41,6524.74,0.0,6524.74,Paid
B106548,A106548,2025-05-10,14910.58,4132.16,20592.46,15479.72,5112.74,Paid
B106549,A106549,2024-10-19,21668.09,15959.45,31916.31,20991.81,10924.5,Paid
B106550,A106550,2024-02-28,480.55,29105.95,34003.55,29095.53,4908.01,Paid
B106551,A106551,2025-04-06,8214.23,35804.78,46429.19,0.0,46429.19,Pending
B106552,A106552,2025-06-07,1997.56,17373.17,12107.14,0.0,12107.14,Paid
B106553,A106553,2025-11-20,9798.46,8979.78,18406.52,12130.41,6276.11,Paid
B106554,A106554,2024-10-04,27040.24,14925.51,50814.18,31251.26,19562.92,Partially Paid
B106555,A106555,2025-03-09,6855.33,12484.68,19952.67,13475.63,6477.04,Partially Paid
B106556,A106556,2024-02-07,547.85,21448.97,25126.5,0.0,25126.5,Paid
B106557,A106557,2024-03-12,3498.93,6903.5,6954.49,5640.44,1314.06,Paid
B106558,A106558,2024-10-21,3996.68,5588.95,12170.17,10789.17,1381.0,Paid
B106559,A106559,2025-02-17,7524.61,35438.1,17613.96,11303.28,6310.69,Paid
B106560,A106560,2024-08-27,955.99,20563.22,16383.26,13571.2,2812.06,Paid
B106561,A106561,2024-08-25,13763.51,13379.33,32090.82,0.0,32090.82,Paid
B106562,A106562,2024-09-21,2668.69,4741.03,6561.52,0.0,6561.52,Paid
B106563,A106563,2025-08-16,37705.2,23313.43,53422.19,0.0,53422.19,Paid
B106564,A106564,2024-05-06,8353.18,24448.66,28764.2,20396.64,8367.56,Paid
B106565,A106565,2025-04-13,619.06,17228.8,14143.26,9310.07,4833.19,Paid
B106566,A106566,2025-06-06,6759.53,7332.31,14469.09,8102.98,6366.12,Partially Paid
B106567,A106567,2024-01-31,2199.83,11658.77,18405.56,15275.9,3129.66,Partially Paid
B106568,A106568,2025-12-10,472.52,10820.87,11875.69,8536.18,3339.51,Paid
B106569,A106569,2025-11-12,6661.48,3273.81,9332.3,5745.05,3587.25,Pending
B106570,A106570,2025-01-16,2189.06,12881.68,24536.38,18861.34,5675.04,Paid
B106571,A106571,2025-05-20,6869.38,13245.86,28084.28,0.0,28084.28,Pending
B106572,A106572,2025-03-14,2042.65,2574.1,5190.81,0.0,5190.81,Paid
B106573,A106573,2025-12-24,44275.96,8838.09,46961.62,35047.91,11913.71,Paid
B106574,A106574,2025-10-12,4929.54,22147.11,31754.63,19577.72,12176.91,Paid
B106575,A106575,2025-05-16,2010.07,9584.61,11806.3,7585.05,4221.25,Paid
B106576,A106576,2024-06-24,8484.02,4332.38,14843.29,8689.4,6153.88,Paid
B106577,A106577,2025-11-01,4939.98,13780.73,20397.07,12806.03,7591.05,Partially Paid
B106578,A106578,2025-08-24,1117.92,5027.69,9291.09,5722.03,3569.07,Paid
B106579,A106579,2025-05-26,4699.32,3721.41,8993.91,7831.62,1162.29,Paid
B106580,A106580,2024-11-09,5269.42,11985.1,20181.16,11886.74,8294.42,Paid
B106581,A106581,2024-03-14,7178.53,4845.47,13739.6,12093.41,1646.19,Paid
B106582,A106582,2024-07-26,38143.8,6517.58,49692.71,29814.98,19877.73,Paid
B106583,A106583,2024-12-16,48339.66,17536.47,67421.36,0.0,67421.36,Paid
B106584,A106584,2024-02-07,817.49,24725.25,27316.17,16838.0,10478.18,Pending
B106585,A106585,2024-02-15,1384.56,12134.83,6994.45,5456.11,1538.34,Paid
B106586,A106586,2024-04-30,3735.68,11306.36,13282.71,0.0,13282.71,Partially Paid
B106587,A106587,2024-01-19,26577.41,14370.54,42832.62,24950.0,17882.62,Paid
B106588,A106588,2024-11-18,11354.6,3793.54,13983.8,12343.14,1640.65,Paid
B106589,A106589,2025-09-28,8523.74,15652.79,36087.27,21797.53,14289.74,Paid
B106590,A106590,2024-12-04,3417.21,7311.44,12064.41,8577.36,3487.04,Paid
B106591,A106591,2025-06-21,56757.29,24006.72,65387.65,57369.98,8017.67,Paid
B106592,A106592,2025-11-27,1065.31,14301.87,21297.26,18282.43,3014.83,Paid
B106593,A106593,2025-08-20,14820.19,22182.87,32478.92,0.0,32478.92,Paid
B106594,A106594,2025-01-17,2615.76,6083.9,8288.56,0.0,8288.56,Paid
B106595,A106595,2025-05-30,2484.55,9999.63,13337.64,11062.12,2275.51,Partially Paid
B106596,A106596,2024-04-30,2336.29,1330.04,3772.51,3062.9,709.6,Paid
B106597,A106597,2024-02-02,7882.05,29226.65,22065.58,14042.34,8023.23,Paid
B106598,A106598,2025-06-21,5615.07,12317.86,10694.72,7163.73,3531.0,Partially Paid
B106599,A106599,2025-12-15,6753.76,5398.58,9967.79,6354.77,3613.02,Pending
B106600,A106600,2024-03-10,47461.85,24318.24,59504.84,0.0,59504.84,Pending
B106601,A106601,2025-04-07,9862.05,10719.39,16386.81,11837.69,4549.12,Partially Paid
B106602,A106602,2025-12-28,10323.52,3551.42,15205.26,13306.42,1898.84,Paid
B106603,A106603,2024-11-13,305.91,11363.35,16981.37,11121.97,5859.4,Paid
B106604,A106604,2025-08-14,5963.42,6629.99,12095.81,9849.04,2246.77,Pending
B106605,A106605,2024-08-15,9068.1,42428.79,58883.84,34568.34,24315.5,Partially Paid
B106606,A106606,2025-04-03,7461.71,9617.67,11694.36,7757.06,3937.3,Paid
B106607,A106607,2025-06-28,1937.36,13915.21,13427.58,9751.68,3675.9,Partially Paid
B106608,A106608,2025-12-25,2010.53,14612.89,31703.68,20097.47,11606.21,Paid
B106609,A106609,2025-08-05,26661.35,9425.07,32254.99,26473.03,5781.96,Paid
B106610,A106610,2025-04-20,5299.68,9466.84,18036.17,14627.11,3409.06,Pending
B106611,A106611,2024-12-26,837.54,5421.18,5136.41,0.0,5136.41,Paid
B106612,A106612,2024-05-17,8299.22,15047.32,53653.31,40050.48,13602.84,Partially Paid
B106613,A106613,2025-12-14,3359.22,8986.05,22559.6,15897.47,6662.14,Paid
B106614,A106614,2025-11-18,107522.01,8644.5,112886.39,67352.16,45534.22,Partially Paid
B106615,A106615,2024-03-30,1410.82,5881.43,13405.74,10909.75,2495.98,Paid
B106616,A106616,2024-12-18,18224.84,36985.53,41262.89,31126.08,10136.81,Pending
B106617,A106617,2025-02-03,10486.06,16145.99,17162.46,9621.58,7540.88,Paid
B106618,A106618,2025-05-03,4372.37,17903.32,18899.75,11373.1,7526.66,Paid
B106619,A106619,2025-11-01,11136.5,6458.66,21066.75,0.0,21066.75,Paid
B106620,A106620,2025-04-07,26427.64,12404.08,42789.15,35178.24,7610.91,Paid
B106621,A106621,2025-05-02,1029.84,39358.81,29629.15,0.0,29629.15,Paid
B106622,A106622,2024-08-04,4276.33,10471.51,33225.39,28032.92,5192.47,Paid
B106623,A106623,2025-06-20,1813.46,44688.77,50615.91,41315.88,9300.02,Paid
B106624,A106624,2025-11-13,23806.91,31070.48,53782.18,35739.24,18042.94,Paid
B106625,A106625,2025-07-30,1302.39,2883.67,4402.7,3066.81,1335.9,Pending
B106626,A106626,2024-11-04,86966.69,4914.3,93288.12,79230.0,14058.13,Paid
B106627,A106627,2024-03-24,5213.13,11230.11,27776.33,20168.64,7607.69,Paid
B106628,A106628,2024-01-23,1974.73,1874.86,5598.71,0.0,5598.71,Paid
B106629,A106629,2024-03-07,2118.44,31286.42,31830.58,24328.71,7501.88,Paid
B106630,A106630,2025-01-28,4350.39,15686.35,14622.42,10398.73,4223.69,Partially Paid
B106631,A106631,2024-02-29,2392.54,5976.01,10797.44,7342.16,3455.27,Pending
B106632,A106632,2024-06-19,11006.99,12703.66,15117.22,8376.14,6741.08,Partially Paid
B106633,A106633,2025-02-17,4958.73,6449.11,9605.44,8609.26,996.19,Paid
B106634,A106634,2025-12-18,21867.76,1484.01,25866.4,0.0,25866.4,Paid
B106635,A106635,2024-07-15,1533.51,17581.28,18292.21,10173.4,8118.81,Paid
B106636,A106636,2025-04-27,30452.65,3315.45,34591.49,22430.36,12161.14,Paid
B106637,A106637,2025-08-01,10648.69,34127.36,59107.6,38789.18,20318.42,Paid
B106638,A106638,2025-02-22,1214.13,10366.25,6216.18,4146.71,2069.46,Paid
B106639,A106639,2024-12-12,7165.0,14661.72,22116.72,14425.07,7691.66,Paid
B106640,A106640,2024-09-16,6842.74,1295.86,9875.41,8620.66,1254.75,Paid
B106641,A106641,2024-12-20,7420.16,21827.08,19460.57,15397.09,4063.48,Paid
B106642,A106642,2025-08-26,1490.81,10120.72,11221.39,8512.85,2708.54,Paid
B106643,A106643,2025-03-13,5182.47,1764.72,8351.49,0.0,8351.49,Paid
B106644,A106644,2024-08-15,37903.23,7439.27,45734.75,0.0,45734.75,Paid
B106645,A106645,2025-02-28,91487.82,23074.37,121650.32,0.0,121650.32,Paid
B106646,A106646,2024-12-16,31397.06,2599.5,34078.91,20844.42,13234.49,Paid
B106647,A106647,2025-04-29,5844.69,13216.89,18254.08,0.0,18254.08,Partially Paid
B106648,A106648,2025-08-29,3311.17,21484.47,24597.35,21842.02,2755.33,Paid
B106649,A106649,2024-03-07,1410.01,17116.97,17150.42,15356.01,1794.42,Paid
B106650,A106650,2024-06-02,26245.41,7891.02,32507.48,0.0,32507.48,Paid
B106651,A106651,2025-06-24,92068.8,3492.95,94641.59,62253.08,32388.5,Paid
B106652,A106652,2024-08-13,1435.24,2902.9,5605.03,5017.34,587.7,Paid
B106653,A106653,2024-11-15,1856.41,2846.16,4490.4,2495.9,1994.5,Paid
B106654,A106654,2025-07-17,1524.46,3171.18,6013.13,5313.57,699.56,Pending
B106655,A106655,2024-10-08,931.51,4788.82,5863.15,4625.98,1237.17,Paid
B106656,A106656,2025-07-15,1980.97,15942.26,15111.56,0.0,15111.56,Pending
B106657,A106657,2025-04-22,24837.16,6963.84,33558.33,28132.81,5425.51,Paid
B106658,A106658,2025-09-11,3545.22,4182.06,9305.0,8368.25,936.75,Partially Paid
B106659,A106659,2024-01-28,1846.72,9037.56,10656.02,0.0,10656.02,Paid
B106660,A106660,2025-06-03,7544.44,3751.69,10182.12,8746.15,1435.97,Paid
B106661,A106661,2025-01-04,2355.03,5293.41,6282.52,0.0,6282.52,Paid
B106662,A106662,2024-12-03,9475.93,12043.25,13894.05,11190.97,2703.08,Paid
B106663,A106663,2025-03-10,70412.71,4794.91,76924.1,64490.89,12433.21,Pending
B106664,A106664,2024-01-10,1464.4,14374.53,30094.38,19553.06,10541.32,Paid
B106665,A106665,2024-09-16,29150.02,8305.04,35253.76,21605.52,13648.24,Paid
B106666,A106666,2024-09-26,4936.27,27466.46,24070.68,13282.83,10787.84,Paid
B106667,A106667,2024-05-04,22855.96,14268.35,28016.43,18469.41,9547.02,Partially Paid
B106668,A106668,2025-12-24,5690.93,6883.87,16977.97,11466.87,5511.1,Partially Paid
B106669,A106669,2024-01-26,1009.6,9878.33,19157.98,13217.53,5940.46,Pending
B106670,A106670,2024-05-20,2026.4,4336.17,3748.19,0.0,3748.19,Partially Paid
B106671,A106671,2025-04-22,11855.09,2454.05,15577.74,9417.04,6160.7,Pending
B106672,A106672,2024-10-18,1482.29,10177.71,9871.64,8135.97,1735.67,Paid
B106673,A106673,2024-07-28,11825.74,8911.97,26695.68,15506.83,11188.84,Paid
B106674,A106674,2024-02-16,72302.31,9545.88,79065.16,50936.53,28128.63,Pending
B106675,A106675,2024-05-03,5971.02,13432.14,17165.65,11195.4,5970.26,Paid
B106676,A106676,2024-01-06,1712.79,2182.38,4385.22,2813.46,1571.76,Partially Paid
B106677,A106677,2024-08-06,2478.36,52396.27,35755.56,31885.52,3870.04,Paid
B106678,A106678,2025-09-28,3189.09,8149.09,12150.56,10232.24,1918.32,Partially Paid
B106679,A106679,2024-12-13,5211.58,10909.53,18574.51,0.0,18574.51,Pending
B106680,A106680,2024-05-31,18148.21,30612.61,45226.13,39849.19,5376.93,Paid
B106681,A106681,2025-01-07,1920.65,4263.16,3912.0,2657.63,1254.36,Paid
B106682,A106682,2024-09-08,3206.98,75735.59,72921.01,54808.62,18112.39,Paid
B106683,A106683,2024-06-13,1523.3,4035.7,3362.17,0.0,3362.17,Paid
B106684,A106684,2025-07-02,5366.52,7353.19,9590.07,7582.78,2007.29,Paid
B106685,A106685,2025-01-01,5533.72,12651.05,14468.82,8037.27,6431.55,Paid
B106686,A106686,2024-12-04,1877.76,12658.01,19158.21,14743.39,4414.82,Paid
B106687,A106687,2024-01-15,6644.44,12365.83,11827.16,8951.36,2875.8,Paid
B106688,A106688,2025-02-13,950.43,5945.81,7801.54,6009.16,1792.38,Paid
B106689,A106689,2024-03-16,1836.62,3772.0,5891.79,3361.11,2530.69,Paid
B106690,A106690,2024-10-27,1685.8,1495.89,5307.08,4722.46,584.62,Partially Paid
B106691,A106691,2025-01-18,2602.02,11605.67,10973.33,8145.12,2828.21,Paid
B106692,A106692,2025-12-20,18317.71,23475.18,58611.89,46601.07,12010.82,Paid
B106693,A106693,2025-09-28,1642.81,12159.34,12987.64,9509.15,3478.49,Paid
B106694,A106694,2025-08-15,4764.94,19891.83,30113.61,24587.2,5526.41,Paid
B106695,A106695,2024-01-30,1777.43,5881.13,4877.86,3011.18,1866.67,Paid
B106696,A106696,2025-04-08,3165.4,3869.63,6690.87,5224.78,1466.09,Pending
B106697,A106697,2025-02-04,2334.29,14284.34,10901.53,0.0,10901.53,Pending
B106698,A106698,2025-11-20,32744.07,15998.44,61889.03,48393.31,13495.73,Paid
B106699,A106699,2025-01-20,7012.71,14711.2,40401.18,0.0,40401.18,Paid
B106700,A106700,2025-03-01,52353.5,21472.66,72838.0,40946.27,31891.73,Paid
B106701,A106701,2025-01-01,5703.63,10877.97,10996.93,0.0,10996.93,Paid
B106702,A106702,2024-08-05,7966.72,6518.94,14185.51,12013.44,2172.07,Paid
B106703,A106703,2024-04-16,15890.13,21969.23,23367.47,17554.75,5812.73,Paid
B106704,A106704,2024-04-05,28626.67,10773.2,33145.77,28997.61,4148.17,Partially Paid
B106705,A106705,2025-08-05,3017.28,11557.59,21787.47,12228.57,9558.89,Pending
B106706,A106706,2024-09-27,1340.93,7861.79,12010.38,8640.82,3369.56,Paid
B106707,A106707,2024-08-01,7627.29,24298.88,38362.7,25449.96,12912.74,Paid
B106708,A106708,2024-03-25,1706.27,18212.75,16678.21,0.0,16678.21,Paid
B106709,A106709,2024-02-13,1040.27,15348.76,30342.34,20146.98,10195.36,Paid
B106710,A106710,2024-01-14,17210.16,12764.86,30239.0,17068.85,13170.15,Paid
B106711,A106711,2025-09-22,24940.77,7090.6,41238.13,23942.87,17295.27,Pending
B106712,A106712,2024-03-31,5956.31,3789.84,8095.17,6455.18,1639.99,Pending
B106713,A106713,2024-01-24,56101.81,8354.24,72191.53,41763.37,30428.16,Pending
B106714,A106714,2025-07-22,13103.46,9747.03,31673.15,27362.08,4311.07,Paid
B106715,A106715,2025-01-15,19814.22,18124.22,40486.13,0.0,40486.13,Paid
B106716,A106716,2024-04-09,55337.84,16821.18,69143.85,0.0,69143.85,Paid
B106717,A106717,2024-02-06,21088.76,10648.77,30098.33,0.0,30098.33,Paid
B106718,A106718,2025-10-25,1625.71,1838.1,6005.31,5223.34,781.97,Paid
B106719,A106719,2024-05-29,6858.59,43978.57,25663.98,0.0,25663.98,Partially Paid
B106720,A106720,2025-07-24,3908.96,4073.55,7787.21,4952.45,2834.76,Paid
B106721,A106721,2024-01-28,1238.25,22373.86,12714.51,9941.55,2772.96,Paid
B106722,A106722,2024-06-01,9634.29,14810.07,27478.13,19786.2,7691.93,Pending
B106723,A106723,2024-08-15,8877.99,18021.07,25072.77,21709.61,3363.16,Paid
B106724,A106724,2024-08-10,1971.41,14344.85,17048.5,9755.1,7293.4,Pending
B106725,A106725,2025-06-29,2530.59,10504.69,11046.82,8546.6,2500.23,Partially Paid
B106726,A106726,2025-07-15,1666.47,5168.18,12364.55,10464.9,1899.65,Partially Paid
B106727,A106727,2024-03-04,846.4,21722.9,21715.33,0.0,21715.33,Paid
B106728,A106728,2025-03-03,4195.22,12175.56,11554.26,9681.35,1872.91,Paid
B106729,A106729,2024-10-07,57769.24,11670.3,65767.24,0.0,65767.24,Paid
B106730,A106730,2024-05-21,1702.47,7447.18,6821.98,5959.21,862.77,Paid
B106731,A106731,2024-01-29,5068.03,19325.35,23350.74,16536.26,6814.48,Paid
B106732,A106732,2025-01-15,2265.19,12731.75,6411.69,0.0,6411.69,Paid
B106733,A106733,2025-01-10,1463.02,13239.12,7727.04,6263.4,1463.65,Paid
B106734,A106734,2024-03-10,2259.93,23360.62,33277.74,22184.47,11093.27,Paid
B106735,A106735,2025-07-24,7590.47,23422.47,37240.18,23348.75,13891.42,Paid
B106736,A106736,2024-12-13,2107.3,23377.91,25497.27,20381.63,5115.64,Paid
B106737,A106737,2024-06-25,945.06,43056.71,17899.74,15020.78,2878.96,Paid
B106738,A106738,2024-06-01,5734.17,3640.95,10812.18,9524.44,1287.74,Paid
B106739,A106739,2025-06-09,6296.68,6648.38,11949.98,7826.57,4123.41,Paid
B106740,A106740,2025-09-01,2058.72,7215.57,7791.28,5564.19,2227.09,Paid
B106741,A106741,2025-08-09,37509.85,4439.19,49825.28,30611.37,19213.9,Paid
B106742,A106742,2025-05-18,1200.47,5958.73,8882.25,0.0,8882.25,Paid
B106743,A106743,2025-07-19,2249.56,12337.87,26259.39,22003.67,4255.72,Partially Paid
B106744,A106744,2024-12-16,1734.34,10831.39,8963.75,6703.54,2260.21,Paid
B106745,A106745,2024-10-01,12846.36,6311.98,16982.52,14786.97,2195.55,Partially Paid
B106746,A106746,2025-03-10,44756.19,13856.67,52973.95,44340.36,8633.59,Paid
B106747,A106747,2025-08-31,6441.19,8853.47,9137.81,0.0,9137.81,Paid
B106748,A106748,2024-08-23,11009.67,10048.06,17369.94,14288.13,3081.81,Pending
B106749,A106749,2025-07-14,3311.33,2192.93,6222.46,3687.34,2535.12,Partially Paid
B106750,A106750,2024-08-07,2452.67,39791.86,25565.27,17025.37,8539.9,Paid
B106751,A106751,2025-03-31,5074.02,5971.71,14397.28,8516.24,5881.04,Partially Paid
B106752,A106752,2025-05-23,2123.98,14879.11,19494.05,0.0,19494.05,Paid
B106753,A106753,2025-08-15,7449.16,9937.44,18672.08,14229.48,4442.6,Paid
B106754,A106754,2024-08-08,95971.56,3354.87,100441.28,88727.48,11713.8,Paid
B106755,A106755,2024-03-23,4070.47,5065.73,10422.5,5994.75,4427.74,Paid
B106756,A106756,2025-07-08,1761.0,24238.15,21551.47,17503.8,4047.66,Paid
B106757,A106757,2025-09-19,11659.43,37957.15,68168.14,44155.92,24012.22,Pending
B106758,A106758,2025-12-05,12214.34,3613.06,20060.45,11667.09,8393.35,Paid
B106759,A106759,2025-06-26,18534.33,4173.38,24566.5,0.0,24566.5,Partially Paid
B106760,A106760,2024-09-10,7391.38,7883.96,14929.3,8493.93,6435.37,Paid
B106761,A106761,2025-09-01,1640.76,11519.88,9226.55,0.0,9226.55,Paid
B106762,A106762,2025-02-25,1104.87,23826.21,23774.58,14962.09,8812.49,Partially Paid
B106763,A106763,2024-03-30,1842.08,16114.23,13845.63,12125.14,1720.49,Pending
B106764,A106764,2025-09-14,103353.79,1898.31,104677.76,68692.27,35985.49,Paid
B106765,A106765,2024-08-14,6002.48,37366.36,19235.88,10777.24,8458.64,Partially Paid
B106766,A106766,2024-07-17,2307.33,10100.66,7393.09,4551.73,2841.36,Paid
B106767,A106767,2024-10-29,28795.84,14842.24,50198.3,35427.89,14770.41,Paid
B106768,A106768,2024-02-19,5013.48,10632.2,29226.56,25102.73,4123.83,Paid
B106769,A106769,2025-01-28,22860.42,3693.35,24144.72,15479.38,8665.34,Pending
B106770,A106770,2025-03-19,4650.78,1939.0,8550.85,6231.1,2319.75,Paid
B106771,A106771,2024-03-31,1707.32,2824.48,4443.06,2913.35,1529.7,Paid
B106772,A106772,2024-06-15,2436.21,31384.67,32724.52,24577.39,8147.13,Paid
B106773,A106773,2025-04-29,4990.66,24920.01,25972.68,15089.54,10883.14,Pending
B106774,A106774,2025-09-14,2293.26,6357.59,10877.38,0.0,10877.38,Paid
B106775,A106775,2024-03-04,1893.75,10104.97,17280.4,0.0,17280.4,Pending
B106776,A106776,2024-04-24,91295.86,18367.7,99021.43,88416.51,10604.92,Paid
B106777,A106777,2025-04-24,49119.19,3453.99,51876.04,45196.48,6679.57,Partially Paid
B106778,A106778,2025-09-13,1503.41,12702.95,19210.99,14913.53,4297.45,Paid
B106779,A106779,2025-08-22,49295.12,8280.36,59728.82,52070.79,7658.03,Paid
B106780,A106780,2024-02-20,6083.85,8679.23,11534.24,0.0,11534.24,Pending
B106781,A106781,2025-01-19,2225.57,10436.18,30228.21,19867.11,10361.1,Paid
B106782,A106782,2024-02-07,5247.33,23002.63,19673.84,11824.71,7849.14,Paid
B106783,A106783,2025-05-01,3839.9,1902.38,7577.82,6802.84,774.97,Paid
B106784,A106784,2025-08-31,2735.24,9644.98,17936.37,11402.51,6533.86,Paid
B106785,A106785,2025-06-15,2319.05,1315.57,3827.77,3266.41,561.35,Paid
B106786,A106786,2024-01-11,17819.87,11371.81,36107.47,25318.54,10788.94,Paid
B106787,A106787,2025-01-15,14274.39,12374.52,26473.6,17567.84,8905.76,Paid
B106788,A106788,2025-07-31,982.33,22058.01,22323.93,0.0,22323.93,Paid
B106789,A106789,2024-09-05,1299.22,19874.1,32407.38,0.0,32407.38,Pending
B106790,A106790,2025-06-27,1731.07,12602.83,8596.13,7258.42,1337.7,Pending
B106791,A106791,2025-08-12,1171.52,8986.54,9745.63,8335.97,1409.66,Paid
B106792,A106792,2025-08-08,10678.1,9130.33,21066.66,17003.34,4063.32,Paid
B106793,A106793,2025-08-22,2401.14,6100.37,16441.55,9405.85,7035.7,Pending
B106794,A106794,2024-12-25,1508.72,11506.22,6511.27,0.0,6511.27,Paid
B106795,A106795,2025-12-05,1603.37,87788.82,38615.73,32250.12,6365.61,Paid
B106796,A106796,2024-07-21,2915.87,10193.23,20027.5,17836.03,2191.47,Paid
B106797,A106797,2025-02-25,839.83,13234.18,14024.87,11938.95,2085.92,Paid
B106798,A106798,2025-10-25,2816.46,9798.68,24403.45,0.0,24403.45,Paid
B106799,A106799,2024-10-03,585.29,12340.83,6626.02,5554.16,1071.85,Paid
B106800,A106800,2025-05-24,2435.0,14536.23,27418.22,18604.78,8813.44,Paid
B106801,A106801,2024-02-07,16720.09,6343.85,26460.82,20758.07,5702.74,Paid
B106802,A106802,2025-09-18,5718.84,8922.31,12315.99,10043.33,2272.67,Partially Paid
B106803,A106803,2025-04-06,952.91,2538.75,4271.68,3100.89,1170.79,Pending
B106804,A106804,2026-01-01,5693.76,31782.6,25333.42,0.0,25333.42,Paid
B106805,A106805,2025-11-03,60328.33,9574.89,68950.43,60315.57,8634.86,Paid
B106806,A106806,2024-09-11,2222.22,2758.29,4637.12,0.0,4637.12,Paid
B106807,A106807,2025-09-29,20147.06,7432.68,37065.38,23590.17,13475.21,Paid
B106808,A106808,2025-05-29,4855.8,12944.45,8623.14,0.0,8623.14,Paid
B106809,A106809,2024-02-19,4502.4,8123.18,12032.82,9728.51,2304.31,Paid
B106810,A106810,2024-07-08,1963.59,13858.8,11926.13,9314.03,2612.1,Paid
B106811,A106811,2025-05-06,1231.13,3694.04,4366.22,3305.6,1060.62,Paid
B106812,A106812,2024-10-03,1089.36,9185.5,11849.15,0.0,11849.15,Paid
B106813,A106813,2025-09-07,8787.79,11399.58,17771.64,0.0,17771.64,Paid
B106814,A106814,2025-06-15,107722.18,15697.68,123641.98,73305.09,50336.89,Partially Paid
B106815,A106815,2024-05-10,1851.76,4404.8,15185.79,9447.47,5738.32,Paid
B106816,A106816,2024-08-02,8080.94,15650.38,26975.97,21653.02,5322.95,Pending
B106817,A106817,2025-09-16,6400.69,2558.7,10245.88,0.0,10245.88,Paid
B106818,A106818,2024-05-24,7209.48,7508.63,19687.86,0.0,19687.86,Paid
B106819,A106819,2024-06-23,1160.17,6532.8,9571.88,5753.29,3818.6,Paid
B106820,A106820,2025-11-12,600.94,8062.49,16663.31,0.0,16663.31,Paid
B106821,A106821,2025-03-26,1557.46,13413.17,16251.31,10739.17,5512.14,Paid
B106822,A106822,2024-05-03,1342.38,20277.85,7354.43,5071.49,2282.94,Paid
B106823,A106823,2025-12-20,4983.11,19649.71,20909.66,16206.5,4703.16,Paid
B106824,A106824,2024-01-15,2026.28,12070.49,7699.42,5385.55,2313.87,Pending
B106825,A106825,2024-11-01,826.46,6765.91,3307.87,0.0,3307.87,Paid
B106826,A106826,2024-06-07,6300.7,8085.07,12634.48,10461.43,2173.04,Paid
B106827,A106827,2024-12-02,45917.92,32648.04,105881.27,78395.8,27485.47,Pending
B106828,A106828,2025-06-22,2260.8,3257.53,6553.69,4597.7,1956.0,Paid
B106829,A106829,2025-03-21,2061.92,3869.56,5140.77,3421.68,1719.1,Paid
B106830,A106830,2024-12-10,2516.92,10601.78,8002.3,0.0,8002.3,Paid
B106831,A106831,2024-08-12,104275.73,9020.47,119069.09,92362.43,26706.66,Paid
B106832,A106832,2024-04-22,1879.19,11848.49,13476.27,11339.97,2136.3,Pending
B106833,A106833,2025-02-21,6474.56,27675.9,25416.5,15684.27,9732.23,Pending
B106834,A106834,2025-02-25,2052.31,10419.13,7001.07,6119.65,881.42,Pending
B106835,A106835,2025-08-27,11147.83,10037.52,21042.93,13788.52,7254.41,Paid
B106836,A106836,2025-05-31,1231.86,40511.8,50266.04,40083.02,10183.02,Pending
B106837,A106837,2024-02-11,20078.62,2726.28,23320.54,19050.03,4270.51,Pending
B106838,A106838,2025-05-25,3168.45,7705.32,10199.82,8542.73,1657.09,Partially Paid
B106839,A106839,2025-04-06,6875.59,10611.13,13115.06,9007.85,4107.2,Paid
B106840,A106840,2024-09-20,2026.99,1663.02,4664.49,3236.04,1428.45,Pending
B106841,A106841,2025-11-07,17725.21,25438.24,33834.67,26603.44,7231.23,Paid
B106842,A106842,2024-04-30,7703.67,12658.45,20278.34,17909.01,2369.32,Paid
B106843,A106843,2025-03-31,6384.74,19693.74,19523.4,17088.3,2435.11,Pending
B106844,A106844,2025-02-24,2394.49,30621.51,32961.89,26742.68,6219.21,Pending
B106845,A106845,2025-12-10,1365.59,5043.69,4526.02,2794.11,1731.91,Paid
B106846,A106846,2025-06-13,1734.56,12030.39,18719.42,0.0,18719.42,Paid
B106847,A106847,2025-04-09,19624.22,16324.91,33147.65,0.0,33147.65,Paid
B106848,A106848,2024-05-05,4321.64,19407.78,20950.23,18757.5,2192.73,Partially Paid
B106849,A106849,2024-08-05,3704.38,1219.41,4989.89,3701.77,1288.12,Paid
B106850,A106850,2025-12-20,638.37,4139.98,5728.27,0.0,5728.27,Paid
B106851,A106851,2024-03-25,4226.27,27954.4,38389.33,34335.46,4053.87,Paid
B106852,A106852,2025-02-26,29525.95,6687.78,35218.31,29797.89,5420.42,Paid
B106853,A106853,2024-06-22,1906.15,7693.03,8115.44,0.0,8115.44,Paid
B106854,A106854,2025-01-29,1847.85,7569.91,21528.39,19105.67,2422.72,Paid
B106855,A106855,2024-01-29,4399.91,11174.41,14178.32,9017.21,5161.11,Paid
B106856,A106856,2024-05-11,2092.34,15019.57,9542.24,8094.94,1447.3,Pending
B106857,A106857,2025-01-15,3820.13,27054.06,25457.0,0.0,25457.0,Partially Paid
B106858,A106858,2025-10-19,4477.67,5421.71,17929.43,10818.88,7110.55,Paid
B106859,A106859,2024-01-28,4330.38,15840.21,12265.34,10423.52,1841.82,Paid
B106860,A106860,2025-04-17,7230.95,12276.52,20054.19,11202.47,8851.72,Paid
B106861,A106861,2025-03-05,96954.31,21806.69,109440.78,0.0,109440.78,Pending
B106862,A106862,2024-07-01,4523.84,26246.23,25821.79,16313.71,9508.09,Paid
B106863,A106863,2025-06-23,872.88,5798.74,9254.77,5658.61,3596.16,Pending
B106864,A106864,2024-09-25,1808.84,11659.11,8677.06,6428.71,2248.34,Paid
B106865,A106865,2025-09-27,4800.11,12504.09,32866.65,28581.15,4285.5,Paid
B106866,A106866,2025-07-26,49834.84,7455.09,59281.25,52618.42,6662.83,Pending
B106867,A106867,2024-09-30,3310.47,10268.31,12128.96,7282.29,4846.67,Paid
B106868,A106868,2024-11-27,7614.12,7121.79,18456.71,15028.02,3428.69,Paid
B106869,A106869,2025-04-01,4061.54,3134.8,9187.38,7266.04,1921.34,Paid
B106870,A106870,2024-10-24,8793.52,7581.64,14392.58,9922.99,4469.59,Paid
B106871,A106871,2024-05-08,60073.91,30364.79,89656.61,0.0,89656.61,Paid
B106872,A106872,2024-06-11,2319.5,12352.62,13777.46,10078.47,3698.99,Paid
B106873,A106873,2024-06-30,5708.31,17507.51,20978.65,17287.93,3690.72,Pending
B106874,A106874,2025-10-19,14275.39,7002.13,22921.37,0.0,22921.37,Paid
B106875,A106875,2024-11-25,2259.52,5107.34,9504.45,0.0,9504.45,Paid
B106876,A106876,2024-11-03,2536.44,2250.09,5286.69,3041.99,2244.7,Paid
B106877,A106877,2024-03-30,3353.22,1526.11,7382.23,4205.01,3177.21,Pending
B106878,A106878,2024-02-11,9793.44,10896.75,22363.35,14102.13,8261.22,Paid
B106879,A106879,2025-08-17,8116.54,15768.0,14243.37,0.0,14243.37,Partially Paid
B106880,A106880,2024-12-14,6811.58,4950.13,16467.62,11588.69,4878.93,Paid
B106881,A106881,2024-09-28,8677.37,85178.58,33032.95,0.0,33032.95,Paid
B106882,A106882,2024-06-01,20012.8,13926.14,37692.65,33372.3,4320.35,Partially Paid
B106883,A106883,2024-01-23,907.2,24934.31,21337.83,11775.2,9562.64,Paid
B106884,A106884,2025-01-03,4137.5,6450.38,7146.14,5926.04,1220.1,Paid
B106885,A106885,2024-04-30,8538.84,5876.91,15104.31,8958.48,6145.83,Partially Paid
B106886,A106886,2025-12-09,82169.22,10678.01,99039.02,56376.67,42662.35,Partially Paid
B106887,A106887,2024-11-13,3365.19,4302.21,5518.2,4308.49,1209.71,Paid
B106888,A106888,2024-10-15,31942.82,2984.88,34531.98,0.0,34531.98,Paid
B106889,A106889,2024-12-18,6237.26,4561.56,10609.69,8495.5,2114.19,Paid
B106890,A106890,2024-10-25,4970.31,2544.75,11521.6,0.0,11521.6,Paid
B106891,A106891,2024-07-16,4579.44,10130.46,13129.47,7923.29,5206.18,Partially Paid
B106892,A106892,2025-02-01,66668.55,9155.43,89966.91,0.0,89966.91,Paid
B106893,A106893,2025-03-21,2156.03,5626.84,12929.63,8345.64,4583.99,Paid
B106894,A106894,2024-10-09,5599.76,7107.58,10146.5,7042.55,3103.95,Paid
B106895,A106895,2024-11-03,1292.45,9863.09,24117.24,20871.81,3245.43,Paid
B106896,A106896,2025-03-03,10352.9,2453.55,15955.38,0.0,15955.38,Paid
B106897,A106897,2024-09-12,19140.95,18420.17,27411.22,15384.78,12026.43,Paid
B106898,A106898,2025-06-10,2714.34,38577.96,33546.67,18690.44,14856.23,Paid
B106899,A106899,2025-11-18,50853.88,3752.25,54121.62,40818.36,13303.26,Paid
B106900,A106900,2025-02-10,1056.4,4363.62,2648.78,1887.6,761.18,Paid
B106901,A106901,2025-09-21,4365.85,54199.97,28547.58,20774.5,7773.08,Partially Paid
B106902,A106902,2024-09-03,5220.34,6206.09,13062.82,11652.65,1410.17,Paid
B106903,A106903,2025-01-04,1107.58,13207.38,13787.62,11073.16,2714.46,Paid
B106904,A106904,2024-05-03,2830.98,9834.51,17815.87,10752.94,7062.93,Paid
B106905,A106905,2025-03-17,1216.27,3035.91,9247.77,8276.7,971.07,Paid
B106906,A106906,2025-06-07,5964.39,57975.94,78528.3,57058.36,21469.94,Paid
B106907,A106907,2025-08-05,49369.99,4031.26,53769.79,40307.82,13461.97,Paid
B106908,A106908,2025-03-12,3690.04,7946.37,18267.72,0.0,18267.72,Paid
B106909,A106909,2024-07-06,2678.28,17180.0,21727.99,12721.95,9006.04,Paid
B106910,A106910,2025-04-09,53018.7,13347.72,68553.0,39770.03,28782.97,Partially Paid
B106911,A106911,2024-05-01,7309.5,10657.84,21197.81,12873.97,8323.84,Partially Paid
B106912,A106912,2024-02-20,2479.79,55022.49,39947.71,25001.29,14946.42,Paid
B106913,A106913,2024-06-05,10456.13,23370.53,45691.24,0.0,45691.24,Partially Paid
B106914,A106914,2025-06-14,1944.25,4471.03,10304.4,7183.26,3121.14,Paid
B106915,A106915,2024-10-04,2000.84,10551.1,21685.18,16775.97,4909.2,Partially Paid
B106916,A106916,2025-01-20,2069.65,1754.42,5905.91,0.0,5905.91,Paid
B106917,A106917,2024-04-15,1810.91,9492.54,12254.42,9655.71,2598.71,Paid
B106918,A106918,2024-03-14,82984.45,7935.45,90925.84,57715.84,33210.0,Paid
B106919,A106919,2025-12-11,6271.81,17784.2,18388.7,0.0,18388.7,Paid
B106920,A106920,2025-09-16,5674.22,4919.32,10413.91,9248.0,1165.91,Paid
B106921,A106921,2025-02-17,4487.58,23055.26,16222.22,0.0,16222.22,Paid
B106922,A106922,2024-12-15,5698.89,9035.5,9866.14,6798.38,3067.76,Paid
B106923,A106923,2025-01-11,1369.81,20146.6,21118.74,16890.42,4228.33,Paid
B106924,A106924,2025-09-13,24654.84,7344.21,38016.48,23494.21,14522.27,Paid
B106925,A106925,2025-07-10,3192.63,35621.61,32898.43,21201.17,11697.26,Paid
B106926,A106926,2024-10-22,6771.23,7596.32,18569.57,0.0,18569.57,Paid
B106927,A106927,2025-03-11,3991.27,59474.93,54861.06,44473.76,10387.31,Paid
B106928,A106928,2024-07-05,2455.51,20836.84,9795.13,8634.53,1160.6,Paid
B106929,A106929,2025-10-22,19757.59,11854.89,41987.87,37643.23,4344.65,Paid
B106930,A106930,2024-04-26,2184.43,7736.87,14097.96,9182.99,4914.98,Pending
B106931,A106931,2024-08-29,2807.41,15838.61,20701.97,0.0,20701.97,Paid
B106932,A106932,2024-04-06,13485.42,7582.07,25940.66,16579.55,9361.1,Paid
B106933,A106933,2024-09-17,2428.91,2185.14,5910.02,4865.06,1044.96,Paid
B106934,A106934,2024-04-22,4899.41,10696.1,18969.62,15720.39,3249.23,Paid
B106935,A106935,2024-09-02,5272.14,2896.8,9549.52,8488.43,1061.09,Partially Paid
B106936,A106936,2025-03-02,3509.63,17221.39,9853.06,8854.36,998.7,Paid
B106937,A106937,2024-12-03,61070.03,10191.92,67510.19,52181.09,15329.09,Paid
B106938,A106938,2024-01-25,13920.17,3877.75,18334.53,0.0,18334.53,Partially Paid
B106939,A106939,2024-09-28,2147.49,3008.42,5702.78,0.0,5702.78,Paid
B106940,A106940,2024-05-22,1677.33,12336.45,12468.6,10496.6,1972.01,Paid
B106941,A106941,2025-04-11,24070.94,2936.93,26990.37,19666.04,7324.34,Pending
B106942,A106942,2025-04-03,37625.22,10778.89,56366.34,35382.38,20983.96,Paid
B106943,A106943,2025-01-19,4078.64,2130.98,6407.74,5371.97,1035.77,Paid
B106944,A106944,2025-08-28,5689.75,15694.5,38731.16,29738.33,8992.84,Paid
B106945,A106945,2025-01-25,1039.46,17818.29,20072.04,15687.1,4384.94,Paid
B106946,A106946,2025-03-16,53667.12,8066.64,62579.42,0.0,62579.42,Paid
B106947,A106947,2025-02-28,5687.41,8195.97,13125.13,11465.0,1660.13,Paid
B106948,A106948,2024-06-06,1891.91,7134.75,4730.92,4064.43,666.49,Paid
B106949,A106949,2024-12-10,108301.26,44332.53,123366.02,0.0,123366.02,Paid
B106950,A106950,2025-06-19,26153.05,7738.81,43000.78,26452.39,16548.39,Paid
B106951,A106951,2025-08-08,7996.83,6034.13,26263.14,18781.52,7481.62,Paid
B106952,A106952,2024-05-21,5938.1,14088.3,21184.54,16486.87,4697.67,Paid
B106953,A106953,2025-12-31,1633.81,24445.26,39204.7,25489.22,13715.48,Paid
B106954,A106954,2025-05-22,1382.86,26917.63,29731.12,20848.13,8882.99,Partially Paid
B106955,A106955,2025-06-12,2672.68,14068.4,24150.32,14645.86,9504.46,Paid
B106956,A106956,2024-05-27,5205.86,13325.98,27708.3,18255.66,9452.63,Paid
B106957,A106957,2024-05-22,2777.09,9816.73,24522.76,18670.62,5852.14,Pending
B106958,A106958,2025-02-13,5478.38,9486.83,12015.29,7501.71,4513.58,Paid
B106959,A106959,2024-04-17,6452.43,39659.8,64699.87,56948.38,7751.49,Paid
B106960,A106960,2024-09-03,17681.86,20741.73,42083.1,37134.84,4948.26,Paid
B106961,A106961,2024-06-16,9015.44,10055.05,17679.71,13512.8,4166.91,Partially Paid
B106962,A106962,2024-11-24,1754.0,13598.71,9754.14,5801.06,3953.08,Partially Paid
B106963,A106963,2025-10-27,1103.02,20053.25,26326.14,0.0,26326.14,Paid
B106964,A106964,2024-08-08,5134.77,5515.77,15975.32,12885.4,3089.92,Paid
B106965,A106965,2025-09-18,6112.24,18106.9,33519.64,21254.93,12264.71,Partially Paid
B106966,A106966,2024-08-20,1523.23,3713.03,9386.15,7802.22,1583.94,Paid
B106967,A106967,2025-08-14,29157.8,41333.63,47391.4,26194.24,21197.17,Paid
B106968,A106968,2025-08-11,9481.69,9384.55,13616.82,8395.81,5221.01,Paid
B106969,A106969,2024-06-29,1247.43,7561.45,6981.97,4608.9,2373.07,Paid
B106970,A106970,2024-03-28,1999.25,16821.97,23903.82,21229.83,2673.99,Pending
B106971,A106971,2024-12-21,7754.39,7860.66,12275.62,9995.82,2279.79,Paid
B106972,A106972,2025-11-09,12314.45,13497.39,41011.45,0.0,41011.45,Paid
B106973,A106973,2025-11-14,5732.55,3630.59,15339.14,10922.89,4416.25,Paid
B106974,A106974,2024-06-21,3528.96,53381.66,33184.55,26285.66,6898.88,Paid
B106975,A106975,2025-03-04,16107.16,2660.87,21729.23,16651.03,5078.2,Paid
B106976,A106976,2025-02-07,7915.38,2158.97,10895.24,7759.04,3136.2,Paid
B106977,A106977,2024-02-13,5377.31,23771.4,57031.55,36557.76,20473.78,Paid
B106978,A106978,2024-05-02,6900.18,4118.9,12717.71,0.0,12717.71,Paid
B106979,A106979,2026-01-08,1189.2,23220.12,41507.6,0.0,41507.6,Paid
B106980,A106980,2025-06-05,8114.58,11218.26,37536.17,30600.32,6935.85,Pending
B106981,A106981,2025-01-20,1445.08,3749.51,5010.4,3617.46,1392.94,Paid
B106982,A106982,2025-03-04,1961.52,14751.36,13947.55,12136.78,1810.77,Paid
B106983,A106983,2025-04-21,9871.46,3575.1,12396.88,10978.36,1418.52,Partially Paid
B106984,A106984,2025-07-16,5811.74,10056.26,10522.87,8670.02,1852.85,Paid
B106985,A106985,2024-06-18,4156.54,8445.95,15537.96,9650.25,5887.71,Paid
B106986,A106986,2025-01-28,6226.42,15643.42,25215.03,21627.65,3587.39,Paid
B106987,A106987,2024-12-12,11915.98,18224.55,73619.38,52185.4,21433.98,Paid
B106988,A106988,2025-06-08,3133.99,5553.1,8909.06,5591.14,3317.91,Paid
B106989,A106989,2025-04-18,2139.23,12039.48,12687.87,10466.6,2221.27,Paid
B106990,A106990,2025-12-09,7011.03,9480.99,29146.66,20124.34,9022.32,Pending
B106991,A106991,2025-06-09,103289.57,7072.18,109730.29,69520.89,40209.39,Paid
B106992,A106992,2024-02-28,1099.79,9082.94,24626.06,18609.54,6016.52,Paid
B106993,A106993,2025-07-24,5965.04,5820.85,16186.6,9571.37,6615.23,Paid
B106994,A106994,2024-02-02,1092.9,43666.04,22874.74,15612.04,7262.7,Partially Paid
B106995,A106995,2024-01-24,29081.64,11077.56,48991.06,32881.23,16109.83,Partially Paid
B106996,A106996,2025-04-03,4363.07,6897.71,12223.98,0.0,12223.98,Pending
B106997,A106997,2024-11-23,47256.85,18126.78,69185.49,0.0,69185.49,Paid
B106998,A106998,2025-03-16,47163.61,30106.72,70648.16,54621.3,16026.86,Paid
B106999,A106999,2024-03-06,1816.78,30122.16,20775.11,11848.2,8926.91,Paid
B107000,A107000,2024-06-02,967.79,6135.83,5077.81,3615.66,1462.16,Pending
B107001,A107001,2025-03-19,1514.91,11556.34,16465.79,11920.44,4545.35,Paid
B107002,A107002,2024-03-02,1033.66,11097.3,10074.23,6729.07,3345.17,Paid
B107003,A107003,2025-12-31,4943.55,6720.36,12413.74,10061.29,2352.45,Paid
B107004,A107004,2025-07-30,4420.93,11357.93,11481.44,9193.72,2287.72,Paid
B107005,A107005,2025-10-26,1044.98,18286.88,25479.99,18665.16,6814.83,Pending
B107006,A107006,2024-10-20,5069.13,2674.31,8622.81,7330.83,1291.98,Paid
B107007,A107007,2024-07-03,5507.93,3881.49,17179.71,10155.09,7024.62,Partially Paid
B107008,A107008,2025-08-31,3768.51,5820.01,10634.2,0.0,10634.2,Paid
B107009,A107009,2024-03-20,1323.56,7978.09,9713.37,7652.83,2060.54,Paid
B107010,A107010,2025-10-18,2501.18,6475.26,8490.38,7413.18,1077.2,Paid
B107011,A107011,2024-04-21,6295.71,30277.03,26131.46,22239.27,3892.19,Pending
B107012,A107012,2024-10-01,2679.74,42195.65,64247.19,39012.69,25234.5,Paid
B107013,A107013,2025-09-02,113971.14,10822.92,122062.62,0.0,122062.62,Paid
B107014,A107014,2024-08-13,2300.94,8614.86,13083.07,0.0,13083.07,Paid
B107015,A107015,2025-05-05,876.67,15660.26,16531.35,0.0,16531.35,Paid
B107016,A107016,2025-12-03,9467.96,3493.85,12174.3,8242.43,3931.86,Paid
B107017,A107017,2024-05-09,9559.54,3799.45,12534.78,7804.14,4730.65,Paid
B107018,A107018,2024-11-17,22583.74,3835.33,34099.1,23527.25,10571.85,Pending
B107019,A107019,2025-12-11,9884.67,15984.79,22865.98,16389.86,6476.12,Paid
B107020,A107020,2025-05-30,9535.33,9043.45,17958.64,0.0,17958.64,Paid
B107021,A107021,2024-01-30,9215.2,36349.81,32320.62,0.0,32320.62,Partially Paid
B107022,A107022,2024-08-27,2259.06,16638.82,13965.83,10409.14,3556.68,Partially Paid
B107023,A107023,2025-08-23,2237.34,13527.69,13508.71,11953.75,1554.96,Paid
B107024,A107024,2025-08-30,13002.05,6265.47,21388.35,14363.6,7024.75,Paid
B107025,A107025,2025-07-11,4364.44,17646.44,21217.44,17380.96,3836.47,Partially Paid
B107026,A107026,2024-12-25,5612.84,12945.17,32787.66,28303.66,4484.0,Pending
B107027,A107027,2025-04-01,1863.46,14635.29,16242.13,0.0,16242.13,Paid
B107028,A107028,2025-08-10,2268.84,4953.23,7003.44,0.0,7003.44,Pending
B107029,A107029,2025-05-26,4776.73,9219.71,11222.97,9673.25,1549.71,Paid
B107030,A107030,2025-09-22,990.15,13103.64,11896.9,0.0,11896.9,Paid
B107031,A107031,2025-03-03,34020.1,8422.83,53984.58,38953.31,15031.27,Paid
B107032,A107032,2024-07-12,1828.32,6370.31,13506.76,10475.69,3031.07,Partially Paid
B107033,A107033,2024-05-11,2253.84,12917.62,21565.74,0.0,21565.74,Pending
B107034,A107034,2024-01-11,2495.27,10534.41,11096.97,6542.48,4554.49,Paid
B107035,A107035,2025-04-08,1813.1,14247.68,23719.16,13971.03,9748.13,Paid
B107036,A107036,2025-07-15,4001.66,11691.19,23163.88,15066.0,8097.88,Partially Paid
B107037,A107037,2025-07-31,5053.44,20328.28,34594.08,28486.59,6107.49,Partially Paid
B107038,A107038,2025-06-07,1965.65,8481.84,10770.97,9624.84,1146.12,Paid
B107039,A107039,2024-04-03,10955.85,18246.59,18454.94,13966.06,4488.89,Paid
B107040,A107040,2024-04-26,7280.87,21676.57,31552.56,24675.77,6876.79,Paid
B107041,A107041,2025-07-06,3233.8,4798.84,6736.06,6021.1,714.96,Partially Paid
B107042,A107042,2025-02-08,2036.54,25423.79,34575.73,21812.6,12763.13,Paid
B107043,A107043,2025-11-11,10750.2,4204.35,17950.13,10455.52,7494.61,Paid
B107044,A107044,2024-01-18,1653.86,17315.81,19799.69,0.0,19799.69,Partially Paid
B107045,A107045,2025-09-15,6414.65,4905.21,11824.88,7775.0,4049.88,Paid
B107046,A107046,2025-05-17,9740.75,22563.66,22702.67,17898.36,4804.31,Paid
B107047,A107047,2024-01-18,1320.85,5843.5,8335.3,5465.5,2869.81,Paid
B107048,A107048,2024-02-05,1650.26,7528.34,14129.36,10238.8,3890.56,Paid
B107049,A107049,2025-05-05,3906.39,3514.63,10153.09,5681.14,4471.96,Paid
B107050,A107050,2024-07-09,3403.85,12711.21,9913.11,8710.13,1202.98,Paid
B107051,A107051,2025-08-07,3335.01,33248.2,53268.99,40296.13,12972.86,Pending
B107052,A107052,2025-04-04,10531.82,4608.09,14606.79,0.0,14606.79,Paid
B107053,A107053,2024-02-24,1826.52,9613.49,10134.57,0.0,10134.57,Paid
B107054,A107054,2024-10-03,7380.11,12284.9,27210.2,24001.01,3209.18,Paid
B107055,A107055,2025-04-09,1387.02,3957.15,2900.03,2215.64,684.39,Paid
B107056,A107056,2024-02-14,5519.78,6986.81,10533.08,8296.37,2236.72,Pending
B107057,A107057,2025-06-24,845.25,6940.85,5676.23,3675.33,2000.9,Pending
B107058,A107058,2025-07-26,18903.46,14385.93,25776.53,0.0,25776.53,Paid
B107059,A107059,2024-05-10,1121.13,18987.53,43415.97,35852.74,7563.23,Paid
B107060,A107060,2025-09-23,2219.92,18651.97,32280.7,17998.02,14282.67,Paid
B107061,A107061,2024-11-25,54913.36,55988.83,90068.98,0.0,90068.98,Paid
B107062,A107062,2024-04-29,30159.65,18036.13,42255.32,26093.61,16161.71,Paid
B107063,A107063,2025-09-26,59296.39,41361.55,81714.55,50055.53,31659.02,Paid
B107064,A107064,2025-04-01,4949.27,11595.42,14118.35,9389.83,4728.51,Paid
B107065,A107065,2025-11-21,3015.58,10711.05,12404.48,10946.32,1458.16,Paid
B107066,A107066,2025-09-19,4891.22,15378.76,20816.97,0.0,20816.97,Pending
B107067,A107067,2025-09-04,14982.28,3021.9,18601.54,16389.4,2212.14,Paid
B107068,A107068,2025-06-10,2363.38,15077.27,13609.45,7858.45,5750.99,Pending
B107069,A107069,2025-10-09,15393.68,3215.51,17301.75,0.0,17301.75,Paid
B107070,A107070,2024-12-08,2669.5,21143.55,12208.04,8872.42,3335.61,Paid
B107071,A107071,2024-08-31,4338.89,13912.58,10929.92,7703.89,3226.03,Paid
B107072,A107072,2025-01-21,2079.2,3599.77,3500.0,3139.52,360.47,Pending
B107073,A107073,2024-05-27,9377.45,12434.19,16601.72,11880.33,4721.39,Paid
B107074,A107074,2025-01-14,29543.47,5168.74,39141.54,24797.42,14344.12,Paid
B107075,A107075,2024-01-18,757.32,49379.17,62052.57,48108.89,13943.68,Pending
B107076,A107076,2024-11-29,5854.8,24224.36,21456.33,13654.46,7801.87,Paid
B107077,A107077,2024-07-20,8458.17,12147.8,30163.73,17980.63,12183.1,Paid
B107078,A107078,2025-01-25,2040.54,5050.34,5067.75,0.0,5067.75,Paid
B107079,A107079,2025-10-05,5025.3,7246.55,11980.12,9626.57,2353.55,Paid
B107080,A107080,2024-09-18,1091.28,3086.64,3617.76,2561.39,1056.37,Paid
B107081,A107081,2025-09-01,1707.83,30245.54,19201.09,12725.0,6476.1,Paid
B107082,A107082,2024-04-05,9387.71,3745.86,11901.74,7183.66,4718.09,Pending
B107083,A107083,2024-09-18,4396.67,19380.47,11373.94,9446.97,1926.96,Pending
B107084,A107084,2024-05-21,82389.14,11478.29,96038.42,0.0,96038.42,Pending
B107085,A107085,2025-06-11,1262.7,5030.46,7966.26,0.0,7966.26,Paid
B107086,A107086,2025-12-15,4061.69,15776.23,14779.7,10344.03,4435.68,Paid
B107087,A107087,2025-05-19,13358.91,23086.74,33844.05,22245.88,11598.17,Paid
B107088,A107088,2024-06-28,11036.96,7504.17,14748.2,12399.8,2348.4,Paid
B107089,A107089,2024-04-26,8717.18,15159.33,23068.8,20133.61,2935.19,Paid
B107090,A107090,2024-09-26,11168.44,15261.98,19373.16,0.0,19373.16,Paid
B107091,A107091,2025-02-20,20691.75,5054.51,29220.9,16444.87,12776.03,Paid
B107092,A107092,2025-01-05,1767.7,5387.55,9105.22,5280.69,3824.53,Paid
B107093,A107093,2025-08-16,876.32,11257.69,13611.55,0.0,13611.55,Pending
B107094,A107094,2025-01-24,10943.8,51324.6,60795.09,48850.11,11944.98,Pending
B107095,A107095,2025-08-11,109363.93,10334.66,119369.57,79296.12,40073.45,Paid
B107096,A107096,2025-01-19,2687.83,7754.54,11571.6,10350.42,1221.19,Paid
B107097,A107097,2025-11-04,23251.76,3476.89,25661.17,0.0,25661.17,Partially Paid
B107098,A107098,2025-05-27,1995.2,3957.04,8969.94,7041.42,1928.51,Paid
B107099,A107099,2025-12-15,5704.5,7975.3,14633.34,10415.0,4218.34,Paid
B107100,A107100,2025-01-15,5674.02,14803.39,19644.82,12932.62,6712.2,Pending
B107101,A107101,2025-07-01,25743.17,5713.65,31908.2,23813.83,8094.37,Pending
B107102,A107102,2024-03-21,3721.63,22949.65,34777.1,22142.37,12634.73,Paid
B107103,A107103,2025-05-26,7339.64,34261.46,26187.56,20033.59,6153.97,Partially Paid
B107104,A107104,2024-12-21,6743.64,13778.6,15266.42,13713.24,1553.17,Paid
B107105,A107105,2025-12-18,13644.95,33377.66,45089.03,0.0,45089.03,Paid
B107106,A107106,2024-11-24,1591.22,8231.29,11685.83,7948.91,3736.92,Paid
B107107,A107107,2025-01-27,4751.77,19646.17,21403.45,18281.96,3121.49,Paid
B107108,A107108,2024-08-29,8197.55,3584.27,16325.64,0.0,16325.64,Paid
B107109,A107109,2024-03-15,5205.66,3757.34,6909.51,6003.3,906.21,Paid
B107110,A107110,2024-02-02,3996.15,6759.41,10454.78,8305.81,2148.97,Paid
B107111,A107111,2025-04-26,7063.3,11614.23,12443.09,6927.77,5515.32,Paid
B107112,A107112,2024-01-21,22268.77,25858.29,44617.19,30434.47,14182.72,Paid
B107113,A107113,2025-12-19,2344.15,5487.89,7982.54,5467.65,2514.88,Paid
B107114,A107114,2024-11-13,98190.45,8380.22,106353.37,0.0,106353.37,Partially Paid
B107115,A107115,2024-03-18,531.42,24898.27,42259.11,31936.04,10323.07,Partially Paid
B107116,A107116,2025-10-07,17636.17,15791.49,40091.17,22621.14,17470.03,Partially Paid
B107117,A107117,2025-06-25,2684.8,14842.73,15783.22,0.0,15783.22,Partially Paid
B107118,A107118,2025-11-27,932.92,3867.02,3066.78,2284.98,781.8,Paid
B107119,A107119,2025-10-18,3251.18,18458.76,25729.99,20372.25,5357.74,Pending
B107120,A107120,2024-10-19,3565.94,5953.08,6986.18,5159.09,1827.08,Paid
B107121,A107121,2025-09-14,5176.48,9213.13,11307.98,0.0,11307.98,Paid
B107122,A107122,2024-01-30,2255.49,8549.09,20683.16,18398.91,2284.25,Pending
B107123,A107123,2025-02-22,56164.39,9848.64,64424.85,38430.03,25994.82,Paid
B107124,A107124,2025-12-16,9355.22,43167.98,30576.19,0.0,30576.19,Paid
B107125,A107125,2025-11-12,1976.68,2083.59,3765.07,2341.67,1423.41,Pending
B107126,A107126,2024-02-12,4778.57,9334.49,14969.24,8558.52,6410.72,Paid
B107127,A107127,2024-04-15,5484.54,16649.78,15589.08,12754.58,2834.49,Paid
B107128,A107128,2025-07-04,4606.62,12257.23,14476.93,12308.75,2168.19,Paid
B107129,A107129,2024-02-28,1563.81,72875.5,52800.97,31286.56,21514.4,Paid
B107130,A107130,2024-08-03,55680.74,10275.46,62937.77,0.0,62937.77,Paid
B107131,A107131,2025-08-21,7885.96,24728.06,27005.9,0.0,27005.9,Paid
B107132,A107132,2024-06-22,4378.04,8085.25,7142.1,4881.9,2260.19,Paid
B107133,A107133,2025-03-24,72982.48,19889.75,85905.23,60544.94,25360.28,Paid
B107134,A107134,2024-03-06,3531.86,30455.96,31411.28,28021.4,3389.89,Paid
B107135,A107135,2025-02-27,2290.89,53911.83,22037.62,17744.65,4292.97,Paid
B107136,A107136,2025-06-29,1565.85,31824.61,20113.84,17550.53,2563.31,Paid
B107137,A107137,2025-01-01,1549.35,4606.7,7806.03,0.0,7806.03,Paid
B107138,A107138,2025-01-05,3305.7,17909.37,11575.65,0.0,11575.65,Paid
B107139,A107139,2024-12-19,1058.33,42756.38,38580.45,34314.59,4265.86,Paid
B107140,A107140,2024-10-27,1005.48,18067.76,14055.26,9832.93,4222.33,Paid
B107141,A107141,2024-12-10,1014.95,9479.52,13375.56,9285.24,4090.31,Partially Paid
B107142,A107142,2025-08-30,5914.0,3020.66,9043.78,0.0,9043.78,Paid
B107143,A107143,2025-06-09,1531.32,4912.24,12035.68,6806.39,5229.28,Partially Paid
B107144,A107144,2025-09-26,996.25,22234.48,26941.21,19006.42,7934.79,Paid
B107145,A107145,2024-09-28,1183.48,23466.99,31774.41,0.0,31774.41,Pending
B107146,A107146,2025-06-11,9901.02,8256.11,23272.28,20102.84,3169.44,Paid
B107147,A107147,2025-10-28,6212.5,1476.05,7684.71,0.0,7684.71,Paid
B107148,A107148,2024-02-12,4796.32,22291.89,24965.22,0.0,24965.22,Paid
B107149,A107149,2024-05-20,2477.97,34767.2,47258.21,0.0,47258.21,Partially Paid
B107150,A107150,2025-01-20,1752.63,4913.29,8329.51,0.0,8329.51,Partially Paid
B107151,A107151,2024-08-22,4938.6,17258.47,44298.21,27538.16,16760.04,Partially Paid
B107152,A107152,2024-05-25,928.5,9800.37,6068.57,3908.95,2159.61,Paid
B107153,A107153,2025-03-14,11290.11,13049.96,32702.93,28313.78,4389.15,Paid
B107154,A107154,2025-01-30,11444.49,16945.28,41206.36,0.0,41206.36,Partially Paid
B107155,A107155,2024-03-08,5249.48,47586.76,65111.65,46507.24,18604.41,Partially Paid
B107156,A107156,2024-01-31,31909.39,8481.82,53075.01,42502.93,10572.08,Paid
B107157,A107157,2025-02-01,805.59,3626.17,13675.87,11072.98,2602.89,Paid
B107158,A107158,2025-10-04,7289.38,24146.24,20535.82,13525.28,7010.54,Paid
B107159,A107159,2024-05-04,2189.16,26676.5,22975.36,0.0,22975.36,Partially Paid
B107160,A107160,2025-11-05,4394.57,3710.51,9621.08,6538.42,3082.66,Paid
B107161,A107161,2025-08-09,5338.82,2668.1,8366.46,4897.16,3469.3,Paid
B107162,A107162,2024-07-06,4016.45,10325.91,9532.45,7063.25,2469.2,Pending
B107163,A107163,2024-07-17,77452.8,17233.7,90513.78,72948.87,17564.91,Paid
B107164,A107164,2025-05-06,2718.83,15874.11,20753.74,13122.44,7631.3,Paid
B107165,A107165,2025-09-28,19098.35,5364.14,34036.64,0.0,34036.64,Paid
B107166,A107166,2025-12-22,11595.29,2900.45,14908.49,12604.54,2303.96,Pending
B107167,A107167,2025-01-22,2435.41,8639.06,11798.13,10134.51,1663.62,Paid
B107168,A107168,2024-12-13,23123.08,8513.79,30183.14,0.0,30183.14,Paid
B107169,A107169,2025-04-21,12262.77,11773.09,23899.83,16691.12,7208.71,Paid
B107170,A107170,2025-11-26,5886.42,45852.4,76156.99,45670.15,30486.83,Partially Paid
B107171,A107171,2024-01-11,1497.72,16552.06,16782.97,13278.23,3504.75,Paid
B107172,A107172,2024-02-22,4783.92,4484.71,13253.64,0.0,13253.64,Paid
B107173,A107173,2025-05-23,6380.63,15766.79,14456.25,11451.31,3004.94,Pending
B107174,A107174,2024-08-02,6030.96,7203.76,23533.98,14735.86,8798.12,Pending
B107175,A107175,2025-06-13,102096.11,8359.26,111054.11,65276.26,45777.85,Pending
B107176,A107176,2025-11-30,93864.45,86149.67,146195.5,80498.65,65696.85,Paid
B107177,A107177,2024-10-13,1495.56,10926.62,11526.51,8394.26,3132.25,Paid
B107178,A107178,2025-01-17,5204.96,9701.13,15652.75,13341.86,2310.89,Paid
B107179,A107179,2024-11-26,1913.51,12965.67,10991.39,8922.96,2068.43,Paid
B107180,A107180,2024-10-26,47408.02,4529.25,51181.36,32831.08,18350.28,Paid
B107181,A107181,2025-11-29,1432.64,8478.34,10267.46,0.0,10267.46,Paid
B107182,A107182,2024-05-19,6447.4,8645.5,11085.23,9816.69,1268.54,Paid
B107183,A107183,2024-05-07,1034.52,7457.41,13250.55,11124.66,2125.9,Paid
B107184,A107184,2025-01-28,55604.52,8171.41,58055.02,44599.71,13455.3,Paid
B107185,A107185,2025-02-15,7270.41,32706.18,38948.19,0.0,38948.19,Paid
B107186,A107186,2025-04-30,74389.57,23777.33,86098.93,0.0,86098.93,Paid
B107187,A107187,2025-02-14,1754.0,29194.24,32565.29,22194.47,10370.82,Paid
B107188,A107188,2025-07-31,1551.26,12687.9,28839.31,22918.89,5920.41,Paid
B107189,A107189,2025-01-02,114688.91,15780.32,137989.43,102189.4,35800.03,Paid
B107190,A107190,2024-03-09,19810.57,8620.27,25838.67,0.0,25838.67,Paid
B107191,A107191,2025-03-08,4436.74,17662.85,20977.75,15440.61,5537.13,Paid
B107192,A107192,2025-12-16,88617.59,7573.5,91044.7,81123.47,9921.23,Paid
B107193,A107193,2025-06-06,72082.35,3158.33,81077.43,70132.54,10944.89,Paid
B107194,A107194,2025-03-12,80381.4,16750.74,93285.11,0.0,93285.11,Paid
B107195,A107195,2024-04-19,5584.26,14237.62,14859.0,13074.45,1784.55,Paid
B107196,A107196,2024-03-31,2482.9,6032.39,9136.73,0.0,9136.73,Paid
B107197,A107197,2025-08-26,77756.23,5368.28,86643.79,73172.29,13471.49,Partially Paid
B107198,A107198,2024-01-07,4635.35,1528.19,5845.84,4881.7,964.14,Paid
B107199,A107199,2024-06-12,1831.18,13306.63,16987.77,15058.37,1929.4,Pending
B107200,A107200,2025-02-02,1045.67,43222.12,79693.47,0.0,79693.47,Paid
B107201,A107201,2024-12-01,1056.3,13279.27,13388.37,10659.28,2729.08,Pending
B107202,A107202,2024-04-20,4862.47,35904.06,39808.29,35049.81,4758.49,Paid
B107203,A107203,2024-08-14,4385.64,11905.71,20597.96,11784.95,8813.01,Paid
B107204,A107204,2025-02-06,1180.73,4180.03,3604.54,0.0,3604.54,Partially Paid
B107205,A107205,2025-11-19,4143.64,20403.36,19285.48,16906.35,2379.13,Paid
B107206,A107206,2025-07-01,1671.7,4486.56,9750.76,7094.72,2656.05,Paid
B107207,A107207,2025-05-26,1056.63,7691.43,10964.43,8684.09,2280.34,Pending
B107208,A107208,2025-11-29,1347.27,18524.85,15037.36,8347.84,6689.52,Paid
B107209,A107209,2024-07-12,1946.24,36403.04,13981.19,0.0,13981.19,Paid
B107210,A107210,2024-03-31,11862.42,13322.64,22425.44,12470.43,9955.01,Paid
B107211,A107211,2025-08-17,87041.6,55206.99,126700.16,89682.46,37017.7,Pending
B107212,A107212,2025-01-18,1998.99,13891.17,16162.25,9538.21,6624.04,Partially Paid
B107213,A107213,2025-06-23,7360.58,2536.47,9880.41,8162.1,1718.31,Paid
B107214,A107214,2025-02-20,1441.39,5831.99,14583.47,9217.06,5366.41,Paid
B107215,A107215,2025-06-09,2884.21,27482.64,14496.35,0.0,14496.35,Pending
B107216,A107216,2025-11-29,1186.96,15434.41,15855.58,10630.75,5224.83,Paid
B107217,A107217,2024-10-27,1927.94,11378.65,13109.79,8232.69,4877.1,Paid
B107218,A107218,2024-09-21,8337.85,10552.63,28848.67,23187.88,5660.79,Paid
B107219,A107219,2025-01-23,14649.89,12082.7,27695.34,0.0,27695.34,Paid
B107220,A107220,2024-11-02,9006.66,8913.0,13839.77,11379.34,2460.43,Pending
B107221,A107221,2024-11-13,7212.25,8993.14,9794.06,0.0,9794.06,Paid
B107222,A107222,2025-12-22,1838.07,13080.06,13873.04,0.0,13873.04,Paid
B107223,A107223,2024-03-21,3173.14,10955.34,20349.51,15631.12,4718.39,Paid
B107224,A107224,2025-11-17,2071.73,25135.54,27248.9,17703.57,9545.33,Paid
B107225,A107225,2025-01-20,1800.81,12549.05,25541.16,19815.03,5726.13,Partially Paid
B107226,A107226,2025-04-07,8560.65,4671.96,12601.33,0.0,12601.33,Partially Paid
B107227,A107227,2024-03-01,1123.62,21015.06,19092.57,15184.4,3908.17,Paid
B107228,A107228,2024-03-25,24988.52,6563.25,31814.75,24946.14,6868.61,Paid
B107229,A107229,2025-11-14,5796.12,20076.01,25249.09,20019.49,5229.61,Paid
B107230,A107230,2024-06-29,1544.01,6901.7,14756.34,12524.84,2231.5,Paid
B107231,A107231,2025-01-20,8325.43,6538.62,20584.89,0.0,20584.89,Paid
B107232,A107232,2024-06-07,2507.81,20849.73,25828.55,21251.05,4577.5,Paid
B107233,A107233,2024-10-19,4187.39,37971.17,19036.91,12647.67,6389.24,Paid
B107234,A107234,2024-12-12,1107.7,3899.97,8867.13,7337.4,1529.73,Paid
B107235,A107235,2025-02-18,2307.49,11166.82,26961.11,17799.99,9161.12,Paid
B107236,A107236,2025-12-19,14051.59,3226.7,15313.88,10370.53,4943.35,Pending
B107237,A107237,2024-01-31,5698.99,4296.68,7745.61,6631.19,1114.41,Paid
B107238,A107238,2026-01-11,11258.82,14543.54,38231.64,24387.76,13843.88,Pending
B107239,A107239,2025-03-03,22654.74,25872.1,41698.34,0.0,41698.34,Paid
B107240,A107240,2024-08-21,2053.23,6815.2,7990.78,5048.34,2942.44,Paid
B107241,A107241,2024-12-30,9315.58,11151.48,34851.24,22118.15,12733.09,Paid
B107242,A107242,2024-06-18,4396.2,20920.77,39427.61,30014.21,9413.4,Paid
B107243,A107243,2026-01-06,3013.88,35929.19,28067.63,0.0,28067.63,Paid
B107244,A107244,2024-08-16,23932.16,3079.04,28385.01,22064.31,6320.7,Pending
B107245,A107245,2024-08-15,9052.09,29530.38,21394.5,17283.16,4111.34,Partially Paid
B107246,A107246,2024-03-21,1937.52,27891.4,14582.45,12687.67,1894.78,Paid
B107247,A107247,2025-02-07,1206.64,16216.71,13901.57,11309.55,2592.03,Pending
B107248,A107248,2024-04-08,6315.58,6827.73,21618.64,18272.92,3345.72,Paid
B107249,A107249,2025-04-21,2262.1,5242.03,8551.0,0.0,8551.0,Paid
B107250,A107250,2024-04-06,2035.08,5822.09,8592.62,5664.79,2927.84,Paid
B107251,A107251,2024-05-07,1659.08,15555.41,19114.87,16837.32,2277.55,Pending
B107252,A107252,2025-05-22,4192.19,30412.09,29579.68,0.0,29579.68,Paid
B107253,A107253,2025-09-19,9716.14,28838.65,28132.71,22073.83,6058.88,Partially Paid
B107254,A107254,2024-02-21,2599.12,15751.36,17758.77,13945.13,3813.64,Paid
B107255,A107255,2024-04-11,7836.03,28164.14,33905.32,30461.9,3443.42,Paid
B107256,A107256,2025-04-28,89786.29,8486.76,120061.58,95900.33,24161.25,Paid
B107257,A107257,2024-02-07,10314.5,8946.81,26449.24,21604.4,4844.84,Paid
B107258,A107258,2024-04-29,4582.58,3077.24,7080.34,6157.86,922.48,Paid
B107259,A107259,2025-10-08,1887.37,4704.56,8792.07,5797.57,2994.5,Pending
B107260,A107260,2024-09-09,3950.57,3098.3,9132.21,7652.3,1479.91,Pending
B107261,A107261,2024-10-30,4752.76,2732.59,8347.79,0.0,8347.79,Paid
B107262,A107262,2024-05-02,3012.88,2606.21,6175.51,3654.39,2521.12,Paid
B107263,A107263,2024-08-12,1353.86,17848.29,24431.57,0.0,24431.57,Paid
B107264,A107264,2024-02-23,4256.42,1897.77,6330.82,3494.23,2836.6,Paid
B107265,A107265,2024-05-09,1031.83,10495.95,16778.41,11788.52,4989.89,Paid
B107266,A107266,2024-06-27,1211.85,32577.97,46333.95,41485.14,4848.81,Pending
B107267,A107267,2025-11-08,115615.94,26481.33,140551.39,90965.83,49585.56,Paid
B107268,A107268,2025-08-30,8076.5,27052.86,22534.19,13812.82,8721.37,Paid
B107269,A107269,2024-06-27,4884.78,11942.9,14747.94,10438.54,4309.4,Paid
B107270,A107270,2024-10-23,11530.98,22399.74,25918.2,20947.54,4970.66,Paid
B107271,A107271,2024-06-11,47514.6,5278.01,54017.09,0.0,54017.09,Paid
B107272,A107272,2025-05-10,17971.45,15397.77,28991.23,21370.02,7621.21,Paid
B107273,A107273,2024-12-26,2195.43,8001.81,14141.15,10119.21,4021.94,Paid
B107274,A107274,2025-09-30,900.96,12640.34,14145.57,10592.67,3552.89,Paid
B107275,A107275,2024-09-13,7209.98,78998.18,57862.03,44060.52,13801.51,Pending
B107276,A107276,2025-03-06,3251.19,5899.91,14015.84,9130.1,4885.74,Pending
B107277,A107277,2024-05-06,1344.72,8231.17,8474.02,5590.15,2883.87,Partially Paid
B107278,A107278,2024-11-14,51475.53,14781.12,69383.71,48645.45,20738.26,Paid
B107279,A107279,2024-10-09,3580.51,9229.97,9996.37,0.0,9996.37,Paid
B107280,A107280,2025-08-27,1205.55,2221.91,3224.95,2449.87,775.08,Paid
B107281,A107281,2024-04-21,98041.33,14966.06,113103.9,0.0,113103.9,Partially Paid
B107282,A107282,2024-02-15,12786.26,5493.34,21666.61,0.0,21666.61,Paid
B107283,A107283,2025-02-04,929.48,5378.03,10101.69,7989.63,2112.05,Paid
B107284,A107284,2025-10-08,8354.32,11006.7,26770.49,19069.95,7700.54,Paid
B107285,A107285,2025-04-11,12215.21,25448.59,21712.59,18436.69,3275.89,Partially Paid
B107286,A107286,2025-05-25,5155.05,73517.98,59890.33,42813.05,17077.28,Pending
B107287,A107287,2025-07-20,4841.4,6698.35,11916.74,6648.18,5268.56,Paid
B107288,A107288,2024-06-19,1747.93,9524.45,12526.82,9703.34,2823.47,Paid
B107289,A107289,2025-08-26,2074.24,2916.46,8122.61,5225.77,2896.84,Paid
B107290,A107290,2024-06-30,2002.39,12184.1,35917.17,32148.84,3768.33,Paid
B107291,A107291,2025-01-11,1123.65,16133.69,10280.49,5675.49,4605.0,Paid
B107292,A107292,2025-08-29,52131.48,28693.47,87760.25,0.0,87760.25,Paid
B107293,A107293,2024-06-18,50833.68,32708.04,85927.75,66768.29,19159.46,Pending
B107294,A107294,2024-09-10,3108.99,10007.97,14778.68,9030.61,5748.07,Partially Paid
B107295,A107295,2025-09-20,23973.7,5744.75,26714.53,0.0,26714.53,Paid
B107296,A107296,2024-07-01,7464.04,5445.84,20588.72,15036.15,5552.58,Paid
B107297,A107297,2024-04-30,103765.17,1588.0,106882.41,63961.91,42920.5,Partially Paid
B107298,A107298,2024-02-05,110838.39,32628.89,138263.58,0.0,138263.58,Paid
B107299,A107299,2024-04-27,16887.14,1941.73,21256.07,15789.44,5466.63,Paid
B107300,A107300,2025-12-08,4521.59,6884.17,23000.43,17127.31,5873.13,Paid
B107301,A107301,2025-10-20,30836.3,8378.41,39699.32,28644.89,11054.44,Paid
B107302,A107302,2024-09-19,19425.91,1390.4,22387.32,0.0,22387.32,Paid
B107303,A107303,2025-10-18,2978.4,10921.99,13711.17,9269.55,4441.62,Paid
B107304,A107304,2025-09-22,4467.28,20559.09,13054.99,10014.49,3040.5,Paid
B107305,A107305,2024-02-08,4827.1,2467.0,6166.41,3799.76,2366.65,Paid
B107306,A107306,2024-07-20,4909.0,11733.23,18252.03,16245.39,2006.64,Pending
B107307,A107307,2025-06-14,7482.27,11057.45,16463.1,10429.46,6033.64,Paid
B107308,A107308,2025-09-29,7609.28,34263.64,47586.1,40526.16,7059.93,Paid
B107309,A107309,2025-03-22,117079.86,26719.74,140736.76,86009.55,54727.21,Pending
B107310,A107310,2025-10-15,3561.36,8087.96,12625.48,11205.42,1420.05,Pending
B107311,A107311,2025-11-21,3449.39,13393.49,34600.39,30959.03,3641.36,Paid
B107312,A107312,2025-10-03,5252.87,7299.33,18159.92,11692.76,6467.17,Paid
B107313,A107313,2025-02-18,2124.36,12055.07,12723.84,7957.43,4766.41,Paid
B107314,A107314,2024-12-02,4876.1,6633.67,15323.32,12431.71,2891.6,Paid
B107315,A107315,2025-06-17,4734.68,13229.95,14952.89,0.0,14952.89,Paid
B107316,A107316,2025-04-15,1573.7,24710.42,19213.66,15335.72,3877.94,Paid
B107317,A107317,2025-12-23,13039.93,12410.37,25669.96,14918.23,10751.73,Pending
B107318,A107318,2024-06-09,8367.04,5033.8,21744.43,0.0,21744.43,Pending
B107319,A107319,2024-06-11,40307.65,8412.92,44524.08,0.0,44524.08,Pending
B107320,A107320,2024-12-07,4054.8,27693.58,25520.85,16865.34,8655.51,Paid
B107321,A107321,2025-01-12,5612.54,2686.31,10503.61,8314.24,2189.36,Paid
B107322,A107322,2024-03-22,1475.34,3821.03,5594.31,3865.78,1728.53,Paid
B107323,A107323,2024-07-23,11949.12,14674.56,45616.55,30313.28,15303.27,Paid
B107324,A107324,2024-04-30,12621.8,2415.14,14336.71,11846.64,2490.07,Paid
B107325,A107325,2025-10-24,1518.37,19652.45,17390.68,10835.94,6554.73,Paid
B107326,A107326,2024-08-23,7243.2,17668.23,22410.06,12349.3,10060.76,Paid
B107327,A107327,2025-08-21,21626.95,15582.61,32205.48,26490.4,5715.08,Paid
B107328,A107328,2025-02-19,18824.17,22984.76,34156.4,29724.12,4432.28,Paid
B107329,A107329,2025-07-11,9211.3,75207.14,92938.54,64096.63,28841.92,Pending
B107330,A107330,2025-10-06,2460.71,9967.74,8779.83,0.0,8779.83,Paid
B107331,A107331,2024-12-05,4879.85,1920.83,9131.18,8137.5,993.68,Paid
B107332,A107332,2025-07-17,4270.67,33030.81,24547.41,15186.38,9361.03,Pending
B107333,A107333,2025-08-20,1916.36,8124.02,5766.83,4701.8,1065.03,Paid
B107334,A107334,2025-06-23,10016.59,7239.74,23292.58,13413.44,9879.14,Paid
B107335,A107335,2024-08-15,32794.72,24833.77,66529.39,59138.03,7391.36,Paid
B107336,A107336,2024-10-22,1390.94,10684.73,11219.59,8998.68,2220.9,Paid
B107337,A107337,2024-07-28,1828.12,25686.59,10806.06,6507.78,4298.28,Paid
B107338,A107338,2025-12-09,3660.4,5588.77,18650.22,14867.02,3783.2,Paid
B107339,A107339,2025-06-04,891.96,21600.81,11077.03,9460.3,1616.73,Partially Paid
B107340,A107340,2024-07-22,11301.65,8451.72,15418.8,9254.73,6164.07,Paid
B107341,A107341,2024-02-05,6616.28,8254.86,19395.06,16080.65,3314.41,Paid
B107342,A107342,2024-04-01,5442.92,4352.81,9389.21,8316.34,1072.87,Paid
B107343,A107343,2024-07-23,90541.47,4826.94,97087.02,84770.53,12316.49,Paid
B107344,A107344,2025-11-23,3800.31,4540.74,10946.33,7501.37,3444.96,Partially Paid
B107345,A107345,2025-12-08,2799.96,4333.11,6909.09,5451.56,1457.52,Paid
B107346,A107346,2025-11-14,9150.77,21114.11,45953.19,31957.12,13996.07,Paid
B107347,A107347,2024-10-24,4829.74,17192.29,21972.52,12838.52,9134.0,Paid
B107348,A107348,2025-12-20,4453.67,5133.39,10499.89,6790.82,3709.07,Pending
B107349,A107349,2024-04-28,9515.88,9011.68,19271.06,0.0,19271.06,Paid
B107350,A107350,2026-01-11,22795.02,55727.03,67845.82,53228.94,14616.88,Paid
B107351,A107351,2024-08-15,2670.02,10786.31,19596.98,0.0,19596.98,Paid
B107352,A107352,2024-07-06,13132.06,9729.33,38800.69,30444.87,8355.82,Paid
B107353,A107353,2025-04-16,7041.21,4183.89,15482.69,13902.19,1580.5,Paid
B107354,A107354,2025-03-05,1821.34,17981.23,6657.41,4852.5,1804.91,Partially Paid
B107355,A107355,2025-07-07,24779.91,3373.44,27418.71,22042.53,5376.19,Paid
B107356,A107356,2024-03-06,89052.37,20716.33,103008.39,84998.86,18009.53,Paid
B107357,A107357,2025-05-02,14243.98,10211.42,18879.8,11925.55,6954.25,Paid
B107358,A107358,2024-01-17,22279.15,19148.26,35377.89,0.0,35377.89,Pending
B107359,A107359,2025-09-25,7358.0,7478.56,13983.53,10630.51,3353.02,Paid
B107360,A107360,2025-01-23,930.69,9582.56,9143.13,6478.45,2664.68,Paid
B107361,A107361,2025-02-17,5163.24,12512.58,11478.22,0.0,11478.22,Pending
B107362,A107362,2024-02-13,2406.63,3506.62,9435.12,7122.19,2312.93,Pending
B107363,A107363,2025-12-03,40146.39,2439.17,44373.22,32881.81,11491.41,Paid
B107364,A107364,2024-05-05,2553.67,13243.82,15168.14,9758.14,5410.01,Paid
B107365,A107365,2025-12-06,2140.51,16367.14,18911.5,14605.98,4305.53,Paid
B107366,A107366,2024-09-14,17477.87,10631.83,28342.08,0.0,28342.08,Paid
B107367,A107367,2025-08-30,2207.92,16976.64,18534.18,0.0,18534.18,Paid
B107368,A107368,2025-05-02,2267.9,10364.0,17123.16,15132.68,1990.48,Paid
B107369,A107369,2024-08-05,2684.73,11939.47,22526.55,12862.34,9664.21,Paid
B107370,A107370,2025-12-18,2315.17,10291.76,9076.97,8026.78,1050.2,Pending
B107371,A107371,2024-09-25,4610.56,2755.29,7408.16,5354.82,2053.34,Paid
B107372,A107372,2025-11-01,8670.28,9389.43,20506.16,17579.29,2926.87,Pending
B107373,A107373,2025-12-09,95637.61,3615.38,103153.17,80413.04,22740.13,Paid
B107374,A107374,2025-06-28,14083.81,8423.84,25456.74,14635.12,10821.62,Paid
B107375,A107375,2025-12-13,43252.02,20665.03,59658.1,50308.37,9349.73,Partially Paid
B107376,A107376,2025-09-15,1103.69,9873.43,21720.61,17747.72,3972.9,Paid
B107377,A107377,2025-10-24,34845.91,8256.24,42132.26,36107.13,6025.12,Pending
B107378,A107378,2024-05-16,2565.59,8396.99,9183.85,7071.2,2112.65,Paid
B107379,A107379,2025-05-13,1918.32,2301.53,3517.32,2403.49,1113.83,Partially Paid
B107380,A107380,2025-09-02,3443.75,7098.07,9153.35,7986.25,1167.1,Pending
B107381,A107381,2024-05-09,814.31,15034.47,14136.49,12577.88,1558.6,Paid
B107382,A107382,2024-12-26,1444.68,3065.97,7229.54,0.0,7229.54,Pending
B107383,A107383,2025-05-24,7191.27,28912.18,38334.31,0.0,38334.31,Paid
B107384,A107384,2024-11-16,2000.75,7440.4,14037.03,0.0,14037.03,Paid
B107385,A107385,2024-01-18,1456.16,11841.36,19943.85,16405.03,3538.82,Paid
B107386,A107386,2025-04-26,2473.42,20081.86,10441.61,6516.95,3924.66,Paid
B107387,A107387,2024-10-25,74450.99,16614.61,82072.1,52782.66,29289.44,Paid
B107388,A107388,2025-03-25,9430.2,12843.23,36666.56,0.0,36666.56,Pending
B107389,A107389,2025-05-31,1786.25,4399.93,3479.08,2662.98,816.1,Pending
B107390,A107390,2025-01-26,10705.8,4434.69,14166.92,9783.25,4383.67,Paid
B107391,A107391,2024-11-17,1999.58,23910.5,10133.19,0.0,10133.19,Paid
B107392,A107392,2025-11-13,27619.8,11844.28,41058.79,30189.78,10869.0,Paid
B107393,A107393,2024-01-28,4365.99,31326.16,90791.87,67203.37,23588.5,Paid
B107394,A107394,2025-05-24,7392.67,3045.29,13779.57,8483.68,5295.89,Paid
B107395,A107395,2024-05-05,4517.67,2801.98,8224.69,0.0,8224.69,Paid
B107396,A107396,2025-01-11,5744.51,11295.09,16402.12,14054.62,2347.51,Partially Paid
B107397,A107397,2024-11-12,1360.59,5710.03,7875.44,0.0,7875.44,Paid
B107398,A107398,2024-07-06,943.16,6778.64,6387.71,5407.09,980.62,Paid
B107399,A107399,2025-07-10,8448.12,33692.21,24076.96,0.0,24076.96,Paid
B107400,A107400,2025-08-08,4054.38,2084.23,7442.51,5768.63,1673.87,Pending
B107401,A107401,2025-06-13,22576.29,14014.2,40915.74,28586.47,12329.27,Pending
B107402,A107402,2024-02-11,635.95,10341.72,6655.25,5288.25,1367.0,Paid
B107403,A107403,2024-03-27,49869.22,5118.53,60978.11,39307.46,21670.65,Paid
B107404,A107404,2024-01-24,3635.25,13414.67,8868.43,0.0,8868.43,Partially Paid
B107405,A107405,2024-09-11,3813.53,8129.96,7751.14,5415.58,2335.56,Paid
B107406,A107406,2024-10-30,3649.66,3628.67,7438.01,5279.2,2158.81,Partially Paid
B107407,A107407,2024-10-04,3386.7,89260.13,91915.1,57522.19,34392.92,Paid
B107408,A107408,2025-07-01,1662.62,8878.41,24264.36,0.0,24264.36,Paid
B107409,A107409,2025-10-08,1436.61,9607.68,14396.58,0.0,14396.58,Paid
B107410,A107410,2025-07-06,2662.87,2047.58,4846.11,4131.08,715.03,Paid
B107411,A107411,2025-04-06,2184.17,2309.27,5495.12,3864.25,1630.86,Partially Paid
B107412,A107412,2025-09-05,1963.41,16976.42,23716.42,0.0,23716.42,Partially Paid
B107413,A107413,2024-08-17,3356.03,26950.45,30250.35,25620.92,4629.43,Pending
B107414,A107414,2024-04-05,76784.93,16787.85,89341.3,56054.43,33286.88,Paid
B107415,A107415,2024-10-09,1196.12,10041.18,9116.77,5256.3,3860.47,Paid
B107416,A107416,2024-06-21,2114.67,5639.04,8108.53,5140.21,2968.32,Pending
B107417,A107417,2025-09-22,100534.82,6068.05,103437.7,0.0,103437.7,Paid
B107418,A107418,2024-09-11,2189.69,25782.61,17685.46,12481.62,5203.84,Paid
B107419,A107419,2024-12-28,7832.59,7625.54,13927.7,10912.66,3015.03,Paid
B107420,A107420,2024-12-17,2864.92,13398.25,12789.52,8646.44,4143.08,Paid
B107421,A107421,2025-03-16,4600.82,8494.08,18351.49,16300.29,2051.2,Paid
B107422,A107422,2025-02-10,61030.63,4309.82,65397.13,37781.89,27615.23,Paid
B107423,A107423,2025-08-30,1108.68,12219.37,11688.07,7176.71,4511.37,Paid
B107424,A107424,2024-03-28,4814.24,32965.37,40227.39,26347.63,13879.76,Pending
B107425,A107425,2025-04-03,2211.83,3415.59,4655.87,2932.73,1723.14,Paid
B107426,A107426,2025-08-13,3159.85,10483.83,22022.14,13919.65,8102.49,Paid
B107427,A107427,2025-01-30,1936.34,6870.3,17754.88,10809.13,6945.75,Paid
B107428,A107428,2024-01-15,9108.67,2227.58,12701.63,9410.66,3290.96,Paid
B107429,A107429,2024-02-20,47403.17,13064.0,65907.04,0.0,65907.04,Pending
B107430,A107430,2024-02-12,5317.53,19067.46,12595.0,9122.72,3472.28,Pending
B107431,A107431,2025-02-24,7619.03,9478.28,15941.35,12013.34,3928.0,Partially Paid
B107432,A107432,2024-09-08,1224.63,25236.51,23413.74,15524.4,7889.34,Paid
B107433,A107433,2024-03-05,2598.32,5078.45,15746.04,10387.16,5358.88,Paid
B107434,A107434,2025-05-13,1281.55,15172.22,18967.06,16165.06,2802.0,Partially Paid
B107435,A107435,2025-09-05,1728.38,10552.03,26754.28,19671.17,7083.11,Partially Paid
B107436,A107436,2024-11-20,19961.37,8521.42,28470.98,18918.89,9552.09,Paid
B107437,A107437,2024-09-20,1022.0,46277.24,20179.15,16542.94,3636.21,Paid
B107438,A107438,2025-04-15,64892.53,3773.75,73009.03,52959.06,20049.97,Paid
B107439,A107439,2024-03-07,1021.56,14288.78,23127.27,13237.48,9889.79,Paid
B107440,A107440,2024-05-05,8151.76,16457.1,25989.81,16964.67,9025.14,Paid
B107441,A107441,2024-03-31,9484.68,11106.53,18158.92,16075.52,2083.4,Paid
B107442,A107442,2025-08-19,1362.22,3837.78,9795.12,7195.34,2599.78,Pending
B107443,A107443,2024-03-23,10217.1,8884.66,19729.48,16559.52,3169.96,Paid
B107444,A107444,2024-08-17,6473.3,4507.61,13019.09,8156.65,4862.43,Partially Paid
B107445,A107445,2025-05-01,2495.38,10263.08,16519.84,13797.15,2722.69,Paid
B107446,A107446,2025-09-17,9828.58,7712.38,23059.81,0.0,23059.81,Paid
B107447,A107447,2024-11-10,3977.91,19176.58,20131.67,0.0,20131.67,Paid
B107448,A107448,2025-08-08,8500.34,9615.79,12260.82,0.0,12260.82,Paid
B107449,A107449,2025-04-30,2235.15,2308.15,6624.07,4447.07,2176.99,Pending
B107450,A107450,2024-01-28,3313.0,11679.48,9162.64,6312.45,2850.19,Paid
B107451,A107451,2024-07-25,671.06,10390.57,22534.06,0.0,22534.06,Partially Paid
B107452,A107452,2024-08-19,113743.95,12489.42,131311.34,100173.6,31137.74,Paid
B107453,A107453,2025-05-25,8896.52,1540.75,12931.89,7854.43,5077.46,Paid
B107454,A107454,2025-09-23,105863.29,10333.07,113433.57,92317.24,21116.32,Partially Paid
B107455,A107455,2025-08-21,3568.6,42557.5,69152.82,45740.49,23412.34,Paid
B107456,A107456,2025-07-15,1065.85,7659.72,8643.26,7522.39,1120.86,Paid
B107457,A107457,2025-11-27,5438.19,29620.25,30906.29,19824.76,11081.52,Partially Paid
B107458,A107458,2025-06-07,28367.7,10903.66,43800.28,38119.93,5680.35,Paid
B107459,A107459,2024-07-03,6329.2,3922.33,14330.53,0.0,14330.53,Paid
B107460,A107460,2024-03-22,3049.98,17935.51,12727.73,10594.7,2133.03,Paid
B107461,A107461,2025-03-15,62423.12,51392.38,117595.53,75053.55,42541.98,Paid
B107462,A107462,2024-03-15,1458.88,35745.57,21723.81,0.0,21723.81,Paid
B107463,A107463,2025-10-27,1320.07,9484.68,20536.74,17693.63,2843.1,Paid
B107464,A107464,2025-05-12,22171.96,8487.24,27795.41,16821.3,10974.11,Pending
B107465,A107465,2025-11-18,4525.85,5599.13,14062.41,0.0,14062.41,Paid
B107466,A107466,2025-07-03,1529.36,9102.21,13292.95,8491.49,4801.46,Paid
B107467,A107467,2024-03-20,4343.71,12843.13,10744.82,6961.99,3782.83,Paid
B107468,A107468,2025-12-07,7561.88,30661.88,34793.69,28503.36,6290.33,Paid
B107469,A107469,2024-02-26,357.71,4035.43,8179.59,4699.31,3480.28,Paid
B107470,A107470,2025-08-31,23864.67,7521.8,30437.53,23684.46,6753.06,Paid
B107471,A107471,2025-04-21,4879.47,15004.4,21813.59,16041.62,5771.97,Paid
B107472,A107472,2025-10-21,1447.64,11526.75,8286.68,6895.65,1391.03,Paid
B107473,A107473,2024-09-04,7043.24,1889.39,9812.67,5618.79,4193.88,Paid
B107474,A107474,2025-03-17,1644.24,10494.21,11519.94,7622.85,3897.09,Pending
B107475,A107475,2025-12-16,5044.15,14010.38,16066.39,9933.65,6132.74,Pending
B107476,A107476,2024-11-16,5520.63,30589.58,23452.86,17983.53,5469.33,Paid
B107477,A107477,2024-11-20,55591.99,20085.93,72098.16,57312.5,14785.66,Paid
B107478,A107478,2024-08-10,6233.0,11991.94,18625.55,10283.39,8342.16,Paid
B107479,A107479,2025-01-11,23776.71,25060.45,44097.62,33313.26,10784.37,Pending
B107480,A107480,2024-08-09,1301.69,19573.01,20859.02,14298.3,6560.72,Partially Paid
B107481,A107481,2024-02-21,1102.6,8330.45,12079.24,9965.62,2113.63,Pending
B107482,A107482,2025-04-09,8815.29,2716.14,13881.64,10528.6,3353.04,Paid
B107483,A107483,2024-05-04,36101.25,17518.72,44902.26,33301.12,11601.13,Paid
B107484,A107484,2024-03-26,8433.28,11399.5,25627.08,20703.57,4923.51,Paid
B107485,A107485,2024-09-21,988.09,8627.28,5409.49,4250.37,1159.13,Paid
B107486,A107486,2025-08-14,1983.6,8980.39,13188.52,9832.51,3356.01,Paid
B107487,A107487,2025-12-30,75278.37,22146.99,97291.71,68788.34,28503.38,Paid
B107488,A107488,2025-05-16,1357.25,19734.63,22302.62,17897.48,4405.14,Paid
B107489,A107489,2025-10-07,5172.88,50887.29,51957.67,44040.59,7917.08,Paid
B107490,A107490,2025-08-28,5252.9,10005.0,16554.87,11081.03,5473.84,Paid
B107491,A107491,2025-11-04,1494.91,4219.11,2807.32,2462.63,344.7,Paid
B107492,A107492,2024-06-30,1508.71,18708.4,27781.47,23665.19,4116.29,Paid
B107493,A107493,2024-04-01,41737.2,4152.67,53285.86,37892.91,15392.95,Paid
B107494,A107494,2025-10-03,2002.88,7594.37,11962.18,6685.33,5276.86,Paid
B107495,A107495,2024-12-26,3840.58,2974.25,12106.02,10657.02,1449.0,Paid
B107496,A107496,2024-10-15,67588.23,5679.5,80334.18,57103.13,23231.05,Partially Paid
B107497,A107497,2024-10-30,24786.45,16758.15,53451.79,39237.77,14214.02,Pending
B107498,A107498,2024-09-21,3497.55,21865.8,11847.43,9821.6,2025.83,Paid
B107499,A107499,2025-04-21,13277.16,6278.09,20487.41,12820.35,7667.06,Paid
B107500,A107500,2025-09-19,7784.82,22223.73,19047.65,11776.05,7271.6,Paid
B107501,A107501,2025-06-24,9140.16,11060.64,15839.07,12909.5,2929.56,Paid
B107502,A107502,2025-07-23,5886.67,27250.62,22848.94,0.0,22848.94,Paid
B107503,A107503,2024-02-14,24958.1,24052.67,51840.36,39815.5,12024.87,Paid
B107504,A107504,2024-06-30,5234.91,2490.08,9447.15,6776.45,2670.7,Pending
B107505,A107505,2024-02-02,797.75,33574.47,28634.07,17223.06,11411.0,Partially Paid
B107506,A107506,2024-12-15,3922.37,2751.73,7041.95,6244.72,797.22,Paid
B107507,A107507,2025-09-30,4043.38,4993.93,8645.83,5870.36,2775.48,Partially Paid
B107508,A107508,2025-06-28,5273.29,3994.79,9135.19,6054.34,3080.85,Pending
B107509,A107509,2024-08-16,7899.85,7300.7,13940.17,12172.69,1767.48,Pending
B107510,A107510,2024-12-20,5405.34,22547.28,24981.3,15479.16,9502.14,Paid
B107511,A107511,2024-02-13,1127.76,11995.97,21894.13,0.0,21894.13,Paid
B107512,A107512,2025-01-23,11666.17,23447.62,29511.97,20146.7,9365.27,Paid
B107513,A107513,2025-08-02,109354.05,43302.45,135077.77,0.0,135077.77,Partially Paid
B107514,A107514,2024-08-27,7393.18,13896.69,23378.35,13081.11,10297.25,Paid
B107515,A107515,2024-06-30,4554.23,2592.17,8378.1,7064.2,1313.9,Paid
B107516,A107516,2024-04-28,3575.17,19060.8,22997.54,0.0,22997.54,Paid
B107517,A107517,2024-11-09,81899.08,24230.37,93904.13,75094.05,18810.07,Paid
B107518,A107518,2024-05-25,17438.58,18089.08,41131.27,29186.46,11944.81,Paid
B107519,A107519,2024-12-16,2376.51,10080.93,7960.65,4685.69,3274.97,Paid
B107520,A107520,2024-07-05,5000.55,25954.3,34419.49,24354.5,10064.99,Paid
B107521,A107521,2025-02-26,107271.0,17237.68,126421.43,80231.85,46189.58,Paid
B107522,A107522,2025-08-14,2235.02,4364.29,8958.43,5834.49,3123.94,Paid
B107523,A107523,2025-10-20,872.24,11429.22,7571.22,6277.68,1293.54,Paid
B107524,A107524,2025-01-21,60817.93,6882.38,68056.99,57862.41,10194.57,Pending
B107525,A107525,2025-05-30,1599.38,7746.46,16471.92,0.0,16471.92,Paid
B107526,A107526,2024-02-20,4779.27,28333.7,34062.83,29152.53,4910.3,Paid
B107527,A107527,2025-05-01,2168.12,11042.86,11572.11,9133.42,2438.68,Partially Paid
B107528,A107528,2024-05-02,4806.76,14483.84,12428.39,7994.65,4433.74,Partially Paid
B107529,A107529,2025-07-31,13182.09,25848.82,38736.11,32884.41,5851.7,Paid
B107530,A107530,2024-03-03,10746.57,6807.07,17283.77,10219.82,7063.96,Paid
B107531,A107531,2025-07-08,2950.64,6513.09,7753.35,5457.28,2296.06,Paid
B107532,A107532,2024-07-08,16198.38,7235.38,22257.05,0.0,22257.05,Paid
B107533,A107533,2025-04-04,2494.22,11209.31,10978.02,0.0,10978.02,Paid
B107534,A107534,2024-07-15,579.25,29471.27,26808.19,21745.49,5062.7,Paid
B107535,A107535,2025-04-13,16297.91,19591.07,25054.0,14866.62,10187.38,Partially Paid
B107536,A107536,2024-06-24,6947.23,31758.59,59600.1,47703.61,11896.49,Paid
B107537,A107537,2025-03-05,11169.83,11739.55,24645.03,17537.97,7107.07,Paid
B107538,A107538,2024-04-16,2236.18,7519.39,21387.44,13775.21,7612.23,Paid
B107539,A107539,2024-09-28,96483.28,19927.18,104581.79,87121.17,17460.62,Paid
B107540,A107540,2025-10-05,7362.64,34389.84,21717.17,15738.89,5978.28,Paid
B107541,A107541,2024-06-02,2875.16,3269.13,6378.75,5286.65,1092.1,Paid
B107542,A107542,2025-03-06,1630.83,2450.51,9132.46,5858.08,3274.39,Paid
B107543,A107543,2025-11-24,9418.36,4060.11,21915.94,18514.27,3401.67,Pending
B107544,A107544,2025-03-12,17941.09,17674.39,52856.51,31337.61,21518.9,Paid
B107545,A107545,2025-08-12,18784.52,14840.36,61204.88,55006.48,6198.4,Paid
B107546,A107546,2025-09-05,1862.41,8737.62,7765.09,6321.42,1443.67,Partially Paid
B107547,A107547,2025-06-29,7936.4,21162.53,51151.7,0.0,51151.7,Paid
B107548,A107548,2024-12-03,61777.58,9065.25,79538.13,53248.44,26289.69,Paid
B107549,A107549,2025-11-11,6475.78,10108.26,13618.0,10587.04,3030.96,Paid
B107550,A107550,2025-03-23,1136.06,13876.41,27868.68,24119.64,3749.04,Paid
B107551,A107551,2025-09-02,5368.72,15711.44,24727.26,15575.3,9151.95,Pending
B107552,A107552,2024-05-07,3946.25,5820.54,14861.78,10168.57,4693.22,Paid
B107553,A107553,2024-10-29,1878.09,2026.3,4192.15,0.0,4192.15,Pending
B107554,A107554,2025-10-30,108598.81,1497.57,112635.81,86660.53,25975.27,Paid
B107555,A107555,2024-12-19,65141.53,20814.64,85245.45,58866.11,26379.34,Paid
B107556,A107556,2024-09-06,7914.97,2237.52,11706.35,9796.26,1910.09,Paid
B107557,A107557,2024-10-03,16972.6,22137.83,28229.72,16729.43,11500.29,Pending
B107558,A107558,2025-03-09,4167.94,8128.63,19407.53,11604.32,7803.21,Paid
B107559,A107559,2025-07-27,3802.59,15023.25,14411.75,0.0,14411.75,Paid
B107560,A107560,2025-12-13,4315.49,16795.51,25327.71,16768.4,8559.3,Paid
B107561,A107561,2026-01-02,3439.13,73184.81,86518.91,68846.99,17671.92,Paid
B107562,A107562,2025-08-09,6281.5,8430.37,12325.53,8437.12,3888.41,Paid
B107563,A107563,2024-09-08,1762.37,8835.63,12878.01,9567.17,3310.85,Pending
B107564,A107564,2025-05-03,585.33,13023.88,16428.92,12214.57,4214.34,Paid
B107565,A107565,2024-04-08,8407.43,1931.76,12104.59,7649.34,4455.25,Partially Paid
B107566,A107566,2024-11-26,1764.09,5466.28,7444.11,6500.26,943.84,Paid
B107567,A107567,2025-08-19,4956.8,11320.46,16044.23,10011.17,6033.07,Paid
B107568,A107568,2025-03-05,113603.11,14084.91,127779.02,100931.48,26847.54,Paid
B107569,A107569,2025-07-31,5498.38,3186.16,7714.93,5490.55,2224.38,Paid
B107570,A107570,2025-03-03,9377.71,6372.96,17198.36,12769.29,4429.07,Paid
B107571,A107571,2024-01-09,64234.27,16120.18,79640.59,63227.42,16413.17,Paid
B107572,A107572,2025-04-07,1297.01,16200.78,14408.57,12760.62,1647.95,Pending
B107573,A107573,2025-08-21,5454.96,19492.78,26924.11,14820.38,12103.74,Paid
B107574,A107574,2025-05-19,7515.04,27355.86,22825.1,18308.34,4516.76,Pending
B107575,A107575,2024-03-31,1733.16,7410.23,8809.82,0.0,8809.82,Paid
B107576,A107576,2025-02-09,113119.3,11369.82,121495.02,99781.59,21713.43,Paid
B107577,A107577,2024-10-25,2794.72,9815.2,27672.04,23823.57,3848.47,Partially Paid
B107578,A107578,2024-10-12,4176.26,15310.67,15733.94,11609.87,4124.07,Paid
B107579,A107579,2024-07-23,2430.75,35558.67,13719.59,9794.27,3925.31,Paid
B107580,A107580,2024-03-27,6547.96,7347.25,17814.21,10092.03,7722.18,Paid
B107581,A107581,2024-02-01,1816.79,9165.32,13246.69,11213.04,2033.65,Pending
B107582,A107582,2025-11-26,2859.22,7764.4,8423.12,7332.25,1090.88,Paid
B107583,A107583,2024-05-22,8046.45,20263.16,35845.14,28727.04,7118.1,Pending
B107584,A107584,2024-04-03,4651.44,8317.15,22057.83,13995.95,8061.89,Pending
B107585,A107585,2024-07-30,13709.15,11269.67,36333.34,23075.03,13258.31,Pending
B107586,A107586,2024-01-31,18877.94,12342.07,30207.55,26088.91,4118.64,Paid
B107587,A107587,2025-01-13,1549.93,2937.65,5301.91,3012.01,2289.9,Paid
B107588,A107588,2025-07-28,9549.18,16914.19,17510.15,10140.25,7369.9,Paid
B107589,A107589,2025-08-08,4834.59,5544.3,12694.09,9707.49,2986.6,Paid
B107590,A107590,2025-02-22,38291.12,12539.47,50373.29,36581.19,13792.1,Paid
B107591,A107591,2024-08-17,3792.13,8376.45,15433.8,0.0,15433.8,Paid
B107592,A107592,2025-08-27,1663.69,8040.35,7846.33,6761.0,1085.33,Paid
B107593,A107593,2024-03-10,33986.52,3205.5,38574.99,25426.46,13148.54,Paid
B107594,A107594,2025-01-02,1397.92,15786.44,10756.89,6915.91,3840.97,Paid
B107595,A107595,2024-09-23,110410.83,28454.4,129559.21,111530.71,18028.49,Partially Paid
B107596,A107596,2025-10-22,5255.06,3982.19,16152.39,12449.39,3703.0,Paid
B107597,A107597,2024-03-07,6668.47,14748.16,15382.19,10620.89,4761.3,Paid
B107598,A107598,2025-11-26,1687.93,8240.29,10397.47,7242.29,3155.18,Paid
B107599,A107599,2025-09-17,62842.05,11294.2,74051.98,53691.01,20360.97,Paid
B107600,A107600,2025-12-06,1791.19,9459.91,7239.66,5171.68,2067.98,Paid
B107601,A107601,2025-01-28,11105.83,5077.64,16191.38,9353.5,6837.88,Paid
B107602,A107602,2024-09-10,6306.85,30306.05,32230.9,28329.67,3901.23,Paid
B107603,A107603,2024-10-12,2429.52,15954.84,21790.99,13356.24,8434.75,Paid
B107604,A107604,2024-12-16,4305.49,10138.57,21835.1,12583.76,9251.34,Paid
B107605,A107605,2025-01-12,1358.9,9684.89,26765.25,15464.37,11300.88,Paid
B107606,A107606,2024-05-06,1060.87,7196.18,18387.35,0.0,18387.35,Paid
B107607,A107607,2024-02-27,1732.22,2879.97,6173.73,5297.65,876.08,Paid
B107608,A107608,2024-06-15,57216.59,14025.08,88103.38,0.0,88103.38,Paid
B107609,A107609,2024-05-08,4008.17,3358.64,8494.67,5719.13,2775.55,Paid
B107610,A107610,2025-09-04,2303.12,15805.91,19949.25,14693.49,5255.76,Paid
B107611,A107611,2024-11-10,17303.59,7103.84,32449.32,20848.51,11600.8,Pending
B107612,A107612,2025-06-07,7722.15,24640.31,29170.66,0.0,29170.66,Paid
B107613,A107613,2024-09-25,12155.07,16515.89,20417.41,11876.26,8541.15,Paid
B107614,A107614,2024-10-20,571.17,25174.63,14964.9,11835.19,3129.71,Paid
B107615,A107615,2025-02-24,3746.99,4372.85,8042.23,5610.47,2431.76,Paid
B107616,A107616,2025-06-12,1481.22,2014.92,5761.67,0.0,5761.67,Pending
B107617,A107617,2024-05-29,4063.88,30679.54,40019.81,31460.33,8559.48,Paid
B107618,A107618,2025-12-13,1091.67,13059.37,8420.63,7452.87,967.76,Partially Paid
B107619,A107619,2025-12-05,5316.01,12437.82,25640.2,17306.17,8334.03,Paid
B107620,A107620,2025-04-23,2239.05,8389.84,9807.55,6075.83,3731.72,Paid
B107621,A107621,2025-10-02,5819.34,9077.48,20846.68,12408.62,8438.06,Paid
B107622,A107622,2025-06-17,98901.79,13586.32,106241.7,59130.35,47111.35,Paid
B107623,A107623,2025-01-26,1391.95,5075.77,12989.18,7837.46,5151.72,Paid
B107624,A107624,2025-05-31,10177.42,8679.55,23435.62,0.0,23435.62,Pending
B107625,A107625,2025-06-28,809.66,17391.41,17792.56,0.0,17792.56,Paid
B107626,A107626,2024-08-10,5052.87,30812.63,39957.61,34211.55,5746.06,Paid
B107627,A107627,2025-05-31,651.84,15541.48,8478.22,4701.7,3776.52,Paid
B107628,A107628,2024-09-25,17213.99,11361.8,33131.36,29017.35,4114.01,Pending
B107629,A107629,2024-12-16,3013.43,28014.55,37167.59,21113.43,16054.16,Paid
B107630,A107630,2024-02-14,3214.47,28313.8,34441.28,30770.54,3670.74,Paid
B107631,A107631,2024-08-28,2723.26,27456.26,30612.98,17952.18,12660.8,Paid
B107632,A107632,2024-09-22,115557.53,10767.57,133863.49,83323.87,50539.61,Paid
B107633,A107633,2024-11-11,4043.54,26522.73,37171.67,29857.72,7313.94,Paid
B107634,A107634,2025-02-07,5651.73,4434.93,7787.25,5339.55,2447.7,Paid
B107635,A107635,2024-09-23,6349.83,23371.6,24099.56,21136.05,2963.51,Paid
B107636,A107636,2025-04-21,54784.9,3004.42,56701.5,33419.73,23281.78,Pending
B107637,A107637,2024-04-21,4081.02,24749.81,17733.04,14309.64,3423.4,Paid
B107638,A107638,2024-09-08,29677.15,6886.08,47265.66,34975.31,12290.35,Paid
B107639,A107639,2024-10-31,7648.0,3773.48,9169.4,7797.12,1372.28,Paid
B107640,A107640,2024-12-13,76571.62,16483.57,90588.92,53386.98,37201.95,Pending
B107641,A107641,2025-03-24,9312.7,3594.67,17266.01,0.0,17266.01,Paid
B107642,A107642,2024-02-09,4648.85,7551.25,10321.73,5806.27,4515.46,Paid
B107643,A107643,2024-02-17,5871.46,8568.76,9861.67,8468.98,1392.7,Paid
B107644,A107644,2025-12-26,3927.75,14765.82,13419.85,11867.49,1552.36,Paid
B107645,A107645,2025-08-29,21827.46,7023.93,28048.96,16379.59,11669.38,Paid
B107646,A107646,2024-08-09,10971.93,7346.87,17480.93,11836.45,5644.48,Paid
B107647,A107647,2024-09-15,1513.03,4711.12,5193.53,4426.24,767.29,Pending
B107648,A107648,2024-05-17,9378.24,4145.97,11169.12,7493.5,3675.62,Partially Paid
B107649,A107649,2024-08-21,7449.26,9795.08,17897.5,11331.59,6565.9,Paid
B107650,A107650,2025-12-19,1907.54,10733.08,9279.62,5726.71,3552.92,Paid
B107651,A107651,2025-08-05,5731.64,7221.58,25772.92,19896.51,5876.4,Paid
B107652,A107652,2024-02-21,4929.74,51964.06,35840.69,21859.19,13981.5,Paid
B107653,A107653,2024-06-05,2048.28,6733.15,9647.3,5782.22,3865.07,Partially Paid
B107654,A107654,2025-05-25,8288.96,27143.46,40108.72,24242.47,15866.24,Paid
B107655,A107655,2024-04-18,73094.56,10898.02,90281.07,0.0,90281.07,Paid
B107656,A107656,2024-09-14,1007.25,12122.32,11624.28,9748.82,1875.46,Paid
B107657,A107657,2025-02-10,2351.06,12530.56,14482.69,12290.93,2191.76,Pending
B107658,A107658,2025-05-04,3330.93,6117.45,7531.14,6156.75,1374.39,Partially Paid
B107659,A107659,2025-04-06,9560.11,15238.9,14566.53,9729.39,4837.15,Paid
B107660,A107660,2025-06-18,2587.7,26613.91,26683.71,15214.76,11468.95,Pending
B107661,A107661,2025-08-21,4468.75,27538.59,20828.87,16347.25,4481.62,Paid
B107662,A107662,2025-06-22,7634.99,34862.58,59073.29,49578.26,9495.03,Paid
B107663,A107663,2025-01-11,1151.93,17447.0,18219.82,0.0,18219.82,Paid
B107664,A107664,2024-04-16,21358.01,9547.99,40032.16,33953.32,6078.84,Pending
B107665,A107665,2025-10-29,2133.64,5278.95,16989.39,0.0,16989.39,Paid
B107666,A107666,2025-11-28,2383.2,19206.25,23641.55,19837.78,3803.77,Paid
B107667,A107667,2025-08-27,4291.79,20258.22,28509.81,0.0,28509.81,Paid
B107668,A107668,2025-08-24,3894.15,5071.85,9391.09,0.0,9391.09,Paid
B107669,A107669,2025-06-30,1669.19,19628.05,27856.33,17616.14,10240.19,Paid
B107670,A107670,2025-05-30,6372.7,15698.08,11699.25,8557.42,3141.82,Paid
B107671,A107671,2025-01-28,1748.19,15087.42,16691.75,0.0,16691.75,Pending
B107672,A107672,2025-01-07,100893.4,25304.37,113507.0,86987.54,26519.46,Pending
B107673,A107673,2025-09-09,1528.01,7907.25,14971.51,8428.59,6542.92,Paid
B107674,A107674,2024-05-06,1166.47,29711.34,33859.45,0.0,33859.45,Paid
B107675,A107675,2025-12-30,9493.69,25805.71,23602.38,18889.54,4712.84,Paid
B107676,A107676,2024-12-10,5886.09,8150.63,13659.17,8303.59,5355.58,Pending
B107677,A107677,2024-03-15,2307.29,2150.33,4890.94,3679.94,1211.0,Paid
B107678,A107678,2024-05-17,1932.52,7230.75,6962.38,5056.44,1905.93,Paid
B107679,A107679,2025-08-20,5875.57,20066.1,23177.98,18770.65,4407.33,Paid
B107680,A107680,2025-01-16,2891.84,7572.01,6175.16,0.0,6175.16,Pending
B107681,A107681,2025-05-10,1517.99,21125.72,19475.47,13670.68,5804.79,Paid
B107682,A107682,2024-05-08,1936.15,6093.23,12907.65,11576.35,1331.3,Paid
B107683,A107683,2024-02-13,1318.66,13187.75,12698.97,0.0,12698.97,Paid
B107684,A107684,2024-11-07,1240.63,8341.85,10052.72,8758.35,1294.36,Paid
B107685,A107685,2024-04-17,9627.54,7180.83,16380.89,11750.16,4630.73,Partially Paid
B107686,A107686,2025-07-12,2437.13,11830.02,9203.32,7862.55,1340.77,Pending
B107687,A107687,2024-08-17,3926.95,16493.96,16002.36,13149.91,2852.45,Paid
B107688,A107688,2024-09-01,1901.12,11761.3,14831.28,10790.37,4040.91,Paid
B107689,A107689,2025-02-07,17783.6,25601.81,39532.11,30011.79,9520.33,Paid
B107690,A107690,2024-06-04,5924.54,11121.17,10632.71,0.0,10632.71,Pending
B107691,A107691,2025-06-25,31084.21,16606.61,54252.73,40771.82,13480.91,Paid
B107692,A107692,2025-10-09,80854.38,37770.85,130044.71,93506.75,36537.96,Paid
B107693,A107693,2025-02-10,1060.64,17018.46,17790.03,11345.77,6444.27,Partially Paid
B107694,A107694,2024-05-28,1745.68,4831.12,5814.24,3707.25,2107.0,Paid
B107695,A107695,2024-07-17,71929.38,33496.79,89325.23,56719.59,32605.64,Partially Paid
B107696,A107696,2025-11-08,2414.52,2209.83,6030.96,4741.61,1289.35,Paid
B107697,A107697,2025-08-08,4325.85,6286.62,10430.08,0.0,10430.08,Paid
B107698,A107698,2024-07-22,5570.99,8329.58,13516.67,11285.3,2231.37,Partially Paid
B107699,A107699,2024-01-14,6013.33,6965.12,10279.58,7974.23,2305.36,Paid
B107700,A107700,2024-02-26,1757.99,16275.84,9437.24,6673.95,2763.28,Pending
B107701,A107701,2024-11-02,4237.14,14496.51,17723.99,13819.92,3904.07,Paid
B107702,A107702,2024-10-30,4144.46,6066.39,17226.7,14482.79,2743.91,Paid
B107703,A107703,2025-06-07,8848.63,13045.86,15312.9,0.0,15312.9,Paid
B107704,A107704,2024-05-23,9554.18,4821.02,17345.28,11900.22,5445.07,Pending
B107705,A107705,2024-04-12,2334.9,7866.02,7169.2,5475.1,1694.1,Paid
B107706,A107706,2025-05-01,10510.98,7973.95,17409.94,12070.61,5339.34,Paid
B107707,A107707,2024-05-19,3176.32,3802.33,9029.17,7507.17,1522.0,Paid
B107708,A107708,2025-01-05,22975.67,15966.82,36088.21,19963.45,16124.76,Paid
B107709,A107709,2025-06-22,24154.21,21182.45,32932.08,21768.52,11163.56,Paid
B107710,A107710,2025-05-24,861.86,4995.07,10559.45,8846.3,1713.16,Paid
B107711,A107711,2025-10-30,104506.29,32273.31,143630.49,103188.0,40442.49,Pending
B107712,A107712,2024-06-12,2713.71,12983.37,14792.77,12645.82,2146.95,Paid
B107713,A107713,2024-06-29,9957.76,24701.91,36667.25,0.0,36667.25,Paid
B107714,A107714,2024-03-29,10544.12,1404.85,14718.69,11494.18,3224.51,Paid
B107715,A107715,2025-02-08,51659.34,16805.76,75151.17,44317.09,30834.08,Paid
B107716,A107716,2025-04-28,1711.8,17151.68,18172.06,10079.74,8092.32,Paid
B107717,A107717,2025-07-03,5616.12,17866.36,12503.76,8853.33,3650.42,Paid
B107718,A107718,2025-04-23,6198.67,5728.16,13625.09,7899.46,5725.63,Paid
B107719,A107719,2024-10-13,9244.29,4866.5,18923.02,0.0,18923.02,Paid
B107720,A107720,2025-04-03,1968.42,20357.77,14719.63,11662.67,3056.96,Partially Paid
B107721,A107721,2025-09-22,1540.17,29651.93,19928.02,16613.43,3314.59,Partially Paid
B107722,A107722,2024-03-24,105240.92,5998.3,108401.89,0.0,108401.89,Paid
B107723,A107723,2024-08-03,15623.73,5108.63,21878.38,12086.27,9792.11,Paid
B107724,A107724,2025-06-04,6423.09,3661.54,8985.22,5237.65,3747.57,Paid
B107725,A107725,2024-05-14,8270.75,2552.93,11409.11,0.0,11409.11,Pending
B107726,A107726,2025-03-24,56668.6,6451.22,65235.15,37374.54,27860.61,Pending
B107727,A107727,2024-04-30,5364.94,13394.73,9695.33,6527.73,3167.6,Paid
B107728,A107728,2025-08-25,3311.74,29942.01,26055.07,18792.24,7262.84,Paid
B107729,A107729,2024-09-03,3922.13,11354.9,9733.98,8127.31,1606.67,Paid
B107730,A107730,2024-06-05,5566.06,14283.89,27671.09,15886.79,11784.3,Paid
B107731,A107731,2025-06-23,1453.83,8966.55,23798.58,21134.94,2663.64,Paid
B107732,A107732,2025-10-12,9898.26,12732.0,22329.2,0.0,22329.2,Pending
B107733,A107733,2025-01-17,13241.14,6637.03,18728.1,16288.45,2439.66,Partially Paid
B107734,A107734,2025-09-11,7559.42,23317.69,54472.89,44957.22,9515.67,Pending
B107735,A107735,2025-06-13,807.88,17702.03,12369.26,6827.34,5541.92,Paid
B107736,A107736,2025-05-31,1117.89,6666.61,6706.97,0.0,6706.97,Paid
B107737,A107737,2025-10-31,4330.25,35457.22,15329.59,12946.89,2382.7,Paid
B107738,A107738,2024-04-27,3295.9,1708.16,4784.78,4285.55,499.23,Paid
B107739,A107739,2025-10-31,4456.06,24934.71,28799.08,0.0,28799.08,Paid
B107740,A107740,2025-07-31,1732.56,4645.72,7259.89,5993.81,1266.07,Paid
B107741,A107741,2025-10-30,1692.07,22755.88,30253.58,17018.81,13234.77,Paid
B107742,A107742,2024-11-19,3830.91,20716.18,29528.68,24567.83,4960.85,Paid
B107743,A107743,2024-01-16,2353.87,5454.15,7339.44,5034.45,2304.99,Pending
B107744,A107744,2024-04-05,53371.18,22552.21,66606.04,0.0,66606.04,Pending
B107745,A107745,2025-01-29,4623.25,12322.13,25089.29,15933.39,9155.9,Paid
B107746,A107746,2024-03-27,1388.14,7470.88,6581.72,4963.58,1618.14,Pending
B107747,A107747,2025-02-09,865.8,29090.99,44490.19,0.0,44490.19,Paid
B107748,A107748,2025-07-02,9458.4,5088.7,26262.57,22752.58,3509.98,Partially Paid
B107749,A107749,2025-11-01,1838.81,35194.51,21623.08,17188.37,4434.7,Paid
B107750,A107750,2025-10-06,3478.92,9760.71,15515.89,10414.4,5101.49,Pending
B107751,A107751,2024-04-13,12493.78,11757.73,26887.36,0.0,26887.36,Pending
B107752,A107752,2025-04-02,1834.56,1750.6,3091.32,0.0,3091.32,Paid
B107753,A107753,2024-11-26,1240.65,10493.28,7067.22,4872.82,2194.4,Paid
B107754,A107754,2026-01-01,9960.53,9989.87,33100.07,18690.92,14409.16,Paid
B107755,A107755,2024-03-18,858.03,9211.32,10449.34,9288.74,1160.6,Paid
B107756,A107756,2024-04-09,33363.51,11160.37,39621.02,0.0,39621.02,Partially Paid
B107757,A107757,2024-04-05,2953.51,7032.89,15078.15,11641.78,3436.36,Paid
B107758,A107758,2024-11-28,10238.09,3609.1,21978.88,16061.04,5917.84,Partially Paid
B107759,A107759,2024-06-27,2068.03,16648.41,9919.38,0.0,9919.38,Paid
B107760,A107760,2024-11-13,5274.15,11908.06,11077.92,9962.84,1115.08,Paid
B107761,A107761,2025-11-27,4466.98,13616.54,18800.76,0.0,18800.76,Pending
B107762,A107762,2025-07-26,6768.76,18537.27,21914.42,17738.39,4176.03,Paid
B107763,A107763,2025-05-19,1648.22,16306.04,21931.85,0.0,21931.85,Paid
B107764,A107764,2024-10-01,10433.25,7846.77,30146.31,23030.19,7116.12,Partially Paid
B107765,A107765,2025-03-05,44599.95,5895.43,47229.08,27175.78,20053.3,Pending
B107766,A107766,2024-02-12,7067.98,33757.29,33565.73,27072.66,6493.07,Paid
B107767,A107767,2024-04-29,11816.06,1885.44,16090.98,9601.15,6489.83,Partially Paid
B107768,A107768,2025-01-09,6539.0,7135.97,22187.17,14774.12,7413.05,Paid
B107769,A107769,2025-07-23,22671.88,8443.38,27350.91,23816.61,3534.3,Paid
B107770,A107770,2025-03-31,21404.5,8750.3,29228.67,0.0,29228.67,Paid
B107771,A107771,2024-11-07,31861.11,3702.23,40791.82,0.0,40791.82,Paid
B107772,A107772,2024-12-28,2400.08,24193.24,15219.24,9182.98,6036.26,Paid
B107773,A107773,2025-01-22,1016.92,16218.48,15843.6,12825.58,3018.02,Paid
B107774,A107774,2024-04-20,3495.87,12843.89,18787.35,15496.43,3290.91,Paid
B107775,A107775,2025-01-27,1313.73,6137.96,10259.32,0.0,10259.32,Pending
B107776,A107776,2024-06-29,2273.58,16747.71,21068.93,0.0,21068.93,Partially Paid
B107777,A107777,2024-04-23,6658.67,15719.54,42123.51,36361.08,5762.42,Paid
B107778,A107778,2025-08-17,2917.81,7250.93,15097.32,12368.37,2728.94,Paid
B107779,A107779,2024-06-13,8616.02,7111.79,14590.09,10016.71,4573.38,Paid
B107780,A107780,2024-09-25,1043.3,5675.66,8767.6,5349.96,3417.63,Paid
B107781,A107781,2025-07-20,6354.0,13555.4,22099.5,0.0,22099.5,Paid
B107782,A107782,2024-10-11,7409.97,10522.33,33750.85,29863.86,3886.99,Paid
B107783,A107783,2024-11-04,1920.83,25989.03,14010.62,0.0,14010.62,Paid
B107784,A107784,2025-08-13,778.25,11719.61,8902.54,7941.42,961.12,Paid
B107785,A107785,2024-05-12,1511.46,7470.01,13038.87,9768.39,3270.48,Paid
B107786,A107786,2024-09-07,1695.41,12053.56,22565.11,14691.09,7874.01,Pending
B107787,A107787,2024-08-26,4834.46,18195.9,22121.38,18865.61,3255.78,Paid
B107788,A107788,2025-10-30,1454.03,4768.76,4777.18,3770.43,1006.75,Paid
B107789,A107789,2025-08-10,1594.02,8194.88,14711.3,10516.45,4194.85,Paid
B107790,A107790,2025-03-17,1573.3,5304.67,11167.22,8035.3,3131.92,Pending
B107791,A107791,2024-05-23,4202.79,14028.22,12651.43,0.0,12651.43,Paid
B107792,A107792,2025-07-16,2863.83,9098.68,21349.99,14595.9,6754.09,Paid
B107793,A107793,2024-05-31,2283.1,8886.48,13533.89,9205.52,4328.37,Paid
B107794,A107794,2024-02-26,56106.79,3121.35,58330.75,0.0,58330.75,Paid
B107795,A107795,2025-11-25,13196.27,11383.35,37098.94,32628.83,4470.11,Paid
B107796,A107796,2024-12-25,23975.01,9301.1,38253.03,29343.87,8909.16,Paid
B107797,A107797,2024-09-15,4616.49,5465.28,12485.07,0.0,12485.07,Paid
B107798,A107798,2024-03-05,10378.8,8898.56,16609.8,13401.27,3208.52,Paid
B107799,A107799,2024-03-04,3703.82,2558.75,5535.91,4641.46,894.45,Paid
B107800,A107800,2024-02-02,3649.37,8724.67,19566.78,14358.52,5208.26,Paid
B107801,A107801,2025-07-08,7732.49,8898.66,13147.12,0.0,13147.12,Paid
B107802,A107802,2025-10-26,2814.63,20032.18,19093.42,12439.1,6654.33,Paid
B107803,A107803,2025-09-05,5673.11,39658.46,26629.53,15371.87,11257.66,Partially Paid
B107804,A107804,2025-07-23,51571.41,5235.47,55022.24,0.0,55022.24,Paid
B107805,A107805,2024-10-29,4834.56,9339.03,10333.65,9201.1,1132.55,Paid
B107806,A107806,2025-12-08,1296.62,8957.33,12019.65,0.0,12019.65,Paid
B107807,A107807,2025-09-07,4321.09,8971.41,12022.68,8433.98,3588.7,Paid
B107808,A107808,2024-08-08,51613.23,15677.1,68954.01,61477.98,7476.04,Paid
B107809,A107809,2024-05-23,9396.63,6959.38,19703.5,13594.48,6109.02,Paid
B107810,A107810,2025-05-23,1492.1,5416.46,7522.06,6398.72,1123.33,Paid
B107811,A107811,2025-07-20,1038.5,23955.47,21316.94,12930.71,8386.23,Paid
B107812,A107812,2025-05-20,45001.19,20221.11,74179.02,54033.43,20145.58,Paid
B107813,A107813,2025-09-21,7641.0,7243.24,20803.5,14216.72,6586.78,Partially Paid
B107814,A107814,2025-05-18,2084.61,8329.16,8999.36,0.0,8999.36,Paid
B107815,A107815,2025-08-13,4097.48,9030.37,11362.81,6355.45,5007.36,Partially Paid
B107816,A107816,2024-07-11,113668.7,6059.88,122531.71,100357.1,22174.61,Paid
B107817,A107817,2025-12-14,3259.58,8476.17,7554.88,4898.34,2656.54,Paid
B107818,A107818,2025-11-12,5330.95,29997.61,35161.63,29065.95,6095.68,Paid
B107819,A107819,2025-10-14,6498.7,4725.15,11880.14,0.0,11880.14,Paid
B107820,A107820,2024-02-25,3265.9,24648.34,31127.27,17617.83,13509.43,Paid
B107821,A107821,2025-01-03,2075.74,19872.11,16011.19,8874.42,7136.77,Paid
B107822,A107822,2025-09-20,1531.34,2413.37,7637.21,6596.12,1041.09,Partially Paid
B107823,A107823,2025-11-14,8696.65,14252.52,15366.66,13482.34,1884.32,Pending
B107824,A107824,2025-05-15,10364.62,16076.7,31298.94,20890.94,10408.0,Paid
B107825,A107825,2024-10-05,4679.97,4947.38,9058.71,0.0,9058.71,Paid
B107826,A107826,2024-02-18,5198.48,8037.9,9329.73,8174.83,1154.9,Partially Paid
B107827,A107827,2024-08-08,3602.82,9109.72,16956.44,12158.24,4798.2,Paid
B107828,A107828,2024-08-23,1060.44,23676.47,15497.7,12204.53,3293.16,Pending
B107829,A107829,2025-10-04,3479.1,17944.18,10099.51,7340.98,2758.52,Paid
B107830,A107830,2024-11-19,5596.5,2671.03,6877.76,5868.59,1009.18,Partially Paid
B107831,A107831,2025-03-06,10663.36,26925.43,33257.72,29356.34,3901.38,Partially Paid
B107832,A107832,2024-08-18,1206.54,23595.05,22659.22,18241.69,4417.53,Paid
B107833,A107833,2025-10-28,6254.68,15260.83,15374.05,9760.16,5613.89,Paid
B107834,A107834,2024-10-18,4569.37,12483.22,13415.6,0.0,13415.6,Partially Paid
B107835,A107835,2024-02-19,20051.06,10255.9,31877.16,0.0,31877.16,Paid
B107836,A107836,2024-01-28,4871.44,20906.28,52702.58,41545.95,11156.63,Paid
B107837,A107837,2025-09-26,11387.91,5786.57,20300.99,16697.97,3603.02,Paid
B107838,A107838,2025-01-15,17093.75,11175.79,25945.05,20133.8,5811.25,Paid
B107839,A107839,2025-12-07,4219.88,14041.97,15138.13,0.0,15138.13,Partially Paid
B107840,A107840,2024-12-06,1957.65,30556.75,37132.87,0.0,37132.87,Paid
B107841,A107841,2024-06-20,43846.15,16531.34,63781.73,48816.66,14965.06,Paid
B107842,A107842,2025-05-26,1553.03,11417.96,18287.81,14255.83,4031.98,Partially Paid
B107843,A107843,2024-05-08,2339.07,38316.01,52339.01,33237.26,19101.75,Paid
B107844,A107844,2025-10-07,2720.71,12286.39,25936.56,0.0,25936.56,Paid
B107845,A107845,2025-07-20,4693.61,3105.05,7702.38,6752.44,949.94,Pending
B107846,A107846,2025-03-16,1348.98,6928.6,6839.49,3925.01,2914.48,Pending
B107847,A107847,2024-11-05,4699.71,11955.28,18670.79,11722.0,6948.79,Pending
B107848,A107848,2025-04-11,5214.86,37870.33,46352.27,38852.75,7499.52,Paid
B107849,A107849,2024-10-01,2385.11,13198.24,12710.94,10042.78,2668.15,Paid
B107850,A107850,2025-12-12,39649.33,2714.57,41315.4,30450.19,10865.21,Pending
B107851,A107851,2024-08-08,1540.64,6514.41,10101.44,7646.13,2455.32,Pending
B107852,A107852,2024-04-24,6851.51,2587.04,10007.88,6038.86,3969.02,Paid
B107853,A107853,2024-01-21,2131.94,7223.81,20427.74,15882.42,4545.32,Paid
B107854,A107854,2024-08-06,2437.06,9508.68,15551.18,10702.49,4848.68,Partially Paid
B107855,A107855,2025-03-07,5148.57,16186.03,15137.65,13604.88,1532.77,Paid
B107856,A107856,2024-05-26,1847.77,39264.0,18214.78,0.0,18214.78,Pending
B107857,A107857,2024-02-16,1719.07,5160.83,8190.2,7226.66,963.54,Paid
B107858,A107858,2024-10-11,10230.92,3334.17,13867.02,0.0,13867.02,Pending
B107859,A107859,2024-04-12,1612.44,12264.35,20767.39,13856.22,6911.16,Paid
B107860,A107860,2024-03-03,79941.04,9601.91,86990.72,49683.57,37307.15,Paid
B107861,A107861,2024-08-24,1908.62,27532.83,10503.44,0.0,10503.44,Paid
B107862,A107862,2025-10-08,4478.3,5130.7,20726.69,15553.03,5173.66,Paid
B107863,A107863,2025-01-25,3166.6,24096.12,12166.21,10068.74,2097.47,Paid
B107864,A107864,2024-06-17,1134.42,24134.8,18189.34,13110.88,5078.46,Partially Paid
B107865,A107865,2025-04-18,1685.9,9279.51,7728.9,6070.97,1657.93,Paid
B107866,A107866,2025-09-07,4040.13,74974.02,69991.9,61820.43,8171.47,Pending
B107867,A107867,2024-07-28,2262.15,7118.93,6968.76,0.0,6968.76,Pending
B107868,A107868,2024-06-27,6996.24,6263.69,13746.94,9840.38,3906.56,Paid
B107869,A107869,2024-03-22,1578.66,2694.91,5286.31,3841.13,1445.18,Pending
B107870,A107870,2024-01-20,6249.59,7722.14,12304.0,9084.71,3219.3,Paid
B107871,A107871,2025-12-13,1368.61,9452.82,21067.22,13434.58,7632.64,Paid
B107872,A107872,2024-10-18,954.55,4194.85,2371.74,0.0,2371.74,Partially Paid
B107873,A107873,2024-12-27,2735.64,5480.08,11414.89,7827.78,3587.11,Partially Paid
B107874,A107874,2024-10-08,755.74,11717.34,5374.26,4577.99,796.27,Paid
B107875,A107875,2025-02-05,1401.7,20097.88,16608.11,0.0,16608.11,Paid
B107876,A107876,2024-05-22,2036.45,1883.26,4952.81,2797.48,2155.32,Paid
B107877,A107877,2025-11-11,20562.57,17250.0,37138.78,0.0,37138.78,Paid
B107878,A107878,2025-06-05,7233.13,18540.76,22504.77,14698.75,7806.01,Paid
B107879,A107879,2024-09-11,74949.66,10298.26,83427.98,47320.45,36107.53,Paid
B107880,A107880,2025-10-24,6716.51,3955.28,8483.71,0.0,8483.71,Paid
B107881,A107881,2025-06-28,99127.96,7812.0,109412.4,0.0,109412.4,Paid
B107882,A107882,2024-08-29,8616.77,7241.0,19077.16,12098.4,6978.76,Partially Paid
B107883,A107883,2024-05-15,4266.52,15287.56,11859.41,9628.87,2230.54,Paid
B107884,A107884,2024-11-07,2790.19,12739.37,14622.65,8312.32,6310.33,Paid
B107885,A107885,2024-12-25,4947.89,8182.98,13004.42,9168.37,3836.05,Paid
B107886,A107886,2024-10-17,1158.16,8229.37,25596.43,15870.95,9725.48,Paid
B107887,A107887,2024-10-21,113983.74,3499.79,119888.28,83950.76,35937.51,Partially Paid
B107888,A107888,2024-06-15,21441.29,14716.53,38317.96,32850.93,5467.03,Paid
B107889,A107889,2025-02-23,5458.21,4154.26,8323.95,6941.93,1382.02,Paid
B107890,A107890,2025-04-19,6310.49,23401.65,28566.73,0.0,28566.73,Pending
B107891,A107891,2025-10-08,31872.89,21469.71,54273.87,32808.29,21465.58,Paid
B107892,A107892,2025-08-06,1189.38,37454.12,35232.65,31211.8,4020.85,Partially Paid
B107893,A107893,2025-06-02,3311.82,46714.01,42563.71,30689.45,11874.25,Paid
B107894,A107894,2025-11-08,3119.35,40792.93,72265.61,43468.28,28797.32,Paid
B107895,A107895,2025-04-24,5076.75,8876.86,11407.12,7262.5,4144.62,Paid
B107896,A107896,2025-01-01,108846.38,11778.07,120047.73,100852.03,19195.7,Paid
B107897,A107897,2024-11-11,1409.55,17088.32,18375.01,11481.36,6893.65,Paid
B107898,A107898,2025-09-30,6881.13,9760.44,27666.74,16127.79,11538.95,Paid
B107899,A107899,2025-12-07,1335.47,4510.8,14355.93,0.0,14355.93,Pending
B107900,A107900,2024-09-02,2613.81,2399.86,5068.06,4106.13,961.93,Paid
B107901,A107901,2025-04-27,2852.47,7389.52,27638.45,19011.68,8626.77,Paid
B107902,A107902,2025-09-20,3265.59,18766.54,49260.51,30354.35,18906.16,Paid
B107903,A107903,2025-03-16,63493.06,21384.15,85929.52,74297.46,11632.06,Paid
B107904,A107904,2024-09-09,5626.03,12979.47,13276.29,9751.27,3525.02,Paid
B107905,A107905,2024-02-03,10245.61,14899.88,24849.26,21990.09,2859.17,Paid
B107906,A107906,2025-04-24,1874.23,3930.1,10468.54,9221.66,1246.87,Paid
B107907,A107907,2025-08-04,29368.01,27448.34,59149.55,45129.05,14020.5,Paid
B107908,A107908,2025-06-02,96140.25,13336.33,117979.83,0.0,117979.83,Paid
B107909,A107909,2024-12-05,44222.84,12765.89,54380.36,37803.62,16576.74,Paid
B107910,A107910,2025-10-13,8378.52,25332.57,19932.76,13968.96,5963.8,Paid
B107911,A107911,2024-12-13,9505.92,25056.56,31172.43,17487.78,13684.65,Paid
B107912,A107912,2024-12-08,1109.86,17506.69,15889.27,12535.17,3354.1,Paid
B107913,A107913,2025-04-26,10958.67,6671.93,14047.28,9264.54,4782.75,Paid
B107914,A107914,2024-02-17,6700.54,17023.76,15891.97,0.0,15891.97,Paid
B107915,A107915,2024-03-15,4748.89,2491.98,8513.75,7020.67,1493.08,Paid
B107916,A107916,2024-01-28,6186.82,26055.83,24984.98,22312.55,2672.43,Partially Paid
B107917,A107917,2024-08-12,5942.29,18307.53,20277.73,11948.6,8329.13,Paid
B107918,A107918,2024-03-22,8240.06,12278.22,14029.37,0.0,14029.37,Paid
B107919,A107919,2024-08-29,1534.95,27196.36,17171.62,0.0,17171.62,Paid
B107920,A107920,2024-06-09,9338.31,17842.58,24901.43,20584.2,4317.23,Paid
B107921,A107921,2024-11-26,5589.79,14620.61,14073.47,11304.44,2769.04,Paid
B107922,A107922,2024-04-24,7869.5,2898.9,9651.86,7465.92,2185.95,Paid
B107923,A107923,2025-09-03,1728.75,17545.19,15228.17,9397.81,5830.37,Pending
B107924,A107924,2025-10-05,1639.87,8616.98,9121.34,6752.12,2369.22,Paid
B107925,A107925,2025-09-15,2535.07,4641.19,7866.29,5976.62,1889.67,Partially Paid
B107926,A107926,2025-08-12,3045.04,4711.75,9144.3,0.0,9144.3,Paid
B107927,A107927,2024-10-02,11098.73,2257.8,12404.46,9754.41,2650.05,Partially Paid
B107928,A107928,2025-01-19,1527.94,15349.65,6715.86,5730.84,985.02,Pending
B107929,A107929,2024-01-24,1933.57,15599.31,7457.26,6288.21,1169.06,Paid
B107930,A107930,2025-11-08,3264.37,17046.98,10212.59,8312.55,1900.04,Pending
B107931,A107931,2024-07-31,102153.93,15064.4,117224.55,79537.37,37687.18,Paid
B107932,A107932,2025-09-05,23730.54,32302.3,48850.56,0.0,48850.56,Paid
B107933,A107933,2025-08-17,1450.54,2042.18,3541.69,2887.23,654.46,Paid
B107934,A107934,2025-09-12,5609.95,8883.54,13492.15,0.0,13492.15,Paid
B107935,A107935,2024-06-16,8808.77,22871.43,43542.65,26053.28,17489.38,Partially Paid
B107936,A107936,2025-07-27,5044.17,3393.14,7473.61,6535.7,937.91,Paid
B107937,A107937,2024-02-11,1174.89,14299.89,6156.22,3390.5,2765.72,Paid
B107938,A107938,2024-05-02,1918.57,7110.53,8182.72,0.0,8182.72,Partially Paid
B107939,A107939,2025-01-26,5005.26,5604.33,8810.04,6933.86,1876.19,Paid
B107940,A107940,2025-11-13,19283.64,8152.64,30861.38,0.0,30861.38,Paid
B107941,A107941,2025-01-18,7341.5,9782.22,34017.84,0.0,34017.84,Pending
B107942,A107942,2025-01-15,23771.99,12930.46,30161.63,18106.29,12055.33,Paid
B107943,A107943,2025-08-06,2067.6,13142.3,7657.34,4215.6,3441.73,Paid
B107944,A107944,2025-08-24,6023.05,10554.49,31463.71,0.0,31463.71,Paid
B107945,A107945,2024-02-17,22126.24,10748.76,30775.05,19249.35,11525.7,Paid
B107946,A107946,2025-09-05,4058.84,6271.82,11774.16,8721.16,3053.01,Paid
B107947,A107947,2025-04-18,2155.02,10982.47,19634.23,11318.89,8315.33,Paid
B107948,A107948,2025-04-08,1862.05,16737.57,20519.43,13867.34,6652.09,Paid
B107949,A107949,2024-05-12,78585.85,8446.04,86451.15,0.0,86451.15,Paid
B107950,A107950,2024-02-02,92568.11,19225.84,114421.06,98152.83,16268.24,Pending
B107951,A107951,2025-09-23,44972.48,11220.28,53586.53,34490.3,19096.23,Paid
B107952,A107952,2024-11-24,5896.96,11199.65,15454.99,0.0,15454.99,Paid
B107953,A107953,2025-05-26,2305.28,9123.48,10977.78,8857.73,2120.05,Paid
B107954,A107954,2025-09-22,2026.92,39564.93,46140.4,27604.13,18536.27,Paid
B107955,A107955,2024-11-28,39030.77,11932.63,57404.2,34012.75,23391.46,Pending
B107956,A107956,2024-06-13,88907.72,16391.64,97417.01,84572.87,12844.14,Paid
B107957,A107957,2025-06-04,1384.55,9503.05,15170.88,9183.11,5987.77,Pending
B107958,A107958,2025-10-23,59975.24,3260.49,63593.13,47238.87,16354.26,Paid
B107959,A107959,2024-09-15,4285.14,21813.92,17984.95,13692.65,4292.3,Pending
B107960,A107960,2024-09-07,1607.37,8684.61,7210.54,4772.64,2437.9,Paid
B107961,A107961,2024-12-23,4873.19,6200.87,13343.46,9590.05,3753.41,Paid
B107962,A107962,2025-02-09,48758.1,11317.76,83992.95,55123.24,28869.71,Paid
B107963,A107963,2025-08-05,5798.38,1347.91,10039.62,8427.77,1611.85,Pending
B107964,A107964,2024-07-26,11647.01,16174.06,22777.91,0.0,22777.91,Paid
B107965,A107965,2024-11-02,114532.98,6730.38,136429.25,89503.06,46926.19,Paid
B107966,A107966,2024-05-29,4076.49,5759.55,10566.32,7685.01,2881.32,Partially Paid
B107967,A107967,2024-08-13,3905.48,7538.22,14989.48,9818.23,5171.26,Paid
B107968,A107968,2025-12-03,2291.18,13103.82,13321.96,0.0,13321.96,Paid
B107969,A107969,2025-07-20,90764.55,23700.13,119955.34,0.0,119955.34,Paid
B107970,A107970,2024-09-21,3596.73,8483.66,8442.34,0.0,8442.34,Paid
B107971,A107971,2024-10-26,8328.66,6226.47,14156.86,0.0,14156.86,Paid
B107972,A107972,2024-11-30,4441.07,72201.77,77260.52,54125.83,23134.69,Paid
B107973,A107973,2024-10-24,5981.46,18868.78,16095.9,11891.23,4204.67,Pending
B107974,A107974,2025-11-20,4823.16,25011.4,25706.49,19846.43,5860.06,Partially Paid
B107975,A107975,2024-02-03,3675.66,10553.51,14131.8,11637.79,2494.01,Partially Paid
B107976,A107976,2025-11-13,1634.08,2350.45,4716.49,3170.39,1546.1,Paid
B107977,A107977,2024-02-25,20926.25,46645.43,58023.05,0.0,58023.05,Paid
B107978,A107978,2025-07-10,2406.73,5654.21,7118.31,6080.8,1037.51,Paid
B107979,A107979,2024-06-02,1507.08,43048.31,52627.35,43171.4,9455.95,Paid
B107980,A107980,2024-12-16,19314.54,7433.67,22513.21,16296.69,6216.51,Paid
B107981,A107981,2024-08-08,4276.85,4957.12,10337.35,0.0,10337.35,Paid
B107982,A107982,2025-03-28,21486.71,10659.41,33170.07,0.0,33170.07,Partially Paid
B107983,A107983,2025-05-22,5467.18,8722.28,10666.4,6065.33,4601.08,Paid
B107984,A107984,2024-04-02,2371.17,26104.5,27145.74,20071.97,7073.77,Paid
B107985,A107985,2024-09-21,7693.72,61354.63,30696.25,17689.91,13006.34,Paid
B107986,A107986,2024-09-24,3716.9,12878.58,15224.18,12330.72,2893.46,Paid
B107987,A107987,2025-06-07,10941.1,2422.89,12144.32,7192.34,4951.98,Pending
B107988,A107988,2024-03-25,22823.38,10857.8,30090.54,20393.03,9697.51,Paid
B107989,A107989,2025-09-18,31933.01,14619.7,55407.83,36349.58,19058.25,Paid
B107990,A107990,2025-04-09,37110.92,6084.1,45467.34,28372.84,17094.5,Paid
B107991,A107991,2025-09-23,4079.98,2800.39,12378.69,0.0,12378.69,Paid
B107992,A107992,2024-09-11,1382.95,9047.92,12716.04,10354.83,2361.21,Paid
B107993,A107993,2024-01-24,2078.79,26900.83,21976.52,17859.99,4116.54,Paid
B107994,A107994,2024-09-16,4662.44,15812.79,13419.4,0.0,13419.4,Paid
B107995,A107995,2024-09-07,3093.6,14699.5,26916.4,21673.86,5242.53,Paid
B107996,A107996,2024-06-03,821.48,7379.38,4500.27,0.0,4500.27,Partially Paid
B107997,A107997,2025-09-08,989.33,31773.38,34134.62,24322.91,9811.71,Paid
B107998,A107998,2025-05-16,4890.68,5793.47,12283.06,10269.45,2013.6,Paid
B107999,A107999,2025-04-05,99728.95,4631.72,106778.28,0.0,106778.28,Pending
B108000,A108000,2025-12-03,3476.17,16508.93,12352.64,7183.59,5169.06,Paid
B108001,A108001,2025-07-01,8347.66,14056.45,24295.55,13780.8,10514.75,Pending
B108002,A108002,2024-04-27,1573.5,3847.28,6470.97,5473.79,997.18,Partially Paid
B108003,A108003,2025-04-03,4739.51,42941.45,38355.78,31806.88,6548.9,Partially Paid
B108004,A108004,2024-12-24,9196.99,11029.99,20889.48,15540.44,5349.05,Paid
B108005,A108005,2025-09-18,102072.17,6575.59,104501.76,70103.66,34398.1,Paid
B108006,A108006,2025-06-30,2632.55,17425.89,20358.07,12873.72,7484.35,Paid
B108007,A108007,2024-11-23,2184.4,15318.06,15322.74,12876.34,2446.39,Paid
B108008,A108008,2025-04-10,2763.17,16543.15,25279.85,14925.0,10354.85,Paid
B108009,A108009,2024-08-23,757.57,15319.14,23078.54,19552.75,3525.79,Paid
B108010,A108010,2025-01-01,9511.88,7218.62,30263.55,0.0,30263.55,Paid
B108011,A108011,2025-06-17,1344.79,12200.32,11545.93,7238.21,4307.71,Paid
B108012,A108012,2024-04-28,9219.06,24724.73,18196.72,15924.96,2271.76,Paid
B108013,A108013,2024-08-05,4716.55,7504.16,25548.96,17571.46,7977.5,Paid
B108014,A108014,2024-08-25,13671.77,8081.85,22690.46,0.0,22690.46,Paid
B108015,A108015,2024-06-10,4307.49,4176.54,16032.77,12431.96,3600.81,Paid
B108016,A108016,2025-08-04,11467.31,17055.09,27394.35,20870.05,6524.31,Partially Paid
B108017,A108017,2024-11-23,4227.91,13173.58,12294.53,8403.37,3891.16,Paid
B108018,A108018,2024-04-07,1403.41,6422.13,16868.62,10816.5,6052.12,Paid
B108019,A108019,2024-09-08,8383.1,11417.57,18721.68,10994.94,7726.73,Paid
B108020,A108020,2025-11-07,2563.97,22781.11,33865.9,0.0,33865.9,Paid
B108021,A108021,2024-05-23,4410.95,4149.8,15135.03,8589.81,6545.22,Paid
B108022,A108022,2025-02-14,11345.9,22173.79,24834.5,0.0,24834.5,Paid
B108023,A108023,2025-02-09,5170.15,5672.67,12410.16,10556.05,1854.11,Pending
B108024,A108024,2025-08-29,2196.15,9154.67,16450.53,14294.9,2155.63,Paid
B108025,A108025,2025-11-01,517.93,11416.39,5616.75,3937.88,1678.87,Paid
B108026,A108026,2025-02-23,4576.71,13026.36,17353.3,11673.7,5679.6,Partially Paid
B108027,A108027,2025-03-20,2125.97,12825.92,23652.71,17283.47,6369.24,Partially Paid
B108028,A108028,2024-08-22,2184.25,5665.89,5429.78,3182.05,2247.72,Paid
B108029,A108029,2024-07-15,1086.75,5178.31,13441.88,7903.34,5538.54,Partially Paid
B108030,A108030,2024-04-22,902.72,49558.56,62865.79,35440.28,27425.51,Partially Paid
B108031,A108031,2024-04-29,1740.5,23078.31,22171.11,18967.4,3203.71,Paid
B108032,A108032,2025-09-13,9189.3,4912.14,16057.81,13303.66,2754.15,Paid
B108033,A108033,2025-07-01,66675.48,23606.64,104778.11,67127.85,37650.26,Paid
B108034,A108034,2024-10-14,45128.32,9331.47,59455.46,47035.42,12420.04,Paid
B108035,A108035,2025-12-19,1055.98,7245.85,12334.45,10629.17,1705.28,Paid
B108036,A108036,2025-06-11,2263.07,17977.07,22497.1,18781.43,3715.66,Paid
B108037,A108037,2024-12-19,7773.59,11395.72,17223.52,0.0,17223.52,Partially Paid
B108038,A108038,2024-11-12,6340.14,3205.61,10090.73,6598.44,3492.29,Pending
B108039,A108039,2025-12-24,3079.02,18485.83,30774.07,19992.37,10781.7,Paid
B108040,A108040,2025-05-16,49173.06,5953.28,54265.69,0.0,54265.69,Pending
B108041,A108041,2025-06-24,2092.79,9838.83,19429.68,13967.9,5461.77,Pending
B108042,A108042,2025-10-19,1928.58,7533.08,22786.79,14829.19,7957.6,Paid
B108043,A108043,2025-10-08,2020.24,46797.98,34502.65,0.0,34502.65,Paid
B108044,A108044,2025-03-12,82707.07,4272.71,85921.74,49142.92,36778.82,Paid
B108045,A108045,2025-06-10,6570.93,14815.71,17930.65,13096.18,4834.47,Pending
B108046,A108046,2025-08-20,7435.68,21786.65,16157.83,0.0,16157.83,Paid
B108047,A108047,2025-03-26,2198.68,21734.95,21277.3,17708.81,3568.49,Pending
B108048,A108048,2025-09-22,27446.05,40499.93,57847.28,50976.93,6870.35,Pending
B108049,A108049,2024-07-27,1184.1,2926.3,2914.08,1716.33,1197.75,Paid
B108050,A108050,2024-10-07,3003.67,18260.5,23716.46,16767.53,6948.93,Paid
B108051,A108051,2025-05-12,1104.67,2291.19,4273.66,2963.69,1309.97,Paid
B108052,A108052,2024-10-30,19795.5,21088.27,38910.55,21684.15,17226.4,Paid
B108053,A108053,2025-01-10,1548.56,6308.37,9126.01,7770.49,1355.52,Pending
B108054,A108054,2025-08-07,4551.05,42273.49,41837.55,26082.59,15754.95,Pending
B108055,A108055,2024-07-04,109338.82,3762.03,114292.61,66323.46,47969.15,Paid
B108056,A108056,2024-02-08,10799.87,30624.83,29519.87,0.0,29519.87,Paid
B108057,A108057,2024-10-12,52611.78,12691.63,60860.22,39578.2,21282.02,Paid
B108058,A108058,2025-03-12,3827.06,12002.2,12280.87,0.0,12280.87,Paid
B108059,A108059,2025-06-07,35674.56,8434.47,53636.5,40112.97,13523.53,Paid
B108060,A108060,2025-11-18,931.6,5025.04,4500.96,4050.33,450.63,Paid
B108061,A108061,2025-04-09,7928.59,8948.22,12244.2,10271.56,1972.64,Paid
B108062,A108062,2025-01-04,1263.94,6150.52,8096.16,0.0,8096.16,Paid
B108063,A108063,2025-10-20,6801.9,4419.32,8273.5,0.0,8273.5,Paid
B108064,A108064,2024-09-10,50358.97,4553.24,58479.91,32664.34,25815.57,Paid
B108065,A108065,2024-06-18,1227.63,6583.34,10399.37,7821.66,2577.71,Paid
B108066,A108066,2025-09-12,14124.96,12745.9,25933.2,0.0,25933.2,Pending
B108067,A108067,2025-12-12,9758.97,9659.62,28039.36,16208.77,11830.59,Paid
B108068,A108068,2025-06-13,7674.3,3934.65,10468.1,6128.17,4339.93,Pending
B108069,A108069,2025-08-27,9193.12,10252.18,14199.72,8020.83,6178.89,Paid
B108070,A108070,2025-01-12,2738.61,19504.94,31734.75,23789.45,7945.3,Pending
B108071,A108071,2025-08-24,1565.06,9031.93,8708.93,5855.79,2853.14,Pending
B108072,A108072,2024-04-14,2234.15,5400.37,8003.84,0.0,8003.84,Pending
B108073,A108073,2025-08-20,1283.78,17964.42,14017.54,8868.23,5149.31,Paid
B108074,A108074,2024-05-08,893.19,3804.2,10936.3,9481.13,1455.17,Paid
B108075,A108075,2024-02-08,4291.17,1573.99,7171.73,4783.31,2388.42,Paid
B108076,A108076,2024-12-20,3598.74,13882.04,18008.96,10902.48,7106.48,Paid
B108077,A108077,2024-08-03,5996.21,11655.29,10295.09,0.0,10295.09,Paid
B108078,A108078,2024-11-26,5968.99,21880.98,57730.37,38291.73,19438.64,Paid
B108079,A108079,2025-03-09,5499.26,35576.8,36193.49,0.0,36193.49,Pending
B108080,A108080,2024-09-09,5715.64,8221.94,18381.55,11685.94,6695.61,Paid
B108081,A108081,2025-10-12,391.48,10413.27,5000.57,2760.73,2239.84,Paid
B108082,A108082,2024-10-15,1823.25,6226.08,15097.62,12253.07,2844.56,Partially Paid
B108083,A108083,2024-08-22,991.93,17075.99,17372.8,12610.34,4762.46,Paid
B108084,A108084,2024-11-18,5472.28,6007.28,15114.62,9431.49,5683.13,Paid
B108085,A108085,2025-06-05,5522.47,42906.48,34585.69,0.0,34585.69,Paid
B108086,A108086,2025-06-06,968.82,3835.96,5263.1,3734.32,1528.78,Paid
B108087,A108087,2024-08-18,7536.57,16241.02,21687.05,18807.77,2879.28,Paid
B108088,A108088,2025-05-25,1059.93,8852.92,21358.17,11877.65,9480.53,Paid
B108089,A108089,2024-04-23,15893.86,11370.24,37666.91,32975.82,4691.08,Paid
B108090,A108090,2025-12-04,2152.61,11671.99,22947.2,12911.25,10035.96,Pending
B108091,A108091,2025-09-03,512.36,8718.36,20817.86,18641.6,2176.25,Paid
B108092,A108092,2025-12-21,2541.1,36532.82,38797.75,28210.59,10587.17,Paid
B108093,A108093,2024-11-27,1479.49,2445.87,3157.37,2226.0,931.37,Paid
B108094,A108094,2024-01-07,4878.44,5535.03,13504.21,10874.51,2629.7,Paid
B108095,A108095,2025-04-16,9641.08,14694.75,25054.74,14022.5,11032.24,Paid
B108096,A108096,2025-06-03,7022.37,14667.4,16649.94,14013.12,2636.83,Paid
B108097,A108097,2024-06-13,1752.69,8681.34,9998.04,8661.24,1336.8,Paid
B108098,A108098,2025-10-15,3296.61,1493.89,5696.22,3261.4,2434.83,Pending
B108099,A108099,2025-06-15,53482.34,2173.4,56823.87,40577.31,16246.56,Paid
B108100,A108100,2024-03-29,4564.66,16058.35,20212.3,0.0,20212.3,Pending
B108101,A108101,2025-04-29,1181.53,11160.7,17963.75,14522.71,3441.04,Pending
B108102,A108102,2025-06-07,850.08,22607.54,11457.24,9350.49,2106.75,Paid
B108103,A108103,2025-10-04,23491.54,11741.35,33819.9,25628.81,8191.09,Paid
B108104,A108104,2024-07-11,1478.64,18316.37,12476.52,10425.15,2051.37,Paid
B108105,A108105,2024-05-29,21325.81,14475.0,27383.04,21452.41,5930.63,Partially Paid
B108106,A108106,2024-06-05,5978.15,15410.65,21569.66,15618.67,5950.99,Paid
B108107,A108107,2024-12-31,2422.36,6034.15,13267.83,9921.47,3346.36,Pending
B108108,A108108,2024-04-03,30893.5,4478.07,35364.85,23263.13,12101.72,Pending
B108109,A108109,2024-02-12,1067.61,45087.03,20365.99,0.0,20365.99,Paid
B108110,A108110,2025-07-01,2063.85,20884.5,17747.91,15573.44,2174.47,Partially Paid
B108111,A108111,2025-10-13,21296.58,9075.65,34596.1,28094.05,6502.05,Paid
B108112,A108112,2025-09-05,3952.51,31634.29,27405.64,17211.56,10194.08,Paid
B108113,A108113,2024-02-21,2094.77,3828.81,11843.55,6894.13,4949.42,Paid
B108114,A108114,2024-09-18,2786.27,6068.54,16400.57,9416.24,6984.33,Paid
B108115,A108115,2025-06-08,2403.82,9813.82,29496.83,25017.94,4478.89,Pending
B108116,A108116,2025-06-27,5976.83,6986.17,13184.38,11107.77,2076.61,Paid
B108117,A108117,2025-02-16,3511.59,12319.73,8402.54,5561.02,2841.51,Partially Paid
B108118,A108118,2024-06-08,5800.2,12427.54,11226.21,0.0,11226.21,Partially Paid
B108119,A108119,2025-07-03,2621.67,9165.44,8590.05,6006.63,2583.42,Pending
B108120,A108120,2025-03-17,4911.29,6420.82,11004.67,7342.92,3661.75,Paid
B108121,A108121,2024-08-25,8968.0,1951.12,11368.87,6760.94,4607.93,Paid
B108122,A108122,2025-10-21,870.27,21423.24,40101.29,24834.16,15267.13,Paid
B108123,A108123,2025-01-05,1240.7,10212.64,8860.3,6737.71,2122.59,Partially Paid
B108124,A108124,2024-02-28,4800.5,3753.52,10635.02,8524.09,2110.93,Paid
B108125,A108125,2024-06-30,1328.74,24321.91,31681.39,23759.99,7921.4,Pending
B108126,A108126,2024-08-04,7632.9,11866.83,16500.95,10040.36,6460.59,Paid
B108127,A108127,2024-01-29,3071.0,3243.16,10728.19,7072.67,3655.52,Pending
B108128,A108128,2024-05-12,11124.95,24507.8,63166.63,50322.69,12843.94,Paid
B108129,A108129,2024-06-05,4079.36,23757.97,24509.54,0.0,24509.54,Paid
B108130,A108130,2024-09-23,1016.58,2883.87,6972.48,5502.57,1469.91,Paid
B108131,A108131,2025-02-16,4968.48,30230.95,21877.56,0.0,21877.56,Paid
B108132,A108132,2024-09-24,3872.04,35973.12,23516.82,0.0,23516.82,Paid
B108133,A108133,2024-07-12,33732.55,10676.85,55626.39,41800.85,13825.54,Paid
B108134,A108134,2025-05-17,4018.92,14702.38,11030.8,0.0,11030.8,Paid
B108135,A108135,2025-12-12,2184.57,4840.16,10927.45,6231.57,4695.87,Pending
B108136,A108136,2024-08-28,115373.04,5722.06,122406.98,0.0,122406.98,Pending
B108137,A108137,2024-11-27,2038.29,12362.09,22318.25,18308.17,4010.08,Paid
B108138,A108138,2024-03-17,3521.43,28352.3,16861.34,11978.79,4882.55,Paid
B108139,A108139,2025-12-11,1341.17,24124.79,16192.72,14502.61,1690.11,Paid
B108140,A108140,2024-01-27,2069.52,8475.87,9991.2,5559.0,4432.2,Paid
B108141,A108141,2025-08-07,5443.72,5585.37,16822.14,0.0,16822.14,Pending
B108142,A108142,2024-06-09,652.26,14276.28,18473.42,0.0,18473.42,Paid
B108143,A108143,2025-10-24,1879.75,18017.87,12790.95,7795.53,4995.42,Paid
B108144,A108144,2024-08-07,8774.65,2886.2,11534.76,8197.07,3337.7,Paid
B108145,A108145,2025-07-19,2110.08,18245.19,15879.91,12848.95,3030.96,Paid
B108146,A108146,2025-01-19,7236.63,17295.34,33162.72,24033.91,9128.81,Paid
B108147,A108147,2024-07-14,11360.26,7467.75,18030.84,12326.77,5704.07,Paid
B108148,A108148,2024-02-12,1967.55,6906.16,8955.91,4989.18,3966.73,Pending
B108149,A108149,2025-08-22,43072.39,8299.8,51743.98,0.0,51743.98,Pending
B108150,A108150,2024-12-20,6815.97,30832.37,56356.97,45041.23,11315.74,Pending
B108151,A108151,2025-05-21,2196.3,6601.1,16524.01,0.0,16524.01,Paid
B108152,A108152,2025-03-30,1266.66,21364.09,17320.74,15012.96,2307.78,Paid
B108153,A108153,2024-12-07,2753.33,11776.39,20658.32,17520.9,3137.43,Paid
B108154,A108154,2024-01-07,4214.91,3712.51,12833.93,8685.23,4148.7,Paid
B108155,A108155,2025-06-02,83550.68,6921.93,88942.16,62280.11,26662.05,Paid
B108156,A108156,2025-05-17,1510.6,13667.8,26350.98,23010.24,3340.73,Paid
B108157,A108157,2024-08-19,4905.85,14433.4,12870.78,7751.55,5119.23,Partially Paid
B108158,A108158,2024-06-01,2565.18,12970.85,9170.45,5125.59,4044.85,Pending
B108159,A108159,2024-08-26,21166.87,4432.0,24706.65,0.0,24706.65,Pending
B108160,A108160,2025-10-27,5453.66,8435.86,30001.8,19973.13,10028.67,Paid
B108161,A108161,2024-04-18,2697.29,8001.67,29070.8,17974.84,11095.96,Paid
B108162,A108162,2024-06-24,2271.86,3680.93,6611.47,4612.68,1998.79,Paid
B108163,A108163,2025-04-11,321.14,26102.09,14964.83,0.0,14964.83,Paid
B108164,A108164,2024-02-15,3231.3,21994.56,52310.97,33759.71,18551.26,Paid
B108165,A108165,2025-11-16,5716.89,8670.0,11736.28,7308.4,4427.87,Paid
B108166,A108166,2025-06-05,1074.93,7505.72,10777.4,8804.33,1973.06,Paid
B108167,A108167,2025-03-21,1785.2,21242.21,26934.97,23888.67,3046.3,Pending
B108168,A108168,2024-10-13,5555.58,2799.26,11966.8,9255.25,2711.54,Pending
B108169,A108169,2024-08-19,8128.1,14530.52,34298.88,25544.28,8754.6,Partially Paid
B108170,A108170,2025-07-26,14677.25,19776.2,30921.6,26617.6,4304.0,Partially Paid
B108171,A108171,2024-09-20,2578.4,22198.07,20122.03,11226.29,8895.73,Pending
B108172,A108172,2024-03-02,1025.65,12579.18,5107.73,3191.66,1916.06,Paid
B108173,A108173,2024-09-09,2185.56,27701.94,13522.6,9632.66,3889.93,Paid
B108174,A108174,2025-06-06,11328.95,10143.89,24702.38,0.0,24702.38,Paid
B108175,A108175,2024-08-04,3048.55,8831.27,8844.36,0.0,8844.36,Paid
B108176,A108176,2025-08-14,5696.55,6890.2,10839.37,0.0,10839.37,Paid
B108177,A108177,2025-12-11,9560.94,13201.73,35166.55,0.0,35166.55,Paid
B108178,A108178,2024-08-07,1143.43,10759.52,16076.47,9764.27,6312.2,Paid
B108179,A108179,2025-02-14,40680.49,26837.61,65249.83,46754.47,18495.36,Partially Paid
B108180,A108180,2024-10-11,5894.77,8681.58,12765.81,7503.74,5262.07,Paid
B108181,A108181,2025-08-02,978.57,27201.64,12191.09,0.0,12191.09,Partially Paid
B108182,A108182,2025-07-28,1560.85,3506.02,7965.22,6469.73,1495.49,Paid
B108183,A108183,2024-08-03,3862.08,3587.69,7102.29,6313.7,788.6,Paid
B108184,A108184,2025-02-05,1286.22,34119.34,60469.46,0.0,60469.46,Pending
B108185,A108185,2024-02-15,12386.29,2678.92,13920.19,12477.25,1442.94,Paid
B108186,A108186,2024-06-24,1759.04,13769.67,16740.75,13270.03,3470.72,Paid
B108187,A108187,2024-08-16,6369.35,20071.75,30345.38,17575.2,12770.18,Paid
B108188,A108188,2025-01-26,4448.43,23166.5,25371.57,14316.65,11054.92,Paid
B108189,A108189,2024-04-08,6414.16,17217.67,22430.04,13292.11,9137.93,Paid
B108190,A108190,2024-02-18,22819.16,13995.55,32830.94,18059.81,14771.13,Paid
B108191,A108191,2024-08-20,4237.88,18939.38,18599.04,14740.03,3859.01,Paid
B108192,A108192,2025-07-29,43181.02,3491.55,50466.2,44672.69,5793.5,Partially Paid
B108193,A108193,2024-11-15,7018.59,13100.85,19643.26,11102.95,8540.31,Pending
B108194,A108194,2026-01-03,3189.95,10103.6,15206.45,9419.1,5787.35,Paid
B108195,A108195,2024-12-03,1078.34,10528.18,12331.1,10925.17,1405.93,Paid
B108196,A108196,2025-08-26,1717.01,13289.33,13967.31,8899.09,5068.22,Paid
B108197,A108197,2025-09-18,21955.2,7443.81,28206.06,23969.19,4236.87,Paid
B108198,A108198,2025-12-22,1805.88,7774.78,9820.14,6073.99,3746.16,Pending
B108199,A108199,2025-04-14,2040.65,9216.14,15341.37,13642.12,1699.25,Partially Paid
B108200,A108200,2025-12-19,1061.74,9746.85,6060.38,4159.57,1900.81,Partially Paid
B108201,A108201,2024-10-25,1917.73,2858.59,10852.03,8650.73,2201.3,Paid
B108202,A108202,2025-07-05,2261.67,20599.91,13084.95,11523.83,1561.12,Paid
B108203,A108203,2025-05-11,1542.67,10970.19,35176.92,22760.8,12416.13,Pending
B108204,A108204,2024-08-05,1289.22,8514.79,10453.8,7329.26,3124.54,Paid
B108205,A108205,2025-06-09,3377.17,2949.43,7732.23,4993.09,2739.15,Partially Paid
B108206,A108206,2024-01-08,2155.83,23225.12,28168.41,0.0,28168.41,Paid
B108207,A108207,2025-11-01,7072.88,21022.05,38991.31,33802.28,5189.03,Pending
B108208,A108208,2025-10-16,11613.12,3419.05,15744.67,9740.13,6004.54,Paid
B108209,A108209,2024-07-26,1491.07,3349.63,3954.11,0.0,3954.11,Paid
B108210,A108210,2024-12-08,2675.83,4486.49,9393.87,0.0,9393.87,Paid
B108211,A108211,2025-12-10,11738.53,16930.83,25917.75,0.0,25917.75,Paid
B108212,A108212,2025-02-24,15076.71,56508.07,77693.95,48235.31,29458.63,Paid
B108213,A108213,2024-11-08,1577.61,28938.9,22729.64,14320.73,8408.9,Paid
B108214,A108214,2025-05-26,1553.94,10020.92,19193.78,13713.66,5480.12,Paid
B108215,A108215,2025-04-19,5580.42,17412.81,18849.99,0.0,18849.99,Paid
B108216,A108216,2025-12-18,4991.51,6240.63,12474.0,7419.03,5054.96,Partially Paid
B108217,A108217,2025-07-17,52258.71,24283.03,68005.95,0.0,68005.95,Paid
B108218,A108218,2025-05-12,2436.82,4738.2,14963.03,13402.17,1560.86,Paid
B108219,A108219,2024-09-19,1716.95,3880.42,7722.16,5071.73,2650.43,Paid
B108220,A108220,2025-08-02,22763.89,3713.08,27687.29,17158.41,10528.88,Paid
B108221,A108221,2025-10-29,9117.31,21342.17,32640.11,18266.66,14373.45,Pending
B108222,A108222,2025-08-11,106570.65,11746.34,128895.15,79627.38,49267.77,Partially Paid
B108223,A108223,2025-01-03,1112.78,13079.71,20067.69,0.0,20067.69,Paid
B108224,A108224,2025-05-29,6283.24,4257.2,9797.6,8289.75,1507.85,Partially Paid
B108225,A108225,2025-06-25,10029.37,4451.33,12793.2,7058.67,5734.53,Partially Paid
B108226,A108226,2025-07-28,3418.01,5927.81,10155.44,0.0,10155.44,Paid
B108227,A108227,2025-09-06,1709.87,13369.5,12814.14,7702.51,5111.63,Paid
B108228,A108228,2025-04-03,5940.24,7405.69,19951.66,16553.7,3397.96,Paid
B108229,A108229,2024-05-24,1363.31,2427.92,3626.32,0.0,3626.32,Paid
B108230,A108230,2024-07-16,7812.47,22345.61,22832.11,13092.81,9739.3,Paid
B108231,A108231,2024-12-24,13765.67,18212.4,39807.72,35556.38,4251.34,Pending
B108232,A108232,2024-10-28,5795.9,8023.3,12463.34,8882.44,3580.9,Paid
B108233,A108233,2025-04-09,41602.27,21808.98,61005.89,41605.96,19399.93,Paid
B108234,A108234,2025-03-04,4787.58,4308.26,8413.26,6322.13,2091.13,Paid
B108235,A108235,2025-12-20,4756.83,15314.95,14730.59,10967.32,3763.27,Partially Paid
B108236,A108236,2024-02-08,1813.14,12852.55,20343.73,0.0,20343.73,Partially Paid
B108237,A108237,2024-12-03,980.36,24426.78,20370.84,13670.37,6700.47,Paid
B108238,A108238,2025-02-16,4205.41,4151.23,12732.69,0.0,12732.69,Paid
B108239,A108239,2024-02-29,2297.19,17260.72,30980.88,27278.91,3701.97,Paid
B108240,A108240,2025-01-24,2687.7,16924.06,12853.28,10003.48,2849.79,Paid
B108241,A108241,2024-09-03,3079.98,5612.04,17417.81,0.0,17417.81,Paid
B108242,A108242,2025-11-22,2335.24,8438.71,9912.21,5485.3,4426.91,Paid
B108243,A108243,2025-09-05,39202.88,8283.46,45982.59,37945.76,8036.84,Pending
B108244,A108244,2025-02-25,12159.61,13333.24,32654.38,27472.57,5181.82,Paid
B108245,A108245,2025-04-24,113500.46,6047.36,125521.4,0.0,125521.4,Paid
B108246,A108246,2025-02-05,1986.95,30187.76,37667.94,24949.19,12718.75,Paid
B108247,A108247,2025-01-24,4182.65,3037.47,7468.68,0.0,7468.68,Paid
B108248,A108248,2025-07-29,3293.05,10730.45,7807.85,6163.05,1644.79,Paid
B108249,A108249,2025-12-12,1751.55,50409.96,28425.02,0.0,28425.02,Partially Paid
B108250,A108250,2025-04-15,5332.42,7667.62,12231.65,9568.02,2663.62,Paid
B108251,A108251,2025-02-18,4712.52,25999.1,13779.01,10998.34,2780.67,Paid
B108252,A108252,2025-06-03,15689.53,1997.6,18700.87,16758.24,1942.63,Paid
B108253,A108253,2024-07-08,3787.26,2310.52,6787.18,5853.43,933.76,Paid
B108254,A108254,2025-08-20,2465.01,11842.91,13801.0,7766.39,6034.61,Paid
B108255,A108255,2024-12-23,20167.15,9859.7,51136.09,0.0,51136.09,Paid
B108256,A108256,2024-10-11,7494.62,3143.07,10220.29,7062.57,3157.73,Paid
B108257,A108257,2025-09-30,12170.66,7524.51,16683.05,0.0,16683.05,Paid
B108258,A108258,2024-06-07,1199.9,5355.71,5630.53,0.0,5630.53,Paid
B108259,A108259,2025-08-23,5266.17,5749.83,11458.34,0.0,11458.34,Paid
B108260,A108260,2024-05-31,3596.82,16245.26,8649.58,5642.22,3007.36,Partially Paid
B108261,A108261,2024-03-13,6270.13,8911.91,12752.84,10797.85,1954.99,Partially Paid
B108262,A108262,2025-01-06,7628.92,2923.98,10820.73,7290.16,3530.57,Paid
B108263,A108263,2025-08-14,2136.18,7785.79,15216.13,12335.08,2881.05,Paid
B108264,A108264,2025-09-23,115858.5,23042.54,137179.77,85545.97,51633.8,Paid
B108265,A108265,2025-05-31,10101.33,8618.05,12646.42,9039.92,3606.5,Pending
B108266,A108266,2024-08-25,1613.36,10093.95,18760.36,13956.46,4803.9,Partially Paid
B108267,A108267,2025-11-12,25173.0,7664.82,36067.06,0.0,36067.06,Paid
B108268,A108268,2025-09-05,8222.95,13065.04,15086.83,12404.99,2681.84,Paid
B108269,A108269,2025-10-04,83920.34,24683.51,109004.81,85212.69,23792.12,Paid
B108270,A108270,2025-04-21,3659.25,13859.02,30696.64,23136.49,7560.15,Paid
B108271,A108271,2025-07-13,891.15,10121.53,11205.17,7070.46,4134.71,Paid
B108272,A108272,2024-10-18,5996.39,15890.02,18958.51,0.0,18958.51,Paid
B108273,A108273,2025-09-15,2123.37,8953.41,18073.26,14391.27,3681.98,Paid
B108274,A108274,2024-10-28,1880.2,19228.61,16465.9,14486.06,1979.84,Paid
B108275,A108275,2025-05-05,862.75,17863.25,41478.21,24826.11,16652.1,Paid
B108276,A108276,2024-05-17,1500.39,8809.28,18352.73,15660.57,2692.16,Paid
B108277,A108277,2024-01-22,73434.12,28610.87,108671.83,0.0,108671.83,Paid
B108278,A108278,2024-02-11,5180.99,40704.06,39864.87,31450.13,8414.75,Paid
B108279,A108279,2025-06-07,7113.82,9348.73,14001.6,10842.54,3159.06,Pending
B108280,A108280,2024-11-10,26625.6,16166.03,37975.4,32512.18,5463.22,Paid
B108281,A108281,2025-10-13,1555.81,19271.23,24636.84,14061.25,10575.59,Paid
B108282,A108282,2025-06-27,1865.9,4741.65,9588.41,8244.88,1343.54,Paid
B108283,A108283,2025-09-24,5649.89,24777.54,28414.3,0.0,28414.3,Paid
B108284,A108284,2025-05-12,2218.39,10869.87,18295.78,0.0,18295.78,Paid
B108285,A108285,2024-02-04,3606.22,1312.07,5938.08,5047.42,890.66,Pending
B108286,A108286,2024-01-15,5339.59,14047.79,41034.29,30430.72,10603.56,Paid
B108287,A108287,2024-02-21,26238.55,45969.95,64187.8,42925.28,21262.51,Paid
B108288,A108288,2024-11-26,4821.56,4403.43,7130.54,5867.1,1263.44,Paid
B108289,A108289,2024-03-09,5685.96,27842.47,16747.38,0.0,16747.38,Partially Paid
B108290,A108290,2024-03-29,10606.63,11230.48,17372.11,13625.98,3746.13,Paid
B108291,A108291,2025-12-30,1769.58,21497.55,10221.17,5627.38,4593.79,Paid
B108292,A108292,2024-04-29,2256.96,12126.76,17174.61,9679.89,7494.72,Paid
B108293,A108293,2025-08-04,16343.96,9157.52,26663.96,23645.48,3018.48,Paid
B108294,A108294,2024-10-27,919.9,14180.53,10273.69,7355.46,2918.22,Paid
B108295,A108295,2025-01-21,1803.75,12582.46,19818.59,11313.69,8504.89,Pending
B108296,A108296,2025-11-18,93737.8,10070.29,112869.59,97226.07,15643.52,Pending
B108297,A108297,2025-09-23,4561.78,13274.56,14034.92,8307.65,5727.27,Pending
B108298,A108298,2024-11-23,14914.68,11356.15,24962.58,0.0,24962.58,Partially Paid
B108299,A108299,2025-10-03,7826.01,47943.65,53539.24,36803.78,16735.46,Pending
B108300,A108300,2025-01-30,1825.17,1359.98,4700.17,2853.32,1846.85,Paid
B108301,A108301,2024-12-25,1244.59,4212.17,12352.65,7125.07,5227.57,Paid
B108302,A108302,2025-07-23,1748.7,18379.4,18098.34,11381.31,6717.04,Paid
B108303,A108303,2025-02-28,1392.71,23760.29,25652.36,14663.22,10989.14,Paid
B108304,A108304,2025-05-04,4001.93,19554.99,33517.88,22955.95,10561.93,Partially Paid
B108305,A108305,2024-12-02,14307.72,2511.16,17564.27,0.0,17564.27,Paid
B108306,A108306,2025-08-21,64038.66,34733.02,99806.13,0.0,99806.13,Paid
B108307,A108307,2024-01-27,38191.27,13455.06,62524.86,50470.65,12054.21,Paid
B108308,A108308,2025-02-22,57085.82,10041.96,77427.7,44684.11,32743.59,Paid
B108309,A108309,2025-07-07,7753.45,13789.54,18199.75,10226.07,7973.69,Paid
B108310,A108310,2024-09-16,3293.51,1509.1,5809.72,3652.6,2157.12,Pending
B108311,A108311,2025-09-01,3908.93,7721.65,11348.68,9084.86,2263.82,Paid
B108312,A108312,2025-12-03,5920.66,7661.81,14044.27,0.0,14044.27,Paid
B108313,A108313,2024-12-26,111994.1,7414.25,121282.08,71077.02,50205.07,Paid
B108314,A108314,2024-07-25,102494.81,20466.01,126334.38,0.0,126334.38,Paid
B108315,A108315,2025-02-19,2564.31,16129.64,10091.76,7829.5,2262.27,Paid
B108316,A108316,2024-10-17,4937.24,12669.86,12595.86,10097.04,2498.82,Paid
B108317,A108317,2024-02-22,956.78,21406.16,15402.64,0.0,15402.64,Paid
B108318,A108318,2025-07-12,1546.13,1768.7,5906.09,3556.51,2349.57,Paid
B108319,A108319,2025-01-05,1912.57,3574.6,4349.78,0.0,4349.78,Paid
B108320,A108320,2024-08-22,7114.26,17551.48,24852.86,21800.53,3052.33,Paid
B108321,A108321,2024-04-11,1972.87,22616.21,21876.45,0.0,21876.45,Paid
B108322,A108322,2024-11-05,1235.3,28260.27,26061.71,14342.98,11718.73,Partially Paid
B108323,A108323,2024-08-10,42649.66,21352.64,50171.44,0.0,50171.44,Paid
B108324,A108324,2025-07-13,1578.86,14978.29,29344.72,23382.79,5961.93,Pending
B108325,A108325,2025-01-23,11690.44,8691.79,14733.6,9774.34,4959.26,Pending
B108326,A108326,2025-12-29,2392.71,51790.74,43868.15,24491.0,19377.15,Paid
B108327,A108327,2025-09-29,4257.55,25051.25,27316.01,24532.96,2783.04,Paid
B108328,A108328,2024-04-05,1017.45,11291.0,12332.18,0.0,12332.18,Paid
B108329,A108329,2024-02-28,823.1,2692.04,2299.38,1330.66,968.72,Paid
B108330,A108330,2025-03-13,5381.53,16376.35,19295.09,17103.78,2191.32,Paid
B108331,A108331,2025-06-07,3266.69,5861.88,9320.47,5826.06,3494.41,Paid
B108332,A108332,2025-05-02,2355.35,9752.3,14836.33,11507.75,3328.58,Paid
B108333,A108333,2025-01-03,1110.25,7358.1,9956.01,7205.35,2750.66,Paid
B108334,A108334,2025-02-14,5678.69,10831.32,10878.98,8965.64,1913.34,Paid
B108335,A108335,2025-06-03,612.56,6012.58,7281.65,4280.83,3000.82,Paid
B108336,A108336,2024-11-28,6898.73,4372.32,12430.5,0.0,12430.5,Paid
B108337,A108337,2025-12-03,10175.25,5550.88,22231.63,0.0,22231.63,Paid
B108338,A108338,2024-08-23,4009.67,3053.53,7776.57,4662.15,3114.43,Paid
B108339,A108339,2025-02-20,4130.51,7570.17,14429.32,11235.82,3193.5,Paid
B108340,A108340,2024-07-04,3056.04,7979.14,10327.56,8952.62,1374.94,Paid
B108341,A108341,2024-10-19,3056.04,11671.9,24239.72,16096.47,8143.25,Paid
B108342,A108342,2024-05-08,2211.67,18884.94,17595.39,14403.13,3192.26,Paid
B108343,A108343,2024-06-07,1759.14,4306.96,5221.41,3145.21,2076.2,Paid
B108344,A108344,2024-11-21,10763.21,12637.6,22939.29,0.0,22939.29,Paid
B108345,A108345,2024-01-18,89575.64,14209.58,107507.65,85637.49,21870.16,Paid
B108346,A108346,2025-07-29,2231.51,28804.81,32068.11,23852.27,8215.84,Paid
B108347,A108347,2025-07-12,5069.07,5554.23,20341.49,14547.81,5793.68,Pending
B108348,A108348,2025-09-16,1016.94,8678.53,17396.24,13547.83,3848.41,Paid
B108349,A108349,2025-11-15,7388.98,20379.06,25106.78,20723.94,4382.84,Paid
B108350,A108350,2025-09-16,24248.77,20708.36,52438.24,31091.49,21346.75,Paid
B108351,A108351,2025-07-26,52598.83,26294.59,91127.42,71220.52,19906.9,Paid
B108352,A108352,2024-07-26,15386.79,12425.72,25606.43,22321.78,3284.66,Paid
B108353,A108353,2024-10-30,67615.72,8135.44,70399.01,45464.57,24934.44,Paid
B108354,A108354,2024-02-19,9074.75,24720.69,38282.35,31414.96,6867.4,Paid
B108355,A108355,2025-08-21,1500.04,4481.67,5435.04,3191.46,2243.58,Partially Paid
B108356,A108356,2026-01-02,1797.88,12450.18,18168.89,15713.34,2455.54,Paid
B108357,A108357,2025-11-05,1504.16,10596.79,19129.29,10775.59,8353.7,Paid
B108358,A108358,2025-05-26,23246.4,7258.43,50047.02,27685.39,22361.63,Paid
B108359,A108359,2025-10-06,2306.4,26733.05,13615.05,0.0,13615.05,Paid
B108360,A108360,2024-07-11,90829.98,2910.76,95137.99,69981.1,25156.89,Paid
B108361,A108361,2024-03-14,3053.51,32222.69,24128.41,17106.77,7021.65,Partially Paid
B108362,A108362,2025-04-12,1392.94,8746.29,10320.78,6336.16,3984.61,Paid
B108363,A108363,2025-01-14,6893.46,3771.3,10138.17,8421.39,1716.78,Paid
B108364,A108364,2025-03-10,8069.5,17569.73,20594.71,16398.4,4196.32,Paid
B108365,A108365,2024-03-12,7560.3,14627.98,35526.0,30443.06,5082.94,Paid
B108366,A108366,2024-11-02,59993.67,21824.99,82017.81,0.0,82017.81,Partially Paid
B108367,A108367,2025-10-04,1556.11,6797.72,13288.67,8910.81,4377.86,Paid
B108368,A108368,2024-06-25,5799.73,21290.36,25137.46,15565.5,9571.96,Pending
B108369,A108369,2025-05-20,104780.37,1246.02,106410.9,0.0,106410.9,Paid
B108370,A108370,2024-03-09,8273.08,18592.26,29869.38,26621.52,3247.86,Paid
B108371,A108371,2024-01-19,2014.94,6600.49,9395.83,6143.26,3252.57,Paid
B108372,A108372,2025-12-03,42204.95,31930.85,64282.11,54588.05,9694.06,Partially Paid
B108373,A108373,2024-04-12,1091.73,8680.44,9304.51,7941.69,1362.82,Paid
B108374,A108374,2024-06-27,1050.31,9346.52,10094.24,6564.49,3529.74,Paid
B108375,A108375,2024-07-15,5832.58,17284.62,15588.13,8998.57,6589.56,Paid
B108376,A108376,2024-10-03,60523.47,7107.15,70659.36,0.0,70659.36,Pending
B108377,A108377,2025-04-15,1593.98,7548.54,7356.82,0.0,7356.82,Paid
B108378,A108378,2024-06-26,2277.34,9275.5,10756.1,8257.61,2498.5,Paid
B108379,A108379,2024-08-23,2049.51,2686.34,9237.07,6319.89,2917.18,Partially Paid
B108380,A108380,2024-08-10,3346.01,10707.25,30759.06,19248.57,11510.49,Paid
B108381,A108381,2025-05-09,7010.35,17591.21,22786.92,0.0,22786.92,Paid
B108382,A108382,2025-02-25,7792.07,7679.81,27713.97,16272.29,11441.69,Paid
B108383,A108383,2025-06-21,14157.85,18500.22,34151.15,28653.76,5497.39,Paid
B108384,A108384,2025-03-31,3229.24,17487.67,16966.32,10149.53,6816.79,Paid
B108385,A108385,2024-10-12,2228.23,22104.78,18003.23,10755.67,7247.56,Paid
B108386,A108386,2024-09-05,3729.29,15397.83,11560.44,9949.71,1610.73,Paid
B108387,A108387,2025-11-08,1852.36,9023.36,8338.59,6597.4,1741.19,Pending
B108388,A108388,2024-05-30,2406.94,15502.41,12127.54,7758.06,4369.48,Paid
B108389,A108389,2024-03-10,3201.16,3882.72,12844.49,8289.59,4554.9,Paid
B108390,A108390,2024-04-17,1037.69,18176.05,12380.28,10564.04,1816.24,Partially Paid
B108391,A108391,2024-11-09,2408.51,9659.2,14242.76,10761.73,3481.03,Partially Paid
B108392,A108392,2025-09-29,11565.48,3675.76,14012.21,9753.75,4258.46,Paid
B108393,A108393,2024-05-02,2321.77,25404.32,27146.59,23461.39,3685.2,Paid
B108394,A108394,2025-04-19,21901.51,5430.27,29706.82,18479.98,11226.84,Paid
B108395,A108395,2024-11-26,2121.62,20751.25,41778.31,30933.27,10845.05,Pending
B108396,A108396,2025-03-13,1014.47,7734.06,5022.32,4396.78,625.53,Partially Paid
B108397,A108397,2025-01-24,4128.45,73200.12,30293.09,21742.31,8550.78,Paid
B108398,A108398,2025-12-04,2082.06,9025.75,16525.0,10787.14,5737.86,Partially Paid
B108399,A108399,2024-07-06,7063.82,2991.99,10605.71,9524.38,1081.33,Paid
B108400,A108400,2025-08-11,3201.56,3292.71,4478.78,0.0,4478.78,Partially Paid
B108401,A108401,2025-04-14,80193.56,2195.8,83003.06,57592.1,25410.96,Paid
B108402,A108402,2025-10-23,824.7,1223.78,2188.04,1456.9,731.14,Paid
B108403,A108403,2025-12-10,6991.42,7376.66,12241.38,8106.36,4135.02,Pending
B108404,A108404,2025-04-20,4257.61,5121.51,17389.32,10537.78,6851.54,Paid
B108405,A108405,2025-07-11,1581.31,7843.92,6226.36,5124.57,1101.8,Partially Paid
B108406,A108406,2025-04-02,8571.24,14891.23,19566.59,13484.15,6082.44,Paid
B108407,A108407,2025-03-24,2700.68,11060.02,13058.77,9778.19,3280.58,Paid
B108408,A108408,2025-11-17,5690.06,17263.85,26875.63,0.0,26875.63,Partially Paid
B108409,A108409,2024-04-05,25034.36,3430.77,28416.61,20835.49,7581.13,Pending
B108410,A108410,2024-02-17,1556.49,36795.04,21042.79,0.0,21042.79,Pending
B108411,A108411,2025-04-30,2371.05,13109.63,14558.09,11968.15,2589.95,Paid
B108412,A108412,2024-04-25,5855.31,20843.18,22760.59,16759.52,6001.06,Paid
B108413,A108413,2025-02-14,11817.0,2498.1,14452.85,8672.73,5780.12,Paid
B108414,A108414,2024-06-21,5541.87,19612.09,22320.63,14174.66,8145.96,Paid
B108415,A108415,2025-07-22,2311.66,7545.33,6024.74,3755.16,2269.59,Paid
B108416,A108416,2025-02-10,2349.14,12701.78,20870.36,14953.44,5916.92,Partially Paid
B108417,A108417,2024-05-14,4989.89,31871.58,36687.21,21311.05,15376.16,Paid
B108418,A108418,2024-02-16,7853.23,16443.18,26325.59,20276.89,6048.7,Paid
B108419,A108419,2024-02-17,108681.05,15631.26,131766.07,112438.11,19327.96,Paid
B108420,A108420,2025-07-20,5384.8,16808.52,20439.23,0.0,20439.23,Pending
B108421,A108421,2025-05-02,3450.35,2412.98,5310.93,3412.89,1898.04,Pending
B108422,A108422,2025-11-07,55443.76,11191.21,68024.48,48657.26,19367.22,Paid
B108423,A108423,2025-02-04,76558.44,8388.82,85322.35,54962.53,30359.82,Partially Paid
B108424,A108424,2024-07-06,2052.25,11079.25,9288.87,0.0,9288.87,Paid
B108425,A108425,2024-06-30,18588.74,2175.53,21244.63,17156.5,4088.13,Paid
B108426,A108426,2025-11-11,46532.6,10063.45,50234.4,37793.07,12441.33,Partially Paid
B108427,A108427,2025-12-22,17777.66,14367.44,27096.88,16724.3,10372.58,Paid
B108428,A108428,2025-04-11,1032.57,7882.1,7850.44,6346.44,1504.0,Paid
B108429,A108429,2024-02-25,6736.47,11958.43,16230.19,14529.21,1700.98,Pending
B108430,A108430,2025-02-15,1058.18,7245.59,6774.65,5571.87,1202.78,Partially Paid
B108431,A108431,2025-02-16,19302.52,38520.84,67447.84,47762.32,19685.52,Paid
B108432,A108432,2024-05-28,109182.45,3976.44,115991.94,72839.64,43152.3,Pending
B108433,A108433,2024-10-30,946.78,15304.27,19228.63,12470.44,6758.19,Paid
B108434,A108434,2024-06-01,7382.82,30913.71,36965.34,21144.6,15820.73,Pending
B108435,A108435,2024-01-19,3898.21,12785.72,12831.93,8422.59,4409.34,Paid
B108436,A108436,2024-04-01,5358.74,14266.32,23862.2,0.0,23862.2,Paid
B108437,A108437,2024-08-07,2218.0,15053.03,13474.64,10873.86,2600.78,Paid
B108438,A108438,2025-04-28,4744.6,4051.49,12658.51,9392.29,3266.22,Paid
B108439,A108439,2024-02-22,4233.67,2037.74,7185.24,6182.7,1002.54,Paid
B108440,A108440,2025-07-07,4682.51,14946.13,15525.04,0.0,15525.04,Paid
B108441,A108441,2024-04-18,5021.72,3345.17,8648.03,0.0,8648.03,Pending
B108442,A108442,2024-08-07,39179.17,1915.48,42033.89,24896.98,17136.91,Partially Paid
B108443,A108443,2024-12-06,4472.95,10394.32,11936.03,7639.38,4296.65,Paid
B108444,A108444,2025-01-08,49198.43,10812.61,60630.57,52918.29,7712.28,Paid
B108445,A108445,2024-09-16,8599.45,19747.8,33099.9,29255.39,3844.51,Paid
B108446,A108446,2025-02-10,2122.76,3594.55,5587.26,3355.27,2231.99,Paid
B108447,A108447,2025-08-04,35892.21,3208.22,41189.36,28837.04,12352.33,Pending
B108448,A108448,2025-12-03,9635.3,7313.85,24337.22,19806.0,4531.22,Pending
B108449,A108449,2025-10-01,5466.04,8525.78,11370.52,8938.69,2431.83,Paid
B108450,A108450,2024-02-06,8640.15,17843.79,30767.9,24384.49,6383.41,Paid
B108451,A108451,2024-07-08,5013.38,20461.53,20090.57,15336.08,4754.49,Paid
B108452,A108452,2024-10-25,11158.1,12577.3,48803.19,30024.63,18778.55,Partially Paid
B108453,A108453,2024-12-26,5727.33,6626.96,14415.45,11920.04,2495.41,Paid
B108454,A108454,2025-04-23,6160.91,7793.03,20193.15,0.0,20193.15,Paid
B108455,A108455,2025-07-24,2294.64,22121.84,15076.16,11105.5,3970.66,Partially Paid
B108456,A108456,2025-02-09,3881.16,25619.68,12024.61,6941.51,5083.1,Pending
B108457,A108457,2025-12-09,1543.9,26035.02,79724.01,48618.18,31105.83,Paid
B108458,A108458,2024-05-16,1894.64,16467.74,9036.07,0.0,9036.07,Pending
B108459,A108459,2025-05-19,116377.08,9943.86,128428.37,0.0,128428.37,Paid
B108460,A108460,2025-05-25,6397.13,23644.61,32265.87,0.0,32265.87,Pending
B108461,A108461,2024-03-19,955.29,6098.1,4478.04,3829.7,648.33,Partially Paid
B108462,A108462,2024-12-16,1877.19,4228.77,4657.75,2819.26,1838.48,Partially Paid
B108463,A108463,2024-03-04,20267.92,7206.82,33455.91,20483.97,12971.94,Paid
B108464,A108464,2025-04-02,39881.17,4002.87,49505.37,34257.17,15248.2,Paid
B108465,A108465,2025-04-13,5515.56,16335.05,10569.08,8311.04,2258.04,Partially Paid
B108466,A108466,2024-11-26,5890.33,62666.76,68733.78,41804.3,26929.48,Paid
B108467,A108467,2024-04-03,2650.67,5134.77,15261.69,11229.66,4032.03,Paid
B108468,A108468,2024-10-30,1054.32,21094.7,20755.73,0.0,20755.73,Pending
B108469,A108469,2024-11-23,1976.05,12577.15,11203.58,0.0,11203.58,Paid
B108470,A108470,2024-10-09,889.37,3727.24,11976.31,0.0,11976.31,Paid
B108471,A108471,2025-12-14,1705.84,10035.61,10487.74,8985.15,1502.59,Paid
B108472,A108472,2024-05-02,1302.73,12064.5,19554.97,11993.69,7561.28,Paid
B108473,A108473,2025-11-27,2421.08,2882.11,5967.77,4889.9,1077.87,Paid
B108474,A108474,2025-07-26,1775.95,14002.62,27195.55,16680.77,10514.78,Paid
B108475,A108475,2024-10-03,90297.73,25678.05,106110.27,74418.7,31691.58,Paid
B108476,A108476,2025-06-04,5066.24,9066.02,14916.53,12009.79,2906.73,Partially Paid
B108477,A108477,2024-04-11,2166.36,3204.28,5824.63,3968.9,1855.73,Paid
B108478,A108478,2025-01-23,2707.69,2201.98,5844.01,3374.6,2469.41,Paid
B108479,A108479,2024-10-17,33294.3,11697.89,43290.81,0.0,43290.81,Paid
B108480,A108480,2024-03-01,10593.12,22590.34,27348.82,0.0,27348.82,Pending
B108481,A108481,2026-01-04,4721.07,21259.39,21236.8,12800.94,8435.86,Paid
B108482,A108482,2024-08-31,814.79,9603.59,10772.0,0.0,10772.0,Paid
B108483,A108483,2024-08-09,5880.01,20966.69,26349.46,0.0,26349.46,Paid
B108484,A108484,2025-09-09,2508.33,8251.1,9363.54,7926.97,1436.57,Paid
B108485,A108485,2024-12-29,36418.66,8193.48,46135.58,37544.82,8590.76,Partially Paid
B108486,A108486,2025-01-03,3389.6,19081.55,12172.55,0.0,12172.55,Paid
B108487,A108487,2025-12-04,5887.16,3872.55,18212.11,0.0,18212.11,Paid
B108488,A108488,2024-12-12,2532.67,32682.97,48201.4,31083.02,17118.38,Paid
B108489,A108489,2025-04-24,1671.15,13728.0,15315.52,9100.37,6215.15,Paid
B108490,A108490,2025-09-03,35710.23,3767.53,39957.5,35859.3,4098.2,Pending
B108491,A108491,2024-04-08,4080.79,7499.42,9383.71,0.0,9383.71,Paid
B108492,A108492,2024-11-27,76114.02,15025.81,90224.91,0.0,90224.91,Pending
B108493,A108493,2024-03-18,1014.08,9762.18,18152.61,14291.88,3860.74,Paid
B108494,A108494,2024-09-26,7309.37,28035.61,39294.18,0.0,39294.18,Paid
B108495,A108495,2024-06-23,1587.19,9283.12,13417.74,0.0,13417.74,Paid
B108496,A108496,2024-12-04,2312.43,16048.77,21222.0,15745.31,5476.69,Pending
B108497,A108497,2024-06-07,1480.19,6032.62,5953.22,3896.84,2056.38,Paid
B108498,A108498,2025-02-24,11125.37,2453.93,15591.84,9639.38,5952.46,Paid
B108499,A108499,2025-04-07,1553.82,11404.94,20775.39,0.0,20775.39,Paid
B108500,A108500,2024-04-16,54732.42,32136.82,65222.05,38387.93,26834.12,Paid
B108501,A108501,2024-09-05,5293.62,12624.59,11718.42,9638.86,2079.55,Partially Paid
B108502,A108502,2025-04-25,1168.37,11702.51,9858.22,6214.3,3643.91,Paid
B108503,A108503,2025-03-21,6302.87,13586.75,23685.79,13033.45,10652.34,Paid
B108504,A108504,2024-07-16,1845.61,6718.45,10680.17,0.0,10680.17,Paid
B108505,A108505,2025-01-11,18816.93,3071.86,25369.74,21497.16,3872.58,Paid
B108506,A108506,2025-10-29,2771.42,11705.01,15639.62,11448.67,4190.95,Partially Paid
B108507,A108507,2025-01-06,116387.18,16876.05,122893.02,100598.29,22294.73,Pending
B108508,A108508,2024-06-07,7516.15,16319.75,21917.04,14365.13,7551.91,Paid
B108509,A108509,2025-05-18,4422.94,10322.86,19387.39,16915.34,2472.05,Paid
B108510,A108510,2025-06-20,3160.62,6890.5,13138.56,11360.34,1778.21,Paid
B108511,A108511,2025-04-06,2479.74,9473.24,9619.91,6372.81,3247.11,Paid
B108512,A108512,2025-09-24,1091.31,18271.35,17279.23,14651.22,2628.01,Paid
B108513,A108513,2024-04-24,617.74,4998.72,8357.78,5314.8,3042.98,Paid
B108514,A108514,2025-12-29,1548.61,17483.17,11528.31,10284.26,1244.06,Paid
B108515,A108515,2024-01-28,1830.66,13800.9,10366.47,7575.51,2790.96,Paid
B108516,A108516,2024-10-17,1810.25,33530.42,32312.22,24019.49,8292.73,Paid
B108517,A108517,2024-10-26,5910.88,12140.35,32506.5,18090.64,14415.86,Pending
B108518,A108518,2025-01-01,14234.38,17174.08,21518.98,17481.52,4037.47,Paid
B108519,A108519,2025-02-06,6544.17,5732.77,10738.52,6827.21,3911.31,Pending
B108520,A108520,2025-07-27,5776.63,9245.6,30900.29,0.0,30900.29,Paid
B108521,A108521,2024-09-26,6167.92,11701.49,15955.37,10871.75,5083.62,Paid
B108522,A108522,2024-02-28,10524.33,13578.71,18056.94,12007.61,6049.33,Paid
B108523,A108523,2025-09-13,1011.68,3603.28,7789.68,4667.58,3122.1,Paid
B108524,A108524,2025-12-19,51315.21,11092.83,63941.43,52908.82,11032.61,Pending
B108525,A108525,2025-12-17,1970.4,6942.79,12811.35,0.0,12811.35,Paid
B108526,A108526,2025-02-28,3127.25,7935.17,7843.24,5103.94,2739.3,Paid
B108527,A108527,2025-05-02,1657.77,54726.0,32659.96,23648.66,9011.29,Partially Paid
B108528,A108528,2026-01-03,2507.01,10387.01,12490.95,8134.94,4356.01,Paid
B108529,A108529,2024-09-05,11740.88,23860.78,30319.32,17662.12,12657.21,Paid
B108530,A108530,2024-12-24,4881.91,12838.46,13934.7,9613.71,4320.99,Paid
B108531,A108531,2025-01-24,10683.48,4083.23,15207.82,0.0,15207.82,Paid
B108532,A108532,2024-07-02,1538.73,14970.04,23902.59,20587.81,3314.78,Paid
B108533,A108533,2025-04-22,2205.99,3961.27,7674.57,5983.7,1690.88,Paid
B108534,A108534,2025-08-02,1353.61,20609.0,18531.69,15229.78,3301.91,Pending
B108535,A108535,2025-02-13,2240.53,6188.79,14700.78,11554.4,3146.38,Paid
B108536,A108536,2024-02-08,11046.89,11648.22,16703.87,10801.36,5902.51,Paid
B108537,A108537,2024-12-26,2665.33,9013.64,14904.3,12449.28,2455.02,Pending
B108538,A108538,2025-07-17,4422.19,22663.97,21817.1,17212.12,4604.98,Partially Paid
B108539,A108539,2025-09-03,7918.28,17038.48,20288.27,11880.97,8407.3,Pending
B108540,A108540,2024-11-28,117749.93,15436.38,140355.54,0.0,140355.54,Paid
B108541,A108541,2024-02-15,2272.49,3393.8,4915.0,2760.27,2154.73,Paid
B108542,A108542,2024-11-22,6186.5,17343.79,37645.36,0.0,37645.36,Paid
B108543,A108543,2025-10-22,7575.59,12438.25,20689.13,15890.87,4798.26,Paid
B108544,A108544,2025-04-21,118150.69,6405.58,125596.2,91919.89,33676.31,Paid
B108545,A108545,2024-09-27,10808.11,8138.17,19069.88,13656.49,5413.39,Partially Paid
B108546,A108546,2025-06-11,1524.85,11203.4,8200.6,5092.04,3108.56,Paid
B108547,A108547,2024-01-30,89956.69,11151.95,97681.33,57453.43,40227.9,Pending
B108548,A108548,2025-10-04,4971.42,8545.74,14216.19,0.0,14216.19,Partially Paid
B108549,A108549,2025-07-12,6721.54,17677.44,39250.48,27451.45,11799.03,Paid
B108550,A108550,2024-06-11,894.39,25821.29,11255.86,9061.93,2193.93,Partially Paid
B108551,A108551,2024-07-11,9999.76,17003.01,45213.06,26790.55,18422.51,Paid
B108552,A108552,2024-06-26,1300.57,12113.09,9946.32,6656.94,3289.38,Paid
B108553,A108553,2025-01-29,48534.92,3161.43,51614.35,0.0,51614.35,Pending
B108554,A108554,2024-07-09,2177.48,20604.49,19154.87,0.0,19154.87,Paid
B108555,A108555,2024-10-10,870.94,12229.86,7942.98,0.0,7942.98,Paid
B108556,A108556,2025-08-12,1905.07,12262.26,18293.83,14316.73,3977.1,Paid
B108557,A108557,2024-10-27,5496.28,26721.52,32346.21,0.0,32346.21,Partially Paid
B108558,A108558,2025-06-17,10207.59,21832.99,25493.86,18859.6,6634.26,Paid
B108559,A108559,2024-07-07,110852.56,2371.67,112531.54,0.0,112531.54,Paid
B108560,A108560,2025-02-22,2733.74,10173.39,31566.59,25028.14,6538.45,Pending
B108561,A108561,2025-11-18,16569.31,5785.52,28311.77,22019.02,6292.75,Paid
B108562,A108562,2024-07-09,2037.79,13714.41,20250.38,14195.02,6055.36,Paid
B108563,A108563,2025-06-30,8701.83,4212.42,15848.21,11293.74,4554.46,Partially Paid
B108564,A108564,2025-08-01,2260.42,7758.68,8556.31,5536.76,3019.55,Paid
B108565,A108565,2024-11-02,2001.87,10453.62,26215.63,0.0,26215.63,Paid
B108566,A108566,2024-11-11,2948.08,20104.58,22506.92,19799.02,2707.9,Pending
B108567,A108567,2024-07-10,2997.33,11402.54,7677.07,4252.82,3424.24,Pending
B108568,A108568,2025-02-20,3714.3,9292.75,14623.99,10867.34,3756.65,Paid
B108569,A108569,2025-06-24,7685.0,5922.19,18626.13,12264.0,6362.13,Pending
B108570,A108570,2025-01-29,60417.55,13579.23,93139.26,62744.73,30394.54,Pending
B108571,A108571,2025-07-09,1550.92,10621.86,12124.36,8907.0,3217.36,Pending
B108572,A108572,2024-07-18,7572.78,27014.86,22449.78,15452.4,6997.38,Paid
B108573,A108573,2024-06-15,18451.19,16803.81,24593.53,14809.23,9784.3,Paid
B108574,A108574,2024-02-24,20457.31,6522.08,25621.85,16100.87,9520.97,Paid
B108575,A108575,2025-04-23,7218.49,16239.05,23785.22,13353.12,10432.1,Paid
B108576,A108576,2024-06-25,812.81,7814.97,6039.77,4120.52,1919.25,Paid
B108577,A108577,2024-07-17,1771.53,6980.94,13085.22,0.0,13085.22,Paid
B108578,A108578,2024-07-31,1029.47,5252.25,4874.19,3518.58,1355.61,Pending
B108579,A108579,2025-12-07,8342.84,11154.31,21423.24,15887.3,5535.94,Paid
B108580,A108580,2025-01-25,1617.63,4437.21,2866.95,0.0,2866.95,Paid
B108581,A108581,2024-11-11,11433.68,33591.44,38714.55,33317.34,5397.21,Paid
B108582,A108582,2025-04-03,93744.52,3770.08,98697.92,69125.85,29572.07,Partially Paid
B108583,A108583,2024-12-10,930.01,56213.83,62717.27,51046.59,11670.69,Paid
B108584,A108584,2026-01-15,5926.13,42332.23,33335.95,27100.8,6235.14,Paid
B108585,A108585,2025-05-13,1688.09,10001.65,7358.46,5330.11,2028.35,Paid
B108586,A108586,2024-12-14,3958.69,47370.67,46732.63,0.0,46732.63,Paid
B108587,A108587,2024-02-06,5620.86,27553.72,29418.11,20672.06,8746.06,Paid
B108588,A108588,2025-11-14,835.75,1593.32,4505.57,3659.83,845.75,Pending
B108589,A108589,2024-05-13,15132.71,39678.99,41532.29,35370.84,6161.45,Paid
B108590,A108590,2025-04-03,56774.73,3716.45,59075.43,0.0,59075.43,Partially Paid
B108591,A108591,2025-02-23,1011.98,5605.29,8159.65,0.0,8159.65,Paid
B108592,A108592,2024-06-12,4379.72,16024.03,16481.13,10989.5,5491.63,Paid
B108593,A108593,2025-08-21,16094.09,3464.31,19447.54,12703.44,6744.09,Paid
B108594,A108594,2025-06-01,17180.29,7912.56,21653.98,0.0,21653.98,Paid
B108595,A108595,2024-01-14,3283.26,53523.56,56952.49,44103.25,12849.24,Paid
B108596,A108596,2025-10-26,7925.08,84747.37,92423.3,63760.19,28663.1,Paid
B108597,A108597,2024-11-04,1366.4,13425.5,23318.24,15727.99,7590.25,Paid
B108598,A108598,2024-03-23,11166.15,6301.84,28650.37,15886.06,12764.31,Pending
B108599,A108599,2025-10-30,1895.12,40023.66,32434.08,0.0,32434.08,Paid
B108600,A108600,2025-11-10,12552.06,7119.7,20569.62,0.0,20569.62,Paid
B108601,A108601,2024-11-22,865.47,20317.18,52989.36,37553.49,15435.87,Pending
B108602,A108602,2024-11-26,65816.58,5471.69,79077.42,44631.12,34446.3,Paid
B108603,A108603,2024-10-10,5596.08,18498.38,40853.78,35230.1,5623.68,Pending
B108604,A108604,2025-12-22,2809.47,17589.5,27295.21,17797.08,9498.13,Paid
B108605,A108605,2025-04-10,10903.82,62326.09,45949.67,31038.9,14910.77,Paid
B108606,A108606,2025-07-26,14093.48,18137.94,49884.65,43007.07,6877.58,Partially Paid
B108607,A108607,2025-05-08,1093.7,14291.66,31273.36,0.0,31273.36,Pending
B108608,A108608,2024-04-21,7991.03,10285.47,28037.14,20056.51,7980.63,Partially Paid
B108609,A108609,2025-07-28,4060.49,27809.99,34766.96,24578.66,10188.29,Paid
B108610,A108610,2024-09-09,65337.74,16192.8,86972.77,0.0,86972.77,Paid
B108611,A108611,2024-06-14,7472.22,8462.63,13444.1,8013.38,5430.72,Paid
B108612,A108612,2025-06-15,102108.87,13683.7,114940.05,73933.51,41006.54,Paid
B108613,A108613,2024-01-03,12019.55,3410.09,15246.5,8490.33,6756.17,Paid
B108614,A108614,2024-05-24,2078.35,11784.39,28294.75,24662.99,3631.76,Paid
B108615,A108615,2024-05-31,2182.16,2879.74,4443.05,3834.45,608.61,Paid
B108616,A108616,2024-07-18,20036.7,80670.21,56705.09,43502.44,13202.65,Paid
B108617,A108617,2025-05-05,880.29,12591.3,9136.37,6314.14,2822.24,Paid
B108618,A108618,2025-12-02,730.64,6166.45,5686.1,0.0,5686.1,Paid
B108619,A108619,2024-01-30,6456.51,39622.75,21166.33,14885.08,6281.26,Paid
B108620,A108620,2024-08-13,3731.58,4331.09,6083.89,0.0,6083.89,Paid
B108621,A108621,2024-04-18,9494.42,15942.51,22707.38,17059.61,5647.77,Paid
B108622,A108622,2025-12-25,336.29,24756.08,13364.98,10997.51,2367.47,Paid
B108623,A108623,2025-12-01,5699.37,12427.58,11403.32,0.0,11403.32,Paid
B108624,A108624,2024-03-09,1436.05,12963.93,8310.33,0.0,8310.33,Pending
B108625,A108625,2024-12-04,1600.17,17944.72,13523.51,7977.58,5545.93,Partially Paid
B108626,A108626,2025-01-18,5969.47,15176.89,21413.08,17413.39,3999.69,Paid
B108627,A108627,2024-07-27,19851.96,5554.09,28709.88,20130.47,8579.41,Partially Paid
B108628,A108628,2024-08-18,8855.34,2678.43,11707.59,9193.77,2513.82,Paid
B108629,A108629,2025-08-07,1510.54,15173.01,15923.46,13700.7,2222.77,Partially Paid
B108630,A108630,2024-05-25,1374.66,5054.6,9735.94,7048.88,2687.06,Paid
B108631,A108631,2025-12-22,2787.91,5335.45,14149.59,12412.32,1737.26,Partially Paid
B108632,A108632,2025-11-19,104895.14,3965.97,111781.85,70843.23,40938.62,Paid
B108633,A108633,2025-12-14,2151.84,12713.26,24167.66,0.0,24167.66,Paid
B108634,A108634,2024-12-04,1732.69,26182.61,20801.7,0.0,20801.7,Partially Paid
B108635,A108635,2025-12-11,1490.27,8421.81,6845.67,0.0,6845.67,Paid
B108636,A108636,2024-09-29,15188.99,5409.05,24114.33,16898.31,7216.02,Paid
B108637,A108637,2025-12-17,12699.06,23387.89,21862.41,13395.55,8466.87,Paid
B108638,A108638,2024-11-21,5467.26,2912.85,7642.9,6040.49,1602.41,Pending
B108639,A108639,2025-06-16,8892.93,11112.11,23724.28,17513.4,6210.88,Paid
B108640,A108640,2025-12-31,4874.53,12427.21,12926.67,10764.71,2161.96,Paid
B108641,A108641,2025-07-03,4956.75,11207.82,18034.61,15703.44,2331.17,Paid
B108642,A108642,2024-03-13,683.07,12900.64,10522.67,6718.28,3804.39,Paid
B108643,A108643,2024-08-02,1225.29,12566.29,7612.56,6108.93,1503.63,Pending
B108644,A108644,2025-07-19,5873.48,29666.43,23770.27,15322.97,8447.3,Pending
B108645,A108645,2025-01-28,3075.97,20605.92,22477.75,0.0,22477.75,Paid
B108646,A108646,2025-02-28,2146.91,8206.47,10469.1,6961.08,3508.02,Paid
B108647,A108647,2025-08-24,15911.93,12692.47,25906.44,21719.78,4186.66,Paid
B108648,A108648,2024-02-18,3287.14,1792.61,5054.93,4198.58,856.34,Paid
B108649,A108649,2024-08-24,91312.92,14560.29,105199.09,65240.25,39958.84,Partially Paid
B108650,A108650,2025-08-06,6656.86,8899.18,14969.51,0.0,14969.51,Paid
B108651,A108651,2025-04-22,1486.68,4210.0,4553.21,0.0,4553.21,Partially Paid
B108652,A108652,2024-03-31,26345.58,4421.0,35019.88,25020.03,9999.85,Paid
B108653,A108653,2026-01-02,972.18,8108.07,6659.64,4272.71,2386.93,Paid
B108654,A108654,2024-02-23,3232.29,4583.31,8579.26,5767.73,2811.53,Paid
B108655,A108655,2025-06-23,38948.82,8294.36,49826.73,35745.01,14081.72,Partially Paid
B108656,A108656,2025-03-07,11194.7,36522.1,30533.19,0.0,30533.19,Paid
B108657,A108657,2025-09-09,8120.52,23254.74,30887.04,23236.41,7650.63,Paid
B108658,A108658,2025-03-25,7435.62,15951.14,13790.72,0.0,13790.72,Pending
B108659,A108659,2024-05-14,5132.52,16372.87,12268.66,8944.8,3323.87,Paid
B108660,A108660,2025-08-25,1532.69,11377.67,10928.3,7169.4,3758.9,Paid
B108661,A108661,2025-10-14,1035.09,19972.08,19164.81,10884.66,8280.15,Paid
B108662,A108662,2025-01-11,1790.56,7229.45,14715.16,12451.53,2263.63,Paid
B108663,A108663,2025-07-06,19351.26,4446.14,22918.46,0.0,22918.46,Partially Paid
B108664,A108664,2025-06-18,8163.79,13105.77,26005.33,0.0,26005.33,Paid
B108665,A108665,2024-04-18,2762.98,16692.05,10772.62,6213.57,4559.05,Paid
B108666,A108666,2025-01-22,90865.08,3743.5,92594.05,55731.98,36862.07,Paid
B108667,A108667,2025-10-20,48911.45,3227.16,52820.68,43312.41,9508.27,Partially Paid
B108668,A108668,2024-12-04,1748.13,6960.33,8298.28,6516.0,1782.28,Paid
B108669,A108669,2024-04-30,35512.91,14748.36,44691.25,0.0,44691.25,Paid
B108670,A108670,2024-01-04,901.6,5286.83,8420.48,4704.15,3716.33,Paid
B108671,A108671,2025-09-21,10138.92,3145.73,11490.94,7855.49,3635.45,Paid
B108672,A108672,2025-06-23,8893.94,6997.41,17085.93,11271.57,5814.36,Pending
B108673,A108673,2025-03-12,7156.67,1314.76,11561.34,9596.26,1965.08,Paid
B108674,A108674,2025-05-22,1378.15,36816.92,23910.97,16421.97,7489.0,Paid
B108675,A108675,2024-01-15,119144.75,13338.27,123496.51,68234.39,55262.12,Paid
B108676,A108676,2024-10-21,4382.17,2496.89,7199.28,0.0,7199.28,Paid
B108677,A108677,2025-05-28,3116.75,22732.87,23353.25,15164.84,8188.4,Paid
B108678,A108678,2025-11-13,28822.56,7093.18,34478.86,28188.21,6290.65,Paid
B108679,A108679,2025-07-23,3055.58,7129.62,19823.0,15606.03,4216.97,Paid
B108680,A108680,2024-05-09,5521.22,2485.4,14198.69,11281.07,2917.62,Paid
B108681,A108681,2024-03-30,7470.46,52670.85,39583.58,33629.56,5954.02,Paid
B108682,A108682,2024-10-09,1446.69,25420.84,59286.34,52445.79,6840.55,Paid
B108683,A108683,2024-05-31,5066.97,13727.5,23050.71,20598.34,2452.37,Paid
B108684,A108684,2025-02-12,48922.65,18178.76,70242.24,0.0,70242.24,Pending
B108685,A108685,2025-05-17,111577.28,11760.98,127361.58,109023.33,18338.25,Paid
B108686,A108686,2025-07-27,7590.2,23966.06,36695.94,27773.0,8922.94,Paid
B108687,A108687,2024-07-21,108678.87,5690.65,118167.69,0.0,118167.69,Paid
B108688,A108688,2025-08-07,7097.38,6771.09,9761.77,5406.43,4355.34,Paid
B108689,A108689,2025-05-19,2049.91,8051.29,9592.84,6459.11,3133.72,Paid
B108690,A108690,2025-08-28,5812.31,8900.98,8679.57,7277.08,1402.49,Paid
B108691,A108691,2025-02-11,87821.84,15114.83,100757.04,80296.47,20460.56,Paid
B108692,A108692,2024-07-30,114479.89,9224.96,126185.1,0.0,126185.1,Pending
B108693,A108693,2024-12-13,1771.38,22048.71,11013.65,0.0,11013.65,Paid
B108694,A108694,2024-02-20,957.49,6039.56,14392.33,9240.28,5152.06,Paid
B108695,A108695,2025-07-02,3577.61,29824.16,28079.82,23005.15,5074.67,Pending
B108696,A108696,2024-06-29,3308.96,8476.54,11371.37,8903.0,2468.37,Paid
B108697,A108697,2025-05-30,1200.91,15750.25,7435.85,5803.26,1632.59,Paid
B108698,A108698,2024-01-24,2369.32,22153.56,13918.58,11050.8,2867.78,Pending
B108699,A108699,2025-05-17,4477.18,19676.48,19899.52,12835.32,7064.2,Paid
B108700,A108700,2024-12-21,1938.64,2555.33,4668.32,3533.6,1134.73,Paid
B108701,A108701,2025-07-13,2418.75,3874.52,5156.89,0.0,5156.89,Paid
B108702,A108702,2024-12-16,917.37,18047.23,11203.9,7260.35,3943.55,Pending
B108703,A108703,2024-03-07,15916.87,29036.68,39537.99,33727.14,5810.85,Paid
B108704,A108704,2025-11-22,5489.69,7876.06,15733.76,13642.79,2090.97,Partially Paid
B108705,A108705,2024-08-19,9647.27,11050.42,19513.12,13447.79,6065.33,Paid
B108706,A108706,2024-05-29,39331.79,12755.52,51482.59,0.0,51482.59,Paid
B108707,A108707,2024-10-26,99028.72,5510.28,102546.87,92042.26,10504.61,Pending
B108708,A108708,2024-12-08,3587.6,33563.56,29876.62,17416.7,12459.93,Paid
B108709,A108709,2024-11-30,2730.39,9132.77,14659.7,12309.44,2350.27,Paid
B108710,A108710,2025-03-13,38185.8,15861.45,56103.18,37678.2,18424.98,Partially Paid
B108711,A108711,2025-02-09,2375.19,23473.94,17829.69,13609.94,4219.76,Pending
B108712,A108712,2025-12-01,2068.08,1989.97,5763.75,3776.71,1987.04,Paid
B108713,A108713,2024-12-01,6697.52,2096.65,9158.05,0.0,9158.05,Paid
B108714,A108714,2024-07-30,26137.8,6933.15,39354.35,25549.54,13804.81,Paid
B108715,A108715,2025-02-20,54498.9,10886.4,66744.45,41505.41,25239.04,Paid
B108716,A108716,2025-08-12,1904.82,12067.09,7268.78,0.0,7268.78,Paid
B108717,A108717,2025-11-26,3707.31,2217.34,7806.83,6658.47,1148.36,Pending
B108718,A108718,2025-08-24,1622.4,9297.61,10140.59,5866.86,4273.74,Pending
B108719,A108719,2024-09-28,40514.21,1625.48,44169.76,24465.7,19704.06,Paid
B108720,A108720,2024-06-30,2152.19,5999.97,10823.39,0.0,10823.39,Paid
B108721,A108721,2025-02-21,1709.39,8813.78,7262.57,0.0,7262.57,Paid
B108722,A108722,2024-12-13,14558.65,5691.13,17619.62,15427.74,2191.87,Paid
B108723,A108723,2025-06-08,9011.97,18792.4,20498.89,17106.4,3392.49,Paid
B108724,A108724,2025-03-16,2232.83,4452.29,6968.85,3925.11,3043.74,Paid
B108725,A108725,2024-01-19,8238.74,26707.14,34486.47,21326.36,13160.1,Paid
B108726,A108726,2025-02-12,44802.81,20924.96,62574.35,41633.64,20940.71,Paid
B108727,A108727,2025-01-24,5347.18,18421.67,38989.41,30771.15,8218.26,Paid
B108728,A108728,2025-11-23,3741.55,3347.42,8081.87,5370.81,2711.06,Partially Paid
B108729,A108729,2025-02-26,6463.95,6890.13,15321.71,11078.36,4243.35,Paid
B108730,A108730,2024-07-06,4115.22,12366.57,37818.74,0.0,37818.74,Pending
B108731,A108731,2025-10-06,13050.99,10521.8,36691.36,0.0,36691.36,Paid
B108732,A108732,2024-10-11,1098.84,5744.4,6777.28,5464.12,1313.16,Paid
B108733,A108733,2025-02-23,1142.11,8212.89,3832.0,2248.53,1583.47,Paid
B108734,A108734,2024-12-29,4696.83,10379.2,37448.85,24209.5,13239.36,Partially Paid
B108735,A108735,2025-12-04,1197.27,4352.16,4258.09,2349.05,1909.04,Paid
B108736,A108736,2024-01-24,106915.46,33147.33,118789.31,88152.51,30636.8,Paid
B108737,A108737,2024-11-24,5460.43,31745.89,52575.85,38915.4,13660.45,Paid
B108738,A108738,2025-06-18,5837.0,3417.7,13724.07,0.0,13724.07,Pending
B108739,A108739,2024-01-24,115115.98,19191.66,142813.2,117877.2,24936.0,Partially Paid
B108740,A108740,2025-04-13,1581.64,16807.87,11199.56,7664.2,3535.36,Partially Paid
B108741,A108741,2025-04-14,27330.09,15330.69,54890.08,34954.68,19935.4,Paid
B108742,A108742,2025-07-02,118371.42,10010.59,123242.82,82219.12,41023.7,Paid
B108743,A108743,2025-11-25,17338.27,2045.72,19081.68,15108.13,3973.55,Paid
B108744,A108744,2024-03-15,2423.73,12161.65,19544.12,17230.94,2313.18,Pending
B108745,A108745,2025-02-16,3060.43,5011.31,11255.2,8966.65,2288.55,Paid
B108746,A108746,2024-03-02,2987.66,18653.8,18412.03,0.0,18412.03,Paid
B108747,A108747,2024-03-09,3469.74,12960.12,14899.6,11357.72,3541.88,Partially Paid
B108748,A108748,2025-04-12,10897.95,2212.73,12777.09,11263.21,1513.88,Paid
B108749,A108749,2024-09-30,7789.3,6477.83,11614.65,6963.79,4650.87,Pending
B108750,A108750,2025-03-22,8250.49,26009.3,40066.64,25374.16,14692.49,Paid
B108751,A108751,2025-06-16,3822.57,12471.62,9084.76,7097.44,1987.32,Paid
B108752,A108752,2026-01-07,2147.89,24586.9,13545.49,0.0,13545.49,Paid
B108753,A108753,2024-10-01,4565.93,7952.23,7530.36,0.0,7530.36,Pending
B108754,A108754,2025-04-07,2275.17,14263.02,11697.51,0.0,11697.51,Pending
B108755,A108755,2024-06-29,1290.68,13908.34,25177.84,0.0,25177.84,Partially Paid
B108756,A108756,2025-07-22,4893.54,1560.75,6131.4,5112.57,1018.84,Paid
B108757,A108757,2025-06-07,16856.0,12293.89,30294.16,20423.71,9870.45,Pending
B108758,A108758,2025-05-21,3310.04,13877.43,46295.67,0.0,46295.67,Partially Paid
B108759,A108759,2025-06-22,1569.23,10079.69,15246.96,9192.42,6054.55,Paid
B108760,A108760,2024-03-18,4873.92,20475.17,14970.36,10822.87,4147.49,Paid
B108761,A108761,2024-06-28,10873.31,26332.51,24732.48,0.0,24732.48,Partially Paid
B108762,A108762,2025-09-30,109480.04,16654.64,119423.48,0.0,119423.48,Paid
B108763,A108763,2025-09-02,9909.38,16462.28,43602.57,37942.33,5660.23,Partially Paid
B108764,A108764,2024-10-23,5910.23,10357.88,18720.42,10729.29,7991.13,Paid
B108765,A108765,2024-09-14,2140.19,14327.72,17009.07,0.0,17009.07,Paid
B108766,A108766,2025-02-14,2056.5,8935.2,10515.81,8310.06,2205.75,Paid
B108767,A108767,2025-01-13,1043.48,17108.64,54795.06,36378.83,18416.23,Paid
B108768,A108768,2024-09-19,10028.85,16479.87,27295.94,17423.42,9872.52,Pending
B108769,A108769,2025-06-11,4050.23,4668.37,17179.37,0.0,17179.37,Pending
B108770,A108770,2025-03-20,1244.17,18882.98,9384.7,7131.07,2253.63,Paid
B108771,A108771,2024-12-03,5870.04,6089.53,11447.43,7259.89,4187.54,Paid
B108772,A108772,2025-09-27,7612.19,8206.64,23420.1,20096.19,3323.91,Partially Paid
B108773,A108773,2025-03-30,1468.36,56479.57,50717.02,28387.28,22329.74,Pending
B108774,A108774,2025-11-21,4645.3,3309.49,6604.03,0.0,6604.03,Paid
B108775,A108775,2025-04-17,13722.19,47448.88,46963.07,33672.68,13290.39,Paid
B108776,A108776,2024-11-04,2851.44,1246.44,6473.25,0.0,6473.25,Partially Paid
B108777,A108777,2025-11-07,25100.48,14766.2,31969.89,21067.65,10902.24,Paid
B108778,A108778,2024-04-08,1247.71,6661.93,10850.2,7701.22,3148.98,Paid
B108779,A108779,2025-02-15,2382.05,11199.11,6285.67,4718.74,1566.93,Paid
B108780,A108780,2024-06-21,1603.3,8545.78,23363.57,14062.63,9300.94,Paid
B108781,A108781,2024-04-04,4953.03,17560.95,34639.96,29345.96,5294.01,Paid
B108782,A108782,2024-01-06,7285.24,4119.76,14110.72,0.0,14110.72,Pending
B108783,A108783,2025-01-07,2454.39,2435.96,4228.26,0.0,4228.26,Paid
B108784,A108784,2025-06-16,4403.14,10045.86,19155.5,14335.03,4820.47,Paid
B108785,A108785,2025-10-10,72087.58,11287.93,85670.7,66553.28,19117.42,Pending
B108786,A108786,2024-02-04,3049.65,25903.61,38937.17,22952.38,15984.79,Paid
B108787,A108787,2024-04-09,1896.22,2453.2,6982.69,5904.42,1078.27,Paid
B108788,A108788,2025-11-10,4275.32,40994.73,34606.58,19811.16,14795.41,Paid
B108789,A108789,2025-06-09,5960.82,10719.34,17855.89,0.0,17855.89,Paid
B108790,A108790,2024-11-18,4387.26,5331.8,6822.33,3987.24,2835.09,Partially Paid
B108791,A108791,2025-07-01,1161.14,47217.09,50329.34,41124.2,9205.14,Pending
B108792,A108792,2025-01-03,3976.33,3501.68,10253.43,8199.57,2053.86,Paid
B108793,A108793,2024-07-08,1854.27,24107.92,21034.28,13769.31,7264.97,Paid
B108794,A108794,2025-02-27,753.79,10592.39,15451.97,12727.76,2724.22,Paid
B108795,A108795,2026-01-02,5820.13,10243.73,23208.81,20149.17,3059.64,Paid
B108796,A108796,2024-08-07,21414.58,21973.3,36015.37,22134.27,13881.1,Partially Paid
B108797,A108797,2025-11-05,34072.8,12902.91,44100.55,0.0,44100.55,Paid
B108798,A108798,2024-07-30,4345.6,4747.66,6957.14,5114.9,1842.24,Paid
B108799,A108799,2024-05-19,1115.16,22598.61,23267.43,15279.57,7987.86,Paid
B108800,A108800,2024-03-03,5042.6,40060.34,44571.81,34883.77,9688.04,Paid
B108801,A108801,2025-11-29,2201.5,13828.71,9531.05,0.0,9531.05,Paid
B108802,A108802,2024-02-12,5320.01,34635.35,74291.99,59859.8,14432.19,Paid
B108803,A108803,2024-04-19,53415.07,13005.39,58271.44,51297.05,6974.39,Paid
B108804,A108804,2025-08-29,2572.02,17574.75,15224.58,10439.81,4784.78,Paid
B108805,A108805,2025-09-28,68231.11,17498.01,76830.74,47159.63,29671.1,Pending
B108806,A108806,2025-04-06,1724.62,4644.48,10043.95,8582.32,1461.63,Paid
B108807,A108807,2025-10-21,6951.84,32443.11,28380.69,0.0,28380.69,Paid
B108808,A108808,2025-05-03,13126.14,9866.61,32850.41,23209.68,9640.73,Paid
B108809,A108809,2024-05-07,54486.12,29474.44,74417.86,45900.68,28517.18,Pending
B108810,A108810,2025-11-08,740.77,11200.34,16287.75,10599.9,5687.84,Partially Paid
B108811,A108811,2024-08-03,6921.39,11220.03,24800.36,17470.62,7329.73,Paid
B108812,A108812,2024-11-19,42259.02,20993.92,67778.07,40613.17,27164.9,Paid
B108813,A108813,2024-12-07,24021.01,6825.92,33113.37,22745.11,10368.26,Paid
B108814,A108814,2024-06-15,931.16,19881.0,36057.62,28622.52,7435.1,Paid
B108815,A108815,2024-06-07,5112.0,8358.73,15207.4,11131.56,4075.84,Paid
B108816,A108816,2025-02-01,3436.24,8867.53,11281.16,9301.12,1980.04,Partially Paid
B108817,A108817,2025-05-21,1567.5,5407.78,10504.73,6167.02,4337.71,Paid
B108818,A108818,2024-11-20,2871.6,46768.2,43974.7,37098.78,6875.92,Paid
B108819,A108819,2024-09-17,3851.17,8476.82,9631.55,6423.08,3208.47,Paid
B108820,A108820,2024-06-07,21913.85,2554.71,28591.54,0.0,28591.54,Paid
B108821,A108821,2024-01-16,1856.74,4461.94,7620.36,5772.03,1848.33,Paid
B108822,A108822,2024-03-21,7143.56,12250.72,21925.43,17587.72,4337.71,Partially Paid
B108823,A108823,2024-12-07,1085.55,7543.16,6816.1,4117.81,2698.29,Paid
B108824,A108824,2025-02-18,8785.65,24003.95,35545.99,19802.25,15743.73,Pending
B108825,A108825,2025-01-31,4381.06,4679.8,10907.64,7055.87,3851.77,Paid
B108826,A108826,2024-08-13,6502.04,22521.1,21618.36,14377.82,7240.54,Paid
B108827,A108827,2025-03-10,2064.32,6303.17,10861.63,0.0,10861.63,Partially Paid
B108828,A108828,2025-04-01,5352.22,5340.62,9440.19,7726.6,1713.6,Paid
B108829,A108829,2025-10-22,1809.03,22386.11,14115.54,11003.36,3112.19,Paid
B108830,A108830,2024-05-22,1672.17,13232.27,11462.27,7120.07,4342.19,Pending
B108831,A108831,2025-05-14,1153.07,2899.59,9920.81,5995.04,3925.77,Paid
B108832,A108832,2025-10-29,2852.37,31397.1,65510.14,47184.01,18326.13,Paid
B108833,A108833,2025-10-04,6852.98,6251.2,10826.38,9195.02,1631.36,Paid
B108834,A108834,2025-06-15,18149.27,6661.97,22545.74,0.0,22545.74,Pending
B108835,A108835,2025-11-09,693.13,4527.21,12089.73,0.0,12089.73,Paid
B108836,A108836,2024-04-06,11171.76,1791.31,12881.81,8091.68,4790.13,Paid
B108837,A108837,2024-01-30,2194.26,2977.3,6742.35,0.0,6742.35,Paid
B108838,A108838,2024-08-25,519.44,24665.54,24728.17,20657.66,4070.52,Paid
B108839,A108839,2025-02-21,113127.17,8261.46,117124.01,98528.72,18595.29,Partially Paid
B108840,A108840,2025-04-02,2137.6,8627.11,4705.49,0.0,4705.49,Paid
B108841,A108841,2024-02-02,2977.66,18919.79,13090.03,9440.13,3649.9,Paid
B108842,A108842,2025-11-21,3053.85,8454.21,20677.24,11563.06,9114.18,Paid
B108843,A108843,2025-02-09,2369.41,2650.93,7972.88,6752.04,1220.84,Paid
B108844,A108844,2025-11-08,1175.41,12830.27,23214.28,14165.33,9048.94,Paid
B108845,A108845,2025-06-26,5878.06,1231.09,8329.41,6693.27,1636.14,Paid
B108846,A108846,2024-06-17,10702.79,15989.52,26313.62,16757.34,9556.27,Partially Paid
B108847,A108847,2024-07-31,1461.12,14009.66,9768.19,8225.95,1542.24,Partially Paid
B108848,A108848,2025-09-17,2999.6,52962.05,19587.31,0.0,19587.31,Paid
B108849,A108849,2025-01-10,2111.05,6019.6,9186.7,5184.38,4002.32,Partially Paid
B108850,A108850,2025-09-16,1225.46,19905.74,10557.3,0.0,10557.3,Paid
B108851,A108851,2024-03-11,7490.14,7765.08,13101.3,0.0,13101.3,Pending
B108852,A108852,2025-06-07,5055.53,7707.69,18288.77,15785.58,2503.19,Pending
B108853,A108853,2025-09-28,35281.3,5145.37,38457.36,31192.7,7264.66,Paid
B108854,A108854,2024-12-22,2010.03,16225.07,12392.25,0.0,12392.25,Paid
B108855,A108855,2024-04-14,6118.13,13840.52,22944.52,19960.89,2983.64,Paid
B108856,A108856,2024-01-15,7351.43,46811.17,50290.23,40281.64,10008.59,Pending
B108857,A108857,2024-12-26,92025.0,30928.67,120361.13,66723.35,53637.78,Paid
B108858,A108858,2024-01-12,3469.68,14681.23,20099.65,0.0,20099.65,Paid
B108859,A108859,2024-11-15,1122.72,5541.48,9374.29,5873.26,3501.03,Paid
B108860,A108860,2025-09-19,2343.77,7773.87,21617.65,14007.71,7609.94,Paid
B108861,A108861,2025-05-30,19865.53,16878.03,34126.81,22006.42,12120.39,Paid
B108862,A108862,2024-07-05,1863.08,2833.31,3174.49,1958.05,1216.44,Partially Paid
B108863,A108863,2026-01-01,11394.22,17581.34,20107.02,14477.83,5629.19,Paid
B108864,A108864,2025-04-07,7123.33,2295.87,11296.35,10012.44,1283.92,Pending
B108865,A108865,2024-12-11,1879.96,5719.35,9843.76,5572.89,4270.87,Paid
B108866,A108866,2025-09-27,106234.06,1282.71,109907.45,66986.26,42921.19,Paid
B108867,A108867,2025-12-27,4835.35,38383.32,57424.91,38913.05,18511.86,Paid
B108868,A108868,2024-01-10,2129.21,3830.04,8607.38,6570.37,2037.01,Partially Paid
B108869,A108869,2025-07-31,1649.05,6596.68,5285.93,3156.2,2129.73,Partially Paid
B108870,A108870,2024-05-29,4117.48,42661.86,44872.8,33471.28,11401.52,Pending
B108871,A108871,2025-01-21,1200.92,12225.64,12227.85,7296.1,4931.75,Pending
B108872,A108872,2024-07-11,1886.72,18877.36,25068.94,0.0,25068.94,Paid
B108873,A108873,2025-10-03,8928.2,10515.52,20816.62,11576.29,9240.33,Paid
B108874,A108874,2025-01-11,1956.06,16178.3,8495.37,7528.24,967.13,Paid
B108875,A108875,2025-07-15,1258.61,3758.18,3534.75,2267.09,1267.66,Paid
B108876,A108876,2024-06-18,59668.43,14430.0,74391.64,56840.61,17551.03,Paid
B108877,A108877,2025-10-05,53405.74,7899.84,72985.11,0.0,72985.11,Paid
B108878,A108878,2024-11-20,1450.62,17652.81,8630.97,0.0,8630.97,Pending
B108879,A108879,2025-11-23,1089.04,7726.81,10576.66,5984.5,4592.17,Paid
B108880,A108880,2025-12-22,9121.65,25738.95,29088.91,21029.84,8059.07,Pending
B108881,A108881,2024-06-09,7129.26,15110.48,19599.34,13021.61,6577.73,Pending
B108882,A108882,2026-01-05,6843.77,15185.8,19368.48,13131.93,6236.55,Paid
B108883,A108883,2024-10-13,6992.47,3123.64,14097.25,0.0,14097.25,Partially Paid
B108884,A108884,2024-02-05,1833.06,13859.5,23414.04,16090.58,7323.46,Paid
B108885,A108885,2024-12-19,2017.33,12953.21,8903.51,0.0,8903.51,Paid
B108886,A108886,2024-03-27,2331.89,11006.16,12736.82,10054.0,2682.82,Paid
B108887,A108887,2025-09-18,8734.09,7209.04,14010.8,12211.39,1799.42,Paid
B108888,A108888,2025-11-06,5358.31,38522.06,22128.39,0.0,22128.39,Paid
B108889,A108889,2025-01-14,98554.09,19214.5,131106.61,0.0,131106.61,Paid
B108890,A108890,2025-06-26,24626.98,5958.61,29736.34,21052.3,8684.04,Partially Paid
B108891,A108891,2025-02-05,10140.43,20497.06,40295.26,28093.11,12202.16,Paid
B108892,A108892,2025-04-26,5527.35,2616.81,10166.8,7123.69,3043.11,Pending
B108893,A108893,2024-08-01,18814.56,2981.21,22135.29,17557.32,4577.97,Paid
B108894,A108894,2025-09-13,5753.34,22548.8,33836.48,23914.88,9921.6,Paid
B108895,A108895,2024-12-27,2429.45,6929.91,10033.1,8951.64,1081.46,Paid
B108896,A108896,2024-08-03,81147.55,7708.95,85961.67,67748.19,18213.48,Pending
B108897,A108897,2024-11-04,35318.84,20529.1,49323.62,37586.48,11737.14,Paid
B108898,A108898,2024-06-10,693.12,12041.88,27165.96,16439.0,10726.96,Pending
B108899,A108899,2025-01-16,2442.92,3505.93,10577.18,6697.97,3879.2,Pending
B108900,A108900,2024-07-20,9746.5,8294.11,14026.42,11055.74,2970.68,Partially Paid
B108901,A108901,2025-11-11,2063.49,1404.11,4062.55,2772.4,1290.15,Paid
B108902,A108902,2024-08-26,849.16,3466.5,3171.45,2595.47,575.97,Partially Paid
B108903,A108903,2025-11-03,4878.47,6344.71,11175.2,7822.82,3352.38,Paid
B108904,A108904,2025-12-17,1755.32,40793.02,49122.38,42006.46,7115.92,Paid
B108905,A108905,2024-06-16,7801.02,4427.35,11126.95,8441.43,2685.52,Paid
B108906,A108906,2024-08-18,18005.93,11388.51,27342.84,0.0,27342.84,Partially Paid
B108907,A108907,2024-09-17,2425.05,34889.26,16133.45,13847.78,2285.67,Pending
B108908,A108908,2024-10-11,25942.13,20671.27,41118.71,27352.41,13766.3,Paid
B108909,A108909,2025-04-21,9143.4,3976.35,12859.96,8842.13,4017.84,Paid
B108910,A108910,2025-05-17,107686.06,15333.13,122023.9,98034.64,23989.25,Paid
B108911,A108911,2025-06-28,3997.75,38288.23,28092.86,16657.06,11435.79,Paid
B108912,A108912,2025-12-04,3476.97,8340.52,9035.38,5425.26,3610.13,Paid
B108913,A108913,2025-02-17,9368.4,5579.67,18656.31,15626.27,3030.03,Paid
B108914,A108914,2025-03-07,10302.93,5004.33,19957.52,11066.49,8891.02,Pending
B108915,A108915,2025-06-26,16713.01,8734.7,32527.96,18318.03,14209.93,Pending
B108916,A108916,2025-03-20,92179.95,2814.29,99459.23,74739.48,24719.75,Paid
B108917,A108917,2024-08-03,29995.27,12626.1,47400.24,42045.47,5354.77,Paid
B108918,A108918,2025-07-05,10655.84,10754.81,30013.42,26305.52,3707.9,Paid
B108919,A108919,2025-12-14,1622.19,12720.25,7918.55,5577.48,2341.07,Paid
B108920,A108920,2025-05-11,3938.15,23964.81,15868.02,13165.64,2702.38,Paid
B108921,A108921,2025-04-16,20992.79,3248.19,24678.66,0.0,24678.66,Partially Paid
B108922,A108922,2025-11-22,8062.9,24387.07,23610.71,19626.84,3983.86,Paid
B108923,A108923,2026-01-04,1467.12,12175.93,16934.83,10752.76,6182.07,Paid
B108924,A108924,2025-07-26,5929.75,6502.07,26170.66,0.0,26170.66,Paid
B108925,A108925,2025-10-26,810.49,1371.71,5074.34,4170.7,903.65,Paid
B108926,A108926,2025-04-12,2204.39,21561.68,23524.62,15189.65,8334.96,Pending
B108927,A108927,2025-07-07,11627.74,7365.71,21115.35,17214.65,3900.71,Paid
B108928,A108928,2025-04-25,2619.6,8586.35,15587.86,12680.04,2907.82,Paid
B108929,A108929,2024-07-19,3910.83,4324.49,13664.99,11172.19,2492.81,Partially Paid
B108930,A108930,2025-06-05,1207.47,4390.74,3351.4,2355.29,996.11,Pending
B108931,A108931,2025-05-17,7272.09,17144.41,18113.55,11183.92,6929.63,Paid
B108932,A108932,2025-05-29,5541.09,11592.73,15845.21,9245.14,6600.07,Partially Paid
B108933,A108933,2025-11-24,40856.42,10488.95,54669.19,33780.78,20888.41,Paid
B108934,A108934,2024-11-25,1439.26,8429.88,17304.66,12490.1,4814.56,Paid
B108935,A108935,2025-11-21,24039.28,11817.45,36629.03,23492.58,13136.45,Paid
B108936,A108936,2025-04-14,7830.23,8225.59,13903.11,11825.25,2077.85,Pending
B108937,A108937,2025-08-22,957.85,16675.36,13682.05,0.0,13682.05,Paid
B108938,A108938,2024-05-23,4550.21,14339.84,22102.99,17886.28,4216.71,Paid
B108939,A108939,2024-09-03,1343.24,6587.43,8323.23,5440.2,2883.02,Paid
B108940,A108940,2024-11-19,2315.81,12425.02,28712.33,20515.52,8196.81,Pending
B108941,A108941,2025-11-04,1741.97,29199.96,23864.78,18422.29,5442.5,Paid
B108942,A108942,2024-05-15,7881.28,3092.42,10134.72,7150.33,2984.38,Paid
B108943,A108943,2024-07-11,5756.98,20406.58,28007.7,23192.87,4814.83,Paid
B108944,A108944,2025-11-24,9878.07,5419.26,20056.37,15178.99,4877.38,Paid
B108945,A108945,2025-08-04,7468.71,12645.1,12793.96,0.0,12793.96,Paid
B108946,A108946,2024-03-21,9390.59,33878.77,45727.41,0.0,45727.41,Paid
B108947,A108947,2025-03-18,10077.29,9160.06,19620.38,0.0,19620.38,Pending
B108948,A108948,2024-03-23,1861.35,8097.83,13658.89,8103.24,5555.64,Paid
B108949,A108949,2025-02-17,7510.62,54966.16,39830.14,24701.57,15128.57,Pending
B108950,A108950,2025-01-10,1737.4,5796.56,8982.86,5311.94,3670.93,Paid
B108951,A108951,2024-01-13,4241.02,2720.28,6429.14,5415.81,1013.33,Partially Paid
B108952,A108952,2025-05-04,5409.78,10090.68,14714.09,0.0,14714.09,Paid
B108953,A108953,2025-02-21,21740.76,2079.85,22942.18,20466.48,2475.71,Paid
B108954,A108954,2024-07-27,2210.88,8658.34,5364.15,0.0,5364.15,Paid
B108955,A108955,2024-12-26,14605.95,36836.11,87809.17,74421.86,13387.31,Paid
B108956,A108956,2025-09-25,3608.41,61849.94,29905.04,22537.22,7367.82,Partially Paid
B108957,A108957,2025-12-27,1552.2,20321.25,24461.81,21179.18,3282.63,Paid
B108958,A108958,2024-11-13,1278.74,29030.58,16043.28,0.0,16043.28,Paid
B108959,A108959,2024-11-05,2142.64,7539.94,5919.05,3829.88,2089.16,Partially Paid
B108960,A108960,2024-10-24,1243.56,10728.2,18588.35,0.0,18588.35,Partially Paid
B108961,A108961,2025-09-18,6698.7,7674.74,9748.93,6207.15,3541.79,Partially Paid
B108962,A108962,2025-01-13,2317.24,4402.6,9507.6,0.0,9507.6,Paid
B108963,A108963,2025-06-13,1280.57,4598.84,5627.01,3962.53,1664.48,Paid
B108964,A108964,2024-12-10,1196.15,15054.46,10525.51,0.0,10525.51,Paid
B108965,A108965,2024-03-24,10503.93,4456.71,12220.58,0.0,12220.58,Paid
B108966,A108966,2025-08-01,20561.24,6794.33,28294.89,16961.92,11332.97,Paid
B108967,A108967,2025-04-01,3252.7,8379.67,18800.81,13726.17,5074.64,Paid
B108968,A108968,2024-01-08,1478.7,20738.85,21016.35,0.0,21016.35,Paid
B108969,A108969,2025-04-03,2455.39,10332.22,15890.19,11236.11,4654.08,Pending
B108970,A108970,2024-08-25,51387.5,8347.9,57449.58,33530.85,23918.73,Pending
B108971,A108971,2025-01-31,1466.06,29035.73,36415.74,29463.26,6952.48,Pending
B108972,A108972,2025-01-28,25977.03,1404.47,27496.36,21293.1,6203.26,Pending
B108973,A108973,2025-10-08,6277.22,15516.84,15778.02,0.0,15778.02,Paid
B108974,A108974,2024-02-01,7209.39,4017.74,12904.38,7912.78,4991.61,Paid
B108975,A108975,2025-08-10,4045.54,11805.51,12131.58,7406.17,4725.41,Paid
B108976,A108976,2024-06-02,1590.79,13532.07,26897.91,0.0,26897.91,Pending
B108977,A108977,2025-09-03,24850.65,30311.34,44901.63,37076.09,7825.55,Paid
B108978,A108978,2024-10-13,1506.25,6799.95,17892.39,12097.71,5794.68,Partially Paid
B108979,A108979,2025-12-30,2230.46,2440.67,4154.4,0.0,4154.4,Partially Paid
B108980,A108980,2024-09-01,1830.39,29731.29,25341.47,0.0,25341.47,Paid
B108981,A108981,2026-01-04,2758.93,6452.32,11125.25,0.0,11125.25,Pending
B108982,A108982,2024-11-22,4023.56,14655.33,28395.62,24076.91,4318.72,Paid
B108983,A108983,2024-12-09,1670.44,26089.29,30120.4,22564.11,7556.29,Paid
B108984,A108984,2024-02-04,2348.24,10911.48,10920.75,9809.0,1111.75,Partially Paid
B108985,A108985,2025-10-07,722.63,24803.99,55785.24,40782.65,15002.6,Paid
B108986,A108986,2025-09-09,55627.7,11272.95,67206.87,0.0,67206.87,Pending
B108987,A108987,2025-09-02,9875.37,15700.16,29300.33,24420.64,4879.7,Partially Paid
B108988,A108988,2024-07-31,1863.8,21892.48,24886.74,20801.88,4084.86,Paid
B108989,A108989,2024-08-20,50925.66,8648.19,57330.92,0.0,57330.92,Paid
B108990,A108990,2025-08-10,4886.27,6899.78,19725.06,13475.06,6250.0,Pending
B108991,A108991,2024-12-14,7371.77,14480.6,19052.32,11464.08,7588.23,Paid
B108992,A108992,2025-04-09,4003.25,22205.7,12985.07,0.0,12985.07,Paid
B108993,A108993,2024-05-19,9060.82,9420.46,20349.18,0.0,20349.18,Paid
B108994,A108994,2024-10-16,1878.99,20989.3,10725.18,6538.87,4186.31,Paid
B108995,A108995,2024-12-17,5396.53,2054.47,6884.79,4983.46,1901.33,Paid
B108996,A108996,2024-01-19,9156.12,3380.2,12738.9,9546.91,3191.99,Paid
B108997,A108997,2024-08-04,1309.29,7252.22,6826.56,5821.64,1004.92,Paid
B108998,A108998,2025-02-02,10114.07,15793.85,17332.42,10054.73,7277.69,Paid
B108999,A108999,2025-02-10,6880.3,35223.51,26476.03,0.0,26476.03,Paid
B109000,A109000,2025-02-22,8549.34,11834.43,28881.05,21280.98,7600.07,Paid
B109001,A109001,2024-09-14,1209.95,38235.29,60859.88,34447.94,26411.95,Partially Paid
B109002,A109002,2024-04-05,1561.85,3221.92,4587.27,3138.77,1448.5,Paid
B109003,A109003,2025-09-30,7530.93,23252.98,34287.35,19047.09,15240.26,Paid
B109004,A109004,2024-01-09,7950.86,12551.1,18535.11,11864.83,6670.28,Pending
B109005,A109005,2024-03-28,5836.22,3862.34,7482.34,4537.88,2944.46,Paid
B109006,A109006,2024-07-14,2689.87,10368.02,28170.57,18313.09,9857.48,Paid
B109007,A109007,2025-09-08,2028.63,4448.75,8816.14,7216.06,1600.08,Pending
B109008,A109008,2025-09-09,2294.57,5995.94,10405.96,6988.21,3417.75,Paid
B109009,A109009,2025-02-26,8229.62,7070.49,16790.71,0.0,16790.71,Partially Paid
B109010,A109010,2024-03-14,5030.06,29370.65,27019.35,17479.18,9540.18,Partially Paid
B109011,A109011,2025-09-14,1207.09,14766.46,13721.27,8163.03,5558.24,Paid
B109012,A109012,2024-09-07,854.38,5089.52,4625.3,2641.11,1984.19,Pending
B109013,A109013,2024-07-27,2088.75,6760.78,8463.72,7593.86,869.86,Paid
B109014,A109014,2024-07-25,1454.13,5091.55,10120.57,0.0,10120.57,Paid
B109015,A109015,2024-11-16,1653.16,7857.15,5147.15,0.0,5147.15,Partially Paid
B109016,A109016,2024-03-31,9844.13,32203.55,23986.61,20304.14,3682.47,Paid
B109017,A109017,2025-03-09,526.3,38164.64,26087.62,16418.47,9669.15,Paid
B109018,A109018,2024-04-05,2015.32,18695.1,57788.37,33094.51,24693.86,Paid
B109019,A109019,2025-07-10,118015.49,14010.37,143114.27,105843.4,37270.88,Paid
B109020,A109020,2026-01-02,3183.79,29489.09,26253.25,0.0,26253.25,Paid
B109021,A109021,2025-05-08,7563.62,19601.48,35942.08,0.0,35942.08,Partially Paid
B109022,A109022,2024-05-24,5182.71,44525.61,27525.12,0.0,27525.12,Paid
B109023,A109023,2024-05-02,8626.33,21046.54,43412.65,27397.71,16014.93,Partially Paid
B109024,A109024,2025-01-15,4425.61,8499.74,21933.93,15835.05,6098.88,Partially Paid
B109025,A109025,2024-08-01,15486.86,5116.14,27145.35,14993.24,12152.11,Paid
B109026,A109026,2024-05-16,3815.35,16033.22,14677.99,0.0,14677.99,Paid
B109027,A109027,2025-01-13,5458.1,15087.3,17653.1,14497.28,3155.82,Paid
B109028,A109028,2024-06-07,69579.5,10320.08,82236.03,46908.66,35327.37,Pending
B109029,A109029,2025-03-04,2941.16,12381.21,13520.35,0.0,13520.35,Pending
B109030,A109030,2025-01-06,4055.39,19912.75,12160.22,9342.49,2817.73,Partially Paid
B109031,A109031,2025-11-25,10392.57,1526.28,11807.31,0.0,11807.31,Partially Paid
B109032,A109032,2024-05-29,2448.33,12953.61,12142.92,0.0,12142.92,Pending
B109033,A109033,2024-05-14,6929.24,25609.46,42094.74,27932.37,14162.38,Pending
B109034,A109034,2024-11-08,87571.08,15152.68,94963.48,59243.63,35719.85,Paid
B109035,A109035,2025-12-18,19198.42,4663.6,29129.15,24705.0,4424.15,Paid
B109036,A109036,2024-05-05,92419.66,11638.74,105195.12,81948.39,23246.73,Paid
B109037,A109037,2025-07-29,20593.49,6474.87,29904.51,0.0,29904.51,Paid
B109038,A109038,2024-08-22,1692.05,16101.18,12339.87,8474.13,3865.73,Paid
B109039,A109039,2025-03-29,4645.25,11456.1,8590.07,7670.42,919.65,Paid
B109040,A109040,2025-05-22,1035.57,24531.22,20061.49,17739.32,2322.17,Paid
B109041,A109041,2025-10-29,5511.51,21634.62,28269.18,21187.33,7081.85,Paid
B109042,A109042,2024-05-28,7575.0,17901.6,14961.86,12039.17,2922.69,Paid
B109043,A109043,2025-09-26,1574.05,21827.38,36487.29,24822.78,11664.51,Paid
B109044,A109044,2025-11-19,6391.64,36585.28,26829.98,15301.54,11528.44,Pending
B109045,A109045,2025-12-07,1710.6,19743.62,27233.4,18123.55,9109.85,Paid
B109046,A109046,2024-02-28,2168.52,44053.28,44767.54,28651.69,16115.86,Paid
B109047,A109047,2024-04-22,1387.96,7672.83,22973.87,13716.64,9257.22,Paid
B109048,A109048,2024-04-07,81619.6,8599.0,99014.14,71275.39,27738.74,Partially Paid
B109049,A109049,2025-10-01,2478.67,6482.58,14564.26,12770.75,1793.51,Paid
B109050,A109050,2024-05-22,1140.98,5294.92,12511.52,10751.93,1759.6,Pending
B109051,A109051,2024-11-10,115536.5,3560.76,119981.92,77823.35,42158.57,Paid
B109052,A109052,2024-01-18,48389.72,12728.85,79005.05,0.0,79005.05,Paid
B109053,A109053,2025-03-25,1557.23,6564.75,9294.86,0.0,9294.86,Paid
B109054,A109054,2025-02-02,2102.27,11709.7,8699.64,5070.68,3628.96,Paid
B109055,A109055,2025-05-21,1781.89,5247.92,9867.2,6264.58,3602.62,Paid
B109056,A109056,2025-01-16,5077.02,10740.84,17692.32,11768.81,5923.51,Paid
B109057,A109057,2024-12-29,14559.88,7747.06,23440.05,0.0,23440.05,Pending
B109058,A109058,2025-11-20,1710.17,31173.69,22698.71,13604.7,9094.01,Paid
B109059,A109059,2025-07-15,3551.97,62453.52,32098.59,0.0,32098.59,Paid
B109060,A109060,2025-10-15,1642.4,26914.52,24230.15,0.0,24230.15,Paid
B109061,A109061,2025-07-31,9653.45,9684.31,23053.19,18844.83,4208.36,Paid
B109062,A109062,2025-07-28,1719.71,25953.1,47766.84,41269.9,6496.94,Paid
B109063,A109063,2025-02-03,1897.16,11547.35,15291.78,10414.55,4877.23,Pending
B109064,A109064,2024-07-08,3553.88,15367.0,15259.37,11769.24,3490.12,Pending
B109065,A109065,2024-08-11,41701.46,8500.14,53430.18,38284.66,15145.51,Paid
B109066,A109066,2025-06-11,6385.88,44528.88,48827.53,38771.36,10056.16,Paid
B109067,A109067,2024-10-28,1129.77,8602.39,4949.1,3989.88,959.23,Paid
B109068,A109068,2024-06-28,1096.08,18863.61,19264.36,0.0,19264.36,Paid
B109069,A109069,2025-01-12,2953.75,27598.52,16725.12,0.0,16725.12,Paid
B109070,A109070,2025-05-28,7728.96,18897.43,27673.73,15702.04,11971.69,Paid
B109071,A109071,2024-07-23,2442.37,3980.97,5316.84,3345.97,1970.88,Partially Paid
B109072,A109072,2025-09-04,4313.37,10173.91,16453.03,0.0,16453.03,Partially Paid
B109073,A109073,2024-10-15,4668.7,18938.39,30735.79,0.0,30735.79,Paid
B109074,A109074,2025-10-10,47501.36,3725.77,50385.89,32397.32,17988.56,Paid
B109075,A109075,2025-02-25,8851.78,18845.89,27322.45,19597.08,7725.36,Paid
B109076,A109076,2024-02-10,2026.85,17985.88,26037.65,19774.62,6263.03,Paid
B109077,A109077,2024-04-11,9427.55,72415.55,90697.2,80494.13,10203.07,Pending
B109078,A109078,2025-05-01,3374.22,14539.72,12373.9,9605.38,2768.51,Partially Paid
B109079,A109079,2024-05-28,4502.73,4271.18,6706.22,5366.43,1339.8,Pending
B109080,A109080,2025-09-02,6702.79,16968.63,12745.23,0.0,12745.23,Paid
B109081,A109081,2025-05-15,1233.36,10194.09,19189.82,13460.82,5729.0,Pending
B109082,A109082,2024-06-28,2421.51,18378.95,15214.15,9088.3,6125.85,Paid
B109083,A109083,2026-01-04,2641.14,42039.1,54150.1,36249.89,17900.21,Pending
B109084,A109084,2025-12-13,1448.01,43820.03,21268.56,12267.31,9001.26,Paid
B109085,A109085,2024-01-13,6808.93,9021.73,22813.34,0.0,22813.34,Paid
B109086,A109086,2025-01-20,5164.57,16907.43,15430.81,12458.33,2972.48,Pending
B109087,A109087,2025-03-10,6849.14,4431.32,9157.8,0.0,9157.8,Paid
B109088,A109088,2024-02-06,6737.0,8457.22,19372.49,14512.77,4859.72,Paid
B109089,A109089,2025-07-26,3186.14,15252.94,47526.87,34113.15,13413.73,Paid
B109090,A109090,2025-09-29,9038.05,22817.09,21882.03,0.0,21882.03,Paid
B109091,A109091,2024-05-21,2444.27,15051.86,18026.77,16135.21,1891.55,Paid
B109092,A109092,2025-01-03,6438.33,4353.44,9909.27,8893.38,1015.89,Paid
B109093,A109093,2024-04-18,934.09,11502.01,5897.22,3280.5,2616.72,Paid
B109094,A109094,2024-02-06,5219.45,13191.25,13482.65,0.0,13482.65,Pending
B109095,A109095,2025-10-07,5205.0,20218.7,48305.71,32658.29,15647.42,Paid
B109096,A109096,2025-11-13,5531.65,1520.64,9041.91,6980.22,2061.7,Paid
B109097,A109097,2025-06-09,7794.71,4749.66,14013.62,10793.11,3220.51,Paid
B109098,A109098,2024-06-22,11922.25,21879.04,22886.01,19523.78,3362.23,Paid
B109099,A109099,2024-03-21,8581.48,10833.11,17427.3,0.0,17427.3,Paid
B109100,A109100,2025-07-01,2284.65,7481.69,11245.75,7155.48,4090.27,Pending
B109101,A109101,2024-07-29,5685.21,8561.92,13535.77,8145.92,5389.84,Paid
B109102,A109102,2025-02-18,7304.78,11181.95,25128.32,18175.78,6952.53,Paid
B109103,A109103,2024-01-13,2335.12,14948.31,8535.66,0.0,8535.66,Paid
B109104,A109104,2024-08-24,1969.56,32535.68,32311.42,24519.95,7791.47,Pending
B109105,A109105,2024-06-27,6945.92,12162.51,15592.04,0.0,15592.04,Paid
B109106,A109106,2024-03-27,3962.6,26265.65,17722.22,10036.7,7685.52,Partially Paid
B109107,A109107,2024-02-28,5197.46,3463.83,7973.57,6334.03,1639.54,Pending
B109108,A109108,2024-05-20,5895.19,22801.34,26422.54,21031.93,5390.61,Paid
B109109,A109109,2024-08-30,4961.26,7652.19,25051.46,19027.19,6024.28,Paid
B109110,A109110,2025-04-18,1390.61,4176.7,5407.27,4312.72,1094.55,Pending
B109111,A109111,2024-08-10,9340.05,7501.98,26888.81,17245.83,9642.97,Paid
B109112,A109112,2024-01-28,3586.95,4396.89,6330.93,4508.12,1822.81,Paid
B109113,A109113,2024-07-10,6587.65,10342.67,17217.77,12786.64,4431.13,Paid
B109114,A109114,2025-09-27,2801.9,15509.95,14405.6,8394.59,6011.01,Partially Paid
B109115,A109115,2025-12-15,2051.07,9103.61,28570.73,25017.46,3553.27,Paid
B109116,A109116,2024-05-05,1005.19,16453.89,29532.11,23379.49,6152.62,Paid
B109117,A109117,2025-09-17,109961.64,15252.34,132931.33,113600.46,19330.87,Paid
B109118,A109118,2024-06-18,4066.56,28595.6,15521.6,9218.99,6302.61,Pending
B109119,A109119,2025-02-25,3558.13,18775.7,33649.09,23942.15,9706.94,Pending
B109120,A109120,2024-06-27,23323.47,3682.9,24672.85,0.0,24672.85,Paid
B109121,A109121,2024-10-09,11797.65,11176.46,16758.78,13411.82,3346.96,Pending
B109122,A109122,2024-07-31,17610.03,4267.96,18979.02,14277.64,4701.38,Paid
B109123,A109123,2024-02-25,9545.12,5553.01,14366.32,0.0,14366.32,Pending
B109124,A109124,2024-03-10,1716.01,6316.69,14657.48,10864.21,3793.27,Paid
B109125,A109125,2025-07-05,1221.66,12967.11,17035.47,11366.51,5668.95,Paid
B109126,A109126,2025-06-07,5326.7,12224.5,15076.89,8508.92,6567.97,Paid
B109127,A109127,2025-05-18,20024.9,15229.91,38135.26,24687.57,13447.69,Paid
B109128,A109128,2025-03-09,92994.58,4441.35,98612.92,81205.12,17407.81,Paid
B109129,A109129,2026-01-01,2376.59,8621.43,13105.49,11709.37,1396.13,Paid
B109130,A109130,2024-02-22,1856.45,22487.1,19194.59,13321.29,5873.3,Paid
B109131,A109131,2025-08-17,3191.0,11834.26,16238.79,9478.56,6760.23,Partially Paid
B109132,A109132,2024-02-16,91249.2,24273.02,127204.27,110749.23,16455.04,Paid
B109133,A109133,2024-07-09,5896.8,8452.8,11186.11,6418.59,4767.52,Paid
B109134,A109134,2024-04-08,8990.65,21510.18,34240.52,22673.6,11566.92,Paid
B109135,A109135,2024-12-01,1014.83,1699.49,3499.9,0.0,3499.9,Paid
B109136,A109136,2024-05-20,12497.79,15296.29,33499.84,21380.88,12118.96,Paid
B109137,A109137,2025-07-19,20401.61,67986.85,95717.91,0.0,95717.91,Paid
B109138,A109138,2024-04-27,1638.93,10951.36,10734.84,6067.98,4666.86,Paid
B109139,A109139,2024-06-25,1466.06,14978.74,12728.9,8700.54,4028.36,Paid
B109140,A109140,2024-12-10,74021.61,19008.04,98010.13,54067.33,43942.8,Partially Paid
B109141,A109141,2025-07-11,51296.21,8489.79,62324.23,43321.7,19002.54,Paid
B109142,A109142,2025-06-09,5499.16,1522.44,7041.32,5014.19,2027.14,Pending
B109143,A109143,2024-06-25,1408.44,8899.79,9047.66,7611.6,1436.05,Paid
B109144,A109144,2025-09-30,1374.74,8369.15,7013.38,5101.21,1912.17,Pending
B109145,A109145,2024-12-07,37047.99,15523.0,77342.36,46813.68,30528.68,Paid
B109146,A109146,2024-08-02,4608.36,35016.84,36722.95,27930.23,8792.72,Paid
B109147,A109147,2024-12-11,2178.62,9840.0,7273.65,0.0,7273.65,Partially Paid
B109148,A109148,2024-04-21,801.72,30158.62,25862.83,18846.62,7016.21,Paid
B109149,A109149,2025-10-05,2004.54,4775.25,10629.3,6846.05,3783.26,Paid
B109150,A109150,2024-02-11,1661.99,7489.17,4568.69,0.0,4568.69,Paid
B109151,A109151,2024-01-30,105304.33,15094.19,121986.79,100873.53,21113.25,Paid
B109152,A109152,2024-09-11,35545.23,10318.03,42485.07,30912.98,11572.09,Partially Paid
B109153,A109153,2024-10-17,2293.96,1851.48,4059.87,3337.01,722.86,Partially Paid
B109154,A109154,2024-07-26,6175.34,21497.61,32754.67,22973.38,9781.29,Paid
B109155,A109155,2024-06-23,1625.46,56637.94,72350.03,47441.31,24908.71,Paid
B109156,A109156,2025-07-25,3792.17,12427.72,21078.76,15522.41,5556.35,Paid
B109157,A109157,2024-04-18,5859.26,13173.67,9944.23,8355.2,1589.02,Paid
B109158,A109158,2024-09-19,3039.63,7619.62,10442.94,6134.26,4308.68,Paid
B109159,A109159,2024-07-23,6449.93,7893.89,22709.9,20212.19,2497.71,Paid
B109160,A109160,2024-08-10,4263.21,8154.56,21095.07,15392.06,5703.01,Paid
B109161,A109161,2025-02-22,5103.81,20662.66,33841.21,24108.47,9732.74,Paid
B109162,A109162,2025-07-22,6028.52,16802.19,45333.58,0.0,45333.58,Pending
B109163,A109163,2024-05-04,16483.13,28346.68,46184.99,31109.21,15075.78,Paid
B109164,A109164,2025-03-04,3120.3,8086.32,24691.9,17111.06,7580.84,Paid
B109165,A109165,2024-08-03,8714.37,12798.8,20821.7,0.0,20821.7,Paid
B109166,A109166,2024-06-09,1017.46,17770.14,25109.8,0.0,25109.8,Paid
B109167,A109167,2024-09-25,10901.58,11610.28,37572.52,33555.6,4016.92,Paid
B109168,A109168,2025-05-23,6458.61,5723.64,12229.49,0.0,12229.49,Paid
B109169,A109169,2024-06-03,1497.67,10226.94,6490.06,5725.64,764.42,Paid
B109170,A109170,2024-08-01,2106.83,3762.02,6661.66,3683.07,2978.59,Pending
B109171,A109171,2024-07-20,4062.78,19653.28,33804.26,27310.91,6493.35,Partially Paid
B109172,A109172,2024-04-10,46114.1,4620.33,56450.63,43864.63,12586.0,Paid
B109173,A109173,2025-07-01,4719.47,21860.67,26797.65,15321.47,11476.19,Paid
B109174,A109174,2025-12-04,7809.91,12043.61,17824.34,10055.98,7768.36,Paid
B109175,A109175,2024-06-27,2348.58,30795.26,27440.78,15646.28,11794.5,Paid
B109176,A109176,2025-01-07,26020.77,6825.91,31698.24,26749.43,4948.81,Paid
B109177,A109177,2025-12-16,1980.41,26124.75,29508.25,21799.15,7709.11,Paid
B109178,A109178,2024-06-05,2376.79,4144.26,9170.38,7561.61,1608.77,Pending
B109179,A109179,2024-05-23,1093.63,17067.01,16134.91,0.0,16134.91,Paid
B109180,A109180,2024-09-14,7739.15,8364.67,14501.78,11459.22,3042.56,Paid
B109181,A109181,2025-11-10,46295.74,11024.39,52521.69,46344.05,6177.63,Paid
B109182,A109182,2025-10-14,1589.6,17894.59,13570.86,7626.76,5944.1,Paid
B109183,A109183,2025-02-26,17280.82,15742.03,29603.46,18851.53,10751.93,Paid
B109184,A109184,2024-11-25,4238.72,2451.66,5599.8,0.0,5599.8,Paid
B109185,A109185,2025-01-16,21098.2,12422.0,28785.43,23687.86,5097.57,Paid
B109186,A109186,2024-09-30,4560.76,33771.84,28945.66,19560.58,9385.08,Paid
B109187,A109187,2025-06-30,4391.69,16936.8,12777.38,8829.83,3947.55,Paid
B109188,A109188,2024-05-19,5306.67,2202.36,7442.36,5884.91,1557.44,Pending
B109189,A109189,2025-08-22,5918.8,4360.82,15687.76,10399.62,5288.13,Paid
B109190,A109190,2025-05-31,2057.38,10894.8,11355.81,10059.99,1295.82,Pending
B109191,A109191,2024-09-07,5696.09,7798.59,9400.07,6302.52,3097.55,Paid
B109192,A109192,2024-11-09,1281.93,11704.68,24857.66,18521.08,6336.58,Paid
B109193,A109193,2025-07-31,3008.29,8892.85,18070.9,10138.65,7932.25,Paid
B109194,A109194,2024-08-08,70575.19,8567.55,75044.89,0.0,75044.89,Paid
B109195,A109195,2025-08-11,2241.94,8507.64,17297.1,9840.93,7456.17,Paid
B109196,A109196,2024-10-26,1521.99,24125.44,19811.34,16943.19,2868.16,Partially Paid
B109197,A109197,2025-02-16,6817.97,12187.53,19832.04,16614.91,3217.13,Partially Paid
B109198,A109198,2024-07-19,1254.87,11054.63,6848.44,4390.51,2457.92,Paid
B109199,A109199,2024-03-26,35209.04,23669.77,55562.54,49923.73,5638.82,Paid
B109200,A109200,2025-01-20,11597.96,3738.65,15811.1,11452.76,4358.33,Partially Paid
B109201,A109201,2024-05-24,777.74,24869.16,29427.99,18181.87,11246.12,Paid
B109202,A109202,2024-08-12,1193.45,26516.91,30931.11,20098.67,10832.44,Paid
B109203,A109203,2025-09-24,8539.66,33941.06,59822.41,39435.52,20386.89,Paid
B109204,A109204,2024-07-29,1496.75,5624.64,9363.43,5656.06,3707.37,Paid
B109205,A109205,2025-10-30,3041.03,15846.8,20871.31,15373.6,5497.71,Pending
B109206,A109206,2024-05-20,1032.54,12035.83,31396.17,19586.76,11809.41,Paid
B109207,A109207,2024-06-16,4013.32,6530.5,8894.38,5157.03,3737.35,Paid
B109208,A109208,2025-05-18,1755.59,3081.64,4787.09,4305.5,481.6,Paid
B109209,A109209,2025-03-08,8370.17,5799.38,17558.44,14205.66,3352.78,Paid
B109210,A109210,2024-07-06,1149.54,31508.99,25429.28,0.0,25429.28,Paid
B109211,A109211,2024-05-04,7194.65,16252.21,14639.07,8298.8,6340.27,Paid
B109212,A109212,2024-06-27,8300.96,6570.91,24719.01,16490.73,8228.28,Partially Paid
B109213,A109213,2024-12-02,2021.73,14386.3,17266.22,11070.07,6196.16,Paid
B109214,A109214,2024-03-13,4021.52,16410.56,12223.23,10514.7,1708.53,Partially Paid
B109215,A109215,2025-11-30,79876.09,2960.94,81259.3,71305.95,9953.35,Partially Paid
B109216,A109216,2024-05-22,4524.72,14470.85,24112.17,16893.2,7218.98,Pending
B109217,A109217,2024-11-08,50953.1,22338.6,69478.62,0.0,69478.62,Paid
B109218,A109218,2024-11-30,11866.31,12523.62,33234.44,29734.38,3500.05,Paid
B109219,A109219,2024-08-31,4716.07,23348.38,21379.74,15081.33,6298.4,Pending
B109220,A109220,2025-06-17,1466.66,12144.18,14366.81,10243.56,4123.25,Paid
B109221,A109221,2024-03-26,14515.98,36978.45,28610.42,24032.69,4577.74,Paid
B109222,A109222,2024-06-03,10075.83,9002.84,18849.21,15743.96,3105.25,Partially Paid
B109223,A109223,2025-09-15,3114.18,8918.71,17830.88,10684.02,7146.85,Paid
B109224,A109224,2025-11-02,5783.52,26799.53,20560.76,16416.28,4144.49,Paid
B109225,A109225,2024-11-19,873.8,10402.43,13437.09,0.0,13437.09,Paid
B109226,A109226,2024-02-11,71860.42,6773.43,78884.84,64419.15,14465.69,Paid
B109227,A109227,2025-10-21,7727.56,7969.23,13119.23,0.0,13119.23,Paid
B109228,A109228,2024-05-08,2034.62,12093.91,14295.32,12796.97,1498.35,Paid
B109229,A109229,2025-09-12,2436.39,2361.12,4855.25,3765.43,1089.82,Paid
B109230,A109230,2024-10-15,1061.73,6249.76,11264.81,7727.08,3537.73,Paid
B109231,A109231,2024-09-01,1690.01,13913.59,14799.34,12056.79,2742.54,Paid
B109232,A109232,2025-09-12,5306.81,12130.65,31868.0,17687.29,14180.71,Partially Paid
B109233,A109233,2024-08-12,1146.64,17492.09,20401.08,0.0,20401.08,Pending
B109234,A109234,2024-01-08,2459.38,3623.66,6783.12,0.0,6783.12,Pending
B109235,A109235,2024-08-06,2525.72,5542.7,9471.45,0.0,9471.45,Paid
B109236,A109236,2025-11-16,5459.62,6434.26,19234.86,11696.0,7538.86,Paid
B109237,A109237,2025-08-14,926.98,21159.67,20912.68,13268.34,7644.35,Paid
B109238,A109238,2024-10-27,3355.37,26705.46,26178.64,23064.48,3114.15,Paid
B109239,A109239,2025-07-06,41302.65,31165.18,61980.53,0.0,61980.53,Paid
B109240,A109240,2025-05-08,3177.93,37597.84,36505.69,0.0,36505.69,Paid
B109241,A109241,2024-02-16,1429.11,17091.26,7681.53,5256.86,2424.67,Paid
B109242,A109242,2024-11-08,39511.36,7585.64,63357.3,38978.6,24378.7,Paid
B109243,A109243,2024-04-05,7068.4,5543.57,11488.87,9384.32,2104.54,Paid
B109244,A109244,2025-08-06,1058.63,1891.42,4836.96,0.0,4836.96,Partially Paid
B109245,A109245,2024-09-26,5332.21,4427.31,7030.68,0.0,7030.68,Partially Paid
B109246,A109246,2025-09-15,118035.72,6643.43,128968.97,110248.93,18720.04,Paid
B109247,A109247,2025-11-24,76723.7,3703.87,77999.82,62978.81,15021.01,Paid
B109248,A109248,2024-08-10,16888.38,18822.14,29436.85,0.0,29436.85,Paid
B109249,A109249,2024-04-27,91565.66,9165.61,96635.07,79403.67,17231.4,Paid
B109250,A109250,2024-07-10,106053.12,10450.94,118666.64,86228.38,32438.26,Paid
B109251,A109251,2024-05-16,2194.52,19244.48,16608.5,0.0,16608.5,Paid
B109252,A109252,2024-05-04,2502.55,72549.29,32204.9,25201.23,7003.66,Paid
B109253,A109253,2024-09-05,10098.93,21914.24,25490.87,22660.48,2830.39,Paid
B109254,A109254,2025-10-20,1148.1,26550.58,16949.02,9416.66,7532.36,Paid
B109255,A109255,2024-06-10,1487.94,16537.99,8362.96,6374.02,1988.94,Partially Paid
B109256,A109256,2025-04-23,4174.37,15012.35,14914.06,8536.01,6378.06,Partially Paid
B109257,A109257,2025-05-26,2712.33,28336.47,17185.77,14576.28,2609.5,Paid
B109258,A109258,2024-10-10,4321.37,21644.22,43742.56,27402.48,16340.08,Paid
B109259,A109259,2024-05-08,5709.14,23253.38,26576.2,17327.88,9248.32,Partially Paid
B109260,A109260,2025-08-02,3122.82,21901.32,20202.76,12306.59,7896.17,Paid
B109261,A109261,2025-06-24,7894.43,13937.15,15035.46,11341.55,3693.9,Paid
B109262,A109262,2024-03-14,2038.4,35124.61,37808.03,32032.24,5775.79,Paid
B109263,A109263,2025-02-16,23286.19,39729.28,69530.0,0.0,69530.0,Paid
B109264,A109264,2024-07-02,1777.71,14588.1,13394.87,7549.65,5845.22,Paid
B109265,A109265,2024-08-24,10830.21,11565.58,21097.37,14181.23,6916.14,Paid
B109266,A109266,2025-04-27,485.28,16394.27,18303.84,15743.24,2560.61,Paid
B109267,A109267,2025-10-20,2200.75,9478.37,14337.92,0.0,14337.92,Paid
B109268,A109268,2024-09-08,3460.65,30241.37,32763.71,0.0,32763.71,Paid
B109269,A109269,2025-08-17,7936.87,7129.38,15866.91,9531.35,6335.56,Paid
B109270,A109270,2025-10-03,7089.45,16715.46,24576.3,18354.39,6221.91,Paid
B109271,A109271,2025-10-14,2622.89,5977.63,9781.75,6515.5,3266.26,Pending
B109272,A109272,2025-07-27,1151.58,16952.92,12276.3,10385.6,1890.69,Paid
B109273,A109273,2024-08-02,726.17,8116.29,3788.11,0.0,3788.11,Paid
B109274,A109274,2025-08-30,38970.38,5618.17,44726.27,31939.11,12787.16,Paid
B109275,A109275,2025-04-13,1996.31,39183.98,19960.44,0.0,19960.44,Paid
B109276,A109276,2024-05-10,54339.9,5075.03,64757.31,48879.07,15878.23,Paid
B109277,A109277,2024-08-07,2877.87,10158.87,15945.12,9222.65,6722.47,Paid
B109278,A109278,2025-12-18,1392.25,13390.56,22911.02,13756.38,9154.64,Paid
B109279,A109279,2024-01-24,1960.67,12435.95,16231.81,0.0,16231.81,Paid
B109280,A109280,2025-07-28,9659.17,34260.88,24540.93,19584.75,4956.18,Paid
B109281,A109281,2024-03-04,17565.03,15643.15,33140.58,25212.99,7927.59,Partially Paid
B109282,A109282,2025-11-12,5383.74,28344.05,33566.16,29394.54,4171.62,Paid
B109283,A109283,2025-12-18,1907.91,9753.52,18384.68,15091.95,3292.73,Paid
B109284,A109284,2024-05-20,21640.85,28080.9,70320.21,57813.2,12507.01,Paid
B109285,A109285,2025-07-13,6290.3,6132.24,12973.81,11077.84,1895.98,Paid
B109286,A109286,2024-07-18,4241.46,6538.99,13067.48,9875.73,3191.76,Paid
B109287,A109287,2025-05-20,4573.98,48459.83,35662.95,29004.14,6658.8,Paid
B109288,A109288,2025-11-14,6301.84,25728.81,30894.26,17509.68,13384.58,Paid
B109289,A109289,2025-05-25,4820.48,26596.06,34204.62,27111.4,7093.21,Pending
B109290,A109290,2024-09-06,8076.52,5628.22,18351.52,0.0,18351.52,Paid
B109291,A109291,2024-09-21,2050.95,9528.76,11680.54,10238.37,1442.17,Paid
B109292,A109292,2024-12-15,50446.66,7626.71,55163.94,0.0,55163.94,Pending
B109293,A109293,2024-07-18,2161.34,13394.1,14715.21,13237.41,1477.8,Paid
B109294,A109294,2024-04-21,2268.21,7368.91,14145.95,0.0,14145.95,Paid
B109295,A109295,2025-09-24,33352.65,46968.45,100229.2,64648.4,35580.8,Paid
B109296,A109296,2024-06-10,2309.26,3548.9,10101.19,6563.18,3538.01,Paid
B109297,A109297,2025-02-28,4642.97,5089.14,14862.69,11931.47,2931.21,Paid
B109298,A109298,2025-09-01,1407.37,11779.65,14795.21,9634.97,5160.25,Paid
B109299,A109299,2024-08-01,9330.14,30480.0,30997.05,0.0,30997.05,Paid
B109300,A109300,2024-11-12,12117.96,10880.8,24313.15,20679.85,3633.3,Paid
B109301,A109301,2025-03-10,10407.97,6102.24,20110.13,13242.46,6867.66,Paid
B109302,A109302,2024-08-30,1741.36,20038.48,25426.94,22210.74,3216.19,Paid
B109303,A109303,2024-11-25,1238.09,8420.3,12531.44,9780.01,2751.44,Paid
B109304,A109304,2025-04-27,2059.64,16037.3,19239.13,0.0,19239.13,Paid
B109305,A109305,2025-03-04,1985.01,2557.95,6173.04,3927.87,2245.18,Paid
B109306,A109306,2025-10-29,2567.14,3866.2,8228.18,5613.79,2614.39,Paid
B109307,A109307,2024-04-11,3672.34,5254.39,12193.11,10557.98,1635.13,Paid
B109308,A109308,2024-08-28,11641.12,6843.53,16672.12,0.0,16672.12,Paid
B109309,A109309,2024-04-20,8140.45,12355.12,20273.52,0.0,20273.52,Pending
B109310,A109310,2024-12-30,3920.38,1290.32,6798.69,5348.22,1450.47,Paid
B109311,A109311,2025-10-05,6549.68,5284.25,10344.53,6410.63,3933.91,Paid
B109312,A109312,2025-05-09,14345.92,6297.73,23234.41,13846.65,9387.75,Paid
B109313,A109313,2024-02-15,5822.58,13177.58,18911.76,0.0,18911.76,Pending
B109314,A109314,2025-07-30,5997.45,5808.72,8409.31,7031.17,1378.14,Paid
B109315,A109315,2024-03-15,3053.7,2617.66,9002.69,8072.28,930.42,Paid
B109316,A109316,2025-12-12,1813.3,39660.36,25647.67,0.0,25647.67,Pending
B109317,A109317,2025-09-25,10660.27,16956.93,22265.0,13043.94,9221.05,Paid
B109318,A109318,2024-11-06,3341.11,29618.69,19406.76,13937.56,5469.2,Paid
B109319,A109319,2024-01-12,9590.52,18676.38,25943.69,17450.91,8492.78,Paid
B109320,A109320,2025-08-16,21343.3,15934.18,39931.34,0.0,39931.34,Paid
B109321,A109321,2024-12-20,48888.42,18848.33,66275.11,40764.46,25510.65,Paid
B109322,A109322,2025-02-08,18818.92,7088.68,32478.73,0.0,32478.73,Pending
B109323,A109323,2025-08-22,4959.43,6362.33,19574.63,12425.98,7148.65,Paid
B109324,A109324,2025-03-18,7483.3,20571.81,39223.87,24988.21,14235.66,Paid
B109325,A109325,2025-07-27,2283.2,6169.64,6347.95,4850.99,1496.96,Paid
B109326,A109326,2024-04-19,11040.52,4121.92,22711.96,13790.75,8921.21,Paid
B109327,A109327,2024-04-27,7689.47,4328.05,10712.07,7359.25,3352.83,Partially Paid
B109328,A109328,2025-01-25,2051.9,34124.04,18611.38,0.0,18611.38,Paid
B109329,A109329,2024-03-26,4542.94,14447.81,11609.92,0.0,11609.92,Paid
B109330,A109330,2025-10-24,3534.8,19105.82,40804.38,26438.49,14365.89,Paid
B109331,A109331,2025-02-17,734.78,17174.49,12477.19,9642.98,2834.22,Paid
B109332,A109332,2024-03-14,8703.44,17854.46,15943.85,10136.12,5807.72,Paid
B109333,A109333,2025-01-25,4303.68,16065.98,20170.15,12729.38,7440.78,Paid
B109334,A109334,2025-06-12,7838.11,20519.09,25402.31,14874.85,10527.46,Pending
B109335,A109335,2024-10-30,4931.27,28558.17,20891.13,0.0,20891.13,Paid
B109336,A109336,2025-09-11,115691.26,4841.99,122039.87,102238.52,19801.35,Paid
B109337,A109337,2025-12-24,1983.92,13549.84,11618.3,9408.91,2209.39,Paid
B109338,A109338,2024-03-07,2867.91,4207.82,5739.42,3420.03,2319.39,Paid
B109339,A109339,2025-08-02,3258.04,18772.13,24838.7,20096.23,4742.48,Paid
B109340,A109340,2024-07-01,1416.82,8200.45,23210.68,16458.26,6752.42,Paid
B109341,A109341,2024-01-16,360.23,29265.42,20638.71,13706.49,6932.22,Paid
B109342,A109342,2024-06-17,6816.71,29303.45,21897.73,15772.4,6125.33,Paid
B109343,A109343,2024-01-15,3928.06,8813.83,13227.15,8167.16,5059.99,Paid
B109344,A109344,2025-02-15,7108.81,3431.46,9496.82,5925.86,3570.95,Paid
B109345,A109345,2025-09-06,7235.31,10689.18,23689.75,17372.78,6316.96,Paid
B109346,A109346,2024-06-04,2359.08,1221.54,3890.23,3126.8,763.43,Partially Paid
B109347,A109347,2024-07-28,1395.27,5712.79,7535.63,6227.12,1308.51,Paid
B109348,A109348,2024-04-25,4923.04,2910.92,9220.42,8144.13,1076.29,Paid
B109349,A109349,2025-01-16,10074.62,12537.22,21541.05,0.0,21541.05,Paid
B109350,A109350,2025-08-26,1908.32,13982.92,11755.87,8120.19,3635.69,Paid
B109351,A109351,2025-12-12,7553.82,11252.42,18215.1,15187.42,3027.68,Paid
B109352,A109352,2024-12-25,2442.79,37212.18,16306.39,11477.47,4828.92,Paid
B109353,A109353,2024-04-12,9343.09,19610.74,19523.41,16678.42,2845.0,Paid
B109354,A109354,2024-01-24,1086.02,12040.73,18462.37,12934.75,5527.63,Paid
B109355,A109355,2024-11-11,956.23,4609.96,10738.5,6597.65,4140.85,Partially Paid
B109356,A109356,2025-06-12,1519.44,1418.11,4781.77,2894.38,1887.39,Paid
B109357,A109357,2025-07-16,57137.71,11809.68,71744.83,59255.46,12489.37,Paid
B109358,A109358,2025-11-03,1976.43,23714.47,15559.46,11502.36,4057.1,Paid
B109359,A109359,2025-03-25,1280.06,10826.37,13783.81,10448.6,3335.2,Paid
B109360,A109360,2024-08-22,41103.17,7844.87,49680.06,37541.28,12138.77,Paid
B109361,A109361,2025-11-04,3021.11,11310.43,10423.31,7699.53,2723.78,Partially Paid
B109362,A109362,2025-09-22,9326.41,16849.74,20512.14,0.0,20512.14,Paid
B109363,A109363,2024-12-30,24559.57,23645.85,32668.73,22393.54,10275.19,Paid
B109364,A109364,2025-01-23,2474.92,18340.44,13065.83,9755.77,3310.06,Paid
B109365,A109365,2025-06-05,100278.21,17370.89,121649.8,105619.79,16030.01,Paid
B109366,A109366,2024-02-18,4741.84,7959.82,16472.88,0.0,16472.88,Paid
B109367,A109367,2024-12-31,7567.35,2605.86,11869.37,7104.58,4764.79,Partially Paid
B109368,A109368,2025-09-18,4281.69,7845.13,23565.22,17445.41,6119.8,Paid
B109369,A109369,2024-04-25,1715.11,11205.76,16147.11,10627.56,5519.55,Paid
B109370,A109370,2024-08-11,1798.79,3899.92,5172.25,4088.09,1084.17,Paid
B109371,A109371,2025-01-24,7027.12,8550.25,14104.06,0.0,14104.06,Paid
B109372,A109372,2024-09-27,2875.23,11038.34,20789.15,0.0,20789.15,Pending
B109373,A109373,2024-10-03,11714.25,18966.12,34813.3,26116.37,8696.93,Paid
B109374,A109374,2024-08-09,2257.12,42936.88,19447.0,17316.9,2130.1,Paid
B109375,A109375,2025-05-18,38255.1,17898.21,68457.65,52460.36,15997.29,Paid
B109376,A109376,2024-11-11,19241.12,4510.09,24585.43,18049.0,6536.43,Paid
B109377,A109377,2025-01-26,5550.58,19175.24,14862.08,8304.25,6557.84,Paid
B109378,A109378,2024-09-08,2445.98,16285.47,9286.24,5501.63,3784.6,Paid
B109379,A109379,2025-07-23,20679.13,4559.58,33742.57,28723.62,5018.95,Pending
B109380,A109380,2024-12-17,4572.02,8449.64,8121.33,7184.44,936.9,Partially Paid
B109381,A109381,2024-03-14,100511.98,4122.14,108245.03,60950.03,47295.0,Pending
B109382,A109382,2024-10-24,9223.6,2482.92,15177.14,0.0,15177.14,Partially Paid
B109383,A109383,2024-08-07,2714.62,23067.13,32380.9,27600.39,4780.51,Partially Paid
B109384,A109384,2024-10-23,977.82,6081.82,8801.68,0.0,8801.68,Paid
B109385,A109385,2024-06-22,5197.9,10629.4,11193.97,6401.43,4792.54,Paid
B109386,A109386,2024-09-04,2180.25,4548.56,11115.21,9470.24,1644.98,Paid
B109387,A109387,2024-05-26,1623.07,22706.17,16567.49,13609.37,2958.11,Paid
B109388,A109388,2025-09-09,5927.15,5856.31,13698.36,10527.84,3170.51,Pending
B109389,A109389,2025-09-09,5592.95,3060.43,10043.97,0.0,10043.97,Paid
B109390,A109390,2024-08-30,9154.23,13276.96,15782.09,12167.09,3615.0,Partially Paid
B109391,A109391,2024-11-09,871.24,11889.9,11855.94,7358.58,4497.36,Paid
B109392,A109392,2025-02-23,18904.81,8592.71,25982.16,21448.26,4533.9,Partially Paid
B109393,A109393,2025-02-08,84372.96,23263.88,106540.58,83514.32,23026.26,Partially Paid
B109394,A109394,2024-01-23,3368.64,3417.89,5932.49,4758.67,1173.82,Paid
B109395,A109395,2024-03-19,4211.45,2287.73,6489.81,4569.6,1920.21,Paid
B109396,A109396,2025-04-22,2439.66,5332.22,6976.01,0.0,6976.01,Partially Paid
B109397,A109397,2025-12-15,1355.07,15601.35,15272.18,0.0,15272.18,Paid
B109398,A109398,2024-12-20,3081.75,5329.92,11709.33,10322.36,1386.97,Partially Paid
B109399,A109399,2025-01-25,39193.63,64743.04,104026.72,61241.0,42785.72,Partially Paid
B109400,A109400,2024-01-28,7077.58,9855.54,19010.28,13223.83,5786.45,Pending
B109401,A109401,2025-05-25,5936.49,8783.31,17062.21,14120.02,2942.19,Partially Paid
B109402,A109402,2024-06-14,1050.83,21415.15,22797.3,0.0,22797.3,Paid
B109403,A109403,2024-12-30,54629.89,14550.41,70049.62,60934.7,9114.92,Paid
B109404,A109404,2025-07-14,1872.4,21777.38,19991.49,16256.52,3734.97,Paid
B109405,A109405,2024-10-28,5620.06,15603.76,14247.39,10390.75,3856.63,Paid
B109406,A109406,2024-12-22,87588.33,17622.42,108853.05,91275.23,17577.82,Partially Paid
B109407,A109407,2024-06-29,3225.56,3498.29,6065.77,5271.76,794.0,Paid
B109408,A109408,2025-04-21,1277.68,17935.23,18750.41,14388.23,4362.18,Pending
B109409,A109409,2025-02-04,2288.96,17109.88,15080.32,9498.53,5581.79,Paid
B109410,A109410,2025-09-07,3313.77,13366.39,13211.19,10585.37,2625.82,Pending
B109411,A109411,2025-10-02,1245.21,47609.05,42409.45,0.0,42409.45,Paid
B109412,A109412,2024-08-02,9713.78,3162.49,13427.15,9831.74,3595.4,Paid
B109413,A109413,2025-06-23,2659.45,37255.89,44312.29,25720.74,18591.55,Paid
B109414,A109414,2025-02-04,9937.32,21242.65,29752.44,16748.12,13004.32,Paid
B109415,A109415,2024-02-02,10375.51,13845.88,24192.75,15630.52,8562.24,Paid
B109416,A109416,2025-04-01,9170.65,32755.13,34821.06,0.0,34821.06,Paid
B109417,A109417,2025-03-21,55830.14,22334.8,88357.26,69719.97,18637.3,Paid
B109418,A109418,2024-10-14,1720.73,9711.33,10811.72,0.0,10811.72,Pending
B109419,A109419,2025-10-28,2227.18,25903.71,17713.86,12020.01,5693.84,Partially Paid
B109420,A109420,2025-10-11,527.72,3195.84,3862.02,3153.83,708.2,Paid
B109421,A109421,2024-07-11,32414.66,15156.31,41703.2,27909.69,13793.51,Pending
B109422,A109422,2025-12-14,30405.38,43711.15,66628.63,0.0,66628.63,Paid
B109423,A109423,2024-07-20,10858.13,8434.37,18691.59,16742.1,1949.49,Pending
B109424,A109424,2024-04-12,5276.89,2705.34,7218.65,4028.98,3189.67,Partially Paid
B109425,A109425,2025-04-28,2411.19,10096.17,11280.9,7998.87,3282.02,Paid
B109426,A109426,2025-08-28,6752.77,7801.3,15155.49,11110.63,4044.86,Pending
B109427,A109427,2024-08-14,21706.37,4514.51,27503.43,24052.38,3451.05,Pending
B109428,A109428,2025-06-05,3329.85,16594.45,19284.64,0.0,19284.64,Paid
B109429,A109429,2025-06-15,7835.68,9818.84,28911.27,16682.96,12228.31,Paid
B109430,A109430,2025-03-20,1191.72,16349.01,12027.39,8131.88,3895.51,Paid
B109431,A109431,2025-06-04,1063.79,6137.71,17417.84,12611.4,4806.44,Paid
B109432,A109432,2024-09-06,1899.51,34708.59,87587.01,0.0,87587.01,Paid
B109433,A109433,2024-05-05,2473.19,15496.45,40594.11,27983.22,12610.88,Pending
B109434,A109434,2025-06-05,1255.64,12358.1,20023.79,11421.11,8602.69,Pending
B109435,A109435,2024-07-04,863.95,3437.1,7903.77,6962.15,941.62,Pending
B109436,A109436,2025-12-28,1057.45,5009.66,6041.2,4622.57,1418.63,Paid
B109437,A109437,2024-02-11,4935.47,22322.02,30632.27,0.0,30632.27,Paid
B109438,A109438,2024-10-26,64494.53,5883.5,76668.4,62587.39,14081.01,Paid
B109439,A109439,2025-04-09,26920.84,25904.69,50317.28,36419.22,13898.06,Paid
B109440,A109440,2025-12-12,4116.68,11101.44,18213.47,11838.19,6375.27,Paid
B109441,A109441,2025-05-27,963.86,18913.53,31732.01,23982.26,7749.76,Partially Paid
B109442,A109442,2025-02-10,18324.36,3251.23,20268.53,14473.93,5794.6,Paid
B109443,A109443,2024-05-10,3874.47,9553.67,9067.2,0.0,9067.2,Paid
B109444,A109444,2024-05-27,5212.08,10434.24,22734.74,17571.38,5163.37,Pending
B109445,A109445,2025-10-17,8773.54,33628.46,22956.83,19430.52,3526.31,Paid
B109446,A109446,2024-05-12,2291.95,14130.1,8805.03,7598.75,1206.28,Paid
B109447,A109447,2025-11-18,7064.84,8452.94,12220.7,0.0,12220.7,Partially Paid
B109448,A109448,2026-01-07,2035.92,23174.53,26422.7,18766.58,7656.12,Paid
B109449,A109449,2025-09-22,89696.46,12040.96,108112.9,75159.94,32952.96,Partially Paid
B109450,A109450,2024-12-17,9305.75,7224.81,14111.59,9936.9,4174.68,Pending
B109451,A109451,2025-06-11,2168.28,5332.98,9780.76,8340.51,1440.25,Paid
B109452,A109452,2025-04-13,5673.14,16136.59,19366.44,14172.26,5194.18,Paid
B109453,A109453,2024-09-04,1077.81,6665.92,12487.35,7191.51,5295.84,Partially Paid
B109454,A109454,2025-07-25,2390.52,17288.3,29715.8,21204.73,8511.07,Pending
B109455,A109455,2024-07-08,1851.47,15935.79,15048.38,12517.75,2530.63,Pending
B109456,A109456,2024-08-25,2825.25,10224.99,17553.4,11181.49,6371.91,Pending
B109457,A109457,2025-05-30,48265.54,5250.07,52351.67,41899.33,10452.34,Paid
B109458,A109458,2024-01-05,1793.01,7542.63,14013.97,8875.27,5138.7,Paid
B109459,A109459,2024-08-28,1872.31,5910.6,8817.8,6883.18,1934.62,Paid
B109460,A109460,2024-02-26,23445.71,3107.88,31749.61,23157.78,8591.83,Paid
B109461,A109461,2025-05-12,2987.11,9531.91,6614.69,0.0,6614.69,Paid
B109462,A109462,2025-09-08,86496.53,3309.94,89621.96,70881.22,18740.75,Pending
B109463,A109463,2025-02-23,2390.95,4020.34,8893.89,6387.06,2506.83,Paid
B109464,A109464,2025-03-27,2540.93,8778.48,10153.28,8020.14,2133.14,Paid
B109465,A109465,2024-12-05,6325.24,8150.46,12418.01,10933.17,1484.84,Paid
B109466,A109466,2024-10-05,2168.14,5518.8,9475.92,0.0,9475.92,Paid
B109467,A109467,2024-01-24,2443.29,35946.02,57668.09,32270.12,25397.97,Paid
B109468,A109468,2024-12-10,810.59,12002.56,14304.79,10561.81,3742.98,Paid
B109469,A109469,2024-04-17,92008.32,13746.61,109680.46,71112.74,38567.71,Paid
B109470,A109470,2024-12-13,1568.51,10628.0,13417.44,9858.72,3558.72,Paid
B109471,A109471,2025-01-08,10290.78,14605.04,20298.21,15587.09,4711.11,Partially Paid
B109472,A109472,2024-07-21,65075.02,9972.7,85437.91,64113.97,21323.94,Paid
B109473,A109473,2024-01-18,1729.95,9915.94,9331.79,7230.25,2101.54,Paid
B109474,A109474,2025-11-14,6043.81,16951.01,20154.81,13819.63,6335.18,Partially Paid
B109475,A109475,2024-12-09,5754.81,16807.25,16273.53,11898.34,4375.19,Paid
B109476,A109476,2025-07-07,2639.54,17609.7,55523.58,39672.23,15851.35,Paid
B109477,A109477,2025-04-09,6525.08,17857.6,33044.41,0.0,33044.41,Pending
B109478,A109478,2025-06-11,4320.99,8414.79,11638.69,0.0,11638.69,Paid
B109479,A109479,2025-03-17,88253.98,7278.98,107674.47,91961.15,15713.32,Pending
B109480,A109480,2025-01-01,2328.71,1459.38,4975.53,0.0,4975.53,Paid
B109481,A109481,2025-02-09,7268.71,14598.67,19024.17,0.0,19024.17,Paid
B109482,A109482,2025-07-31,6956.18,15424.68,15459.35,9113.64,6345.71,Paid
B109483,A109483,2025-04-30,17681.55,16384.76,32919.3,18603.3,14316.0,Paid
B109484,A109484,2024-04-24,99271.15,19626.93,109081.83,97515.04,11566.78,Paid
B109485,A109485,2025-02-15,13441.31,10039.96,37574.28,0.0,37574.28,Paid
B109486,A109486,2024-11-10,1125.9,10449.94,23298.37,19542.65,3755.72,Paid
B109487,A109487,2024-06-09,1834.04,4181.4,4379.73,0.0,4379.73,Paid
B109488,A109488,2024-03-01,9601.1,21238.69,29505.79,20108.52,9397.27,Pending
B109489,A109489,2024-09-19,11826.5,28828.12,38919.22,21547.48,17371.74,Pending
B109490,A109490,2025-06-18,43437.5,3654.98,44692.76,29654.14,15038.62,Pending
B109491,A109491,2025-02-28,2014.77,3787.83,8295.83,7063.19,1232.65,Paid
B109492,A109492,2025-09-13,4513.24,29839.4,35333.46,30184.08,5149.38,Paid
B109493,A109493,2024-09-24,4674.75,16212.58,14837.25,12930.9,1906.35,Pending
B109494,A109494,2024-08-26,6451.41,20149.6,27449.22,22908.6,4540.62,Paid
B109495,A109495,2025-11-14,1318.91,8253.35,8525.91,5200.06,3325.85,Partially Paid
B109496,A109496,2024-09-03,5701.26,26008.97,39589.36,0.0,39589.36,Paid
B109497,A109497,2025-06-12,1437.7,23875.33,47636.17,33453.93,14182.24,Pending
B109498,A109498,2024-02-17,82949.76,5443.2,91176.74,66104.37,25072.38,Paid
B109499,A109499,2025-07-14,4471.6,12156.54,16973.46,12839.91,4133.55,Paid
B109500,A109500,2025-11-10,2106.62,16218.43,7130.67,4855.41,2275.26,Partially Paid
B109501,A109501,2025-11-13,2136.47,2843.81,8153.54,6426.28,1727.26,Paid
B109502,A109502,2025-03-15,4436.74,8445.81,19852.24,11143.76,8708.48,Pending
B109503,A109503,2024-12-07,7500.02,28115.4,25293.06,20343.45,4949.6,Paid
B109504,A109504,2025-02-15,1660.69,27780.88,18520.33,0.0,18520.33,Partially Paid
B109505,A109505,2024-06-20,17081.64,25927.97,33270.07,20102.56,13167.51,Paid
B109506,A109506,2024-09-13,27698.34,3708.23,30114.02,22738.11,7375.91,Paid
B109507,A109507,2024-03-13,1552.46,26805.43,27083.77,15504.83,11578.95,Pending
B109508,A109508,2024-04-01,8793.81,12103.46,15948.91,12414.08,3534.83,Paid
B109509,A109509,2024-08-29,4724.75,8429.17,11003.67,8221.35,2782.32,Partially Paid
B109510,A109510,2024-11-10,2044.1,14151.62,7135.55,0.0,7135.55,Paid
B109511,A109511,2025-08-01,89280.29,12126.11,101536.45,0.0,101536.45,Partially Paid
B109512,A109512,2025-11-16,11921.2,8831.65,19531.49,16841.2,2690.29,Paid
B109513,A109513,2024-10-04,4577.74,65262.46,63974.46,0.0,63974.46,Paid
B109514,A109514,2025-07-16,86698.35,19571.98,105371.66,61806.25,43565.41,Paid
B109515,A109515,2025-06-01,87785.75,16831.75,94337.42,77197.81,17139.61,Paid
B109516,A109516,2025-03-12,7570.16,13404.22,16889.85,0.0,16889.85,Paid
B109517,A109517,2024-05-09,13974.75,1589.57,17548.24,14418.67,3129.56,Paid
B109518,A109518,2024-11-26,17626.22,7412.47,37610.48,28957.57,8652.91,Paid
B109519,A109519,2024-01-22,7841.65,6099.44,17801.32,10291.7,7509.62,Paid
B109520,A109520,2025-12-03,118891.41,16601.84,125512.29,87361.4,38150.9,Pending
B109521,A109521,2024-12-12,13100.84,21136.0,29289.03,0.0,29289.03,Paid
B109522,A109522,2025-09-27,1236.2,30053.55,20516.72,13952.21,6564.52,Paid
B109523,A109523,2024-09-08,78575.43,5418.65,88326.87,64424.86,23902.01,Pending
B109524,A109524,2025-12-15,5378.32,22384.44,15434.9,12197.35,3237.54,Paid
B109525,A109525,2024-07-01,5158.49,19333.7,16988.94,0.0,16988.94,Pending
B109526,A109526,2024-12-24,5521.34,8153.94,12958.62,0.0,12958.62,Pending
B109527,A109527,2025-05-19,5861.26,22692.58,27160.28,0.0,27160.28,Paid
B109528,A109528,2024-02-10,3025.0,19595.83,29099.2,20775.38,8323.82,Partially Paid
B109529,A109529,2025-02-11,6986.32,2784.67,10619.74,6295.29,4324.45,Partially Paid
B109530,A109530,2025-10-16,5967.9,29444.57,40556.42,31042.98,9513.44,Paid
B109531,A109531,2024-01-20,3292.96,43084.42,36493.54,0.0,36493.54,Paid
B109532,A109532,2025-12-02,1431.35,25043.65,27909.97,24476.98,3433.0,Paid
B109533,A109533,2025-12-18,5845.07,10002.52,15746.41,13534.18,2212.23,Paid
B109534,A109534,2025-07-04,1568.0,88316.63,91055.37,63302.15,27753.23,Paid
B109535,A109535,2025-06-20,90172.63,2896.34,94343.65,78328.5,16015.15,Paid
B109536,A109536,2024-04-09,3899.79,13816.56,11303.11,8277.93,3025.18,Paid
B109537,A109537,2025-07-31,6581.73,4788.98,14741.12,10596.23,4144.89,Paid
B109538,A109538,2025-03-29,854.08,15434.27,12989.8,10349.78,2640.02,Partially Paid
B109539,A109539,2024-08-17,2072.37,32540.96,27604.38,22924.77,4679.61,Pending
B109540,A109540,2024-04-12,7472.73,10572.71,23207.89,17926.81,5281.08,Pending
B109541,A109541,2025-01-22,3387.89,20186.3,33914.34,28733.74,5180.6,Paid
B109542,A109542,2025-11-02,2343.14,11536.36,15033.09,9205.67,5827.42,Pending
B109543,A109543,2024-08-06,9470.42,37826.1,58204.13,0.0,58204.13,Pending
B109544,A109544,2024-09-05,1270.89,6961.06,11206.52,0.0,11206.52,Paid
B109545,A109545,2025-12-12,10899.27,2165.19,12866.22,10669.61,2196.61,Paid
B109546,A109546,2025-05-29,4116.41,21719.98,24346.22,16700.86,7645.37,Paid
B109547,A109547,2024-03-26,5988.35,4975.22,18579.99,0.0,18579.99,Paid
B109548,A109548,2024-11-14,1488.91,6761.24,6049.23,5292.02,757.21,Pending
B109549,A109549,2025-10-18,3419.74,53641.61,42946.32,28103.7,14842.61,Paid
B109550,A109550,2024-04-19,4970.7,8818.91,10982.14,9495.19,1486.95,Paid
B109551,A109551,2025-01-16,1911.35,21345.64,47412.77,37405.94,10006.83,Partially Paid
B109552,A109552,2025-08-08,3540.51,17143.98,21364.15,16626.51,4737.63,Partially Paid
B109553,A109553,2025-11-27,1399.18,1921.57,3257.56,0.0,3257.56,Paid
B109554,A109554,2025-09-22,6667.02,1412.65,8673.66,0.0,8673.66,Pending
B109555,A109555,2024-07-08,1316.94,25078.51,29103.14,23996.37,5106.77,Paid
B109556,A109556,2025-08-25,79245.16,1452.72,82619.27,49253.95,33365.32,Paid
B109557,A109557,2025-08-27,1297.3,12663.14,19388.7,16957.27,2431.43,Partially Paid
B109558,A109558,2024-03-26,1636.51,12423.81,5448.48,3761.59,1686.88,Paid
B109559,A109559,2025-06-21,2209.68,16018.57,10178.02,0.0,10178.02,Paid
B109560,A109560,2025-09-13,98198.8,9030.15,107560.34,67469.17,40091.17,Pending
B109561,A109561,2025-05-16,1295.89,2564.12,3218.1,1853.8,1364.3,Pending
B109562,A109562,2024-12-19,776.66,11510.62,16608.93,14038.24,2570.69,Paid
B109563,A109563,2024-10-01,1443.28,6386.01,5238.25,4228.19,1010.06,Pending
B109564,A109564,2024-12-01,999.41,6742.4,15088.67,8746.1,6342.58,Paid
B109565,A109565,2025-09-08,12507.44,31065.06,21167.04,12474.97,8692.07,Paid
B109566,A109566,2025-07-28,2207.48,22603.59,28993.61,20786.96,8206.66,Paid
B109567,A109567,2025-10-25,4089.41,4536.4,9201.14,6449.51,2751.64,Paid
B109568,A109568,2025-01-29,100320.29,23683.6,123504.72,86105.28,37399.44,Paid
B109569,A109569,2024-05-26,5829.58,19014.01,29697.73,26019.46,3678.27,Pending
B109570,A109570,2024-12-31,7166.2,10735.63,17374.33,12233.93,5140.4,Paid
B109571,A109571,2024-10-14,5173.89,13658.87,15034.27,9747.63,5286.64,Paid
B109572,A109572,2024-07-28,52136.01,26589.08,84734.11,64312.01,20422.1,Pending
B109573,A109573,2025-06-22,1138.86,35085.6,19243.65,16613.22,2630.43,Paid
B109574,A109574,2024-01-19,5635.31,11608.07,16558.65,13507.35,3051.31,Pending
B109575,A109575,2025-08-10,19959.96,63881.56,51398.99,46085.75,5313.24,Paid
B109576,A109576,2024-04-24,32209.57,2597.72,36648.53,24676.95,11971.57,Partially Paid
B109577,A109577,2024-03-28,10196.46,76369.52,72360.86,43109.86,29251.0,Paid
B109578,A109578,2025-08-15,8069.69,4850.03,19527.69,0.0,19527.69,Paid
B109579,A109579,2024-02-03,7226.63,8313.16,12116.54,0.0,12116.54,Paid
B109580,A109580,2025-06-10,2743.22,32035.19,30133.0,20771.95,9361.05,Paid
B109581,A109581,2025-10-28,7186.49,11657.6,19705.91,13026.72,6679.2,Pending
B109582,A109582,2024-01-24,2584.07,5442.96,8437.49,6718.79,1718.7,Partially Paid
B109583,A109583,2025-03-11,1049.25,16618.91,20903.8,14482.58,6421.21,Pending
B109584,A109584,2024-02-05,9913.09,22030.29,27379.07,17499.26,9879.81,Paid
B109585,A109585,2025-11-10,3809.48,1356.2,8222.29,4571.01,3651.28,Paid
B109586,A109586,2025-10-25,6267.83,10819.39,12866.53,9886.06,2980.46,Paid
B109587,A109587,2025-02-17,24138.77,11129.47,41179.62,32996.17,8183.45,Paid
B109588,A109588,2024-02-21,1919.36,12032.03,11334.44,9876.55,1457.89,Pending
B109589,A109589,2024-11-25,35610.0,9241.83,56316.76,0.0,56316.76,Partially Paid
B109590,A109590,2025-05-04,4002.28,3470.63,7230.43,0.0,7230.43,Pending
B109591,A109591,2024-10-27,2672.16,8833.82,15318.98,0.0,15318.98,Partially Paid
B109592,A109592,2024-07-05,1987.11,19954.34,18936.32,11759.15,7177.16,Pending
B109593,A109593,2024-05-09,5209.08,11445.12,26887.23,0.0,26887.23,Paid
B109594,A109594,2024-05-08,921.35,13630.74,16320.93,10509.45,5811.48,Paid
B109595,A109595,2025-03-29,1046.05,1559.99,5136.93,3875.13,1261.81,Paid
B109596,A109596,2024-09-28,1995.23,14066.53,25716.7,0.0,25716.7,Paid
B109597,A109597,2024-02-07,7158.24,32297.99,23258.48,15553.17,7705.31,Paid
B109598,A109598,2024-09-19,2183.68,17294.08,7140.38,5197.39,1942.99,Paid
B109599,A109599,2024-03-21,77501.48,11231.61,89071.73,59226.78,29844.95,Paid
B109600,A109600,2025-03-27,1150.26,40392.89,90505.39,68215.68,22289.71,Paid
B109601,A109601,2025-12-11,11818.55,19004.2,26191.2,16140.97,10050.22,Paid
B109602,A109602,2024-02-11,5397.44,14191.39,17143.82,15222.0,1921.83,Paid
B109603,A109603,2025-03-16,4991.94,21063.58,18161.44,13329.05,4832.39,Paid
B109604,A109604,2024-04-25,2093.6,3991.66,6926.22,4836.18,2090.04,Paid
B109605,A109605,2024-03-05,2361.06,8903.32,15415.94,0.0,15415.94,Partially Paid
B109606,A109606,2024-02-27,1301.48,14477.89,27311.33,0.0,27311.33,Paid
B109607,A109607,2024-04-29,4237.64,7874.27,9988.02,5946.77,4041.25,Partially Paid
B109608,A109608,2024-02-20,11783.7,17401.78,19666.37,15643.56,4022.81,Paid
B109609,A109609,2025-03-14,13790.1,3369.96,16501.56,12739.34,3762.21,Paid
B109610,A109610,2025-02-23,1030.41,18481.41,25655.07,19030.1,6624.97,Partially Paid
B109611,A109611,2024-04-18,16393.2,26045.47,30984.59,21361.21,9623.37,Paid
B109612,A109612,2024-10-09,4396.53,5508.06,16921.08,0.0,16921.08,Paid
B109613,A109613,2024-04-22,1104.65,13043.0,12336.8,9063.0,3273.79,Paid
B109614,A109614,2024-02-06,23554.88,3841.82,28733.71,18033.69,10700.02,Paid
B109615,A109615,2024-12-28,8889.19,9405.42,20598.77,13557.49,7041.28,Paid
B109616,A109616,2024-01-06,2487.42,11059.15,20160.63,17097.68,3062.95,Paid
B109617,A109617,2025-05-12,2334.08,11726.4,10895.2,6250.09,4645.11,Paid
B109618,A109618,2024-10-02,3148.3,11969.15,20172.96,16714.97,3457.99,Pending
B109619,A109619,2024-05-27,57768.38,15579.66,64367.0,43881.96,20485.03,Paid
B109620,A109620,2025-03-13,3660.33,7292.35,8219.81,5671.16,2548.65,Partially Paid
B109621,A109621,2025-03-27,1188.52,4249.17,3359.72,2288.49,1071.23,Paid
B109622,A109622,2025-09-05,3640.87,30226.91,34233.79,26018.34,8215.45,Paid
B109623,A109623,2025-07-20,1812.09,1392.48,4384.91,0.0,4384.91,Paid
B109624,A109624,2024-08-18,80980.25,6555.76,89751.78,63020.02,26731.76,Paid
B109625,A109625,2025-07-02,3475.9,11281.05,18556.18,0.0,18556.18,Paid
B109626,A109626,2024-08-04,53986.63,6512.36,65811.39,57901.61,7909.78,Paid
B109627,A109627,2025-10-14,11902.0,12387.82,33780.65,27870.53,5910.12,Paid
B109628,A109628,2024-09-08,29968.17,14104.03,46993.73,33754.01,13239.72,Paid
B109629,A109629,2025-02-14,1060.94,11506.38,6555.37,3969.71,2585.66,Paid
B109630,A109630,2024-02-23,5287.0,2039.89,8850.14,0.0,8850.14,Partially Paid
B109631,A109631,2025-07-31,1123.94,6830.71,8471.38,5186.63,3284.75,Paid
B109632,A109632,2024-11-13,2038.92,6613.34,13156.96,7946.51,5210.45,Paid
B109633,A109633,2025-01-16,1450.19,16093.89,34424.99,21149.31,13275.68,Paid
B109634,A109634,2024-02-08,1384.57,3225.13,8789.34,5116.85,3672.49,Paid
B109635,A109635,2025-12-30,998.44,22082.59,16159.4,9821.08,6338.31,Pending
B109636,A109636,2025-06-14,497.51,12078.57,18644.42,14451.92,4192.5,Paid
B109637,A109637,2024-03-27,5431.19,9866.47,12733.38,7940.1,4793.28,Paid
B109638,A109638,2024-04-09,1207.21,22869.78,18432.66,13009.25,5423.41,Paid
B109639,A109639,2025-02-24,8737.55,20577.08,30428.61,22568.1,7860.51,Paid
B109640,A109640,2024-12-13,3922.42,17228.67,17414.8,13759.86,3654.94,Paid
B109641,A109641,2025-12-29,3497.7,30317.77,23027.23,14065.56,8961.67,Paid
B109642,A109642,2025-07-07,1176.34,12820.89,6425.55,4699.45,1726.1,Partially Paid
B109643,A109643,2025-02-27,2462.53,8267.58,13953.38,0.0,13953.38,Partially Paid
B109644,A109644,2024-12-18,57239.12,14163.24,69216.13,48904.03,20312.1,Paid
B109645,A109645,2025-12-16,4226.69,3612.55,7914.1,0.0,7914.1,Paid
B109646,A109646,2025-08-12,23891.69,8765.1,28597.05,25584.94,3012.11,Paid
B109647,A109647,2024-05-15,7401.81,23825.69,31049.1,21924.78,9124.31,Paid
B109648,A109648,2024-06-05,2072.96,16706.24,14647.89,0.0,14647.89,Paid
B109649,A109649,2025-06-09,2564.79,13732.76,13627.26,11029.51,2597.75,Pending
B109650,A109650,2024-02-10,4620.47,8402.52,17381.38,11753.54,5627.84,Pending
B109651,A109651,2025-03-05,2212.0,5762.97,6455.73,3946.96,2508.77,Partially Paid
B109652,A109652,2024-04-16,2494.52,8134.32,7665.98,4500.35,3165.63,Paid
B109653,A109653,2024-06-20,3567.36,24521.93,31110.0,0.0,31110.0,Paid
B109654,A109654,2025-07-17,1829.33,39712.45,66623.23,0.0,66623.23,Partially Paid
B109655,A109655,2024-08-04,2347.92,8746.69,24564.76,16269.93,8294.83,Paid
B109656,A109656,2025-06-10,846.5,2360.98,4501.47,2664.77,1836.7,Paid
B109657,A109657,2024-05-18,6830.84,20436.19,17428.8,15312.62,2116.18,Paid
B109658,A109658,2024-06-08,1254.86,34960.53,20833.81,12313.92,8519.88,Paid
B109659,A109659,2024-04-17,5267.35,52046.44,32696.34,29281.0,3415.35,Pending
B109660,A109660,2025-05-22,4738.21,12987.78,18834.61,14389.22,4445.39,Paid
B109661,A109661,2025-06-09,4841.57,8081.65,17845.11,14975.26,2869.85,Paid
B109662,A109662,2025-01-13,5989.63,17276.11,16145.36,11097.12,5048.25,Paid
B109663,A109663,2024-01-17,4919.38,2620.03,8193.85,5089.57,3104.27,Paid
B109664,A109664,2025-11-15,2868.85,7564.65,15294.01,9312.38,5981.63,Paid
B109665,A109665,2025-09-05,3291.96,9097.1,12952.64,10719.54,2233.09,Paid
B109666,A109666,2024-01-24,7340.64,14951.84,24688.7,0.0,24688.7,Paid
B109667,A109667,2025-02-17,943.17,16769.46,14997.89,9862.51,5135.38,Paid
B109668,A109668,2024-01-13,895.52,8890.38,16146.55,11959.86,4186.69,Paid
B109669,A109669,2025-12-01,1384.6,20421.31,16158.88,0.0,16158.88,Paid
B109670,A109670,2024-09-03,12961.99,6507.47,18661.56,11783.81,6877.75,Paid
B109671,A109671,2025-08-26,3223.93,20095.39,34518.07,29684.34,4833.73,Paid
B109672,A109672,2025-10-09,42081.46,15589.79,64037.61,56151.85,7885.76,Paid
B109673,A109673,2024-05-14,889.38,22650.89,22077.68,0.0,22077.68,Paid
B109674,A109674,2025-04-02,899.11,8341.47,13064.67,0.0,13064.67,Paid
B109675,A109675,2025-08-18,3868.04,23100.22,32284.27,22232.87,10051.4,Paid
B109676,A109676,2025-07-28,1362.89,16814.95,15303.2,9444.46,5858.74,Paid
B109677,A109677,2024-03-18,4979.45,16225.71,13463.24,9348.04,4115.2,Paid
B109678,A109678,2024-06-20,1829.19,36644.45,48448.39,38998.77,9449.62,Paid
B109679,A109679,2024-04-06,3602.29,38252.2,46827.16,34292.07,12535.09,Paid
B109680,A109680,2025-02-09,1730.44,13813.85,23799.95,16634.85,7165.11,Pending
B109681,A109681,2025-04-08,4185.3,3368.28,7806.77,5396.51,2410.26,Paid
B109682,A109682,2025-06-24,3835.18,39111.22,56433.94,39786.85,16647.09,Pending
B109683,A109683,2024-04-12,14003.58,22625.59,55866.51,37468.55,18397.96,Paid
B109684,A109684,2025-10-24,3634.99,4524.72,11672.2,0.0,11672.2,Paid
B109685,A109685,2024-01-10,1865.63,6305.44,16564.58,14191.66,2372.92,Paid
B109686,A109686,2025-08-23,47494.35,21235.61,68448.47,60549.37,7899.1,Paid
B109687,A109687,2024-03-25,7362.07,1440.55,10591.0,8501.17,2089.83,Pending
B109688,A109688,2024-09-08,815.17,6231.91,5370.18,3366.18,2004.0,Paid
B109689,A109689,2025-11-01,1104.61,22019.5,19649.34,15404.13,4245.2,Paid
B109690,A109690,2025-03-05,7859.35,31150.73,37943.29,32439.77,5503.52,Pending
B109691,A109691,2024-03-13,2454.07,3542.2,4533.14,3606.05,927.09,Paid
B109692,A109692,2025-09-22,2066.15,29855.68,19709.71,16077.18,3632.53,Paid
B109693,A109693,2024-05-01,2002.14,20884.76,16553.87,10911.22,5642.65,Paid
B109694,A109694,2024-06-28,1853.35,30313.33,32696.79,0.0,32696.79,Paid
B109695,A109695,2025-12-02,36087.34,3928.92,42678.78,26151.13,16527.64,Paid
B109696,A109696,2024-10-03,3134.05,8165.75,13191.04,10498.84,2692.19,Pending
B109697,A109697,2025-06-17,1433.62,6145.17,16462.71,10370.9,6091.81,Partially Paid
B109698,A109698,2025-11-22,1691.45,46804.84,17503.97,13364.99,4138.97,Paid
B109699,A109699,2024-11-18,2411.11,10170.76,11576.09,7966.66,3609.43,Pending
B109700,A109700,2024-03-23,111896.15,1484.23,116135.74,87882.38,28253.35,Paid
B109701,A109701,2024-03-18,6556.87,13207.72,12167.75,7863.76,4303.99,Paid
B109702,A109702,2025-03-08,19276.91,10135.61,25179.03,22370.03,2808.99,Paid
B109703,A109703,2025-04-16,2616.87,17133.9,55457.08,46615.35,8841.74,Paid
B109704,A109704,2024-12-16,4894.09,12207.09,22023.66,17843.4,4180.26,Paid
B109705,A109705,2024-09-11,2119.7,14419.37,25516.08,0.0,25516.08,Paid
B109706,A109706,2025-10-05,10095.04,1633.15,11832.53,9867.44,1965.09,Pending
B109707,A109707,2025-01-29,1155.61,28647.09,11054.66,8801.11,2253.55,Pending
B109708,A109708,2025-12-18,3701.35,19958.35,18956.0,12609.73,6346.27,Paid
B109709,A109709,2025-01-07,9082.4,39120.17,42860.95,26023.71,16837.23,Paid
B109710,A109710,2024-10-26,43451.57,8598.58,51205.38,0.0,51205.38,Pending
B109711,A109711,2024-03-14,13219.8,9914.16,20793.78,16290.78,4503.01,Pending
B109712,A109712,2025-03-17,6135.48,16741.27,23728.34,0.0,23728.34,Paid
B109713,A109713,2025-06-17,2609.02,4840.15,7424.22,6143.87,1280.35,Paid
B109714,A109714,2025-08-30,7292.46,11030.01,18005.7,11721.93,6283.77,Paid
B109715,A109715,2024-05-13,9674.21,2089.95,12431.22,8522.45,3908.77,Paid
B109716,A109716,2024-10-25,2347.73,9950.6,10538.79,9223.38,1315.41,Paid
B109717,A109717,2024-10-27,5299.42,9853.99,27032.41,17195.71,9836.71,Paid
B109718,A109718,2025-10-11,1406.37,8024.73,10457.39,6360.43,4096.96,Paid
B109719,A109719,2024-02-06,9346.2,5249.31,18637.99,0.0,18637.99,Paid
B109720,A109720,2025-01-12,67324.99,8789.62,81846.27,50433.62,31412.65,Partially Paid
B109721,A109721,2024-02-06,41839.49,7591.16,58088.52,32661.92,25426.6,Paid
B109722,A109722,2025-07-10,2486.65,6538.33,9532.21,6672.91,2859.3,Paid
B109723,A109723,2024-11-05,6232.06,7599.75,25931.22,19197.3,6733.92,Paid
B109724,A109724,2024-04-20,103772.2,8516.04,108980.89,86523.33,22457.56,Pending
B109725,A109725,2024-04-08,567.0,11118.25,4773.19,0.0,4773.19,Paid
B109726,A109726,2024-03-11,2925.27,10486.36,16561.02,12225.71,4335.31,Paid
B109727,A109727,2025-06-06,531.03,4563.84,3078.9,2544.3,534.6,Paid
B109728,A109728,2024-08-27,3729.88,32097.5,22652.46,17013.33,5639.12,Paid
B109729,A109729,2025-01-04,2754.87,19973.15,23714.49,15153.73,8560.76,Pending
B109730,A109730,2025-02-11,3061.81,12974.01,25415.71,19779.13,5636.57,Pending
B109731,A109731,2024-04-11,47024.58,12178.82,58379.45,0.0,58379.45,Paid
B109732,A109732,2024-10-02,46610.2,19009.5,54809.38,41840.49,12968.89,Partially Paid
B109733,A109733,2025-01-01,3184.01,10014.83,14329.07,0.0,14329.07,Paid
B109734,A109734,2024-06-16,4427.88,14139.43,18600.23,11926.68,6673.54,Pending
B109735,A109735,2025-06-14,3481.97,5019.1,9091.25,7196.69,1894.55,Paid
B109736,A109736,2024-06-19,3740.19,5209.78,8436.04,0.0,8436.04,Paid
B109737,A109737,2024-01-23,50616.3,3309.41,55440.23,0.0,55440.23,Paid
B109738,A109738,2025-06-29,17624.01,15961.46,26247.98,0.0,26247.98,Pending
B109739,A109739,2025-08-25,1216.01,11204.03,16053.6,13860.66,2192.94,Pending
B109740,A109740,2025-02-03,1453.05,12178.68,7190.09,6082.62,1107.47,Paid
B109741,A109741,2024-02-07,608.48,6922.7,7827.62,6885.09,942.53,Partially Paid
B109742,A109742,2025-05-10,7756.69,2408.06,9907.43,7702.65,2204.77,Pending
B109743,A109743,2024-11-13,3366.69,9961.59,17968.06,13228.05,4740.01,Paid
B109744,A109744,2025-05-06,6125.2,8445.06,11934.86,7201.33,4733.52,Paid
B109745,A109745,2024-10-05,6037.15,12786.3,10436.53,7427.02,3009.52,Partially Paid
B109746,A109746,2024-08-23,102802.58,10432.89,108567.75,75576.46,32991.29,Paid
B109747,A109747,2025-09-13,29400.86,16790.33,37489.88,0.0,37489.88,Paid
B109748,A109748,2025-03-16,4064.27,15522.69,25997.02,21828.27,4168.75,Partially Paid
B109749,A109749,2024-01-16,28142.43,25066.58,67399.0,0.0,67399.0,Paid
B109750,A109750,2025-06-24,1198.61,10003.19,13714.44,11044.98,2669.46,Paid
B109751,A109751,2025-11-14,11840.19,5764.75,16563.87,13162.23,3401.64,Paid
B109752,A109752,2025-11-01,10867.29,28191.77,35658.07,20897.2,14760.86,Paid
B109753,A109753,2024-09-02,3053.35,3960.97,8465.61,0.0,8465.61,Paid
B109754,A109754,2024-09-02,5255.42,13777.57,21156.64,17908.08,3248.56,Paid
B109755,A109755,2025-07-12,2448.05,2196.17,3735.17,2665.16,1070.01,Paid
B109756,A109756,2024-09-30,50979.41,2594.67,55230.87,46354.92,8875.96,Paid
B109757,A109757,2024-03-19,52032.2,4802.65,60244.57,41526.62,18717.95,Pending
B109758,A109758,2024-10-11,56611.16,8168.98,63344.42,0.0,63344.42,Paid
B109759,A109759,2025-12-11,8882.04,12320.75,21886.8,17244.87,4641.93,Partially Paid
B109760,A109760,2025-06-21,1627.36,9960.42,11767.28,10131.75,1635.53,Paid
B109761,A109761,2024-04-03,1705.57,19678.68,27524.36,20186.16,7338.2,Pending
B109762,A109762,2025-09-27,2085.62,12111.49,15250.13,9339.72,5910.4,Pending
B109763,A109763,2024-06-01,2298.28,15806.09,15996.22,10399.39,5596.83,Pending
B109764,A109764,2024-06-05,8833.38,12869.71,28925.87,20649.45,8276.41,Paid
B109765,A109765,2025-08-01,2078.62,7970.87,7984.11,5690.73,2293.38,Pending
B109766,A109766,2024-06-15,2413.31,26063.89,11776.23,0.0,11776.23,Paid
B109767,A109767,2025-03-29,838.27,9765.01,12624.9,7052.67,5572.23,Paid
B109768,A109768,2024-04-11,2134.5,86186.61,63109.72,0.0,63109.72,Partially Paid
B109769,A109769,2024-01-11,4447.62,6946.88,16331.13,12289.98,4041.15,Partially Paid
B109770,A109770,2024-07-03,6504.55,8720.8,15130.49,11715.24,3415.25,Paid
B109771,A109771,2025-06-15,3718.6,24828.63,13681.74,0.0,13681.74,Paid
B109772,A109772,2025-04-23,2367.44,4298.39,6632.32,5235.17,1397.15,Paid
B109773,A109773,2024-07-02,3046.16,1960.45,7241.71,5883.65,1358.06,Paid
B109774,A109774,2024-11-12,5603.74,11114.42,12154.79,10317.51,1837.28,Paid
B109775,A109775,2025-07-15,6130.02,14272.24,21279.06,12336.36,8942.7,Paid
B109776,A109776,2024-06-24,7348.88,5342.39,12290.11,8658.97,3631.14,Paid
B109777,A109777,2024-01-19,21242.6,17533.53,30942.63,19109.43,11833.2,Pending
B109778,A109778,2024-10-29,6276.84,11731.72,13150.12,7265.34,5884.78,Paid
B109779,A109779,2024-03-19,1439.91,18200.52,28319.35,19130.41,9188.94,Paid
B109780,A109780,2025-06-01,2184.07,13948.33,14511.94,0.0,14511.94,Paid
B109781,A109781,2025-12-24,4439.27,3350.79,12771.27,8216.16,4555.11,Paid
B109782,A109782,2025-08-27,1374.44,8483.5,12223.8,8710.57,3513.23,Paid
B109783,A109783,2024-12-10,3539.98,7823.17,11735.0,10158.41,1576.59,Paid
B109784,A109784,2025-02-01,37468.25,8025.11,42282.11,25918.45,16363.66,Paid
B109785,A109785,2024-12-02,24579.81,14145.15,37854.45,22801.25,15053.2,Paid
B109786,A109786,2025-01-01,1497.04,20628.01,30620.76,20422.56,10198.2,Partially Paid
B109787,A109787,2025-07-18,7920.18,18169.17,31305.28,24330.39,6974.89,Paid
B109788,A109788,2024-06-19,6530.76,10899.29,36353.8,27668.23,8685.56,Paid
B109789,A109789,2024-05-09,1974.75,58614.01,54848.51,35715.88,19132.63,Pending
B109790,A109790,2025-02-11,1720.49,9012.98,10957.14,9495.79,1461.34,Paid
B109791,A109791,2024-03-21,18011.97,4618.95,26075.35,15192.07,10883.28,Partially Paid
B109792,A109792,2025-04-01,8668.58,35112.57,53599.96,0.0,53599.96,Paid
B109793,A109793,2024-01-14,4677.65,22520.06,28317.74,17292.51,11025.24,Paid
B109794,A109794,2024-02-04,2122.07,32283.89,35648.98,26180.76,9468.22,Paid
B109795,A109795,2025-07-02,3616.76,16084.85,16864.35,0.0,16864.35,Paid
B109796,A109796,2025-02-24,1209.74,17952.6,12610.6,11065.1,1545.5,Paid
B109797,A109797,2025-11-22,7560.53,29290.74,33135.05,21565.67,11569.38,Paid
B109798,A109798,2025-10-10,11798.35,31008.72,26432.94,23023.56,3409.38,Paid
B109799,A109799,2025-02-17,6073.46,18699.88,19202.63,17066.9,2135.73,Paid
B109800,A109800,2025-11-03,68130.62,6736.01,73629.72,0.0,73629.72,Paid
B109801,A109801,2024-01-29,1318.82,14158.98,16498.96,12042.96,4456.0,Paid
B109802,A109802,2025-10-06,1845.99,30517.22,32448.95,19657.11,12791.85,Partially Paid
B109803,A109803,2025-02-09,5075.1,8305.95,9857.45,7237.06,2620.39,Paid
B109804,A109804,2025-11-15,940.96,14499.09,6715.06,5605.41,1109.65,Paid
B109805,A109805,2025-11-13,2375.42,7971.7,19749.21,13358.29,6390.93,Pending
B109806,A109806,2024-06-06,13212.21,3506.27,17145.37,14055.41,3089.96,Paid
B109807,A109807,2024-11-28,1940.39,4385.08,6498.3,4898.49,1599.81,Partially Paid
B109808,A109808,2024-01-25,7881.48,11212.57,20955.74,15469.23,5486.51,Paid
B109809,A109809,2025-04-24,2310.63,21710.88,12881.73,8844.92,4036.81,Paid
B109810,A109810,2024-09-23,34130.9,10920.35,46401.91,36626.65,9775.25,Paid
B109811,A109811,2024-11-03,1366.63,13286.85,21076.28,14321.08,6755.19,Pending
B109812,A109812,2026-01-01,1030.3,13548.4,28276.0,20019.67,8256.33,Paid
B109813,A109813,2025-04-12,2014.1,4512.93,11887.71,7010.52,4877.18,Partially Paid
B109814,A109814,2024-06-14,10707.32,5255.91,18278.87,14951.75,3327.12,Paid
B109815,A109815,2024-05-27,45809.71,16330.2,63296.68,48258.66,15038.02,Pending
B109816,A109816,2024-09-14,2513.56,20708.36,17180.0,13827.57,3352.43,Pending
B109817,A109817,2024-07-25,6518.79,8726.2,9526.63,8440.12,1086.51,Paid
B109818,A109818,2024-11-04,1665.66,29836.59,13631.04,8715.49,4915.55,Pending
B109819,A109819,2024-09-05,1685.3,21786.9,29231.19,23407.84,5823.35,Paid
B109820,A109820,2024-03-09,5041.13,24674.99,33169.97,0.0,33169.97,Pending
B109821,A109821,2025-04-12,7688.83,9203.3,14921.92,9262.33,5659.59,Paid
B109822,A109822,2024-11-01,10681.92,16708.51,20843.01,15387.87,5455.14,Paid
B109823,A109823,2025-04-22,4671.86,8168.18,25289.85,22426.45,2863.4,Paid
B109824,A109824,2025-02-01,5656.64,13378.85,18888.72,16697.24,2191.48,Pending
B109825,A109825,2025-08-30,21903.61,2735.73,24712.04,21447.3,3264.74,Paid
B109826,A109826,2025-10-23,54498.4,8643.83,61842.03,44734.02,17108.0,Paid
B109827,A109827,2024-09-20,7050.48,10223.6,16513.01,12814.63,3698.38,Partially Paid
B109828,A109828,2025-06-28,542.27,6236.97,7130.26,4091.89,3038.37,Pending
B109829,A109829,2025-06-14,3248.81,3731.71,4662.72,2833.29,1829.43,Paid
B109830,A109830,2024-07-12,34434.58,18330.98,56086.08,0.0,56086.08,Partially Paid
B109831,A109831,2024-08-03,769.07,9528.47,15593.42,9934.55,5658.88,Paid
B109832,A109832,2024-02-07,25982.46,6619.92,34783.67,0.0,34783.67,Partially Paid
B109833,A109833,2024-06-01,5955.83,10188.86,20427.89,14875.09,5552.8,Partially Paid
B109834,A109834,2024-10-12,23755.37,6794.63,31190.34,21830.8,9359.54,Paid
B109835,A109835,2025-07-06,1946.68,11506.08,20235.04,11763.81,8471.23,Partially Paid
B109836,A109836,2025-08-11,3057.04,3590.8,4710.69,3874.31,836.38,Paid
B109837,A109837,2025-08-07,1306.16,3178.45,4296.28,2368.34,1927.94,Pending
B109838,A109838,2024-09-10,3837.22,20792.41,12896.34,10911.86,1984.48,Paid
B109839,A109839,2024-03-11,11834.17,42236.28,33050.33,20272.31,12778.02,Pending
B109840,A109840,2024-11-03,17369.52,10932.8,30522.94,22120.0,8402.94,Paid
B109841,A109841,2025-06-11,1932.59,13521.21,10308.91,6944.65,3364.25,Paid
B109842,A109842,2025-12-27,1450.1,7882.82,9673.22,8474.96,1198.25,Partially Paid
B109843,A109843,2024-12-29,2012.19,11846.6,15095.0,13407.99,1687.01,Partially Paid
B109844,A109844,2024-08-25,8994.3,1479.9,12483.97,10413.25,2070.72,Partially Paid
B109845,A109845,2024-08-29,1202.43,15128.28,36293.37,27803.17,8490.21,Paid
B109846,A109846,2024-08-13,75730.55,12496.3,86835.12,63257.33,23577.8,Paid
B109847,A109847,2025-09-09,101140.37,4182.2,104727.08,66190.17,38536.9,Paid
B109848,A109848,2024-11-28,2535.56,17156.54,20782.23,15754.78,5027.46,Paid
B109849,A109849,2024-04-09,89074.85,8497.84,96217.09,75215.1,21001.99,Paid
B109850,A109850,2024-08-16,1500.21,11428.39,10971.86,9627.58,1344.28,Paid
B109851,A109851,2025-05-05,4107.55,8619.53,9286.14,7097.37,2188.77,Paid
B109852,A109852,2025-05-06,1751.76,28696.63,33809.52,28705.38,5104.14,Paid
B109853,A109853,2024-12-02,2394.28,10147.15,15005.34,10434.91,4570.43,Partially Paid
B109854,A109854,2025-07-28,17874.44,50180.61,97817.85,0.0,97817.85,Partially Paid
B109855,A109855,2025-05-28,1160.89,3952.36,9206.18,8017.48,1188.7,Paid
B109856,A109856,2025-01-17,1101.54,2896.63,3566.07,2893.97,672.1,Partially Paid
B109857,A109857,2025-03-08,7365.55,43638.83,33586.97,29316.24,4270.73,Pending
B109858,A109858,2024-12-18,7060.71,16998.29,29151.98,17455.23,11696.75,Paid
B109859,A109859,2024-06-04,2783.76,12915.27,14997.56,9317.63,5679.93,Paid
B109860,A109860,2025-03-31,7200.82,6948.93,20800.47,13551.92,7248.55,Paid
B109861,A109861,2024-10-19,1272.75,8844.54,7934.03,6682.22,1251.81,Paid
B109862,A109862,2024-05-03,2047.69,14910.42,14055.87,9671.17,4384.7,Paid
B109863,A109863,2024-08-06,4732.61,9447.42,22400.58,12453.82,9946.77,Pending
B109864,A109864,2025-07-19,83822.67,1994.77,85164.46,55621.38,29543.08,Pending
B109865,A109865,2025-03-24,34810.97,42757.23,77206.76,0.0,77206.76,Paid
B109866,A109866,2025-07-22,1729.0,10831.54,10689.42,8718.71,1970.72,Pending
B109867,A109867,2025-09-22,35245.49,8434.3,39736.84,26256.46,13480.38,Paid
B109868,A109868,2025-03-25,3748.58,5744.68,7360.16,5771.23,1588.93,Paid
B109869,A109869,2024-02-19,5614.14,20610.34,32648.01,22145.1,10502.91,Partially Paid
B109870,A109870,2025-02-01,2171.25,10386.58,10914.0,0.0,10914.0,Paid
B109871,A109871,2024-09-08,4520.96,6483.39,18485.3,11820.83,6664.47,Paid
B109872,A109872,2024-10-29,89484.5,38867.63,120636.78,90696.9,29939.88,Pending
B109873,A109873,2024-09-10,35749.46,26582.73,48808.92,36596.98,12211.94,Paid
B109874,A109874,2025-09-10,2135.58,10589.91,17716.62,13436.6,4280.02,Paid
B109875,A109875,2025-08-24,3143.35,13178.4,6792.35,4254.69,2537.66,Paid
B109876,A109876,2025-03-30,1174.2,17406.71,14298.2,9488.14,4810.06,Paid
B109877,A109877,2024-03-28,6332.72,10795.79,23351.36,14559.32,8792.04,Paid
B109878,A109878,2024-08-18,966.76,17897.58,40117.12,22391.41,17725.71,Paid
B109879,A109879,2025-10-29,1545.76,5987.34,8109.81,6281.71,1828.1,Partially Paid
B109880,A109880,2024-02-23,17065.56,6075.77,28865.84,25937.75,2928.09,Paid
B109881,A109881,2025-07-04,67530.86,1221.61,70520.36,55933.95,14586.41,Paid
B109882,A109882,2024-07-08,8016.15,11379.94,12559.23,10407.7,2151.54,Paid
B109883,A109883,2025-06-10,1464.66,4615.61,6908.88,3908.53,3000.36,Paid
B109884,A109884,2024-08-18,6876.26,31264.74,40863.93,32923.22,7940.71,Paid
B109885,A109885,2025-04-19,113783.46,27557.29,127923.39,94305.04,33618.35,Paid
B109886,A109886,2025-02-28,7086.84,7599.01,28869.65,0.0,28869.65,Paid
B109887,A109887,2024-03-29,1822.63,7914.19,8841.78,6718.68,2123.1,Paid
B109888,A109888,2024-09-18,65348.69,10018.96,72150.61,57624.39,14526.22,Paid
B109889,A109889,2024-07-13,868.33,34969.85,57709.49,50688.11,7021.38,Paid
B109890,A109890,2024-11-08,5841.67,6253.66,12610.1,7817.93,4792.16,Paid
B109891,A109891,2024-06-26,64212.24,21762.26,73813.24,58387.73,15425.51,Paid
B109892,A109892,2024-11-20,5615.45,11828.92,15552.81,0.0,15552.81,Paid
B109893,A109893,2025-12-27,57527.4,31629.21,136159.0,103096.22,33062.77,Paid
B109894,A109894,2024-12-08,80273.59,7442.85,92557.88,54048.83,38509.05,Partially Paid
B109895,A109895,2025-05-11,5530.75,4043.59,9864.2,6944.93,2919.27,Pending
B109896,A109896,2024-09-07,1130.8,13736.96,9289.7,7144.69,2145.01,Pending
B109897,A109897,2025-05-22,11266.79,5152.28,16430.9,0.0,16430.9,Paid
B109898,A109898,2024-11-30,4408.8,23574.65,14977.55,9466.58,5510.97,Paid
B109899,A109899,2024-07-16,9237.91,5882.8,13220.71,10048.02,3172.69,Paid
B109900,A109900,2024-03-06,7037.49,15806.57,20877.46,16560.69,4316.77,Pending
B109901,A109901,2024-01-28,44043.71,10200.42,51771.32,32139.26,19632.07,Pending
B109902,A109902,2025-07-22,117388.36,8886.7,125378.42,0.0,125378.42,Partially Paid
B109903,A109903,2025-07-23,5004.13,14834.18,40337.33,28264.97,12072.37,Pending
B109904,A109904,2025-01-26,22425.18,58927.92,43894.86,0.0,43894.86,Pending
B109905,A109905,2024-10-28,869.59,25019.76,29619.94,17345.91,12274.02,Paid
B109906,A109906,2024-02-28,598.23,19879.82,16826.62,13837.9,2988.72,Paid
B109907,A109907,2024-02-13,5631.39,14524.52,12059.02,7903.33,4155.7,Paid
B109908,A109908,2025-07-26,3861.5,4327.69,5234.51,3123.98,2110.52,Paid
B109909,A109909,2026-01-03,17593.28,24622.66,34183.96,0.0,34183.96,Paid
B109910,A109910,2025-04-03,4559.62,5380.03,9690.18,6497.24,3192.94,Paid
B109911,A109911,2025-12-12,3122.92,3758.97,11551.81,0.0,11551.81,Paid
B109912,A109912,2024-01-08,9659.7,13768.94,30089.34,26491.11,3598.23,Paid
B109913,A109913,2025-04-19,6058.44,13189.91,18633.99,14635.0,3998.99,Paid
B109914,A109914,2024-04-18,1691.62,7002.53,5306.91,3273.95,2032.96,Paid
B109915,A109915,2024-08-10,1559.77,30371.19,22405.92,12707.16,9698.76,Pending
B109916,A109916,2025-11-21,6499.24,24326.93,22936.84,16570.48,6366.36,Paid
B109917,A109917,2025-02-22,9862.16,11193.61,29350.46,26373.55,2976.91,Paid
B109918,A109918,2024-08-03,8865.45,13702.72,32071.65,21810.15,10261.5,Paid
B109919,A109919,2024-03-01,2357.13,11361.98,7152.04,6136.08,1015.96,Paid
B109920,A109920,2024-02-26,35476.84,45256.26,96288.48,77012.36,19276.12,Paid
B109921,A109921,2024-05-20,3886.78,12096.59,11473.15,0.0,11473.15,Paid
B109922,A109922,2025-09-20,5065.26,13417.13,29424.38,16635.89,12788.49,Pending
B109923,A109923,2025-05-13,1538.65,32544.44,38299.64,32897.0,5402.64,Paid
B109924,A109924,2025-07-19,904.21,23256.5,11869.23,9886.8,1982.42,Paid
B109925,A109925,2025-10-06,45888.42,27040.82,54535.59,43488.14,11047.45,Paid
B109926,A109926,2025-04-17,3939.16,9586.12,18482.06,0.0,18482.06,Partially Paid
B109927,A109927,2026-01-05,22064.38,37958.39,60162.13,52892.86,7269.27,Pending
B109928,A109928,2025-10-07,906.05,24293.63,21165.56,13071.94,8093.62,Pending
B109929,A109929,2025-01-26,1701.65,4948.73,11458.92,8409.27,3049.65,Partially Paid
B109930,A109930,2024-07-17,2400.03,2354.39,6577.77,0.0,6577.77,Paid
B109931,A109931,2024-07-25,4234.69,17912.68,24809.52,0.0,24809.52,Pending
B109932,A109932,2024-07-18,20237.06,20937.77,32349.16,18264.88,14084.28,Paid
B109933,A109933,2024-04-24,3127.83,35927.35,18057.09,14360.24,3696.85,Paid
B109934,A109934,2025-12-14,2689.5,17222.74,29277.26,23029.33,6247.93,Paid
B109935,A109935,2024-11-24,79111.9,5209.74,82045.94,0.0,82045.94,Pending
B109936,A109936,2025-10-09,1038.76,6109.67,13060.07,11399.09,1660.98,Pending
B109937,A109937,2024-12-27,3620.05,18736.79,11923.46,9033.72,2889.74,Paid
B109938,A109938,2025-08-23,6616.93,23429.48,32539.22,0.0,32539.22,Paid
B109939,A109939,2025-05-18,9504.26,13290.83,16975.11,12106.68,4868.43,Paid
B109940,A109940,2024-10-16,8069.48,22862.02,19861.93,16552.71,3309.22,Paid
B109941,A109941,2025-04-17,16952.34,10802.0,35421.85,29568.06,5853.79,Paid
B109942,A109942,2025-05-27,7575.87,18190.54,16967.58,0.0,16967.58,Pending
B109943,A109943,2024-04-21,32829.51,16014.23,56975.46,39847.98,17127.48,Paid
B109944,A109944,2024-10-25,2050.39,22179.38,21689.57,18789.96,2899.61,Partially Paid
B109945,A109945,2024-03-08,1835.73,7597.13,5917.25,4979.01,938.23,Paid
B109946,A109946,2024-07-21,7738.11,19447.56,26112.69,16469.21,9643.48,Paid
B109947,A109947,2024-07-09,54625.21,11454.66,58559.47,0.0,58559.47,Pending
B109948,A109948,2024-02-22,4599.92,14568.93,17720.51,10619.17,7101.34,Paid
B109949,A109949,2024-12-29,16084.71,6612.08,19562.61,10935.67,8626.94,Pending
B109950,A109950,2025-06-26,3798.6,9302.58,11703.82,6752.53,4951.29,Paid
B109951,A109951,2025-08-10,2395.75,26692.99,45774.53,26748.73,19025.81,Paid
B109952,A109952,2025-05-02,6739.92,1447.66,11048.91,7422.43,3626.48,Partially Paid
B109953,A109953,2025-08-15,3925.5,40626.34,49578.89,43342.38,6236.51,Paid
B109954,A109954,2025-12-10,1924.79,3099.08,4654.99,3517.42,1137.57,Paid
B109955,A109955,2024-09-03,1336.51,3665.07,4084.31,0.0,4084.31,Partially Paid
B109956,A109956,2025-09-11,1440.82,19070.23,27743.02,15717.79,12025.23,Paid
B109957,A109957,2024-07-02,1265.75,22675.4,13343.11,10294.72,3048.39,Paid
B109958,A109958,2024-04-26,2447.34,6385.36,9382.25,0.0,9382.25,Paid
B109959,A109959,2025-11-22,55077.89,36903.77,70534.97,42746.78,27788.19,Paid
B109960,A109960,2025-09-28,512.44,11538.7,20627.99,12912.62,7715.37,Paid
B109961,A109961,2024-06-15,823.29,8564.22,6646.17,4009.8,2636.37,Paid
B109962,A109962,2024-08-14,1873.05,14280.1,29830.35,18902.68,10927.67,Paid
B109963,A109963,2024-07-19,4126.23,5706.7,17012.37,9365.84,7646.53,Paid
B109964,A109964,2025-02-07,801.65,11715.46,6935.06,4578.64,2356.43,Paid
B109965,A109965,2025-11-18,3425.19,16617.38,24242.61,21655.74,2586.88,Paid
B109966,A109966,2024-03-22,6785.84,23516.2,27056.81,20823.57,6233.24,Paid
B109967,A109967,2025-03-06,2950.8,21375.27,9218.0,6809.83,2408.18,Pending
B109968,A109968,2024-10-23,6500.52,25239.59,50447.82,37430.65,13017.18,Paid
B109969,A109969,2025-07-06,1275.76,13290.63,20800.36,15807.74,4992.63,Paid
B109970,A109970,2024-10-27,113896.01,3074.32,118091.16,0.0,118091.16,Paid
B109971,A109971,2025-12-15,1683.67,14368.17,30103.19,0.0,30103.19,Paid
B109972,A109972,2024-10-23,1466.34,6313.02,12871.77,7211.42,5660.34,Paid
B109973,A109973,2025-03-26,1636.26,13200.97,11951.12,7353.27,4597.85,Paid
B109974,A109974,2025-03-03,2011.76,52244.79,46765.54,28429.21,18336.33,Pending
B109975,A109975,2025-03-13,4367.19,18875.72,18868.83,12884.28,5984.55,Paid
B109976,A109976,2024-08-20,1359.71,12143.86,11913.6,7660.23,4253.37,Partially Paid
B109977,A109977,2024-04-10,5665.54,19295.14,19873.71,16624.52,3249.19,Paid
B109978,A109978,2025-03-19,9903.34,6129.9,18205.01,0.0,18205.01,Paid
B109979,A109979,2024-06-21,4410.94,6170.95,12232.88,10327.32,1905.56,Paid
B109980,A109980,2024-11-20,2130.66,20337.05,35487.72,28398.22,7089.5,Paid
B109981,A109981,2025-07-04,4190.9,19413.36,20562.73,0.0,20562.73,Paid
B109982,A109982,2025-05-12,1859.55,22467.08,18837.01,16675.33,2161.67,Pending
B109983,A109983,2025-01-27,8657.3,15633.47,27397.06,22645.43,4751.63,Paid
B109984,A109984,2025-07-12,24071.11,8305.25,32122.48,0.0,32122.48,Paid
B109985,A109985,2024-03-20,19662.19,18993.7,43118.87,35534.08,7584.78,Paid
B109986,A109986,2025-06-18,7505.34,9554.92,19667.31,13703.08,5964.23,Pending
B109987,A109987,2024-08-27,20578.7,4314.3,21839.23,12859.55,8979.68,Paid
B109988,A109988,2025-12-25,31212.87,33390.15,55627.57,38602.13,17025.44,Paid
B109989,A109989,2025-08-07,1441.33,22756.69,33846.38,24722.83,9123.55,Pending
B109990,A109990,2025-12-05,1671.07,7177.57,18759.44,0.0,18759.44,Partially Paid
B109991,A109991,2024-03-30,63708.3,4201.85,67023.32,45549.84,21473.48,Pending
B109992,A109992,2025-12-15,1466.13,7707.61,8193.13,7166.15,1026.98,Paid
B109993,A109993,2025-06-22,2187.67,5539.08,8450.5,5039.33,3411.17,Partially Paid
B109994,A109994,2025-10-08,99066.68,17744.6,119326.09,91788.83,27537.26,Paid
B109995,A109995,2024-06-08,4606.78,25159.02,13741.76,11620.27,2121.49,Paid
B109996,A109996,2025-08-19,18907.49,26126.38,32031.09,25827.57,6203.52,Paid
B109997,A109997,2024-07-13,5276.75,15513.89,23463.39,0.0,23463.39,Paid
B109998,A109998,2025-02-24,3706.68,25336.21,15644.96,10840.09,4804.87,Paid
B109999,A109999,2024-06-09,2928.63,25000.91,29900.42,22323.62,7576.79,Partially Paid
B110000,A110000,2025-09-22,66478.01,9239.82,88062.2,0.0,88062.2,Paid
