PatientID,PatientName,Gender,DateOfBirth,BloodGroup,City,InsuranceProvider
P10001,Patient 0001,Male,1942-08-02,B-,Chennai,Bajaj Allianz
P10002,Patient 0002,Male,2000-11-10,O-,Hyderabad,HDFC ERGO
P10003,Patient 0003,Female,1943-11-17,AB-,Delhi,Self Pay
P10004,Patient 0004,Male,1946-01-31,B+,Bengaluru,Care Health
P10005,Patient 0005,Female,1948-02-19,B+,Pune,Care Health
P10006,Patient 0006,Female,1943-09-20,A+,Delhi,ICICI Lombard
P10007,Patient 0007,Female,1964-10-15,AB+,Mumbai,HDFC ERGO
P10008,Patient 0008,Male,1961-01-12,AB+,Nashik,Self Pay
P10009,Patient 0009,Female,1974-08-05,AB-,Hyderabad,ICICI Lombard
P10010,Patient 0010,Male,1985-06-28,B+,Kolhapur,HDFC ERGO
P10011,Patient 0011,Female,1968-03-14,A+,Nashik,ICICI Lombard
P10012,Patient 0012,Female,1999-05-20,A+,Hyderabad,Star Health
P10013,Patient 0013,Male,2003-09-03,O-,Visakhapatnam,ICICI Lombard
P10014,Patient 0014,Male,1997-03-20,O-,Kolhapur,ICICI Lombard
P10015,Patient 0015,Male,1942-06-21,A+,Mumbai,Self Pay
P10016,Patient 0016,Female,1954-09-28,O-,Pune,Bajaj Allianz
P10017,Patient 0017,Male,2005-03-20,B-,Mumbai,ICICI Lombard
P10018,Patient 0018,Female,1976-02-09,O-,Nashik,Bajaj Allianz
P10019,Patient 0019,Male,1978-06-06,AB-,Mumbai,Star Health
P10020,Patient 0020,Female,1971-04-12,AB+,Visakhapatnam,Care Health
P10021,Patient 0021,Female,1952-08-19,AB+,Mumbai,ICICI Lombard
P10022,Patient 0022,Female,1986-02-20,B-,Hyderabad,Star Health
P10023,Patient 0023,Female,1981-06-23,A-,Nagpur,Self Pay
P10024,Patient 0024,Male,1972-06-12,B-,Mumbai,ICICI Lombard
P10025,Patient 0025,Male,1989-03-12,AB-,Visakhapatnam,Self Pay
P10026,Patient 0026,Female,1992-06-22,A+,Chennai,HDFC ERGO
P10027,Patient 0027,Male,2007-07-28,B-,Chennai,Star Health
P10028,Patient 0028,Male,1996-03-31,A+,Pune,Bajaj Allianz
P10029,Patient 0029,Male,2005-04-15,AB-,Pune,Care Health
P10030,Patient 0030,Male,1976-06-07,O+,Pune,HDFC ERGO
P10031,Patient 0031,Male,1987-02-15,AB-,Delhi,ICICI Lombard
P10032,Patient 0032,Female,2005-03-25,B+,Bengaluru,Star Health
P10033,Patient 0033,Male,1941-08-11,A+,Pune,Self Pay
P10034,Patient 0034,Female,1945-07-11,AB+,Mumbai,HDFC ERGO
P10035,Patient 0035,Male,1941-07-19,B-,Pune,Star Health
P10036,Patient 0036,Female,1944-05-13,O+,Bengaluru,Self Pay
P10037,Patient 0037,Male,1941-06-25,AB-,Delhi,ICICI Lombard
P10038,Patient 0038,Female,1984-08-29,A+,Bengaluru,ICICI Lombard
P10039,Patient 0039,Female,1960-10-01,O+,Nashik,ICICI Lombard
P10040,Patient 0040,Male,1982-08-21,A-,Pune,Care Health
P10041,Patient 0041,Female,1949-10-10,B+,Pune,Star Health
P10042,Patient 0042,Female,1974-08-26,A-,Pune,HDFC ERGO
P10043,Patient 0043,Female,1949-11-07,AB-,Nashik,Self Pay
P10044,Patient 0044,Female,1990-09-05,A-,Bengaluru,ICICI Lombard
P10045,Patient 0045,Male,1984-07-18,A-,Hyderabad,ICICI Lombard
P10046,Patient 0046,Female,1988-04-11,B+,Mumbai,HDFC ERGO
P10047,Patient 0047,Male,1993-07-26,B+,Visakhapatnam,Care Health
P10048,Patient 0048,Male,1957-07-05,O-,Mumbai,Self Pay
P10049,Patient 0049,Female,1962-12-24,B+,Pune,HDFC ERGO
P10050,Patient 0050,Male,1963-08-13,O+,Delhi,Star Health
P10051,Patient 0051,Female,1986-02-03,O-,Nashik,HDFC ERGO
P10052,Patient 0052,Female,2000-12-24,B+,Hyderabad,ICICI Lombard
P10053,Patient 0053,Female,1948-03-13,A-,Kolhapur,Bajaj Allianz
P10054,Patient 0054,Female,2002-06-18,AB+,Hyderabad,Star Health
P10055,Patient 0055,Male,2000-08-19,AB+,Visakhapatnam,ICICI Lombard
P10056,Patient 0056,Male,1965-10-15,O-,Mumbai,Care Health
P10057,Patient 0057,Male,1993-08-13,B+,Pune,ICICI Lombard
P10058,Patient 0058,Male,1947-10-10,O+,Nagpur,Care Health
P10059,Patient 0059,Male,1989-07-27,B-,Kolhapur,Star Health
P10060,Patient 0060,Male,2006-12-10,A+,Pune,Self Pay
P10061,Patient 0061,Female,1969-09-20,AB-,Nashik,ICICI Lombard
P10062,Patient 0062,Female,1973-05-02,O+,Kolhapur,Self Pay
P10063,Patient 0063,Male,1991-11-18,B-,Visakhapatnam,ICICI Lombard
P10064,Patient 0064,Female,1998-04-06,AB-,Nagpur,Bajaj Allianz
P10065,Patient 0065,Male,1991-01-30,B-,Bengaluru,ICICI Lombard
P10066,Patient 0066,Male,1954-09-02,B-,Bengaluru,Bajaj Allianz
P10067,Patient 0067,Female,1945-12-19,O-,Bengaluru,ICICI Lombard
P10068,Patient 0068,Female,1985-01-13,AB+,Delhi,Care Health
P10069,Patient 0069,Female,1972-03-27,A+,Bengaluru,Bajaj Allianz
P10070,Patient 0070,Male,1966-03-21,B-,Chennai,Care Health
P10071,Patient 0071,Female,1954-08-28,B+,Kolhapur,Care Health
P10072,Patient 0072,Female,1943-05-27,AB-,Nagpur,Star Health
P10073,Patient 0073,Female,2001-04-17,O+,Nashik,ICICI Lombard
P10074,Patient 0074,Female,1975-08-09,AB+,Chennai,Care Health
P10075,Patient 0075,Female,1969-07-29,AB-,Chennai,Star Health
P10076,Patient 0076,Female,1955-09-05,O-,Nagpur,ICICI Lombard
P10077,Patient 0077,Female,1977-12-28,B+,Nashik,ICICI Lombard
P10078,Patient 0078,Female,1940-10-30,B+,Kolhapur,ICICI Lombard
P10079,Patient 0079,Female,1981-04-14,B-,Mumbai,Care Health
P10080,Patient 0080,Male,1994-03-03,B+,Pune,Care Health
P10081,Patient 0081,Female,1967-02-01,A+,Mumbai,Self Pay
P10082,Patient 0082,Male,1985-10-22,O-,Visakhapatnam,HDFC ERGO
P10083,Patient 0083,Male,1970-04-21,B+,Nagpur,Self Pay
P10084,Patient 0084,Female,1952-08-22,B-,Mumbai,Bajaj Allianz
P10085,Patient 0085,Female,1960-05-04,AB-,Mumbai,Self Pay
P10086,Patient 0086,Female,1942-12-08,O-,Mumbai,Self Pay
P10087,Patient 0087,Male,2006-08-21,B+,Bengaluru,Bajaj Allianz
P10088,Patient 0088,Female,1989-02-03,AB+,Hyderabad,HDFC ERGO
P10089,Patient 0089,Male,1973-04-13,O-,Mumbai,ICICI Lombard
P10090,Patient 0090,Female,1944-02-28,O-,Pune,ICICI Lombard
P10091,Patient 0091,Female,1950-11-13,O+,Nagpur,Self Pay
P10092,Patient 0092,Female,2007-06-13,AB+,Visakhapatnam,Self Pay
P10093,Patient 0093,Female,1949-02-05,AB+,Hyderabad,Bajaj Allianz
P10094,Patient 0094,Female,1946-10-16,AB-,Delhi,Self Pay
P10095,Patient 0095,Female,1942-01-06,A-,Pune,Self Pay
P10096,Patient 0096,Male,1943-11-23,O+,Pune,Care Health
P10097,Patient 0097,Male,1959-02-03,AB+,Bengaluru,Care Health
P10098,Patient 0098,Female,1941-08-22,AB+,Bengaluru,HDFC ERGO
P10099,Patient 0099,Female,1964-05-21,A-,Nagpur,HDFC ERGO
P10100,Patient 0100,Male,1960-10-16,AB-,Pune,Star Health
P10101,Patient 0101,Female,1955-07-08,O+,Nashik,HDFC ERGO
P10102,Patient 0102,Male,1942-11-15,AB+,Nashik,Bajaj Allianz
P10103,Patient 0103,Male,1984-01-16,B-,Nagpur,HDFC ERGO
P10104,Patient 0104,Female,1949-02-23,AB-,Mumbai,Self Pay
P10105,Patient 0105,Female,1974-02-09,O+,Chennai,ICICI Lombard
P10106,Patient 0106,Female,1946-09-04,AB+,Delhi,Star Health
P10107,Patient 0107,Male,1958-05-06,AB+,Visakhapatnam,Self Pay
P10108,Patient 0108,Male,1967-06-09,A-,Bengaluru,Bajaj Allianz
P10109,Patient 0109,Female,1987-04-11,O+,Visakhapatnam,ICICI Lombard
P10110,Patient 0110,Female,1990-07-24,B-,Chennai,Care Health
P10111,Patient 0111,Male,1944-04-14,AB-,Kolhapur,HDFC ERGO
P10112,Patient 0112,Female,2003-06-02,B+,Nagpur,Self Pay
P10113,Patient 0113,Male,1954-04-12,A+,Mumbai,Care Health
P10114,Patient 0114,Female,1950-06-18,B-,Hyderabad,Star Health
P10115,Patient 0115,Female,2005-02-10,B+,Mumbai,Care Health
P10116,Patient 0116,Male,1944-11-24,B-,Pune,Self Pay
P10117,Patient 0117,Male,1963-08-31,O+,Mumbai,Bajaj Allianz
P10118,Patient 0118,Female,1980-11-13,B+,Pune,Self Pay
P10119,Patient 0119,Female,1954-07-06,O+,Visakhapatnam,ICICI Lombard
P10120,Patient 0120,Female,1946-12-17,B+,Kolhapur,Self Pay
P10121,Patient 0121,Female,1978-05-25,B-,Bengaluru,Bajaj Allianz
P10122,Patient 0122,Female,1978-02-10,A-,Kolhapur,Bajaj Allianz
P10123,Patient 0123,Female,1981-03-18,B-,Pune,HDFC ERGO
P10124,Patient 0124,Female,1963-05-09,O+,Hyderabad,Self Pay
P10125,Patient 0125,Male,1977-03-16,B-,Chennai,Care Health
P10126,Patient 0126,Male,2000-08-21,O-,Visakhapatnam,Self Pay
P10127,Patient 0127,Male,1969-11-14,O-,Visakhapatnam,HDFC ERGO
P10128,Patient 0128,Female,1998-01-30,B+,Mumbai,Star Health
P10129,Patient 0129,Male,1963-10-11,O-,Bengaluru,ICICI Lombard
P10130,Patient 0130,Female,1980-02-28,A+,Mumbai,HDFC ERGO
P10131,Patient 0131,Female,1948-03-26,B+,Mumbai,Care Health
P10132,Patient 0132,Female,1958-08-08,O-,Pune,Care Health
P10133,Patient 0133,Male,1980-01-02,AB+,Chennai,Care Health
P10134,Patient 0134,Male,1965-01-03,B-,Bengaluru,Self Pay
P10135,Patient 0135,Male,1947-11-05,AB-,Mumbai,Star Health
P10136,Patient 0136,Male,1976-07-17,B-,Visakhapatnam,ICICI Lombard
P10137,Patient 0137,Male,1942-12-01,O-,Mumbai,Self Pay
P10138,Patient 0138,Female,2004-06-08,A-,Delhi,Care Health
P10139,Patient 0139,Female,1989-06-17,O+,Nagpur,Care Health
P10140,Patient 0140,Female,1947-02-06,AB-,Visakhapatnam,HDFC ERGO
P10141,Patient 0141,Female,1982-01-27,B+,Delhi,Care Health
P10142,Patient 0142,Male,1987-05-29,A-,Nagpur,ICICI Lombard
P10143,Patient 0143,Female,1947-11-22,B-,Hyderabad,Care Health
P10144,Patient 0144,Female,1992-11-14,O-,Delhi,Self Pay
P10145,Patient 0145,Male,1951-01-27,B+,Pune,Care Health
P10146,Patient 0146,Female,1997-10-01,B+,Hyderabad,Star Health
P10147,Patient 0147,Male,1970-12-05,AB+,Nashik,Self Pay
P10148,Patient 0148,Female,2006-03-13,AB+,Bengaluru,HDFC ERGO
P10149,Patient 0149,Female,2002-07-17,O-,Visakhapatnam,Star Health
P10150,Patient 0150,Male,1986-02-15,O-,Nashik,Self Pay
P10151,Patient 0151,Female,1959-01-23,A+,Visakhapatnam,ICICI Lombard
P10152,Patient 0152,Female,1998-12-19,AB+,Bengaluru,Self Pay
P10153,Patient 0153,Female,1952-11-07,O+,Bengaluru,HDFC ERGO
P10154,Patient 0154,Male,1948-10-30,AB-,Visakhapatnam,Bajaj Allianz
P10155,Patient 0155,Female,1958-01-30,B+,Bengaluru,Care Health
P10156,Patient 0156,Male,1970-03-17,AB+,Delhi,ICICI Lombard
P10157,Patient 0157,Male,1989-12-25,O-,Kolhapur,Bajaj Allianz
P10158,Patient 0158,Male,1959-08-15,A+,Chennai,Self Pay
P10159,Patient 0159,Female,1953-05-08,O-,Visakhapatnam,Bajaj Allianz
P10160,Patient 0160,Female,1976-02-13,O-,Nashik,Care Health
P10161,Patient 0161,Female,1942-06-22,O-,Nashik,Self Pay
P10162,Patient 0162,Female,1943-03-23,B-,Bengaluru,ICICI Lombard
P10163,Patient 0163,Male,2003-07-14,AB-,Visakhapatnam,Star Health
P10164,Patient 0164,Male,1953-01-13,AB+,Kolhapur,Star Health
P10165,Patient 0165,Male,1961-03-30,B+,Kolhapur,Bajaj Allianz
P10166,Patient 0166,Male,1995-01-16,B-,Chennai,Self Pay
P10167,Patient 0167,Male,1968-02-29,O-,Delhi,Care Health
P10168,Patient 0168,Male,1970-01-07,O+,Chennai,Self Pay
P10169,Patient 0169,Male,2005-09-03,B+,Pune,Bajaj Allianz
P10170,Patient 0170,Male,1940-10-20,B-,Nashik,HDFC ERGO
P10171,Patient 0171,Male,1991-12-25,O+,Kolhapur,ICICI Lombard
P10172,Patient 0172,Male,1987-10-10,O+,Bengaluru,Self Pay
P10173,Patient 0173,Female,1945-04-13,AB-,Kolhapur,Star Health
P10174,Patient 0174,Female,1969-10-27,B+,Kolhapur,Care Health
P10175,Patient 0175,Female,1948-10-13,AB+,Nagpur,ICICI Lombard
P10176,Patient 0176,Male,1948-12-29,AB+,Nashik,ICICI Lombard
P10177,Patient 0177,Male,1958-06-25,A+,Pune,Care Health
P10178,Patient 0178,Female,1992-02-27,B-,Chennai,ICICI Lombard
P10179,Patient 0179,Male,1948-01-01,A+,Pune,Self Pay
P10180,Patient 0180,Male,1994-07-06,A-,Nagpur,HDFC ERGO
P10181,Patient 0181,Male,1953-07-18,AB+,Delhi,Bajaj Allianz
P10182,Patient 0182,Male,2007-06-17,B-,Pune,Bajaj Allianz
P10183,Patient 0183,Male,1976-09-02,AB-,Kolhapur,Bajaj Allianz
P10184,Patient 0184,Male,1951-08-10,A+,Hyderabad,Self Pay
P10185,Patient 0185,Female,1973-04-10,AB-,Visakhapatnam,ICICI Lombard
P10186,Patient 0186,Male,1995-12-30,AB-,Pune,Star Health
P10187,Patient 0187,Male,2001-08-22,O-,Visakhapatnam,Star Health
P10188,Patient 0188,Female,1986-02-05,O-,Nagpur,Self Pay
P10189,Patient 0189,Male,1955-02-17,AB-,Pune,Self Pay
P10190,Patient 0190,Male,1986-09-20,A+,Pune,ICICI Lombard
P10191,Patient 0191,Female,2007-06-22,O-,Mumbai,Bajaj Allianz
P10192,Patient 0192,Male,1943-08-25,A-,Kolhapur,Star Health
P10193,Patient 0193,Male,2002-09-23,O+,Bengaluru,ICICI Lombard
P10194,Patient 0194,Male,1975-10-11,O+,Visakhapatnam,Bajaj Allianz
P10195,Patient 0195,Male,1966-09-15,O-,Delhi,Star Health
P10196,Patient 0196,Female,1945-12-10,A+,Mumbai,HDFC ERGO
P10197,Patient 0197,Female,1982-06-11,O+,Kolhapur,Bajaj Allianz
P10198,Patient 0198,Male,1951-06-07,B+,Nagpur,Bajaj Allianz
P10199,Patient 0199,Female,1976-04-13,O+,Visakhapatnam,HDFC ERGO
P10200,Patient 0200,Male,1956-04-12,AB+,Chennai,Care Health
P10201,Patient 0201,Male,1965-01-02,A+,Nagpur,Care Health
P10202,Patient 0202,Female,1961-05-08,O-,Bengaluru,Star Health
P10203,Patient 0203,Male,2000-04-25,O-,Visakhapatnam,Bajaj Allianz
P10204,Patient 0204,Male,1943-09-21,O+,Nagpur,Star Health
P10205,Patient 0205,Male,1969-01-06,A+,Mumbai,Star Health
P10206,Patient 0206,Male,1990-02-02,A-,Nagpur,HDFC ERGO
P10207,Patient 0207,Male,2002-07-29,B+,Bengaluru,Self Pay
P10208,Patient 0208,Female,1985-03-08,O-,Bengaluru,Star Health
P10209,Patient 0209,Male,1976-10-08,A+,Hyderabad,Star Health
P10210,Patient 0210,Male,2000-01-16,O-,Pune,Star Health
P10211,Patient 0211,Male,2003-04-07,O-,Chennai,HDFC ERGO
P10212,Patient 0212,Female,1958-02-09,AB+,Chennai,Care Health
P10213,Patient 0213,Female,1984-03-31,O+,Mumbai,ICICI Lombard
P10214,Patient 0214,Female,1955-01-03,AB+,Bengaluru,Self Pay
P10215,Patient 0215,Female,1957-10-16,O+,Hyderabad,Bajaj Allianz
P10216,Patient 0216,Female,1992-03-30,O-,Kolhapur,Bajaj Allianz
P10217,Patient 0217,Male,1944-10-29,A+,Hyderabad,HDFC ERGO
P10218,Patient 0218,Female,2001-06-25,AB-,Delhi,HDFC ERGO
P10219,Patient 0219,Female,1977-08-04,O+,Nagpur,HDFC ERGO
P10220,Patient 0220,Female,1995-01-17,AB-,Pune,Care Health
P10221,Patient 0221,Female,2003-01-29,B+,Hyderabad,Star Health
P10222,Patient 0222,Male,1985-09-07,AB+,Nagpur,Bajaj Allianz
P10223,Patient 0223,Male,1985-10-12,AB-,Pune,HDFC ERGO
P10224,Patient 0224,Male,1989-11-24,AB+,Visakhapatnam,ICICI Lombard
P10225,Patient 0225,Female,1968-12-23,O+,Delhi,ICICI Lombard
P10226,Patient 0226,Male,1968-05-08,O+,Delhi,ICICI Lombard
P10227,Patient 0227,Male,1948-01-02,B+,Bengaluru,Self Pay
P10228,Patient 0228,Female,1952-01-14,O+,Delhi,Star Health
P10229,Patient 0229,Male,1962-06-09,O-,Visakhapatnam,Self Pay
P10230,Patient 0230,Female,1969-06-23,B+,Bengaluru,Care Health
P10231,Patient 0231,Male,1945-12-10,AB-,Nashik,Self Pay
P10232,Patient 0232,Male,1982-10-20,O+,Kolhapur,HDFC ERGO
P10233,Patient 0233,Male,1963-03-11,A+,Mumbai,Self Pay
P10234,Patient 0234,Female,1975-08-11,B-,Nagpur,ICICI Lombard
P10235,Patient 0235,Male,1971-12-17,A-,Kolhapur,Care Health
P10236,Patient 0236,Male,2002-05-27,O-,Kolhapur,Star Health
P10237,Patient 0237,Female,1993-03-01,B-,Chennai,HDFC ERGO
P10238,Patient 0238,Male,1968-01-26,B-,Hyderabad,Care Health
P10239,Patient 0239,Female,1950-09-14,AB+,Delhi,Care Health
P10240,Patient 0240,Female,1954-08-24,O-,Nashik,HDFC ERGO
P10241,Patient 0241,Male,1988-05-31,O-,Hyderabad,Star Health
P10242,Patient 0242,Female,1979-12-15,B+,Mumbai,Bajaj Allianz
P10243,Patient 0243,Male,1987-10-02,AB+,Hyderabad,HDFC ERGO
P10244,Patient 0244,Female,1954-06-23,AB-,Chennai,Star Health
P10245,Patient 0245,Male,1980-12-23,A-,Mumbai,Self Pay
P10246,Patient 0246,Female,1966-07-13,AB-,Visakhapatnam,Self Pay
P10247,Patient 0247,Male,1956-12-24,A+,Visakhapatnam,Self Pay
P10248,Patient 0248,Female,2004-11-07,A-,Bengaluru,Self Pay
P10249,Patient 0249,Male,1995-09-11,AB+,Hyderabad,Star Health
P10250,Patient 0250,Male,1990-10-11,O+,Nagpur,Self Pay
P10251,Patient 0251,Male,1946-03-10,O+,Nashik,HDFC ERGO
P10252,Patient 0252,Male,1974-08-28,AB+,Chennai,Star Health
P10253,Patient 0253,Female,1972-10-06,AB-,Mumbai,Self Pay
P10254,Patient 0254,Male,1958-08-23,AB+,Nashik,ICICI Lombard
P10255,Patient 0255,Female,1992-11-05,AB+,Hyderabad,Care Health
P10256,Patient 0256,Female,1981-08-17,B-,Nagpur,Star Health
P10257,Patient 0257,Female,1951-08-29,A+,Hyderabad,HDFC ERGO
P10258,Patient 0258,Male,1965-05-04,O-,Delhi,Care Health
P10259,Patient 0259,Male,2001-01-04,O+,Delhi,HDFC ERGO
P10260,Patient 0260,Female,1992-09-13,B-,Chennai,Star Health
P10261,Patient 0261,Male,1962-11-20,AB+,Mumbai,HDFC ERGO
P10262,Patient 0262,Male,2001-12-27,B+,Mumbai,HDFC ERGO
P10263,Patient 0263,Female,1969-03-18,B-,Kolhapur,ICICI Lombard
P10264,Patient 0264,Female,1999-11-27,AB+,Chennai,Self Pay
P10265,Patient 0265,Female,1969-02-11,O+,Chennai,HDFC ERGO
P10266,Patient 0266,Male,1949-07-16,O-,Nagpur,Self Pay
P10267,Patient 0267,Female,1951-01-07,AB+,Delhi,Star Health
P10268,Patient 0268,Male,1975-03-30,A+,Mumbai,ICICI Lombard
P10269,Patient 0269,Male,2000-02-27,AB-,Hyderabad,Star Health
P10270,Patient 0270,Female,1960-07-15,A-,Chennai,HDFC ERGO
P10271,Patient 0271,Male,1969-09-14,B-,Bengaluru,Star Health
P10272,Patient 0272,Male,1940-04-15,B-,Pune,HDFC ERGO
P10273,Patient 0273,Male,1992-05-29,B-,Mumbai,HDFC ERGO
P10274,Patient 0274,Female,1944-02-22,AB+,Visakhapatnam,ICICI Lombard
P10275,Patient 0275,Female,1950-11-08,O-,Mumbai,Care Health
P10276,Patient 0276,Female,1949-09-16,A+,Bengaluru,Self Pay
P10277,Patient 0277,Female,1997-02-04,O-,Mumbai,ICICI Lombard
P10278,Patient 0278,Male,1946-09-08,AB+,Bengaluru,Bajaj Allianz
P10279,Patient 0279,Male,1971-03-14,AB+,Pune,Bajaj Allianz
P10280,Patient 0280,Male,2004-09-04,AB-,Kolhapur,HDFC ERGO
P10281,Patient 0281,Male,1950-11-05,B+,Nagpur,Self Pay
P10282,Patient 0282,Male,1995-01-18,A+,Pune,Self Pay
P10283,Patient 0283,Female,1977-01-31,B-,Nashik,HDFC ERGO
P10284,Patient 0284,Male,1995-07-17,A-,Kolhapur,Bajaj Allianz
P10285,Patient 0285,Male,1982-12-21,B-,Nagpur,Bajaj Allianz
P10286,Patient 0286,Male,1985-12-21,O-,Delhi,HDFC ERGO
P10287,Patient 0287,Male,1973-01-31,AB+,Bengaluru,ICICI Lombard
P10288,Patient 0288,Female,1953-09-20,A+,Chennai,Self Pay
P10289,Patient 0289,Male,1960-04-17,O+,Nashik,Bajaj Allianz
P10290,Patient 0290,Male,1989-02-20,A+,Pune,Star Health
P10291,Patient 0291,Female,1958-07-09,A+,Mumbai,Star Health
P10292,Patient 0292,Male,1968-08-29,B+,Pune,Self Pay
P10293,Patient 0293,Male,1968-02-19,B-,Nagpur,Star Health
P10294,Patient 0294,Male,1998-08-09,B+,Nashik,Bajaj Allianz
P10295,Patient 0295,Female,1984-01-17,O+,Hyderabad,ICICI Lombard
P10296,Patient 0296,Female,1978-10-12,O+,Nagpur,Star Health
P10297,Patient 0297,Female,1991-11-15,AB-,Kolhapur,Star Health
P10298,Patient 0298,Male,1953-12-21,O-,Pune,HDFC ERGO
P10299,Patient 0299,Female,1962-07-16,A-,Pune,Star Health
P10300,Patient 0300,Male,1965-03-15,AB-,Nashik,Care Health
P10301,Patient 0301,Male,1949-10-04,AB+,Bengaluru,Care Health
P10302,Patient 0302,Male,1988-10-14,B+,Nashik,HDFC ERGO
P10303,Patient 0303,Male,1982-12-16,B+,Chennai,Bajaj Allianz
P10304,Patient 0304,Male,1992-09-05,AB-,Pune,HDFC ERGO
P10305,Patient 0305,Female,1986-02-13,AB+,Bengaluru,HDFC ERGO
P10306,Patient 0306,Female,1983-05-09,A+,Bengaluru,HDFC ERGO
P10307,Patient 0307,Male,1972-07-26,AB+,Nashik,HDFC ERGO
P10308,Patient 0308,Male,1942-02-13,B-,Delhi,Self Pay
P10309,Patient 0309,Male,1995-04-21,AB-,Nagpur,Bajaj Allianz
P10310,Patient 0310,Male,1977-01-15,O-,Kolhapur,ICICI Lombard
P10311,Patient 0311,Female,1986-12-27,AB+,Delhi,Bajaj Allianz
P10312,Patient 0312,Male,1985-07-16,A+,Pune,ICICI Lombard
P10313,Patient 0313,Female,1943-01-23,AB+,Pune,Star Health
P10314,Patient 0314,Male,1957-02-12,B+,Pune,HDFC ERGO
P10315,Patient 0315,Male,1978-09-03,A-,Visakhapatnam,Bajaj Allianz
P10316,Patient 0316,Male,1960-03-24,B+,Mumbai,HDFC ERGO
P10317,Patient 0317,Male,1998-08-01,O-,Hyderabad,Self Pay
P10318,Patient 0318,Male,1978-07-24,O+,Visakhapatnam,HDFC ERGO
P10319,Patient 0319,Female,1968-06-29,A-,Hyderabad,HDFC ERGO
P10320,Patient 0320,Male,2005-02-09,O+,Bengaluru,Self Pay
P10321,Patient 0321,Female,1956-10-13,AB+,Pune,HDFC ERGO
P10322,Patient 0322,Male,1998-08-25,B-,Chennai,Self Pay
P10323,Patient 0323,Male,2007-03-10,O-,Kolhapur,Self Pay
P10324,Patient 0324,Male,1973-11-16,AB+,Nashik,Self Pay
P10325,Patient 0325,Female,1961-06-30,A+,Kolhapur,Star Health
P10326,Patient 0326,Male,1954-06-23,AB+,Chennai,ICICI Lombard
P10327,Patient 0327,Female,2006-02-05,A-,Nashik,Bajaj Allianz
P10328,Patient 0328,Male,1949-03-23,B+,Bengaluru,Care Health
P10329,Patient 0329,Female,2007-06-29,B-,Chennai,Care Health
P10330,Patient 0330,Male,1979-04-15,O+,Pune,Star Health
P10331,Patient 0331,Female,1960-06-21,AB+,Chennai,ICICI Lombard
P10332,Patient 0332,Female,1999-11-13,AB+,Pune,Care Health
P10333,Patient 0333,Female,1991-04-22,B+,Chennai,ICICI Lombard
P10334,Patient 0334,Male,1959-11-30,B-,Chennai,ICICI Lombard
P10335,Patient 0335,Male,1954-01-17,AB-,Delhi,Star Health
P10336,Patient 0336,Male,1953-11-11,O+,Kolhapur,Star Health
P10337,Patient 0337,Female,1940-05-18,AB+,Hyderabad,Bajaj Allianz
P10338,Patient 0338,Female,2003-01-15,AB+,Visakhapatnam,Bajaj Allianz
P10339,Patient 0339,Female,1947-02-16,AB-,Delhi,Star Health
P10340,Patient 0340,Male,1944-10-14,O+,Hyderabad,ICICI Lombard
P10341,Patient 0341,Male,2006-06-15,A-,Delhi,Care Health
P10342,Patient 0342,Male,1993-02-10,A-,Mumbai,ICICI Lombard
P10343,Patient 0343,Female,2002-10-28,O-,Nashik,Self Pay
P10344,Patient 0344,Female,1955-09-03,O-,Pune,Bajaj Allianz
P10345,Patient 0345,Female,1997-06-08,A+,Visakhapatnam,Self Pay
P10346,Patient 0346,Male,1972-08-28,B+,Delhi,Care Health
P10347,Patient 0347,Female,1987-08-08,B-,Delhi,HDFC ERGO
P10348,Patient 0348,Female,1997-01-08,AB+,Bengaluru,Care Health
P10349,Patient 0349,Male,1977-08-22,O+,Chennai,Star Health
P10350,Patient 0350,Female,1958-07-16,AB+,Mumbai,Star Health
P10351,Patient 0351,Female,1999-10-10,O-,Visakhapatnam,Star Health
P10352,Patient 0352,Female,1941-10-13,A+,Visakhapatnam,HDFC ERGO
P10353,Patient 0353,Female,1962-09-25,O+,Nashik,ICICI Lombard
P10354,Patient 0354,Male,1978-08-21,O+,Visakhapatnam,Star Health
P10355,Patient 0355,Male,2004-02-26,AB+,Nagpur,Care Health
P10356,Patient 0356,Female,1974-06-23,B+,Visakhapatnam,Self Pay
P10357,Patient 0357,Male,2005-11-12,A+,Delhi,Star Health
P10358,Patient 0358,Female,1985-11-05,B+,Nagpur,Care Health
P10359,Patient 0359,Female,1987-04-25,A+,Hyderabad,Star Health
P10360,Patient 0360,Female,1973-09-12,AB+,Chennai,Self Pay
P10361,Patient 0361,Female,1987-11-28,A+,Nagpur,ICICI Lombard
P10362,Patient 0362,Male,1988-04-13,A-,Hyderabad,Self Pay
P10363,Patient 0363,Male,1947-11-01,O+,Mumbai,ICICI Lombard
P10364,Patient 0364,Male,1992-02-17,B-,Kolhapur,Self Pay
P10365,Patient 0365,Male,1955-06-22,AB+,Pune,ICICI Lombard
P10366,Patient 0366,Male,1961-09-07,AB-,Delhi,ICICI Lombard
P10367,Patient 0367,Male,1991-08-16,B-,Nagpur,ICICI Lombard
P10368,Patient 0368,Female,1958-02-11,AB+,Kolhapur,ICICI Lombard
P10369,Patient 0369,Female,1978-11-11,B-,Chennai,Self Pay
P10370,Patient 0370,Male,1984-02-24,A-,Bengaluru,Care Health
P10371,Patient 0371,Male,1944-01-26,B-,Mumbai,HDFC ERGO
P10372,Patient 0372,Female,1947-10-03,A+,Pune,Self Pay
P10373,Patient 0373,Male,1955-01-29,O-,Chennai,HDFC ERGO
P10374,Patient 0374,Male,1941-04-10,B-,Mumbai,Self Pay
P10375,Patient 0375,Male,1974-04-10,AB+,Bengaluru,ICICI Lombard
P10376,Patient 0376,Female,1994-12-04,AB-,Hyderabad,Self Pay
P10377,Patient 0377,Male,2001-07-12,AB-,Bengaluru,Star Health
P10378,Patient 0378,Female,1975-01-19,O-,Nagpur,Care Health
P10379,Patient 0379,Male,1989-10-16,B+,Pune,HDFC ERGO
P10380,Patient 0380,Male,1985-08-20,O-,Visakhapatnam,Care Health
P10381,Patient 0381,Male,1995-09-15,O+,Nashik,Care Health
P10382,Patient 0382,Male,1978-03-10,B-,Delhi,HDFC ERGO
P10383,Patient 0383,Female,1946-09-21,AB-,Delhi,Self Pay
P10384,Patient 0384,Female,1945-01-17,O-,Hyderabad,Self Pay
P10385,Patient 0385,Female,1971-04-26,B-,Chennai,Self Pay
P10386,Patient 0386,Female,1972-02-02,O+,Pune,Self Pay
P10387,Patient 0387,Female,1946-12-13,AB-,Visakhapatnam,Self Pay
P10388,Patient 0388,Female,1977-12-27,O+,Hyderabad,Self Pay
P10389,Patient 0389,Female,2005-09-04,B-,Nashik,Self Pay
P10390,Patient 0390,Male,1951-10-21,AB+,Nagpur,HDFC ERGO
P10391,Patient 0391,Male,1952-11-01,B-,Nagpur,Bajaj Allianz
P10392,Patient 0392,Male,1961-08-01,O-,Visakhapatnam,Self Pay
P10393,Patient 0393,Female,1960-01-05,O+,Visakhapatnam,Bajaj Allianz
P10394,Patient 0394,Male,1945-12-04,AB+,Visakhapatnam,HDFC ERGO
P10395,Patient 0395,Male,1945-06-23,AB+,Bengaluru,Star Health
P10396,Patient 0396,Female,1942-08-06,B+,Delhi,Self Pay
P10397,Patient 0397,Female,1980-11-20,AB-,Kolhapur,Self Pay
P10398,Patient 0398,Female,1994-12-07,A+,Pune,HDFC ERGO
P10399,Patient 0399,Male,1952-08-08,AB+,Kolhapur,Star Health
P10400,Patient 0400,Female,1966-01-07,O+,Bengaluru,ICICI Lombard
P10401,Patient 0401,Male,2001-03-11,AB-,Chennai,Care Health
P10402,Patient 0402,Male,1966-01-17,A-,Nagpur,ICICI Lombard
P10403,Patient 0403,Male,1968-01-16,B-,Delhi,Care Health
P10404,Patient 0404,Male,1954-08-08,O-,Visakhapatnam,Self Pay
P10405,Patient 0405,Male,1947-07-29,O+,Nashik,Bajaj Allianz
P10406,Patient 0406,Female,1999-08-29,A-,Nashik,HDFC ERGO
P10407,Patient 0407,Male,1964-04-06,O+,Nashik,Self Pay
P10408,Patient 0408,Female,1963-02-22,B-,Pune,Care Health
P10409,Patient 0409,Female,1948-11-09,B+,Visakhapatnam,Star Health
P10410,Patient 0410,Male,1948-08-08,O+,Delhi,HDFC ERGO
P10411,Patient 0411,Male,1949-10-28,AB+,Nagpur,Bajaj Allianz
P10412,Patient 0412,Male,2005-08-12,A+,Kolhapur,Self Pay
P10413,Patient 0413,Female,1943-12-01,AB+,Visakhapatnam,Self Pay
P10414,Patient 0414,Male,1996-09-02,B-,Visakhapatnam,ICICI Lombard
P10415,Patient 0415,Male,1966-05-23,O+,Bengaluru,Star Health
P10416,Patient 0416,Male,1988-12-09,A+,Chennai,Star Health
P10417,Patient 0417,Female,1988-08-18,AB+,Nashik,Bajaj Allianz
P10418,Patient 0418,Female,1986-02-22,A+,Hyderabad,Self Pay
P10419,Patient 0419,Male,1989-05-25,O-,Delhi,HDFC ERGO
P10420,Patient 0420,Female,1995-10-15,B-,Bengaluru,HDFC ERGO
P10421,Patient 0421,Female,1961-06-01,B+,Chennai,Self Pay
P10422,Patient 0422,Female,1971-04-12,B+,Chennai,Self Pay
P10423,Patient 0423,Female,1958-07-09,O+,Mumbai,ICICI Lombard
P10424,Patient 0424,Female,1950-02-22,AB+,Nashik,Bajaj Allianz
P10425,Patient 0425,Female,1985-04-04,A-,Mumbai,Care Health
P10426,Patient 0426,Female,1960-11-18,B-,Bengaluru,Star Health
P10427,Patient 0427,Male,1969-05-31,AB+,Chennai,HDFC ERGO
P10428,Patient 0428,Male,1993-11-02,AB+,Hyderabad,Star Health
P10429,Patient 0429,Male,1968-12-18,B+,Delhi,ICICI Lombard
P10430,Patient 0430,Female,1985-04-07,O+,Mumbai,Care Health
P10431,Patient 0431,Female,1991-09-22,A+,Chennai,HDFC ERGO
P10432,Patient 0432,Male,1955-05-21,B-,Delhi,HDFC ERGO
P10433,Patient 0433,Female,2004-11-11,O-,Nashik,Care Health
P10434,Patient 0434,Male,1942-06-16,A+,Kolhapur,Star Health
P10435,Patient 0435,Male,2002-09-22,AB-,Delhi,Bajaj Allianz
P10436,Patient 0436,Female,1982-10-24,AB-,Chennai,HDFC ERGO
P10437,Patient 0437,Male,1958-08-07,B-,Bengaluru,HDFC ERGO
P10438,Patient 0438,Male,2005-01-19,O+,Mumbai,Self Pay
P10439,Patient 0439,Female,1961-10-02,A-,Mumbai,HDFC ERGO
P10440,Patient 0440,Female,1971-04-22,AB-,Nagpur,Care Health
P10441,Patient 0441,Male,1986-08-23,B+,Chennai,HDFC ERGO
P10442,Patient 0442,Female,1993-09-03,A-,Nagpur,Self Pay
P10443,Patient 0443,Female,1961-08-16,AB+,Hyderabad,Self Pay
P10444,Patient 0444,Male,1953-02-06,AB-,Hyderabad,ICICI Lombard
P10445,Patient 0445,Male,1973-01-13,B+,Chennai,Bajaj Allianz
P10446,Patient 0446,Female,1942-11-19,AB+,Mumbai,Star Health
P10447,Patient 0447,Male,1963-07-16,A-,Nashik,Self Pay
P10448,Patient 0448,Female,1971-12-01,B-,Pune,HDFC ERGO
P10449,Patient 0449,Female,1998-11-10,AB+,Hyderabad,Self Pay
P10450,Patient 0450,Female,1971-01-19,A+,Mumbai,ICICI Lombard
P10451,Patient 0451,Male,1952-01-05,B-,Visakhapatnam,Care Health
P10452,Patient 0452,Female,1981-07-23,B-,Visakhapatnam,Self Pay
P10453,Patient 0453,Male,1961-07-26,A-,Nagpur,Self Pay
P10454,Patient 0454,Male,1966-08-08,A-,Delhi,Star Health
P10455,Patient 0455,Male,1943-12-24,B+,Nashik,Care Health
P10456,Patient 0456,Male,1985-10-02,B+,Nagpur,HDFC ERGO
P10457,Patient 0457,Female,1954-07-16,A+,Visakhapatnam,HDFC ERGO
P10458,Patient 0458,Male,1951-07-10,B-,Nashik,ICICI Lombard
P10459,Patient 0459,Male,2003-06-01,O-,Pune,ICICI Lombard
P10460,Patient 0460,Female,1998-05-31,O+,Delhi,Care Health
P10461,Patient 0461,Male,1971-08-23,A+,Nagpur,ICICI Lombard
P10462,Patient 0462,Female,1988-02-26,A+,Visakhapatnam,Care Health
P10463,Patient 0463,Male,1955-08-23,O+,Hyderabad,ICICI Lombard
P10464,Patient 0464,Female,1982-03-07,O+,Hyderabad,ICICI Lombard
P10465,Patient 0465,Female,1948-12-13,O+,Nagpur,Bajaj Allianz
P10466,Patient 0466,Male,1977-01-17,A-,Pune,Star Health
P10467,Patient 0467,Male,1971-08-11,A+,Pune,HDFC ERGO
P10468,Patient 0468,Male,1957-04-17,A+,Chennai,HDFC ERGO
P10469,Patient 0469,Female,1971-10-01,AB+,Delhi,HDFC ERGO
P10470,Patient 0470,Male,1977-06-25,O+,Mumbai,Bajaj Allianz
P10471,Patient 0471,Male,1979-05-20,O+,Pune,HDFC ERGO
P10472,Patient 0472,Male,1945-01-14,B+,Delhi,ICICI Lombard
P10473,Patient 0473,Male,2001-03-23,B+,Pune,Self Pay
P10474,Patient 0474,Male,1945-05-27,B-,Chennai,Self Pay
P10475,Patient 0475,Female,1942-11-02,B+,Kolhapur,Star Health
P10476,Patient 0476,Male,1995-10-28,AB-,Pune,Care Health
P10477,Patient 0477,Male,1991-11-29,B-,Delhi,HDFC ERGO
P10478,Patient 0478,Female,1944-11-27,O-,Chennai,ICICI Lombard
P10479,Patient 0479,Female,1969-06-29,O+,Chennai,ICICI Lombard
P10480,Patient 0480,Male,2000-03-18,AB+,Delhi,Care Health
P10481,Patient 0481,Male,1987-10-12,B+,Delhi,ICICI Lombard
P10482,Patient 0482,Male,1944-04-01,AB+,Hyderabad,Self Pay
P10483,Patient 0483,Female,1975-05-16,B+,Kolhapur,HDFC ERGO
P10484,Patient 0484,Male,2001-03-13,B+,Chennai,ICICI Lombard
P10485,Patient 0485,Female,1981-02-12,AB+,Hyderabad,Bajaj Allianz
P10486,Patient 0486,Female,1982-10-21,A+,Nashik,Star Health
P10487,Patient 0487,Female,1981-11-22,A+,Nagpur,HDFC ERGO
P10488,Patient 0488,Male,1963-03-18,A+,Nagpur,HDFC ERGO
P10489,Patient 0489,Male,1995-05-22,AB-,Chennai,ICICI Lombard
P10490,Patient 0490,Male,1955-05-20,A+,Hyderabad,ICICI Lombard
P10491,Patient 0491,Male,1991-12-02,B+,Kolhapur,Star Health
P10492,Patient 0492,Female,1963-04-04,O+,Kolhapur,Star Health
P10493,Patient 0493,Female,1945-11-24,A-,Nashik,Star Health
P10494,Patient 0494,Female,2005-09-06,AB+,Chennai,Self Pay
P10495,Patient 0495,Female,1958-07-15,O+,Pune,Star Health
P10496,Patient 0496,Male,1989-04-21,A-,Nashik,Star Health
P10497,Patient 0497,Male,1975-04-30,O+,Hyderabad,Self Pay
P10498,Patient 0498,Male,2001-05-14,AB-,Pune,Care Health
P10499,Patient 0499,Female,1997-01-22,A-,Nagpur,HDFC ERGO
P10500,Patient 0500,Female,1994-03-07,O-,Bengaluru,Star Health
P10501,Patient 0501,Female,2000-07-07,B-,Nagpur,Bajaj Allianz
P10502,Patient 0502,Male,1947-06-18,A+,Chennai,Star Health
P10503,Patient 0503,Male,1993-04-06,O-,Delhi,Bajaj Allianz
P10504,Patient 0504,Female,1986-02-07,AB-,Nagpur,Self Pay
P10505,Patient 0505,Male,1992-11-08,O+,Visakhapatnam,Care Health
P10506,Patient 0506,Female,1971-02-09,B+,Nagpur,ICICI Lombard
P10507,Patient 0507,Female,1997-04-19,A+,Nagpur,Care Health
P10508,Patient 0508,Female,1960-03-27,O-,Nagpur,Care Health
P10509,Patient 0509,Male,1942-01-04,A+,Nagpur,Care Health
P10510,Patient 0510,Male,1951-03-01,A-,Pune,HDFC ERGO
P10511,Patient 0511,Male,1978-11-22,B-,Pune,Bajaj Allianz
P10512,Patient 0512,Male,1951-11-29,A+,Nagpur,Care Health
P10513,Patient 0513,Male,1992-05-02,O+,Mumbai,Self Pay
P10514,Patient 0514,Female,1998-10-11,O+,Mumbai,Self Pay
P10515,Patient 0515,Female,1974-09-19,AB+,Pune,ICICI Lombard
P10516,Patient 0516,Male,2002-04-24,AB+,Bengaluru,Bajaj Allianz
P10517,Patient 0517,Male,1944-09-05,A+,Delhi,ICICI Lombard
P10518,Patient 0518,Male,1963-06-09,A-,Nashik,Bajaj Allianz
P10519,Patient 0519,Male,1966-02-09,A-,Visakhapatnam,Star Health
P10520,Patient 0520,Female,1981-02-18,B+,Visakhapatnam,HDFC ERGO
P10521,Patient 0521,Male,1977-03-07,AB-,Nagpur,Self Pay
P10522,Patient 0522,Male,2006-11-14,AB-,Bengaluru,ICICI Lombard
P10523,Patient 0523,Male,1940-05-31,O-,Mumbai,Self Pay
P10524,Patient 0524,Female,1983-11-24,AB-,Mumbai,Care Health
P10525,Patient 0525,Female,1952-04-10,B-,Bengaluru,HDFC ERGO
P10526,Patient 0526,Male,1999-01-25,A-,Delhi,HDFC ERGO
P10527,Patient 0527,Male,1960-11-23,B+,Pune,Self Pay
P10528,Patient 0528,Female,1942-02-28,AB+,Delhi,ICICI Lombard
P10529,Patient 0529,Female,1992-04-13,O+,Chennai,Bajaj Allianz
P10530,Patient 0530,Male,1976-12-20,AB-,Chennai,Bajaj Allianz
P10531,Patient 0531,Female,2006-11-19,AB+,Mumbai,Self Pay
P10532,Patient 0532,Female,1987-05-12,AB+,Nashik,Bajaj Allianz
P10533,Patient 0533,Female,1987-03-29,A+,Chennai,Care Health
P10534,Patient 0534,Female,2006-01-07,B-,Mumbai,Self Pay
P10535,Patient 0535,Female,1943-07-17,B+,Nagpur,Self Pay
P10536,Patient 0536,Male,1976-02-05,B-,Kolhapur,Bajaj Allianz
P10537,Patient 0537,Female,1991-08-14,A+,Kolhapur,Star Health
P10538,Patient 0538,Female,1956-04-19,B+,Hyderabad,HDFC ERGO
P10539,Patient 0539,Female,1999-11-21,B+,Nagpur,Care Health
P10540,Patient 0540,Male,1968-03-28,A-,Kolhapur,Care Health
P10541,Patient 0541,Female,1955-07-12,B-,Delhi,ICICI Lombard
P10542,Patient 0542,Female,1964-01-28,B-,Hyderabad,Star Health
P10543,Patient 0543,Male,1960-01-31,A-,Mumbai,Care Health
P10544,Patient 0544,Female,1951-12-27,O-,Bengaluru,ICICI Lombard
P10545,Patient 0545,Female,1958-11-08,AB+,Bengaluru,ICICI Lombard
P10546,Patient 0546,Female,1994-02-14,A+,Mumbai,HDFC ERGO
P10547,Patient 0547,Male,1994-01-14,B-,Nashik,Bajaj Allianz
P10548,Patient 0548,Male,2002-02-22,A-,Mumbai,HDFC ERGO
P10549,Patient 0549,Female,1944-07-09,O+,Pune,ICICI Lombard
P10550,Patient 0550,Male,1987-11-14,O-,Bengaluru,Star Health
P10551,Patient 0551,Female,1975-01-15,B+,Kolhapur,HDFC ERGO
P10552,Patient 0552,Male,1998-08-05,AB-,Visakhapatnam,Self Pay
P10553,Patient 0553,Male,1952-11-04,O+,Hyderabad,Bajaj Allianz
P10554,Patient 0554,Male,1992-07-23,A-,Nashik,ICICI Lombard
P10555,Patient 0555,Female,1979-03-20,AB-,Chennai,HDFC ERGO
P10556,Patient 0556,Male,1968-03-03,AB+,Nagpur,Self Pay
P10557,Patient 0557,Male,2000-01-13,A+,Nashik,Star Health
P10558,Patient 0558,Male,1949-07-21,AB-,Chennai,Care Health
P10559,Patient 0559,Male,1946-12-15,O-,Nashik,HDFC ERGO
P10560,Patient 0560,Female,1970-10-27,AB+,Visakhapatnam,Star Health
P10561,Patient 0561,Female,1974-10-06,AB-,Nashik,Star Health
P10562,Patient 0562,Male,1968-08-05,B+,Kolhapur,Care Health
P10563,Patient 0563,Female,1983-12-15,B+,Mumbai,Star Health
P10564,Patient 0564,Male,1969-02-27,O-,Pune,Star Health
P10565,Patient 0565,Female,2006-01-07,B+,Hyderabad,HDFC ERGO
P10566,Patient 0566,Female,1959-06-02,B+,Bengaluru,Star Health
P10567,Patient 0567,Female,1950-11-09,A-,Chennai,HDFC ERGO
P10568,Patient 0568,Male,2006-02-06,B+,Hyderabad,Star Health
P10569,Patient 0569,Female,1988-05-03,O+,Nashik,HDFC ERGO
P10570,Patient 0570,Male,1968-04-12,B+,Mumbai,Self Pay
P10571,Patient 0571,Female,1969-11-22,O+,Hyderabad,Care Health
P10572,Patient 0572,Male,1962-01-27,A-,Mumbai,HDFC ERGO
P10573,Patient 0573,Female,1987-10-02,B+,Chennai,Star Health
P10574,Patient 0574,Female,1941-01-10,O-,Kolhapur,Care Health
P10575,Patient 0575,Female,1996-08-04,AB+,Kolhapur,Star Health
P10576,Patient 0576,Male,1996-01-28,O-,Mumbai,Star Health
P10577,Patient 0577,Female,2001-02-28,AB+,Mumbai,Bajaj Allianz
P10578,Patient 0578,Male,1961-03-11,B-,Pune,Self Pay
P10579,Patient 0579,Female,1955-07-16,AB+,Nagpur,HDFC ERGO
P10580,Patient 0580,Male,1949-08-12,A+,Pune,Star Health
P10581,Patient 0581,Male,1992-12-28,A+,Hyderabad,Self Pay
P10582,Patient 0582,Female,1985-03-11,A+,Delhi,Star Health
P10583,Patient 0583,Male,1949-07-09,A-,Pune,Self Pay
P10584,Patient 0584,Male,1943-04-06,O-,Hyderabad,HDFC ERGO
P10585,Patient 0585,Male,1995-09-19,AB+,Bengaluru,HDFC ERGO
P10586,Patient 0586,Male,1943-06-19,O-,Hyderabad,Care Health
P10587,Patient 0587,Female,1977-07-16,O+,Hyderabad,Self Pay
P10588,Patient 0588,Female,1947-11-09,A+,Mumbai,Self Pay
P10589,Patient 0589,Male,1987-01-24,B-,Visakhapatnam,HDFC ERGO
P10590,Patient 0590,Male,1953-03-14,A-,Nashik,Bajaj Allianz
P10591,Patient 0591,Male,2004-10-25,B-,Mumbai,Care Health
P10592,Patient 0592,Male,2005-02-07,AB+,Mumbai,Bajaj Allianz
P10593,Patient 0593,Female,1957-04-02,B+,Visakhapatnam,Self Pay
P10594,Patient 0594,Female,1941-08-20,B-,Visakhapatnam,Star Health
P10595,Patient 0595,Male,1949-01-09,B+,Nashik,ICICI Lombard
P10596,Patient 0596,Male,1948-08-18,A-,Delhi,Self Pay
P10597,Patient 0597,Male,1977-06-02,B-,Bengaluru,Self Pay
P10598,Patient 0598,Female,1945-03-31,B-,Pune,Star Health
P10599,Patient 0599,Female,1995-01-24,AB-,Hyderabad,ICICI Lombard
P10600,Patient 0600,Male,1982-06-02,A-,Pune,Self Pay
P10601,Patient 0601,Male,1943-02-01,A-,Kolhapur,HDFC ERGO
P10602,Patient 0602,Female,1993-05-29,A+,Chennai,Care Health
P10603,Patient 0603,Female,1983-07-31,AB+,Delhi,Star Health
P10604,Patient 0604,Male,1996-02-27,B-,Chennai,Self Pay
P10605,Patient 0605,Male,1941-03-23,O-,Hyderabad,ICICI Lombard
P10606,Patient 0606,Male,1989-05-23,B-,Visakhapatnam,ICICI Lombard
P10607,Patient 0607,Female,1994-09-29,O+,Hyderabad,ICICI Lombard
P10608,Patient 0608,Male,1989-08-01,A-,Bengaluru,Self Pay
P10609,Patient 0609,Male,1965-12-08,O-,Pune,Bajaj Allianz
P10610,Patient 0610,Female,1943-05-01,A-,Nashik,Bajaj Allianz
P10611,Patient 0611,Male,1960-07-18,AB+,Nagpur,HDFC ERGO
P10612,Patient 0612,Female,2001-01-22,A-,Nagpur,Self Pay
P10613,Patient 0613,Male,1988-09-10,B+,Nashik,Bajaj Allianz
P10614,Patient 0614,Male,1976-06-25,B+,Visakhapatnam,Bajaj Allianz
P10615,Patient 0615,Female,1976-07-18,AB-,Nagpur,Self Pay
P10616,Patient 0616,Male,2003-10-16,B+,Visakhapatnam,HDFC ERGO
P10617,Patient 0617,Female,1948-08-30,B+,Mumbai,Care Health
P10618,Patient 0618,Female,1969-10-12,AB+,Bengaluru,Self Pay
P10619,Patient 0619,Male,1959-11-23,B-,Delhi,Self Pay
P10620,Patient 0620,Female,1990-09-23,B+,Pune,Care Health
P10621,Patient 0621,Male,1944-02-28,O-,Pune,Star Health
P10622,Patient 0622,Female,1955-10-25,AB-,Delhi,Bajaj Allianz
P10623,Patient 0623,Male,1958-12-09,A-,Hyderabad,Care Health
P10624,Patient 0624,Female,1946-04-04,B+,Hyderabad,ICICI Lombard
P10625,Patient 0625,Male,1947-12-26,AB-,Chennai,Self Pay
P10626,Patient 0626,Male,1970-03-18,AB+,Hyderabad,HDFC ERGO
P10627,Patient 0627,Female,1981-10-13,O+,Visakhapatnam,HDFC ERGO
P10628,Patient 0628,Female,1959-06-02,O+,Nashik,Bajaj Allianz
P10629,Patient 0629,Male,1984-03-20,O+,Mumbai,HDFC ERGO
P10630,Patient 0630,Male,1987-06-30,A-,Delhi,Star Health
P10631,Patient 0631,Female,1996-03-16,AB-,Visakhapatnam,HDFC ERGO
P10632,Patient 0632,Female,2004-05-21,B+,Visakhapatnam,Star Health
P10633,Patient 0633,Male,1999-05-31,B-,Chennai,ICICI Lombard
P10634,Patient 0634,Male,1942-11-04,A-,Visakhapatnam,Star Health
P10635,Patient 0635,Male,1953-08-11,A-,Bengaluru,ICICI Lombard
P10636,Patient 0636,Female,2003-01-21,O+,Hyderabad,ICICI Lombard
P10637,Patient 0637,Male,1989-12-22,B-,Pune,Care Health
P10638,Patient 0638,Male,1955-02-25,O+,Bengaluru,Self Pay
P10639,Patient 0639,Female,1993-07-01,A-,Mumbai,Care Health
P10640,Patient 0640,Male,1951-09-11,B+,Mumbai,Bajaj Allianz
P10641,Patient 0641,Male,1946-10-16,O+,Mumbai,HDFC ERGO
P10642,Patient 0642,Male,1965-08-13,O+,Hyderabad,Bajaj Allianz
P10643,Patient 0643,Male,1975-12-10,O-,Visakhapatnam,Care Health
P10644,Patient 0644,Male,1951-06-21,O+,Mumbai,HDFC ERGO
P10645,Patient 0645,Female,1995-01-05,A-,Delhi,ICICI Lombard
P10646,Patient 0646,Male,1949-11-17,B+,Pune,ICICI Lombard
P10647,Patient 0647,Female,1982-03-07,B-,Visakhapatnam,Care Health
P10648,Patient 0648,Female,1997-11-09,A+,Chennai,HDFC ERGO
P10649,Patient 0649,Female,1945-01-12,B-,Hyderabad,Self Pay
P10650,Patient 0650,Male,1972-02-07,B+,Nashik,ICICI Lombard
P10651,Patient 0651,Male,1981-10-17,AB+,Bengaluru,Star Health
P10652,Patient 0652,Male,1980-03-22,O+,Kolhapur,Care Health
P10653,Patient 0653,Male,1954-09-29,B-,Bengaluru,Self Pay
P10654,Patient 0654,Male,1990-02-18,AB+,Mumbai,HDFC ERGO
P10655,Patient 0655,Female,1980-02-13,AB+,Pune,Care Health
P10656,Patient 0656,Male,1967-10-24,B+,Chennai,ICICI Lombard
P10657,Patient 0657,Male,2006-08-19,B+,Visakhapatnam,Care Health
P10658,Patient 0658,Male,2004-09-08,O-,Delhi,Bajaj Allianz
P10659,Patient 0659,Female,2003-10-27,O+,Nagpur,Self Pay
P10660,Patient 0660,Male,1942-05-31,A+,Bengaluru,Star Health
P10661,Patient 0661,Female,2005-10-04,AB-,Nagpur,HDFC ERGO
P10662,Patient 0662,Male,1960-08-12,A-,Visakhapatnam,Care Health
P10663,Patient 0663,Female,1994-03-30,B-,Pune,Star Health
P10664,Patient 0664,Female,1971-04-01,B+,Nagpur,Bajaj Allianz
P10665,Patient 0665,Male,1962-10-16,B-,Bengaluru,Care Health
P10666,Patient 0666,Male,2002-04-01,AB-,Nashik,ICICI Lombard
P10667,Patient 0667,Male,1998-01-30,AB-,Kolhapur,Self Pay
P10668,Patient 0668,Male,1972-06-30,O+,Nagpur,ICICI Lombard
P10669,Patient 0669,Female,1945-11-11,AB+,Nashik,Self Pay
P10670,Patient 0670,Female,2002-12-10,O+,Nashik,Self Pay
P10671,Patient 0671,Female,1994-07-27,A-,Mumbai,Bajaj Allianz
P10672,Patient 0672,Female,1951-09-22,A+,Kolhapur,Star Health
P10673,Patient 0673,Male,1977-11-20,B-,Delhi,Self Pay
P10674,Patient 0674,Male,1948-07-06,A-,Bengaluru,Self Pay
P10675,Patient 0675,Female,1970-02-10,O-,Chennai,ICICI Lombard
P10676,Patient 0676,Male,1975-12-20,A+,Visakhapatnam,HDFC ERGO
P10677,Patient 0677,Female,1964-11-10,B-,Chennai,ICICI Lombard
P10678,Patient 0678,Male,1991-01-24,A-,Nagpur,Self Pay
P10679,Patient 0679,Male,1959-09-19,B+,Kolhapur,Self Pay
P10680,Patient 0680,Female,1953-11-29,B-,Nagpur,Self Pay
P10681,Patient 0681,Male,1992-07-22,A-,Kolhapur,Bajaj Allianz
P10682,Patient 0682,Female,1953-08-11,AB-,Bengaluru,HDFC ERGO
P10683,Patient 0683,Female,1953-05-05,A+,Visakhapatnam,ICICI Lombard
P10684,Patient 0684,Female,1981-10-05,A-,Visakhapatnam,ICICI Lombard
P10685,Patient 0685,Female,1975-08-17,B+,Bengaluru,Star Health
P10686,Patient 0686,Female,1985-12-18,O+,Delhi,Care Health
P10687,Patient 0687,Female,1998-11-23,B-,Nashik,Self Pay
P10688,Patient 0688,Male,1955-10-03,O-,Kolhapur,Self Pay
P10689,Patient 0689,Male,1984-04-18,B-,Hyderabad,ICICI Lombard
P10690,Patient 0690,Female,1940-12-03,B-,Hyderabad,Bajaj Allianz
P10691,Patient 0691,Male,1988-07-14,B+,Nashik,Care Health
P10692,Patient 0692,Male,1971-07-15,A+,Nagpur,HDFC ERGO
P10693,Patient 0693,Male,2004-04-22,B-,Kolhapur,Bajaj Allianz
P10694,Patient 0694,Female,1977-12-18,A+,Pune,HDFC ERGO
P10695,Patient 0695,Female,1977-10-31,A-,Visakhapatnam,Self Pay
P10696,Patient 0696,Male,1949-04-17,AB-,Chennai,Bajaj Allianz
P10697,Patient 0697,Female,1942-06-01,O-,Pune,Bajaj Allianz
P10698,Patient 0698,Female,2006-03-09,AB-,Chennai,ICICI Lombard
P10699,Patient 0699,Female,1950-12-03,A+,Visakhapatnam,Star Health
P10700,Patient 0700,Female,1982-06-13,A+,Hyderabad,HDFC ERGO
P10701,Patient 0701,Female,1970-08-13,AB-,Bengaluru,Bajaj Allianz
P10702,Patient 0702,Male,1944-06-26,B-,Delhi,Self Pay
P10703,Patient 0703,Female,1997-10-30,AB+,Mumbai,HDFC ERGO
P10704,Patient 0704,Male,1955-08-22,AB+,Nagpur,Bajaj Allianz
P10705,Patient 0705,Female,1987-07-11,B+,Nashik,HDFC ERGO
P10706,Patient 0706,Female,2006-07-15,O-,Hyderabad,ICICI Lombard
P10707,Patient 0707,Male,1994-06-03,O+,Bengaluru,Bajaj Allianz
P10708,Patient 0708,Male,1994-10-10,AB-,Bengaluru,Self Pay
P10709,Patient 0709,Female,1952-10-26,AB-,Chennai,ICICI Lombard
P10710,Patient 0710,Male,1991-06-21,B+,Bengaluru,ICICI Lombard
P10711,Patient 0711,Female,1967-05-23,O-,Kolhapur,HDFC ERGO
P10712,Patient 0712,Male,1943-09-17,AB+,Nagpur,ICICI Lombard
P10713,Patient 0713,Male,1987-12-29,A-,Mumbai,Self Pay
P10714,Patient 0714,Female,1993-06-12,B-,Hyderabad,Care Health
P10715,Patient 0715,Female,1971-10-30,B-,Kolhapur,Star Health
P10716,Patient 0716,Female,1946-05-14,A-,Hyderabad,ICICI Lombard
P10717,Patient 0717,Male,1941-07-20,A-,Delhi,Self Pay
P10718,Patient 0718,Female,2000-05-27,O-,Mumbai,Bajaj Allianz
P10719,Patient 0719,Female,1960-08-16,AB+,Bengaluru,Bajaj Allianz
P10720,Patient 0720,Female,2003-09-07,B+,Delhi,Star Health
P10721,Patient 0721,Female,1942-01-13,A-,Chennai,Self Pay
P10722,Patient 0722,Female,1954-01-20,B+,Delhi,HDFC ERGO
P10723,Patient 0723,Male,1973-04-21,O-,Pune,Bajaj Allianz
P10724,Patient 0724,Male,1992-05-15,O+,Chennai,Self Pay
P10725,Patient 0725,Female,1943-12-02,A+,Mumbai,Star Health
P10726,Patient 0726,Male,1962-06-16,B-,Nagpur,HDFC ERGO
P10727,Patient 0727,Female,1994-11-10,AB+,Pune,Star Health
P10728,Patient 0728,Male,1958-02-14,B-,Hyderabad,HDFC ERGO
P10729,Patient 0729,Female,1980-04-05,AB+,Nashik,ICICI Lombard
P10730,Patient 0730,Female,2007-12-27,O-,Nashik,Self Pay
P10731,Patient 0731,Male,1955-04-18,A+,Pune,HDFC ERGO
P10732,Patient 0732,Male,1942-11-14,B-,Nagpur,Care Health
P10733,Patient 0733,Male,1942-11-05,A+,Kolhapur,Self Pay
P10734,Patient 0734,Female,1993-12-25,O-,Nashik,Self Pay
P10735,Patient 0735,Female,2005-03-26,AB+,Pune,Care Health
P10736,Patient 0736,Male,2002-01-03,A-,Mumbai,HDFC ERGO
P10737,Patient 0737,Female,1984-12-21,O+,Visakhapatnam,Star Health
P10738,Patient 0738,Male,1970-11-30,B-,Nagpur,Star Health
P10739,Patient 0739,Male,1968-04-12,A+,Nagpur,Care Health
P10740,Patient 0740,Female,1942-10-05,AB-,Kolhapur,Star Health
P10741,Patient 0741,Male,1996-08-17,B-,Chennai,HDFC ERGO
P10742,Patient 0742,Male,1952-05-29,B-,Bengaluru,Star Health
P10743,Patient 0743,Male,1988-12-05,B-,Nashik,Care Health
P10744,Patient 0744,Male,1989-01-06,B+,Bengaluru,HDFC ERGO
P10745,Patient 0745,Male,1950-01-21,A+,Bengaluru,Star Health
P10746,Patient 0746,Male,1970-04-22,A+,Mumbai,ICICI Lombard
P10747,Patient 0747,Female,1952-03-15,B-,Hyderabad,Care Health
P10748,Patient 0748,Male,1958-09-07,O-,Bengaluru,Bajaj Allianz
P10749,Patient 0749,Female,1979-09-10,O-,Nagpur,HDFC ERGO
P10750,Patient 0750,Male,1988-02-13,A-,Kolhapur,Self Pay
P10751,Patient 0751,Male,1984-03-09,B-,Kolhapur,Star Health
P10752,Patient 0752,Female,2006-12-17,B+,Visakhapatnam,Star Health
P10753,Patient 0753,Female,2006-11-27,AB+,Hyderabad,Star Health
P10754,Patient 0754,Male,1985-08-18,B+,Chennai,Care Health
P10755,Patient 0755,Female,1966-07-06,O-,Nagpur,Bajaj Allianz
P10756,Patient 0756,Female,1973-01-25,A-,Nagpur,Star Health
P10757,Patient 0757,Female,1957-09-05,O-,Visakhapatnam,Care Health
P10758,Patient 0758,Male,1981-01-06,O-,Delhi,HDFC ERGO
P10759,Patient 0759,Male,1991-08-13,O-,Visakhapatnam,Self Pay
P10760,Patient 0760,Male,1966-08-27,B-,Bengaluru,Bajaj Allianz
P10761,Patient 0761,Female,1959-02-27,O-,Pune,Bajaj Allianz
P10762,Patient 0762,Male,1943-06-21,A+,Kolhapur,Care Health
P10763,Patient 0763,Female,1943-08-10,O+,Visakhapatnam,Self Pay
P10764,Patient 0764,Male,1998-01-21,AB-,Bengaluru,Self Pay
P10765,Patient 0765,Male,1978-02-15,B-,Nashik,Care Health
P10766,Patient 0766,Female,1994-11-05,A-,Hyderabad,HDFC ERGO
P10767,Patient 0767,Male,1951-09-19,A+,Nagpur,HDFC ERGO
P10768,Patient 0768,Female,1971-03-04,B+,Delhi,HDFC ERGO
P10769,Patient 0769,Female,1965-09-23,O-,Hyderabad,Care Health
P10770,Patient 0770,Female,1943-04-27,AB+,Bengaluru,ICICI Lombard
P10771,Patient 0771,Female,1945-01-31,AB+,Chennai,Self Pay
P10772,Patient 0772,Female,1991-08-05,O+,Nashik,HDFC ERGO
P10773,Patient 0773,Female,2002-05-28,B-,Bengaluru,Self Pay
P10774,Patient 0774,Female,1974-03-26,B+,Pune,HDFC ERGO
P10775,Patient 0775,Male,1950-01-25,O+,Mumbai,Bajaj Allianz
P10776,Patient 0776,Male,1961-03-12,AB-,Bengaluru,ICICI Lombard
P10777,Patient 0777,Male,1941-06-02,AB-,Visakhapatnam,Care Health
P10778,Patient 0778,Male,1947-12-02,O+,Bengaluru,HDFC ERGO
P10779,Patient 0779,Female,1995-07-28,A-,Visakhapatnam,HDFC ERGO
P10780,Patient 0780,Female,1994-05-22,AB+,Chennai,Self Pay
P10781,Patient 0781,Female,1973-01-13,B+,Nagpur,Star Health
P10782,Patient 0782,Male,1980-08-04,B-,Kolhapur,HDFC ERGO
P10783,Patient 0783,Female,1998-08-26,O-,Mumbai,ICICI Lombard
P10784,Patient 0784,Male,1968-07-03,A+,Chennai,Self Pay
P10785,Patient 0785,Female,1988-03-11,B-,Visakhapatnam,ICICI Lombard
P10786,Patient 0786,Female,1968-05-05,B-,Kolhapur,Care Health
P10787,Patient 0787,Male,1962-06-22,B+,Pune,Star Health
P10788,Patient 0788,Male,1979-08-28,AB+,Hyderabad,HDFC ERGO
P10789,Patient 0789,Male,1961-01-17,B+,Mumbai,Self Pay
P10790,Patient 0790,Female,1996-01-25,A+,Delhi,Star Health
P10791,Patient 0791,Female,1980-02-25,O+,Chennai,Bajaj Allianz
P10792,Patient 0792,Female,1960-03-16,B+,Hyderabad,ICICI Lombard
P10793,Patient 0793,Male,1984-12-09,A-,Hyderabad,HDFC ERGO
P10794,Patient 0794,Male,1984-07-09,B-,Bengaluru,Care Health
P10795,Patient 0795,Female,1941-07-10,AB+,Bengaluru,Care Health
P10796,Patient 0796,Female,1994-09-17,O-,Delhi,Care Health
P10797,Patient 0797,Male,1980-07-10,AB-,Delhi,Care Health
P10798,Patient 0798,Male,1945-03-28,A+,Visakhapatnam,ICICI Lombard
P10799,Patient 0799,Female,1950-03-27,AB-,Delhi,HDFC ERGO
P10800,Patient 0800,Male,1955-06-14,B-,Hyderabad,Star Health
P10801,Patient 0801,Male,1953-12-01,B+,Visakhapatnam,Bajaj Allianz
P10802,Patient 0802,Male,1966-04-01,AB-,Kolhapur,Self Pay
P10803,Patient 0803,Female,1976-08-10,A-,Nagpur,ICICI Lombard
P10804,Patient 0804,Female,2004-08-01,B+,Nagpur,ICICI Lombard
P10805,Patient 0805,Female,1988-11-09,B-,Nagpur,Star Health
P10806,Patient 0806,Female,1974-09-07,AB-,Mumbai,Self Pay
P10807,Patient 0807,Male,1995-03-21,O-,Mumbai,Self Pay
P10808,Patient 0808,Male,1950-10-02,O+,Delhi,HDFC ERGO
P10809,Patient 0809,Female,1964-10-21,A+,Nagpur,HDFC ERGO
P10810,Patient 0810,Male,1972-04-12,AB-,Pune,ICICI Lombard
P10811,Patient 0811,Female,1989-03-04,O-,Bengaluru,Care Health
P10812,Patient 0812,Male,1988-12-26,O+,Pune,Bajaj Allianz
P10813,Patient 0813,Male,1981-12-11,O+,Nagpur,HDFC ERGO
P10814,Patient 0814,Male,1946-01-25,AB-,Nagpur,Self Pay
P10815,Patient 0815,Male,1986-01-23,AB+,Bengaluru,Care Health
P10816,Patient 0816,Male,1989-01-03,AB-,Nagpur,Star Health
P10817,Patient 0817,Male,1943-12-26,B-,Chennai,Care Health
P10818,Patient 0818,Female,1980-01-23,O+,Hyderabad,HDFC ERGO
P10819,Patient 0819,Male,1959-07-06,A+,Visakhapatnam,Self Pay
P10820,Patient 0820,Female,1951-06-28,B-,Bengaluru,HDFC ERGO
P10821,Patient 0821,Female,1942-03-20,A-,Nagpur,HDFC ERGO
P10822,Patient 0822,Female,1981-11-12,B+,Mumbai,Bajaj Allianz
P10823,Patient 0823,Female,1949-02-24,AB-,Mumbai,Care Health
P10824,Patient 0824,Female,1995-04-26,AB+,Hyderabad,HDFC ERGO
P10825,Patient 0825,Male,1994-09-21,A+,Mumbai,Self Pay
P10826,Patient 0826,Male,1954-06-16,AB+,Visakhapatnam,ICICI Lombard
P10827,Patient 0827,Male,1941-12-28,AB+,Nashik,ICICI Lombard
P10828,Patient 0828,Female,1979-10-04,AB+,Nashik,Self Pay
P10829,Patient 0829,Female,1957-03-09,AB-,Nashik,Star Health
P10830,Patient 0830,Male,1994-08-14,A+,Hyderabad,ICICI Lombard
P10831,Patient 0831,Male,1988-09-23,A+,Hyderabad,Care Health
P10832,Patient 0832,Female,1962-10-12,O+,Visakhapatnam,Star Health
P10833,Patient 0833,Male,1945-10-31,AB+,Bengaluru,Self Pay
P10834,Patient 0834,Female,1953-08-25,O+,Delhi,HDFC ERGO
P10835,Patient 0835,Female,1948-03-27,O+,Nashik,Care Health
P10836,Patient 0836,Female,1955-05-27,B+,Mumbai,Star Health
P10837,Patient 0837,Female,1953-05-10,AB-,Pune,ICICI Lombard
P10838,Patient 0838,Female,1946-10-22,AB-,Delhi,Care Health
P10839,Patient 0839,Male,1996-08-11,B-,Visakhapatnam,Care Health
P10840,Patient 0840,Female,1986-04-09,O-,Bengaluru,Bajaj Allianz
P10841,Patient 0841,Female,1968-08-14,O+,Mumbai,ICICI Lombard
P10842,Patient 0842,Male,1992-10-06,AB-,Nagpur,Bajaj Allianz
P10843,Patient 0843,Male,1996-03-28,AB+,Bengaluru,ICICI Lombard
P10844,Patient 0844,Male,1990-11-06,O-,Nashik,Care Health
P10845,Patient 0845,Male,1997-07-23,A-,Nashik,Care Health
P10846,Patient 0846,Female,1975-02-12,AB+,Nagpur,Star Health
P10847,Patient 0847,Female,1974-07-08,A+,Visakhapatnam,Care Health
P10848,Patient 0848,Male,1957-12-08,AB-,Kolhapur,Star Health
P10849,Patient 0849,Male,1990-11-21,O-,Bengaluru,Care Health
P10850,Patient 0850,Female,1961-01-27,AB-,Nagpur,Bajaj Allianz
P10851,Patient 0851,Male,1941-09-19,B-,Visakhapatnam,Star Health
P10852,Patient 0852,Male,1987-11-21,O+,Visakhapatnam,Self Pay
P10853,Patient 0853,Female,1966-06-11,A-,Hyderabad,HDFC ERGO
P10854,Patient 0854,Female,1990-12-07,AB-,Bengaluru,Self Pay
P10855,Patient 0855,Male,1991-05-04,B-,Mumbai,Star Health
P10856,Patient 0856,Male,1976-02-25,B-,Kolhapur,Self Pay
P10857,Patient 0857,Male,1946-08-23,A-,Chennai,Star Health
P10858,Patient 0858,Female,1942-02-09,AB+,Pune,HDFC ERGO
P10859,Patient 0859,Female,1973-05-21,AB+,Bengaluru,Self Pay
P10860,Patient 0860,Male,1980-11-16,AB+,Delhi,ICICI Lombard
P10861,Patient 0861,Female,1984-10-25,B+,Visakhapatnam,Star Health
P10862,Patient 0862,Female,1957-12-27,O+,Hyderabad,Self Pay
P10863,Patient 0863,Male,1999-01-26,O-,Nagpur,Care Health
P10864,Patient 0864,Male,2006-03-10,O+,Nashik,Care Health
P10865,Patient 0865,Female,1996-07-18,AB+,Nagpur,Star Health
P10866,Patient 0866,Male,1961-04-26,A-,Nagpur,Bajaj Allianz
P10867,Patient 0867,Male,1980-03-11,B+,Kolhapur,Star Health
P10868,Patient 0868,Female,1944-08-07,O+,Bengaluru,Self Pay
P10869,Patient 0869,Female,1977-01-13,AB+,Nagpur,Bajaj Allianz
P10870,Patient 0870,Female,1942-06-06,B+,Kolhapur,Bajaj Allianz
P10871,Patient 0871,Female,1941-05-16,O-,Chennai,ICICI Lombard
P10872,Patient 0872,Female,1949-02-15,A-,Mumbai,Self Pay
P10873,Patient 0873,Male,1947-11-12,AB+,Chennai,Care Health
P10874,Patient 0874,Female,1972-09-19,O-,Bengaluru,Self Pay
P10875,Patient 0875,Male,1994-12-07,A+,Nashik,ICICI Lombard
P10876,Patient 0876,Male,1997-05-02,O-,Chennai,Bajaj Allianz
P10877,Patient 0877,Female,1944-11-15,AB-,Kolhapur,Care Health
P10878,Patient 0878,Female,1970-06-17,A-,Kolhapur,Star Health
P10879,Patient 0879,Male,1988-11-24,O-,Pune,HDFC ERGO
P10880,Patient 0880,Female,1990-07-22,O-,Visakhapatnam,ICICI Lombard
P10881,Patient 0881,Male,1961-09-21,B-,Delhi,HDFC ERGO
P10882,Patient 0882,Male,1956-08-08,B-,Delhi,HDFC ERGO
P10883,Patient 0883,Male,1956-01-21,O-,Bengaluru,HDFC ERGO
P10884,Patient 0884,Female,1980-03-12,O-,Visakhapatnam,Care Health
P10885,Patient 0885,Female,1969-05-05,A-,Pune,Care Health
P10886,Patient 0886,Male,1963-06-08,B-,Hyderabad,Star Health
P10887,Patient 0887,Female,1943-05-02,O+,Nagpur,Bajaj Allianz
P10888,Patient 0888,Male,1944-02-29,A-,Chennai,Self Pay
P10889,Patient 0889,Female,1979-04-19,A+,Visakhapatnam,HDFC ERGO
P10890,Patient 0890,Male,1946-03-17,A-,Nagpur,Star Health
P10891,Patient 0891,Male,1993-08-31,AB+,Hyderabad,Care Health
P10892,Patient 0892,Female,1979-05-24,AB+,Nashik,Bajaj Allianz
P10893,Patient 0893,Male,1979-04-29,B+,Pune,Bajaj Allianz
P10894,Patient 0894,Male,1945-05-18,B-,Nagpur,Care Health
P10895,Patient 0895,Female,1974-01-29,O-,Pune,Star Health
P10896,Patient 0896,Female,1955-04-11,AB-,Pune,Self Pay
P10897,Patient 0897,Male,1951-10-24,B-,Visakhapatnam,HDFC ERGO
P10898,Patient 0898,Male,1953-03-06,O+,Kolhapur,ICICI Lombard
P10899,Patient 0899,Male,1995-11-17,A-,Mumbai,Star Health
P10900,Patient 0900,Male,1970-11-12,AB-,Bengaluru,HDFC ERGO
P10901,Patient 0901,Male,1969-03-12,AB-,Delhi,Care Health
P10902,Patient 0902,Female,1959-08-30,O-,Pune,Bajaj Allianz
P10903,Patient 0903,Female,1947-03-31,O-,Visakhapatnam,Self Pay
P10904,Patient 0904,Male,2007-03-09,B-,Visakhapatnam,Star Health
P10905,Patient 0905,Male,1961-05-29,AB-,Nagpur,Self Pay
P10906,Patient 0906,Male,2007-11-11,AB-,Nagpur,Bajaj Allianz
P10907,Patient 0907,Male,1972-05-20,AB+,Chennai,HDFC ERGO
P10908,Patient 0908,Female,1984-02-23,A+,Pune,Self Pay
P10909,Patient 0909,Male,1985-09-12,O-,Mumbai,Bajaj Allianz
P10910,Patient 0910,Male,2002-03-12,A-,Bengaluru,HDFC ERGO
P10911,Patient 0911,Female,1976-08-01,B-,Bengaluru,Self Pay
P10912,Patient 0912,Male,1964-11-26,O-,Nashik,Bajaj Allianz
P10913,Patient 0913,Female,1962-02-27,AB+,Nashik,Bajaj Allianz
P10914,Patient 0914,Male,1989-05-15,O+,Chennai,Self Pay
P10915,Patient 0915,Female,1995-05-12,O-,Delhi,HDFC ERGO
P10916,Patient 0916,Female,1966-11-07,O+,Nashik,Bajaj Allianz
P10917,Patient 0917,Female,1970-09-18,B+,Hyderabad,Bajaj Allianz
P10918,Patient 0918,Female,1993-12-23,AB-,Chennai,HDFC ERGO
P10919,Patient 0919,Male,1993-12-27,AB-,Bengaluru,Star Health
P10920,Patient 0920,Male,1958-08-25,B-,Bengaluru,Bajaj Allianz
P10921,Patient 0921,Female,1960-08-22,A+,Mumbai,Star Health
P10922,Patient 0922,Female,1955-07-01,A+,Visakhapatnam,Bajaj Allianz
P10923,Patient 0923,Male,1945-05-05,B-,Hyderabad,Self Pay
P10924,Patient 0924,Male,1991-12-10,B-,Delhi,HDFC ERGO
P10925,Patient 0925,Male,2003-10-27,AB+,Nagpur,Star Health
P10926,Patient 0926,Male,1985-08-21,O+,Chennai,ICICI Lombard
P10927,Patient 0927,Male,1953-12-30,B-,Nashik,Care Health
P10928,Patient 0928,Female,1987-01-02,O+,Kolhapur,Self Pay
P10929,Patient 0929,Male,1944-02-17,O-,Mumbai,Care Health
P10930,Patient 0930,Male,1989-03-03,O-,Bengaluru,Star Health
P10931,Patient 0931,Female,2002-10-17,B+,Kolhapur,Care Health
P10932,Patient 0932,Female,1999-07-25,O+,Chennai,Bajaj Allianz
P10933,Patient 0933,Female,1971-01-16,AB+,Pune,HDFC ERGO
P10934,Patient 0934,Female,1985-09-10,O-,Delhi,Bajaj Allianz
P10935,Patient 0935,Male,1992-04-08,AB-,Pune,ICICI Lombard
P10936,Patient 0936,Female,1973-01-16,AB-,Chennai,Bajaj Allianz
P10937,Patient 0937,Female,1979-11-26,O-,Pune,HDFC ERGO
P10938,Patient 0938,Male,2005-02-07,O-,Delhi,ICICI Lombard
P10939,Patient 0939,Female,1957-09-29,O-,Visakhapatnam,Self Pay
P10940,Patient 0940,Female,1959-08-10,O+,Chennai,Care Health
P10941,Patient 0941,Male,1990-12-16,AB-,Kolhapur,ICICI Lombard
P10942,Patient 0942,Male,1942-03-27,AB-,Pune,Self Pay
P10943,Patient 0943,Male,1962-10-24,A-,Delhi,Bajaj Allianz
P10944,Patient 0944,Male,1966-07-17,O-,Nashik,ICICI Lombard
P10945,Patient 0945,Male,1995-05-01,B+,Nagpur,Care Health
P10946,Patient 0946,Female,1990-10-18,O-,Delhi,Self Pay
P10947,Patient 0947,Male,1998-03-02,AB+,Mumbai,Bajaj Allianz
P10948,Patient 0948,Female,1976-08-05,AB+,Nagpur,ICICI Lombard
P10949,Patient 0949,Female,1991-02-15,AB-,Nashik,Care Health
P10950,Patient 0950,Female,1981-03-12,O-,Hyderabad,Care Health
P10951,Patient 0951,Female,1987-04-24,A+,Kolhapur,Self Pay
P10952,Patient 0952,Male,1985-05-27,AB+,Bengaluru,Star Health
P10953,Patient 0953,Male,1962-07-09,O-,Nashik,Bajaj Allianz
P10954,Patient 0954,Female,1990-07-27,B+,Visakhapatnam,Star Health
P10955,Patient 0955,Female,1951-08-22,B-,Nagpur,Bajaj Allianz
P10956,Patient 0956,Female,1968-09-02,O-,Visakhapatnam,Self Pay
P10957,Patient 0957,Male,1972-08-31,B+,Nagpur,Star Health
P10958,Patient 0958,Female,1986-04-07,AB-,Mumbai,ICICI Lombard
P10959,Patient 0959,Male,1974-08-12,AB-,Hyderabad,Care Health
P10960,Patient 0960,Female,1964-12-13,A-,Bengaluru,Bajaj Allianz
P10961,Patient 0961,Female,1944-04-15,O+,Mumbai,HDFC ERGO
P10962,Patient 0962,Male,1989-07-25,AB+,Nashik,Bajaj Allianz
P10963,Patient 0963,Female,1964-06-11,O+,Visakhapatnam,Self Pay
P10964,Patient 0964,Male,2001-03-30,O-,Nagpur,Bajaj Allianz
P10965,Patient 0965,Male,1955-08-28,O+,Nashik,Bajaj Allianz
P10966,Patient 0966,Male,1948-05-14,AB+,Delhi,HDFC ERGO
P10967,Patient 0967,Female,1965-01-31,AB+,Hyderabad,Self Pay
P10968,Patient 0968,Female,2003-03-11,O-,Kolhapur,ICICI Lombard
P10969,Patient 0969,Female,1980-03-05,AB-,Delhi,ICICI Lombard
P10970,Patient 0970,Male,1979-02-12,AB+,Visakhapatnam,HDFC ERGO
P10971,Patient 0971,Female,1960-10-03,A+,Hyderabad,Bajaj Allianz
P10972,Patient 0972,Female,1968-12-03,A+,Hyderabad,Self Pay
P10973,Patient 0973,Male,1997-07-29,B-,Nashik,Star Health
P10974,Patient 0974,Female,1959-02-27,AB+,Delhi,Self Pay
P10975,Patient 0975,Male,1958-05-30,A-,Nashik,Self Pay
P10976,Patient 0976,Female,2003-08-14,B-,Nashik,Care Health
P10977,Patient 0977,Male,1992-08-14,AB-,Nashik,Bajaj Allianz
P10978,Patient 0978,Male,1989-06-26,AB+,Visakhapatnam,ICICI Lombard
P10979,Patient 0979,Male,1976-03-20,A+,Nagpur,Star Health
P10980,Patient 0980,Female,1944-01-11,A-,Nagpur,Self Pay
P10981,Patient 0981,Male,1953-07-11,O-,Visakhapatnam,HDFC ERGO
P10982,Patient 0982,Male,1979-01-08,B-,Bengaluru,ICICI Lombard
P10983,Patient 0983,Female,1969-11-27,A-,Kolhapur,Bajaj Allianz
P10984,Patient 0984,Female,1952-12-05,AB+,Mumbai,Self Pay
P10985,Patient 0985,Male,1972-04-17,B+,Kolhapur,Care Health
P10986,Patient 0986,Male,1940-01-24,A-,Visakhapatnam,HDFC ERGO
P10987,Patient 0987,Male,2000-12-02,A-,Pune,HDFC ERGO
P10988,Patient 0988,Male,1960-03-30,AB-,Mumbai,Bajaj Allianz
P10989,Patient 0989,Female,1996-03-04,A+,Bengaluru,Star Health
P10990,Patient 0990,Female,1978-06-24,O-,Chennai,ICICI Lombard
P10991,Patient 0991,Female,1983-01-25,AB+,Mumbai,HDFC ERGO
P10992,Patient 0992,Male,1993-05-21,A-,Hyderabad,Care Health
P10993,Patient 0993,Female,1963-02-21,AB+,Visakhapatnam,ICICI Lombard
P10994,Patient 0994,Female,1942-08-26,A+,Chennai,ICICI Lombard
P10995,Patient 0995,Female,1984-04-21,AB-,Kolhapur,Star Health
P10996,Patient 0996,Female,1969-07-25,AB+,Chennai,Star Health
P10997,Patient 0997,Female,1940-09-19,O+,Visakhapatnam,ICICI Lombard
P10998,Patient 0998,Female,1946-10-27,A+,Kolhapur,Care Health
P10999,Patient 0999,Male,1983-10-26,A+,Visakhapatnam,Care Health
P11000,Patient 1000,Female,2007-09-10,O-,Delhi,HDFC ERGO
P11001,Patient 1001,Female,1969-11-28,B-,Pune,HDFC ERGO
P11002,Patient 1002,Female,1956-03-03,AB-,Bengaluru,ICICI Lombard
P11003,Patient 1003,Male,1968-11-01,AB-,Bengaluru,HDFC ERGO
P11004,Patient 1004,Female,1971-10-12,O-,Hyderabad,Star Health
P11005,Patient 1005,Female,1992-10-15,O+,Pune,Star Health
P11006,Patient 1006,Male,1951-05-31,AB+,Pune,ICICI Lombard
P11007,Patient 1007,Male,2005-09-11,B+,Hyderabad,Self Pay
P11008,Patient 1008,Female,1978-01-08,O+,Kolhapur,ICICI Lombard
P11009,Patient 1009,Female,1970-06-30,B-,Hyderabad,Self Pay
P11010,Patient 1010,Female,1965-11-21,AB-,Kolhapur,HDFC ERGO
P11011,Patient 1011,Male,1970-05-18,A+,Hyderabad,HDFC ERGO
P11012,Patient 1012,Female,1945-11-11,AB-,Mumbai,Self Pay
P11013,Patient 1013,Male,1990-04-20,O+,Mumbai,Star Health
P11014,Patient 1014,Male,1982-06-17,B+,Delhi,ICICI Lombard
P11015,Patient 1015,Male,1962-07-17,A-,Nagpur,Self Pay
P11016,Patient 1016,Male,1972-11-30,A-,Hyderabad,Care Health
P11017,Patient 1017,Male,1996-06-28,O-,Pune,Star Health
P11018,Patient 1018,Male,1990-10-23,AB-,Mumbai,Star Health
P11019,Patient 1019,Male,2002-05-28,AB-,Nashik,Self Pay
P11020,Patient 1020,Male,1990-12-12,B-,Kolhapur,Self Pay
P11021,Patient 1021,Male,1972-07-31,AB-,Mumbai,HDFC ERGO
P11022,Patient 1022,Male,1973-06-30,B+,Mumbai,Star Health
P11023,Patient 1023,Male,1981-04-11,AB-,Visakhapatnam,Self Pay
P11024,Patient 1024,Female,2003-01-03,AB+,Kolhapur,ICICI Lombard
P11025,Patient 1025,Male,2002-10-06,O+,Bengaluru,HDFC ERGO
P11026,Patient 1026,Male,1951-07-25,O-,Chennai,Bajaj Allianz
P11027,Patient 1027,Male,1988-11-17,B+,Kolhapur,HDFC ERGO
P11028,Patient 1028,Male,1957-08-10,B-,Delhi,Care Health
P11029,Patient 1029,Female,1968-01-21,AB+,Visakhapatnam,Self Pay
P11030,Patient 1030,Female,1952-11-26,AB+,Kolhapur,Self Pay
P11031,Patient 1031,Female,1972-06-25,O+,Kolhapur,HDFC ERGO
P11032,Patient 1032,Female,2007-12-27,A-,Nagpur,ICICI Lombard
P11033,Patient 1033,Female,1962-06-11,B+,Visakhapatnam,ICICI Lombard
P11034,Patient 1034,Male,1946-08-16,O+,Kolhapur,HDFC ERGO
P11035,Patient 1035,Male,1981-01-01,AB+,Chennai,HDFC ERGO
P11036,Patient 1036,Male,2001-12-08,B-,Chennai,HDFC ERGO
P11037,Patient 1037,Male,1988-09-25,O+,Nashik,Star Health
P11038,Patient 1038,Female,1957-07-07,A-,Visakhapatnam,Star Health
P11039,Patient 1039,Female,1993-07-15,AB+,Bengaluru,HDFC ERGO
P11040,Patient 1040,Male,2003-07-31,O+,Kolhapur,Care Health
P11041,Patient 1041,Female,1984-09-15,B+,Nagpur,Care Health
P11042,Patient 1042,Female,2004-05-03,A-,Nagpur,HDFC ERGO
P11043,Patient 1043,Male,1979-01-29,B+,Pune,Bajaj Allianz
P11044,Patient 1044,Male,1955-05-27,B+,Bengaluru,Bajaj Allianz
P11045,Patient 1045,Male,1955-06-04,B+,Nagpur,HDFC ERGO
P11046,Patient 1046,Male,1957-09-11,O+,Chennai,Star Health
P11047,Patient 1047,Male,1969-01-18,A-,Pune,Care Health
P11048,Patient 1048,Male,1998-06-16,O+,Hyderabad,HDFC ERGO
P11049,Patient 1049,Male,1982-07-10,O+,Nagpur,Star Health
P11050,Patient 1050,Male,1986-02-25,O+,Delhi,Self Pay
P11051,Patient 1051,Female,1958-10-06,AB+,Visakhapatnam,HDFC ERGO
P11052,Patient 1052,Female,1974-07-23,AB-,Nagpur,Care Health
P11053,Patient 1053,Female,2007-05-15,A+,Mumbai,HDFC ERGO
P11054,Patient 1054,Male,1980-03-11,AB+,Bengaluru,Star Health
P11055,Patient 1055,Male,2002-10-15,A-,Mumbai,Star Health
P11056,Patient 1056,Female,1984-07-22,A+,Nashik,Care Health
P11057,Patient 1057,Male,1998-05-07,A+,Nagpur,ICICI Lombard
P11058,Patient 1058,Male,1993-08-15,A+,Hyderabad,ICICI Lombard
P11059,Patient 1059,Female,1955-12-10,AB-,Mumbai,Self Pay
P11060,Patient 1060,Female,1985-08-31,O+,Mumbai,HDFC ERGO
P11061,Patient 1061,Male,1956-02-23,O-,Bengaluru,Star Health
P11062,Patient 1062,Male,1993-03-09,B-,Pune,ICICI Lombard
P11063,Patient 1063,Male,1998-09-23,A-,Hyderabad,Care Health
P11064,Patient 1064,Male,1977-06-19,O-,Mumbai,ICICI Lombard
P11065,Patient 1065,Male,1991-09-20,AB-,Kolhapur,Star Health
P11066,Patient 1066,Male,1948-03-08,AB-,Hyderabad,HDFC ERGO
P11067,Patient 1067,Male,1986-02-02,B-,Kolhapur,Star Health
P11068,Patient 1068,Female,1983-03-13,A+,Nagpur,Care Health
P11069,Patient 1069,Female,1945-08-06,O+,Mumbai,Care Health
P11070,Patient 1070,Female,1944-02-25,B-,Mumbai,Star Health
P11071,Patient 1071,Male,1949-12-16,O-,Chennai,ICICI Lombard
P11072,Patient 1072,Male,1965-07-05,O-,Chennai,HDFC ERGO
P11073,Patient 1073,Male,1955-03-22,B-,Bengaluru,Care Health
P11074,Patient 1074,Male,1942-06-30,AB-,Visakhapatnam,ICICI Lombard
P11075,Patient 1075,Male,2007-10-20,A-,Visakhapatnam,ICICI Lombard
P11076,Patient 1076,Female,1987-04-08,B+,Pune,Self Pay
P11077,Patient 1077,Female,1951-08-01,O+,Bengaluru,Star Health
P11078,Patient 1078,Female,1961-07-06,O-,Visakhapatnam,Self Pay
P11079,Patient 1079,Male,1969-07-08,O-,Bengaluru,Star Health
P11080,Patient 1080,Female,1960-03-28,B-,Mumbai,ICICI Lombard
P11081,Patient 1081,Male,1957-04-22,O+,Chennai,HDFC ERGO
P11082,Patient 1082,Male,1979-03-03,B-,Chennai,Star Health
P11083,Patient 1083,Male,1981-12-22,A+,Chennai,Star Health
P11084,Patient 1084,Female,1989-01-01,O+,Visakhapatnam,ICICI Lombard
P11085,Patient 1085,Female,1975-04-14,A+,Hyderabad,Self Pay
P11086,Patient 1086,Male,1986-08-24,O-,Delhi,HDFC ERGO
P11087,Patient 1087,Female,1990-01-14,AB-,Mumbai,Care Health
P11088,Patient 1088,Female,1991-08-18,A+,Nagpur,Bajaj Allianz
P11089,Patient 1089,Male,1949-01-28,O+,Bengaluru,Bajaj Allianz
P11090,Patient 1090,Male,1995-03-24,AB+,Chennai,Bajaj Allianz
P11091,Patient 1091,Male,1957-02-27,O+,Chennai,ICICI Lombard
P11092,Patient 1092,Female,1982-11-13,B-,Chennai,Star Health
P11093,Patient 1093,Male,1955-09-24,A+,Mumbai,ICICI Lombard
P11094,Patient 1094,Female,2002-01-04,A-,Chennai,ICICI Lombard
P11095,Patient 1095,Male,2004-08-05,AB+,Pune,Star Health
P11096,Patient 1096,Female,1977-03-22,AB-,Bengaluru,Star Health
P11097,Patient 1097,Male,1972-12-29,B+,Mumbai,Self Pay
P11098,Patient 1098,Female,1952-02-11,B-,Bengaluru,Self Pay
P11099,Patient 1099,Female,1957-09-08,B-,Kolhapur,Star Health
P11100,Patient 1100,Female,1997-12-01,A-,Nashik,Star Health
P11101,Patient 1101,Female,1997-01-04,B+,Pune,Star Health
P11102,Patient 1102,Male,1977-01-25,O-,Hyderabad,ICICI Lombard
P11103,Patient 1103,Female,2002-08-14,B+,Hyderabad,ICICI Lombard
P11104,Patient 1104,Male,1985-01-16,AB-,Delhi,Self Pay
P11105,Patient 1105,Male,1947-05-16,AB-,Pune,Star Health
P11106,Patient 1106,Female,1959-11-12,AB+,Bengaluru,ICICI Lombard
P11107,Patient 1107,Male,1940-11-18,O-,Hyderabad,Star Health
P11108,Patient 1108,Male,1947-11-30,B-,Nashik,Self Pay
P11109,Patient 1109,Female,1942-03-01,A+,Hyderabad,Self Pay
P11110,Patient 1110,Male,1965-12-02,AB-,Chennai,Bajaj Allianz
P11111,Patient 1111,Female,1947-06-08,A-,Delhi,HDFC ERGO
P11112,Patient 1112,Male,1992-03-01,A-,Mumbai,ICICI Lombard
P11113,Patient 1113,Male,1993-03-16,A-,Nagpur,ICICI Lombard
P11114,Patient 1114,Male,1982-02-24,O+,Nagpur,HDFC ERGO
P11115,Patient 1115,Female,2005-06-27,O-,Hyderabad,Bajaj Allianz
P11116,Patient 1116,Female,2006-11-12,O-,Bengaluru,ICICI Lombard
P11117,Patient 1117,Female,1957-02-13,AB-,Bengaluru,ICICI Lombard
P11118,Patient 1118,Female,1978-06-22,AB-,Chennai,Care Health
P11119,Patient 1119,Male,2004-12-11,A-,Hyderabad,ICICI Lombard
P11120,Patient 1120,Male,1977-03-08,O-,Hyderabad,Care Health
P11121,Patient 1121,Female,1960-07-21,O-,Nagpur,HDFC ERGO
P11122,Patient 1122,Male,2001-08-13,AB-,Kolhapur,Star Health
P11123,Patient 1123,Male,1993-04-20,O+,Hyderabad,HDFC ERGO
P11124,Patient 1124,Male,2001-11-14,A+,Mumbai,Self Pay
P11125,Patient 1125,Female,1955-11-30,A+,Delhi,ICICI Lombard
P11126,Patient 1126,Female,1995-05-21,AB+,Delhi,ICICI Lombard
P11127,Patient 1127,Male,1969-10-30,O-,Mumbai,Star Health
P11128,Patient 1128,Male,1958-01-18,B-,Kolhapur,Care Health
P11129,Patient 1129,Female,1977-08-11,A+,Bengaluru,Self Pay
P11130,Patient 1130,Female,1971-03-31,AB+,Nagpur,HDFC ERGO
P11131,Patient 1131,Male,1946-08-26,B+,Delhi,ICICI Lombard
P11132,Patient 1132,Female,1943-02-05,B-,Pune,Self Pay
P11133,Patient 1133,Male,1990-07-27,O-,Nashik,Bajaj Allianz
P11134,Patient 1134,Male,1990-08-08,A+,Nagpur,Care Health
P11135,Patient 1135,Female,1986-06-26,O+,Kolhapur,ICICI Lombard
P11136,Patient 1136,Female,1999-03-05,B+,Pune,ICICI Lombard
P11137,Patient 1137,Male,1952-12-21,AB+,Hyderabad,Bajaj Allianz
P11138,Patient 1138,Female,1968-08-20,A+,Mumbai,Care Health
P11139,Patient 1139,Female,1956-08-30,O-,Hyderabad,Care Health
P11140,Patient 1140,Female,2000-02-05,A+,Chennai,Star Health
P11141,Patient 1141,Female,1997-09-23,AB-,Visakhapatnam,Care Health
P11142,Patient 1142,Female,1951-08-03,B+,Mumbai,Self Pay
P11143,Patient 1143,Male,1964-11-01,A+,Pune,Self Pay
P11144,Patient 1144,Male,1962-11-24,A-,Nashik,Star Health
P11145,Patient 1145,Male,2000-09-09,O+,Visakhapatnam,Care Health
P11146,Patient 1146,Male,1989-02-15,AB-,Chennai,Care Health
P11147,Patient 1147,Female,1980-03-25,AB-,Bengaluru,Self Pay
P11148,Patient 1148,Male,2005-11-03,A+,Chennai,Bajaj Allianz
P11149,Patient 1149,Male,2002-03-21,O+,Visakhapatnam,Self Pay
P11150,Patient 1150,Male,1992-03-10,AB-,Delhi,Self Pay
P11151,Patient 1151,Male,1974-05-05,B-,Nagpur,ICICI Lombard
P11152,Patient 1152,Male,1969-04-06,B+,Kolhapur,Bajaj Allianz
P11153,Patient 1153,Female,1977-08-04,B-,Hyderabad,Care Health
P11154,Patient 1154,Male,1978-06-22,AB+,Bengaluru,ICICI Lombard
P11155,Patient 1155,Female,1976-10-22,B-,Kolhapur,ICICI Lombard
P11156,Patient 1156,Female,1972-06-03,O+,Chennai,Star Health
P11157,Patient 1157,Male,1946-04-10,A-,Nashik,Self Pay
P11158,Patient 1158,Male,2005-10-13,AB-,Hyderabad,ICICI Lombard
P11159,Patient 1159,Male,1962-03-18,O+,Bengaluru,Self Pay
P11160,Patient 1160,Female,1979-02-25,AB-,Kolhapur,Care Health
P11161,Patient 1161,Female,2001-04-28,O-,Hyderabad,Bajaj Allianz
P11162,Patient 1162,Male,1979-05-20,A-,Hyderabad,ICICI Lombard
P11163,Patient 1163,Female,1979-08-05,AB-,Bengaluru,HDFC ERGO
P11164,Patient 1164,Female,1986-09-14,B-,Pune,HDFC ERGO
P11165,Patient 1165,Male,1976-08-07,O-,Nagpur,ICICI Lombard
P11166,Patient 1166,Male,1960-06-17,O-,Pune,Self Pay
P11167,Patient 1167,Female,1966-01-17,AB+,Hyderabad,Care Health
P11168,Patient 1168,Female,1941-10-29,O-,Visakhapatnam,Star Health
P11169,Patient 1169,Female,2005-09-30,O-,Mumbai,Self Pay
P11170,Patient 1170,Female,1953-06-27,A+,Visakhapatnam,Star Health
P11171,Patient 1171,Female,1988-06-11,A-,Bengaluru,HDFC ERGO
P11172,Patient 1172,Male,1995-10-29,B-,Hyderabad,Care Health
P11173,Patient 1173,Female,1966-01-02,O+,Hyderabad,Star Health
P11174,Patient 1174,Female,1970-09-06,B-,Nashik,Bajaj Allianz
P11175,Patient 1175,Female,1952-07-17,B-,Nagpur,Bajaj Allianz
P11176,Patient 1176,Male,1991-09-12,A+,Nashik,Bajaj Allianz
P11177,Patient 1177,Male,2007-09-01,B+,Bengaluru,Star Health
P11178,Patient 1178,Male,1954-06-16,AB-,Delhi,ICICI Lombard
P11179,Patient 1179,Male,1983-12-07,AB-,Pune,ICICI Lombard
P11180,Patient 1180,Male,1976-02-21,O+,Nashik,Self Pay
P11181,Patient 1181,Female,1946-08-30,O-,Bengaluru,Star Health
P11182,Patient 1182,Female,1949-03-02,AB+,Pune,HDFC ERGO
P11183,Patient 1183,Male,1951-10-21,O+,Bengaluru,Self Pay
P11184,Patient 1184,Female,1988-04-23,B+,Delhi,Bajaj Allianz
P11185,Patient 1185,Male,1976-05-13,AB-,Nagpur,Self Pay
P11186,Patient 1186,Male,1998-10-16,AB+,Nagpur,Self Pay
P11187,Patient 1187,Male,1997-08-13,O+,Bengaluru,HDFC ERGO
P11188,Patient 1188,Male,1966-08-19,AB+,Nashik,ICICI Lombard
P11189,Patient 1189,Male,1970-06-15,B-,Nagpur,Star Health
P11190,Patient 1190,Male,2003-02-08,A-,Mumbai,Star Health
P11191,Patient 1191,Male,1977-10-01,B-,Nashik,Care Health
P11192,Patient 1192,Female,1947-06-18,A+,Kolhapur,Star Health
P11193,Patient 1193,Male,1998-06-30,O-,Chennai,Bajaj Allianz
P11194,Patient 1194,Female,1998-08-28,AB-,Bengaluru,Star Health
P11195,Patient 1195,Female,2003-07-05,AB+,Bengaluru,ICICI Lombard
P11196,Patient 1196,Female,1967-08-13,O+,Bengaluru,Bajaj Allianz
P11197,Patient 1197,Female,1954-11-10,O-,Delhi,ICICI Lombard
P11198,Patient 1198,Male,1955-04-17,A-,Bengaluru,Bajaj Allianz
P11199,Patient 1199,Male,1999-08-08,O+,Nagpur,Self Pay
P11200,Patient 1200,Female,2002-12-08,AB-,Nagpur,Self Pay
P11201,Patient 1201,Male,1952-02-23,AB+,Chennai,HDFC ERGO
P11202,Patient 1202,Female,1995-04-01,AB+,Chennai,Self Pay
P11203,Patient 1203,Female,1990-03-06,B-,Visakhapatnam,Star Health
P11204,Patient 1204,Female,1949-05-19,A-,Nashik,Bajaj Allianz
P11205,Patient 1205,Female,2000-08-06,A-,Nagpur,Star Health
P11206,Patient 1206,Female,1975-12-30,AB-,Nagpur,Star Health
P11207,Patient 1207,Female,1943-09-07,AB+,Delhi,Self Pay
P11208,Patient 1208,Male,1981-12-08,O-,Nagpur,HDFC ERGO
P11209,Patient 1209,Female,1940-03-05,A-,Nagpur,Self Pay
P11210,Patient 1210,Male,1953-07-21,A-,Visakhapatnam,HDFC ERGO
P11211,Patient 1211,Male,1990-05-03,O+,Mumbai,Self Pay
P11212,Patient 1212,Female,1996-06-24,AB-,Visakhapatnam,Self Pay
P11213,Patient 1213,Male,1971-10-22,B-,Mumbai,HDFC ERGO
P11214,Patient 1214,Male,1986-03-11,O+,Visakhapatnam,Care Health
P11215,Patient 1215,Male,1961-09-08,O+,Nagpur,Care Health
P11216,Patient 1216,Female,2003-07-25,B+,Visakhapatnam,Self Pay
P11217,Patient 1217,Male,1979-10-10,A+,Nagpur,ICICI Lombard
P11218,Patient 1218,Female,1986-03-08,B+,Nagpur,Care Health
P11219,Patient 1219,Male,1984-07-12,A-,Chennai,ICICI Lombard
P11220,Patient 1220,Female,1985-12-01,AB+,Hyderabad,ICICI Lombard
P11221,Patient 1221,Female,1984-04-14,A+,Mumbai,Star Health
P11222,Patient 1222,Male,1945-05-21,A+,Kolhapur,Care Health
P11223,Patient 1223,Male,1998-02-26,AB+,Nashik,Self Pay
P11224,Patient 1224,Male,1989-06-10,A+,Nashik,HDFC ERGO
P11225,Patient 1225,Female,1971-10-20,AB+,Visakhapatnam,Care Health
P11226,Patient 1226,Female,1982-12-21,A+,Hyderabad,Care Health
P11227,Patient 1227,Female,1994-05-27,O+,Delhi,HDFC ERGO
P11228,Patient 1228,Male,1971-01-29,O-,Kolhapur,Self Pay
P11229,Patient 1229,Female,1959-11-09,AB-,Nashik,HDFC ERGO
P11230,Patient 1230,Female,1972-07-21,AB-,Pune,Star Health
P11231,Patient 1231,Female,1974-04-21,B+,Bengaluru,Star Health
P11232,Patient 1232,Female,2002-07-25,O+,Pune,Self Pay
P11233,Patient 1233,Male,1993-07-03,A+,Delhi,Self Pay
P11234,Patient 1234,Male,1972-06-05,B-,Kolhapur,ICICI Lombard
P11235,Patient 1235,Female,1953-05-17,AB+,Nashik,Star Health
P11236,Patient 1236,Female,1946-10-18,O+,Visakhapatnam,HDFC ERGO
P11237,Patient 1237,Female,1971-02-16,A+,Bengaluru,Bajaj Allianz
P11238,Patient 1238,Male,1945-11-07,AB-,Mumbai,Care Health
P11239,Patient 1239,Male,1996-01-08,AB-,Nashik,Self Pay
P11240,Patient 1240,Male,1994-12-27,AB+,Nashik,Self Pay
P11241,Patient 1241,Male,1955-09-23,B-,Delhi,Self Pay
P11242,Patient 1242,Female,1979-07-21,A+,Nashik,Care Health
P11243,Patient 1243,Female,1963-07-19,A+,Kolhapur,ICICI Lombard
P11244,Patient 1244,Male,1992-09-17,B-,Hyderabad,Bajaj Allianz
P11245,Patient 1245,Male,1960-07-05,B-,Kolhapur,HDFC ERGO
P11246,Patient 1246,Male,1994-06-23,B-,Mumbai,ICICI Lombard
P11247,Patient 1247,Male,1971-05-04,AB-,Hyderabad,Star Health
P11248,Patient 1248,Female,1953-10-04,AB+,Nashik,Care Health
P11249,Patient 1249,Female,1961-04-09,O+,Nashik,Care Health
P11250,Patient 1250,Male,1996-05-24,O-,Bengaluru,Care Health
P11251,Patient 1251,Female,1953-01-08,B-,Nashik,Star Health
P11252,Patient 1252,Female,1948-12-19,AB+,Nagpur,Care Health
P11253,Patient 1253,Female,1980-11-11,B+,Mumbai,Star Health
P11254,Patient 1254,Male,1944-10-19,A+,Chennai,Bajaj Allianz
P11255,Patient 1255,Female,1951-01-18,A+,Visakhapatnam,HDFC ERGO
P11256,Patient 1256,Male,1980-09-04,O-,Bengaluru,Self Pay
P11257,Patient 1257,Male,2003-03-13,O-,Pune,Bajaj Allianz
P11258,Patient 1258,Male,1982-11-16,A-,Hyderabad,Bajaj Allianz
P11259,Patient 1259,Male,2001-03-20,B+,Chennai,Bajaj Allianz
P11260,Patient 1260,Male,1941-02-03,O+,Visakhapatnam,Care Health
P11261,Patient 1261,Male,2005-05-29,O-,Nashik,Star Health
P11262,Patient 1262,Male,2002-04-27,B-,Kolhapur,Bajaj Allianz
P11263,Patient 1263,Female,2000-07-28,B-,Nagpur,HDFC ERGO
P11264,Patient 1264,Female,1950-10-08,O+,Hyderabad,HDFC ERGO
P11265,Patient 1265,Male,1981-06-23,AB-,Hyderabad,HDFC ERGO
P11266,Patient 1266,Female,1987-12-30,B+,Hyderabad,Self Pay
P11267,Patient 1267,Female,1943-06-25,B-,Mumbai,ICICI Lombard
P11268,Patient 1268,Female,1957-07-02,O-,Hyderabad,ICICI Lombard
P11269,Patient 1269,Male,2005-11-28,A-,Bengaluru,Self Pay
P11270,Patient 1270,Female,1992-12-24,AB+,Visakhapatnam,Self Pay
P11271,Patient 1271,Female,1965-06-25,A+,Kolhapur,Star Health
P11272,Patient 1272,Female,1989-10-26,B+,Bengaluru,Self Pay
P11273,Patient 1273,Male,1949-03-28,A+,Bengaluru,ICICI Lombard
P11274,Patient 1274,Male,1993-09-08,AB+,Nagpur,Bajaj Allianz
P11275,Patient 1275,Female,1976-07-26,B+,Kolhapur,Care Health
P11276,Patient 1276,Male,1992-02-21,O-,Nagpur,Care Health
P11277,Patient 1277,Male,1949-09-01,AB+,Hyderabad,Bajaj Allianz
P11278,Patient 1278,Male,1946-09-07,B-,Hyderabad,ICICI Lombard
P11279,Patient 1279,Female,1954-01-09,O+,Bengaluru,Star Health
P11280,Patient 1280,Female,1974-03-22,B-,Bengaluru,Bajaj Allianz
P11281,Patient 1281,Male,1986-01-02,O-,Hyderabad,ICICI Lombard
P11282,Patient 1282,Female,1964-03-14,O+,Delhi,Self Pay
P11283,Patient 1283,Male,1972-03-07,B-,Visakhapatnam,HDFC ERGO
P11284,Patient 1284,Female,1994-09-02,AB+,Mumbai,Star Health
P11285,Patient 1285,Female,2003-12-16,AB+,Chennai,Bajaj Allianz
P11286,Patient 1286,Female,1980-05-18,AB+,Nashik,ICICI Lombard
P11287,Patient 1287,Female,1945-11-22,A+,Pune,Star Health
P11288,Patient 1288,Male,1953-09-15,O-,Kolhapur,HDFC ERGO
P11289,Patient 1289,Female,1968-07-11,AB+,Nagpur,Self Pay
P11290,Patient 1290,Male,1963-01-03,B-,Kolhapur,HDFC ERGO
P11291,Patient 1291,Female,1987-02-01,A-,Hyderabad,HDFC ERGO
P11292,Patient 1292,Female,1953-09-04,O-,Chennai,HDFC ERGO
P11293,Patient 1293,Female,1965-01-02,AB+,Pune,Star Health
P11294,Patient 1294,Male,1977-02-25,A-,Bengaluru,Star Health
P11295,Patient 1295,Female,1960-11-16,O+,Bengaluru,Self Pay
P11296,Patient 1296,Male,1973-07-07,B-,Nagpur,Self Pay
P11297,Patient 1297,Male,1977-11-25,AB+,Visakhapatnam,Star Health
P11298,Patient 1298,Female,1946-11-08,A+,Nashik,Care Health
P11299,Patient 1299,Male,1968-11-15,A+,Visakhapatnam,Self Pay
P11300,Patient 1300,Female,1978-10-07,O+,Chennai,Star Health
P11301,Patient 1301,Male,1963-03-02,A-,Visakhapatnam,ICICI Lombard
P11302,Patient 1302,Male,1984-09-08,AB-,Nagpur,Self Pay
P11303,Patient 1303,Female,1943-05-21,A+,Pune,Bajaj Allianz
P11304,Patient 1304,Female,1954-02-03,O-,Pune,Star Health
P11305,Patient 1305,Male,1998-12-23,A+,Pune,HDFC ERGO
P11306,Patient 1306,Female,1989-08-10,A+,Bengaluru,Star Health
P11307,Patient 1307,Male,1988-04-01,B-,Delhi,HDFC ERGO
P11308,Patient 1308,Female,1941-11-12,A+,Chennai,Bajaj Allianz
P11309,Patient 1309,Male,1953-02-03,B+,Nashik,Care Health
P11310,Patient 1310,Female,1999-08-26,AB+,Chennai,Care Health
P11311,Patient 1311,Female,1970-11-05,O+,Chennai,ICICI Lombard
P11312,Patient 1312,Female,1986-03-11,A+,Visakhapatnam,Star Health
P11313,Patient 1313,Male,2002-02-22,AB-,Mumbai,Star Health
P11314,Patient 1314,Female,1948-11-24,O-,Chennai,Self Pay
P11315,Patient 1315,Female,1981-12-29,AB-,Nagpur,Care Health
P11316,Patient 1316,Female,1966-07-15,A+,Mumbai,ICICI Lombard
P11317,Patient 1317,Male,1956-03-16,A+,Delhi,HDFC ERGO
P11318,Patient 1318,Female,1974-09-05,B+,Nagpur,Self Pay
P11319,Patient 1319,Female,1950-09-15,A+,Chennai,Care Health
P11320,Patient 1320,Male,1947-10-09,A+,Kolhapur,ICICI Lombard
P11321,Patient 1321,Male,1985-02-18,AB+,Bengaluru,ICICI Lombard
P11322,Patient 1322,Female,1945-01-19,AB-,Visakhapatnam,ICICI Lombard
P11323,Patient 1323,Male,1949-06-14,B+,Hyderabad,Self Pay
P11324,Patient 1324,Female,1966-10-02,AB-,Nashik,Care Health
P11325,Patient 1325,Female,2005-10-05,B+,Nashik,Bajaj Allianz
P11326,Patient 1326,Female,1960-07-28,AB-,Nagpur,Self Pay
P11327,Patient 1327,Male,1968-11-21,A+,Nashik,Self Pay
P11328,Patient 1328,Male,1991-03-05,AB-,Mumbai,ICICI Lombard
P11329,Patient 1329,Female,1995-11-24,AB-,Pune,ICICI Lombard
P11330,Patient 1330,Male,1964-02-13,B+,Kolhapur,HDFC ERGO
P11331,Patient 1331,Female,2001-12-29,O+,Hyderabad,Star Health
P11332,Patient 1332,Male,1951-07-17,A-,Nashik,Self Pay
P11333,Patient 1333,Male,1953-01-14,B+,Nashik,Self Pay
P11334,Patient 1334,Male,1998-07-24,B+,Nagpur,Bajaj Allianz
P11335,Patient 1335,Female,1983-01-30,B+,Chennai,ICICI Lombard
P11336,Patient 1336,Female,1970-01-25,B-,Bengaluru,Star Health
P11337,Patient 1337,Male,1959-07-29,O+,Visakhapatnam,HDFC ERGO
P11338,Patient 1338,Male,1951-09-20,B-,Visakhapatnam,Self Pay
P11339,Patient 1339,Male,1984-03-06,B-,Visakhapatnam,HDFC ERGO
P11340,Patient 1340,Female,1980-04-29,B+,Visakhapatnam,Star Health
P11341,Patient 1341,Male,1944-05-24,A-,Delhi,ICICI Lombard
P11342,Patient 1342,Female,1946-08-19,B+,Hyderabad,Self Pay
P11343,Patient 1343,Male,1953-04-25,A+,Chennai,Bajaj Allianz
P11344,Patient 1344,Male,1994-10-04,A-,Bengaluru,Self Pay
P11345,Patient 1345,Male,1965-12-18,B-,Bengaluru,Bajaj Allianz
P11346,Patient 1346,Female,2004-02-26,O-,Nagpur,Care Health
P11347,Patient 1347,Male,1995-07-06,AB-,Kolhapur,Star Health
P11348,Patient 1348,Male,1976-11-06,AB-,Nashik,HDFC ERGO
P11349,Patient 1349,Female,1950-11-10,O+,Nashik,Care Health
P11350,Patient 1350,Female,1958-11-24,O-,Chennai,Self Pay
P11351,Patient 1351,Male,1968-01-19,AB+,Delhi,ICICI Lombard
P11352,Patient 1352,Male,2005-10-23,O+,Mumbai,Star Health
P11353,Patient 1353,Female,1971-10-25,A-,Pune,Care Health
P11354,Patient 1354,Male,2004-07-05,B-,Chennai,Star Health
P11355,Patient 1355,Female,1971-11-23,A-,Mumbai,Care Health
P11356,Patient 1356,Female,1988-08-14,A-,Pune,ICICI Lombard
P11357,Patient 1357,Male,1946-10-07,AB-,Bengaluru,ICICI Lombard
P11358,Patient 1358,Male,1947-10-09,B+,Delhi,HDFC ERGO
P11359,Patient 1359,Male,1977-08-22,A+,Chennai,Care Health
P11360,Patient 1360,Female,1959-05-11,AB+,Visakhapatnam,Care Health
P11361,Patient 1361,Male,1972-09-30,B-,Bengaluru,ICICI Lombard
P11362,Patient 1362,Male,1965-07-12,A-,Mumbai,Self Pay
P11363,Patient 1363,Female,1955-10-27,AB+,Chennai,Star Health
P11364,Patient 1364,Female,2002-03-31,A-,Chennai,Star Health
P11365,Patient 1365,Male,1940-10-11,O-,Nagpur,Care Health
P11366,Patient 1366,Female,1963-12-21,AB-,Hyderabad,Star Health
P11367,Patient 1367,Male,1951-08-05,A+,Bengaluru,Care Health
P11368,Patient 1368,Male,1994-10-14,AB-,Chennai,Self Pay
P11369,Patient 1369,Male,1955-07-30,AB+,Nashik,Bajaj Allianz
P11370,Patient 1370,Male,1999-04-16,B-,Nashik,Care Health
P11371,Patient 1371,Male,2000-12-19,A-,Hyderabad,Care Health
P11372,Patient 1372,Male,1972-12-11,A+,Chennai,Star Health
P11373,Patient 1373,Female,2000-11-23,O-,Visakhapatnam,HDFC ERGO
P11374,Patient 1374,Female,1996-12-20,AB-,Hyderabad,HDFC ERGO
P11375,Patient 1375,Female,1984-12-08,O-,Hyderabad,Self Pay
P11376,Patient 1376,Male,2004-06-10,AB+,Mumbai,ICICI Lombard
P11377,Patient 1377,Male,1942-12-25,AB-,Mumbai,HDFC ERGO
P11378,Patient 1378,Male,1947-01-24,A-,Kolhapur,Self Pay
P11379,Patient 1379,Female,1959-08-05,A-,Bengaluru,Bajaj Allianz
P11380,Patient 1380,Female,1956-03-13,O-,Pune,Self Pay
P11381,Patient 1381,Male,1957-07-16,B-,Hyderabad,Care Health
P11382,Patient 1382,Male,1944-07-06,A+,Mumbai,ICICI Lombard
P11383,Patient 1383,Male,1984-05-17,B+,Delhi,Self Pay
P11384,Patient 1384,Male,1976-11-16,AB-,Kolhapur,ICICI Lombard
P11385,Patient 1385,Male,1983-05-20,A-,Chennai,Star Health
P11386,Patient 1386,Female,1962-12-14,AB+,Bengaluru,Bajaj Allianz
P11387,Patient 1387,Female,1944-01-16,AB-,Chennai,Care Health
P11388,Patient 1388,Male,1993-01-08,B-,Kolhapur,Self Pay
P11389,Patient 1389,Male,1940-08-13,B-,Nagpur,Self Pay
P11390,Patient 1390,Female,1988-05-05,A-,Nashik,Self Pay
P11391,Patient 1391,Male,1947-04-15,A-,Bengaluru,Star Health
P11392,Patient 1392,Male,1943-08-09,O-,Nashik,Bajaj Allianz
P11393,Patient 1393,Male,1972-10-05,A-,Delhi,Bajaj Allianz
P11394,Patient 1394,Male,2003-07-28,O-,Chennai,Self Pay
P11395,Patient 1395,Male,1964-03-28,O+,Nagpur,HDFC ERGO
P11396,Patient 1396,Female,1985-12-30,B+,Delhi,Star Health
P11397,Patient 1397,Male,1962-03-22,A-,Pune,Self Pay
P11398,Patient 1398,Male,1957-06-23,AB-,Chennai,ICICI Lombard
P11399,Patient 1399,Female,1986-02-17,AB-,Kolhapur,Care Health
P11400,Patient 1400,Male,1965-03-05,O-,Nagpur,HDFC ERGO
P11401,Patient 1401,Female,1961-05-22,O+,Bengaluru,HDFC ERGO
P11402,Patient 1402,Female,1996-05-04,O+,Nagpur,Bajaj Allianz
P11403,Patient 1403,Male,1969-07-08,A+,Chennai,HDFC ERGO
P11404,Patient 1404,Female,1946-05-10,AB+,Mumbai,Bajaj Allianz
P11405,Patient 1405,Male,1966-07-08,A-,Delhi,Star Health
P11406,Patient 1406,Female,1984-05-04,O-,Nagpur,ICICI Lombard
P11407,Patient 1407,Male,1976-01-29,AB-,Nashik,ICICI Lombard
P11408,Patient 1408,Female,1999-11-19,O+,Delhi,Bajaj Allianz
P11409,Patient 1409,Female,1999-09-21,AB-,Nashik,ICICI Lombard
P11410,Patient 1410,Male,1942-03-25,AB-,Nagpur,Care Health
P11411,Patient 1411,Female,1955-10-25,O+,Mumbai,Bajaj Allianz
P11412,Patient 1412,Female,1998-01-28,B+,Delhi,Bajaj Allianz
P11413,Patient 1413,Female,1951-08-03,O+,Kolhapur,Care Health
P11414,Patient 1414,Male,1999-08-13,O+,Delhi,HDFC ERGO
P11415,Patient 1415,Female,1991-09-30,AB+,Bengaluru,HDFC ERGO
P11416,Patient 1416,Male,1959-05-12,O-,Nagpur,Care Health
P11417,Patient 1417,Male,1955-04-23,O-,Pune,Star Health
P11418,Patient 1418,Male,1950-01-17,O+,Chennai,Self Pay
P11419,Patient 1419,Male,1976-05-17,B-,Hyderabad,Self Pay
P11420,Patient 1420,Female,1948-02-15,O-,Visakhapatnam,HDFC ERGO
P11421,Patient 1421,Male,1972-03-13,O-,Pune,Care Health
P11422,Patient 1422,Female,1951-11-12,O-,Nashik,Self Pay
P11423,Patient 1423,Male,1940-04-27,O+,Kolhapur,ICICI Lombard
P11424,Patient 1424,Male,1952-08-12,AB-,Kolhapur,Bajaj Allianz
P11425,Patient 1425,Male,1948-04-30,A-,Visakhapatnam,Star Health
P11426,Patient 1426,Male,1942-02-17,AB-,Mumbai,Care Health
P11427,Patient 1427,Male,1989-05-05,AB+,Bengaluru,Self Pay
P11428,Patient 1428,Male,1940-03-20,B-,Chennai,Care Health
P11429,Patient 1429,Female,1977-10-08,O+,Pune,Care Health
P11430,Patient 1430,Male,1959-07-04,B+,Hyderabad,Self Pay
P11431,Patient 1431,Male,1951-10-17,A+,Delhi,Bajaj Allianz
P11432,Patient 1432,Male,1944-08-18,O+,Visakhapatnam,Bajaj Allianz
P11433,Patient 1433,Female,2000-08-03,A-,Mumbai,Care Health
P11434,Patient 1434,Female,1994-09-22,A+,Kolhapur,Care Health
P11435,Patient 1435,Male,1946-02-23,B+,Hyderabad,Self Pay
P11436,Patient 1436,Male,1942-09-05,AB+,Kolhapur,Self Pay
P11437,Patient 1437,Male,1948-05-07,AB+,Nagpur,Self Pay
P11438,Patient 1438,Female,1986-11-21,B+,Visakhapatnam,Bajaj Allianz
P11439,Patient 1439,Male,1983-07-13,AB-,Mumbai,Star Health
P11440,Patient 1440,Male,1965-07-22,B+,Delhi,Self Pay
P11441,Patient 1441,Male,1964-09-06,O-,Nashik,Bajaj Allianz
P11442,Patient 1442,Male,2003-03-10,O-,Mumbai,Bajaj Allianz
P11443,Patient 1443,Male,1964-08-13,O+,Chennai,ICICI Lombard
P11444,Patient 1444,Female,1974-11-07,A-,Delhi,Self Pay
P11445,Patient 1445,Male,1943-09-18,O-,Pune,Star Health
P11446,Patient 1446,Female,1942-02-22,B-,Mumbai,ICICI Lombard
P11447,Patient 1447,Male,1973-05-16,O+,Delhi,Bajaj Allianz
P11448,Patient 1448,Male,1991-04-02,O+,Pune,Bajaj Allianz
P11449,Patient 1449,Female,2006-09-11,O+,Mumbai,ICICI Lombard
P11450,Patient 1450,Male,1968-03-19,A+,Hyderabad,Bajaj Allianz
P11451,Patient 1451,Female,2007-08-05,A+,Nashik,HDFC ERGO
P11452,Patient 1452,Female,1987-02-27,AB+,Hyderabad,Star Health
P11453,Patient 1453,Male,2003-11-03,O+,Chennai,Star Health
P11454,Patient 1454,Female,2002-03-17,AB-,Delhi,Self Pay
P11455,Patient 1455,Male,1966-10-24,O-,Pune,ICICI Lombard
P11456,Patient 1456,Female,2001-08-06,AB+,Nagpur,Star Health
P11457,Patient 1457,Male,1993-12-13,A-,Mumbai,Bajaj Allianz
P11458,Patient 1458,Female,1947-05-21,B+,Nagpur,HDFC ERGO
P11459,Patient 1459,Male,2004-08-13,A+,Mumbai,Self Pay
P11460,Patient 1460,Male,2007-11-06,O+,Chennai,Self Pay
P11461,Patient 1461,Female,1983-01-06,A-,Nagpur,Self Pay
P11462,Patient 1462,Female,1958-09-01,AB+,Pune,ICICI Lombard
P11463,Patient 1463,Female,1946-03-22,AB+,Bengaluru,Care Health
P11464,Patient 1464,Female,1974-04-21,A+,Hyderabad,Bajaj Allianz
P11465,Patient 1465,Female,1971-06-18,AB+,Pune,ICICI Lombard
P11466,Patient 1466,Male,1941-05-02,AB-,Kolhapur,Star Health
P11467,Patient 1467,Male,1974-01-05,AB+,Visakhapatnam,HDFC ERGO
P11468,Patient 1468,Male,2004-08-01,B-,Chennai,Star Health
P11469,Patient 1469,Male,1951-08-25,O-,Nashik,Self Pay
P11470,Patient 1470,Male,1985-02-11,B+,Mumbai,Self Pay
P11471,Patient 1471,Female,1981-08-04,AB+,Pune,ICICI Lombard
P11472,Patient 1472,Male,1953-06-09,O-,Nagpur,ICICI Lombard
P11473,Patient 1473,Female,1951-08-31,O-,Visakhapatnam,Self Pay
P11474,Patient 1474,Male,1943-12-19,B-,Bengaluru,HDFC ERGO
P11475,Patient 1475,Male,1944-11-25,A-,Kolhapur,Bajaj Allianz
P11476,Patient 1476,Male,1956-10-18,AB+,Nagpur,HDFC ERGO
P11477,Patient 1477,Female,1963-05-07,AB-,Hyderabad,Self Pay
P11478,Patient 1478,Female,1996-10-24,A-,Bengaluru,Bajaj Allianz
P11479,Patient 1479,Female,1988-12-15,O-,Visakhapatnam,Star Health
P11480,Patient 1480,Male,1999-10-15,O-,Delhi,ICICI Lombard
P11481,Patient 1481,Female,1949-02-03,O+,Delhi,Care Health
P11482,Patient 1482,Male,1962-04-03,AB+,Visakhapatnam,Self Pay
P11483,Patient 1483,Male,1998-01-17,A+,Delhi,Star Health
P11484,Patient 1484,Male,1941-04-20,B-,Chennai,Care Health
P11485,Patient 1485,Male,1951-11-29,B-,Pune,ICICI Lombard
P11486,Patient 1486,Male,2004-05-04,A+,Mumbai,Self Pay
P11487,Patient 1487,Female,1975-07-22,B+,Pune,Bajaj Allianz
P11488,Patient 1488,Female,1940-02-20,O-,Kolhapur,HDFC ERGO
P11489,Patient 1489,Male,2007-02-01,O+,Pune,Star Health
P11490,Patient 1490,Male,1991-11-15,AB-,Pune,Star Health
P11491,Patient 1491,Male,1974-06-18,B-,Hyderabad,Care Health
P11492,Patient 1492,Male,1955-09-28,A-,Mumbai,HDFC ERGO
P11493,Patient 1493,Female,1976-12-14,O-,Pune,ICICI Lombard
P11494,Patient 1494,Male,2003-03-22,AB-,Mumbai,Self Pay
P11495,Patient 1495,Female,1947-10-24,B-,Nashik,HDFC ERGO
P11496,Patient 1496,Male,2001-05-20,O+,Delhi,Bajaj Allianz
P11497,Patient 1497,Female,1988-07-09,B+,Nagpur,Star Health
P11498,Patient 1498,Male,1993-06-13,O+,Hyderabad,Star Health
P11499,Patient 1499,Female,1964-06-28,A-,Delhi,HDFC ERGO
P11500,Patient 1500,Male,1945-01-22,O+,Mumbai,Bajaj Allianz
P11501,Patient 1501,Female,1948-05-28,AB-,Delhi,Care Health
P11502,Patient 1502,Male,1975-05-20,O-,Pune,Self Pay
P11503,Patient 1503,Male,1952-03-22,A-,Nagpur,HDFC ERGO
P11504,Patient 1504,Female,1941-02-17,O-,Pune,ICICI Lombard
P11505,Patient 1505,Female,1970-02-04,A+,Kolhapur,Self Pay
P11506,Patient 1506,Female,1940-08-07,AB+,Pune,HDFC ERGO
P11507,Patient 1507,Female,1994-09-02,A+,Nagpur,ICICI Lombard
P11508,Patient 1508,Female,1994-11-08,AB-,Bengaluru,Star Health
P11509,Patient 1509,Male,1984-06-27,AB+,Nashik,Self Pay
P11510,Patient 1510,Male,1974-08-29,A+,Mumbai,Self Pay
P11511,Patient 1511,Male,1946-12-19,AB+,Nashik,Star Health
P11512,Patient 1512,Female,1943-08-26,B-,Kolhapur,HDFC ERGO
P11513,Patient 1513,Male,1954-07-06,O+,Nashik,Bajaj Allianz
P11514,Patient 1514,Male,1962-02-01,A-,Delhi,Self Pay
P11515,Patient 1515,Female,1975-01-13,AB+,Visakhapatnam,HDFC ERGO
P11516,Patient 1516,Female,1995-11-19,B-,Hyderabad,Self Pay
P11517,Patient 1517,Male,1983-11-12,O+,Nagpur,HDFC ERGO
P11518,Patient 1518,Male,1942-02-10,O+,Hyderabad,Star Health
P11519,Patient 1519,Male,1996-06-04,B+,Nagpur,Star Health
P11520,Patient 1520,Male,1977-07-24,O-,Mumbai,ICICI Lombard
P11521,Patient 1521,Male,1966-11-18,A+,Nashik,HDFC ERGO
P11522,Patient 1522,Female,1986-02-02,B+,Mumbai,Self Pay
P11523,Patient 1523,Female,1958-12-28,O-,Pune,ICICI Lombard
P11524,Patient 1524,Female,1983-04-28,O-,Pune,HDFC ERGO
P11525,Patient 1525,Male,2003-11-27,AB-,Hyderabad,Star Health
P11526,Patient 1526,Female,1989-07-26,B-,Chennai,Bajaj Allianz
P11527,Patient 1527,Male,1998-12-29,B+,Chennai,Self Pay
P11528,Patient 1528,Male,1949-03-26,B+,Visakhapatnam,ICICI Lombard
P11529,Patient 1529,Female,1956-07-13,O-,Chennai,HDFC ERGO
P11530,Patient 1530,Male,1954-10-29,O+,Kolhapur,Star Health
P11531,Patient 1531,Male,1995-09-13,B-,Delhi,HDFC ERGO
P11532,Patient 1532,Female,1959-02-21,O+,Delhi,Star Health
P11533,Patient 1533,Male,1953-05-28,A-,Pune,Care Health
P11534,Patient 1534,Female,2006-05-01,AB+,Chennai,Bajaj Allianz
P11535,Patient 1535,Male,1948-05-23,AB-,Visakhapatnam,Care Health
P11536,Patient 1536,Female,1942-02-03,AB-,Nagpur,ICICI Lombard
P11537,Patient 1537,Male,1982-05-07,A+,Pune,HDFC ERGO
P11538,Patient 1538,Male,1954-05-01,O+,Mumbai,Care Health
P11539,Patient 1539,Female,1943-08-12,AB+,Chennai,Care Health
P11540,Patient 1540,Male,2000-09-16,O-,Pune,Star Health
P11541,Patient 1541,Male,1941-04-22,A+,Chennai,Self Pay
P11542,Patient 1542,Male,1971-04-20,AB-,Kolhapur,HDFC ERGO
P11543,Patient 1543,Male,1962-10-19,AB+,Visakhapatnam,Star Health
P11544,Patient 1544,Male,1999-11-05,B+,Hyderabad,Star Health
P11545,Patient 1545,Male,1951-06-11,A-,Bengaluru,Self Pay
P11546,Patient 1546,Female,1943-08-24,O-,Visakhapatnam,ICICI Lombard
P11547,Patient 1547,Male,1973-05-17,B+,Chennai,Self Pay
P11548,Patient 1548,Male,1985-06-24,A-,Mumbai,HDFC ERGO
P11549,Patient 1549,Male,1942-02-02,O-,Mumbai,HDFC ERGO
P11550,Patient 1550,Male,1989-10-31,O+,Hyderabad,Bajaj Allianz
P11551,Patient 1551,Female,1975-10-06,B-,Nashik,Star Health
P11552,Patient 1552,Male,1948-03-08,A+,Mumbai,ICICI Lombard
P11553,Patient 1553,Female,1966-01-28,A+,Pune,ICICI Lombard
P11554,Patient 1554,Male,1960-08-20,B-,Mumbai,Self Pay
P11555,Patient 1555,Female,1987-04-21,AB+,Bengaluru,Care Health
P11556,Patient 1556,Female,1965-07-09,B-,Hyderabad,HDFC ERGO
P11557,Patient 1557,Female,1970-05-27,O+,Pune,ICICI Lombard
P11558,Patient 1558,Female,1982-06-27,AB-,Chennai,Care Health
P11559,Patient 1559,Female,1966-04-26,B-,Visakhapatnam,Star Health
P11560,Patient 1560,Male,1975-12-11,A-,Hyderabad,ICICI Lombard
P11561,Patient 1561,Male,1984-09-25,AB-,Bengaluru,ICICI Lombard
P11562,Patient 1562,Female,1954-04-13,B-,Delhi,Care Health
P11563,Patient 1563,Male,2006-07-09,A+,Bengaluru,HDFC ERGO
P11564,Patient 1564,Male,1996-02-11,B+,Nagpur,Care Health
P11565,Patient 1565,Female,1980-08-23,A-,Nagpur,Bajaj Allianz
P11566,Patient 1566,Male,1964-10-27,O+,Delhi,Self Pay
P11567,Patient 1567,Female,1969-11-26,A-,Kolhapur,Bajaj Allianz
P11568,Patient 1568,Female,1997-07-31,O-,Mumbai,HDFC ERGO
P11569,Patient 1569,Female,1988-04-13,AB+,Visakhapatnam,Bajaj Allianz
P11570,Patient 1570,Female,1983-05-11,B+,Nashik,Self Pay
P11571,Patient 1571,Male,1963-03-11,A-,Nashik,HDFC ERGO
P11572,Patient 1572,Male,1974-04-17,O-,Visakhapatnam,HDFC ERGO
P11573,Patient 1573,Male,1957-08-04,B-,Bengaluru,Star Health
P11574,Patient 1574,Male,1984-11-30,A-,Delhi,Self Pay
P11575,Patient 1575,Female,1972-06-18,A-,Delhi,ICICI Lombard
P11576,Patient 1576,Female,2007-04-09,A-,Chennai,Star Health
P11577,Patient 1577,Male,1953-07-17,AB+,Hyderabad,Care Health
P11578,Patient 1578,Male,1958-04-22,A-,Pune,Self Pay
P11579,Patient 1579,Female,1978-12-12,A-,Nagpur,HDFC ERGO
P11580,Patient 1580,Male,1996-01-27,AB+,Nashik,Bajaj Allianz
P11581,Patient 1581,Male,1988-08-28,O-,Mumbai,Self Pay
P11582,Patient 1582,Male,1960-08-20,AB-,Pune,HDFC ERGO
P11583,Patient 1583,Female,1940-09-24,B+,Bengaluru,Care Health
P11584,Patient 1584,Female,1998-08-15,O-,Chennai,Care Health
P11585,Patient 1585,Female,1951-01-05,O+,Pune,Self Pay
P11586,Patient 1586,Female,1973-04-22,AB-,Chennai,Bajaj Allianz
P11587,Patient 1587,Male,1978-05-26,A+,Nashik,Self Pay
P11588,Patient 1588,Male,1952-11-10,AB+,Nashik,ICICI Lombard
P11589,Patient 1589,Female,2002-05-26,AB+,Mumbai,ICICI Lombard
P11590,Patient 1590,Male,1976-01-01,A-,Delhi,Star Health
P11591,Patient 1591,Female,2004-10-27,A-,Bengaluru,HDFC ERGO
P11592,Patient 1592,Female,2002-06-12,O+,Kolhapur,Self Pay
P11593,Patient 1593,Female,1945-06-13,A+,Visakhapatnam,ICICI Lombard
P11594,Patient 1594,Female,2007-08-13,A-,Mumbai,Star Health
P11595,Patient 1595,Female,1968-12-11,B-,Nashik,Star Health
P11596,Patient 1596,Female,1951-02-21,A-,Hyderabad,HDFC ERGO
P11597,Patient 1597,Male,1986-07-27,A-,Delhi,Star Health
P11598,Patient 1598,Male,1940-10-11,B-,Visakhapatnam,HDFC ERGO
P11599,Patient 1599,Male,1968-11-24,A+,Hyderabad,Self Pay
P11600,Patient 1600,Female,2000-10-21,B-,Mumbai,HDFC ERGO
P11601,Patient 1601,Male,1995-09-16,AB+,Pune,Care Health
P11602,Patient 1602,Female,1966-07-12,B-,Kolhapur,Care Health
P11603,Patient 1603,Male,1941-02-05,B+,Chennai,Bajaj Allianz
P11604,Patient 1604,Female,1942-08-04,AB+,Visakhapatnam,Star Health
P11605,Patient 1605,Male,1982-12-12,A-,Visakhapatnam,Self Pay
P11606,Patient 1606,Female,1979-06-20,O+,Mumbai,Care Health
P11607,Patient 1607,Female,1979-12-30,AB+,Visakhapatnam,ICICI Lombard
P11608,Patient 1608,Male,2003-01-03,A+,Chennai,Star Health
P11609,Patient 1609,Male,1974-06-12,A+,Chennai,Star Health
P11610,Patient 1610,Female,1983-01-06,B-,Hyderabad,Bajaj Allianz
P11611,Patient 1611,Male,1994-11-09,AB+,Pune,Care Health
P11612,Patient 1612,Male,2005-10-21,A-,Chennai,HDFC ERGO
P11613,Patient 1613,Female,1942-08-29,A+,Kolhapur,ICICI Lombard
P11614,Patient 1614,Female,1985-07-22,AB-,Visakhapatnam,Self Pay
P11615,Patient 1615,Female,2002-11-24,A-,Hyderabad,Self Pay
P11616,Patient 1616,Male,1968-02-23,AB-,Nashik,Care Health
P11617,Patient 1617,Male,1965-07-17,B+,Hyderabad,Care Health
P11618,Patient 1618,Female,1941-08-02,AB-,Kolhapur,Self Pay
P11619,Patient 1619,Female,1967-03-22,O-,Delhi,Bajaj Allianz
P11620,Patient 1620,Female,1947-07-30,A+,Hyderabad,HDFC ERGO
P11621,Patient 1621,Male,1941-09-22,B-,Nashik,Star Health
P11622,Patient 1622,Male,1963-08-09,B+,Chennai,Bajaj Allianz
P11623,Patient 1623,Male,1964-05-21,AB+,Nagpur,Star Health
P11624,Patient 1624,Male,1993-02-23,A-,Nagpur,Star Health
P11625,Patient 1625,Male,1983-03-01,A+,Nagpur,Self Pay
P11626,Patient 1626,Male,1998-04-03,B+,Delhi,Care Health
P11627,Patient 1627,Female,2004-03-17,B+,Nashik,Self Pay
P11628,Patient 1628,Male,1976-04-09,O-,Kolhapur,HDFC ERGO
P11629,Patient 1629,Female,1988-02-05,A+,Mumbai,Self Pay
P11630,Patient 1630,Female,1960-11-24,AB+,Nagpur,HDFC ERGO
P11631,Patient 1631,Female,1956-12-14,AB+,Mumbai,Bajaj Allianz
P11632,Patient 1632,Male,1960-08-04,B-,Delhi,ICICI Lombard
P11633,Patient 1633,Female,1978-08-05,O+,Mumbai,Star Health
P11634,Patient 1634,Female,1945-08-17,AB-,Visakhapatnam,HDFC ERGO
P11635,Patient 1635,Female,1969-02-19,AB+,Delhi,Bajaj Allianz
P11636,Patient 1636,Female,1952-08-17,O-,Mumbai,Star Health
P11637,Patient 1637,Female,1964-07-18,B-,Hyderabad,Care Health
P11638,Patient 1638,Female,1958-03-28,AB-,Nagpur,ICICI Lombard
P11639,Patient 1639,Male,1985-06-09,B+,Pune,Star Health
P11640,Patient 1640,Female,1988-04-05,A+,Bengaluru,Care Health
P11641,Patient 1641,Male,2006-01-09,AB+,Delhi,Self Pay
P11642,Patient 1642,Female,1955-08-31,B-,Chennai,ICICI Lombard
P11643,Patient 1643,Male,1970-02-21,B+,Bengaluru,Care Health
P11644,Patient 1644,Male,1976-11-26,AB+,Kolhapur,Self Pay
P11645,Patient 1645,Female,1957-12-01,A-,Delhi,Bajaj Allianz
P11646,Patient 1646,Female,1980-05-05,O+,Delhi,Bajaj Allianz
P11647,Patient 1647,Male,1987-01-18,B+,Mumbai,Star Health
P11648,Patient 1648,Male,1956-05-27,O-,Delhi,HDFC ERGO
P11649,Patient 1649,Female,1943-02-19,O-,Nagpur,HDFC ERGO
P11650,Patient 1650,Male,1968-03-04,AB+,Nashik,HDFC ERGO
P11651,Patient 1651,Female,1940-09-20,O-,Nashik,Self Pay
P11652,Patient 1652,Male,1986-05-14,B+,Kolhapur,HDFC ERGO
P11653,Patient 1653,Female,1949-10-21,A+,Visakhapatnam,Star Health
P11654,Patient 1654,Female,1988-01-23,A+,Pune,Self Pay
P11655,Patient 1655,Male,2005-07-27,O+,Visakhapatnam,Care Health
P11656,Patient 1656,Male,1980-01-10,A+,Nagpur,Self Pay
P11657,Patient 1657,Male,1995-03-19,AB-,Nagpur,Care Health
P11658,Patient 1658,Female,2002-09-20,A-,Hyderabad,Star Health
P11659,Patient 1659,Female,1959-05-18,A+,Nashik,Care Health
P11660,Patient 1660,Female,1975-07-04,O-,Bengaluru,Care Health
P11661,Patient 1661,Male,1959-08-16,A-,Chennai,ICICI Lombard
P11662,Patient 1662,Male,1958-08-31,A+,Delhi,HDFC ERGO
P11663,Patient 1663,Male,1971-10-07,AB-,Pune,HDFC ERGO
P11664,Patient 1664,Male,1942-08-25,O-,Chennai,Care Health
P11665,Patient 1665,Female,1978-03-29,B+,Visakhapatnam,ICICI Lombard
P11666,Patient 1666,Female,1959-10-27,AB+,Chennai,Care Health
P11667,Patient 1667,Female,1994-04-12,AB+,Hyderabad,ICICI Lombard
P11668,Patient 1668,Male,1944-04-25,A+,Pune,HDFC ERGO
P11669,Patient 1669,Female,1970-04-20,AB+,Pune,Star Health
P11670,Patient 1670,Female,1981-04-24,A+,Hyderabad,Star Health
P11671,Patient 1671,Female,1960-07-17,A+,Nagpur,ICICI Lombard
P11672,Patient 1672,Female,1965-05-05,O-,Hyderabad,ICICI Lombard
P11673,Patient 1673,Male,1988-01-19,O+,Nagpur,HDFC ERGO
P11674,Patient 1674,Male,2005-05-06,B-,Bengaluru,Self Pay
P11675,Patient 1675,Female,1996-09-11,B-,Kolhapur,Care Health
P11676,Patient 1676,Male,1967-11-13,O+,Nagpur,Care Health
P11677,Patient 1677,Male,1948-06-14,B-,Chennai,Self Pay
P11678,Patient 1678,Female,1997-02-19,A-,Nagpur,Self Pay
P11679,Patient 1679,Female,1993-07-07,B-,Kolhapur,Self Pay
P11680,Patient 1680,Female,1969-12-02,A+,Visakhapatnam,Star Health
P11681,Patient 1681,Male,1983-01-31,AB-,Delhi,Care Health
P11682,Patient 1682,Male,1985-06-26,AB-,Hyderabad,Self Pay
P11683,Patient 1683,Female,1980-11-24,B+,Delhi,Self Pay
P11684,Patient 1684,Female,1999-09-29,O-,Hyderabad,Care Health
P11685,Patient 1685,Female,1983-05-29,B-,Bengaluru,Star Health
P11686,Patient 1686,Female,1952-02-08,AB-,Nashik,Self Pay
P11687,Patient 1687,Female,1949-04-12,B-,Chennai,HDFC ERGO
P11688,Patient 1688,Female,1972-09-30,O-,Chennai,HDFC ERGO
P11689,Patient 1689,Male,1993-09-07,B+,Visakhapatnam,HDFC ERGO
P11690,Patient 1690,Female,1981-12-16,AB-,Nashik,HDFC ERGO
P11691,Patient 1691,Female,1968-02-25,A+,Nashik,ICICI Lombard
P11692,Patient 1692,Female,1962-04-15,A-,Hyderabad,ICICI Lombard
P11693,Patient 1693,Male,2001-06-14,O+,Chennai,Self Pay
P11694,Patient 1694,Female,1957-03-27,O+,Chennai,HDFC ERGO
P11695,Patient 1695,Male,1955-08-22,O+,Nashik,Care Health
P11696,Patient 1696,Male,2003-08-28,B-,Hyderabad,Self Pay
P11697,Patient 1697,Male,1977-01-24,AB-,Nagpur,Care Health
P11698,Patient 1698,Female,1991-01-31,O-,Nagpur,ICICI Lombard
P11699,Patient 1699,Male,1952-05-24,O-,Kolhapur,Care Health
P11700,Patient 1700,Male,2004-06-02,AB-,Mumbai,Star Health
P11701,Patient 1701,Male,1951-05-09,B+,Pune,Star Health
P11702,Patient 1702,Female,1987-12-27,A+,Bengaluru,Bajaj Allianz
P11703,Patient 1703,Male,1956-08-18,AB+,Hyderabad,Self Pay
P11704,Patient 1704,Male,1954-04-15,AB-,Nagpur,Bajaj Allianz
P11705,Patient 1705,Female,2002-02-26,A-,Visakhapatnam,Star Health
P11706,Patient 1706,Male,1967-10-19,B+,Pune,HDFC ERGO
P11707,Patient 1707,Female,1958-06-28,AB-,Pune,Star Health
P11708,Patient 1708,Female,1989-01-20,AB-,Pune,Care Health
P11709,Patient 1709,Male,2007-01-08,B+,Nashik,ICICI Lombard
P11710,Patient 1710,Male,1956-01-10,B+,Kolhapur,Self Pay
P11711,Patient 1711,Female,1971-02-07,B-,Visakhapatnam,Star Health
P11712,Patient 1712,Male,1951-06-03,AB-,Mumbai,Star Health
P11713,Patient 1713,Male,1997-10-11,AB+,Visakhapatnam,HDFC ERGO
P11714,Patient 1714,Male,2001-04-02,A-,Visakhapatnam,Star Health
P11715,Patient 1715,Female,1950-01-10,A+,Hyderabad,Bajaj Allianz
P11716,Patient 1716,Male,1946-04-26,A+,Kolhapur,Self Pay
P11717,Patient 1717,Female,1963-12-01,AB+,Delhi,Star Health
P11718,Patient 1718,Female,1961-08-19,O-,Kolhapur,HDFC ERGO
P11719,Patient 1719,Male,1983-04-29,B+,Delhi,Self Pay
P11720,Patient 1720,Male,2000-04-28,B+,Mumbai,Bajaj Allianz
P11721,Patient 1721,Female,1963-03-12,O-,Hyderabad,Self Pay
P11722,Patient 1722,Male,1949-01-20,B+,Nashik,Star Health
P11723,Patient 1723,Female,1967-04-20,O-,Pune,ICICI Lombard
P11724,Patient 1724,Male,1973-03-16,AB-,Hyderabad,Star Health
P11725,Patient 1725,Male,1987-04-24,O-,Nashik,ICICI Lombard
P11726,Patient 1726,Male,2000-07-26,B+,Hyderabad,Bajaj Allianz
P11727,Patient 1727,Male,1945-05-05,B+,Nashik,Star Health
P11728,Patient 1728,Male,1975-12-24,AB-,Hyderabad,Care Health
P11729,Patient 1729,Female,1997-10-08,O-,Kolhapur,ICICI Lombard
P11730,Patient 1730,Male,1981-04-10,AB-,Kolhapur,Self Pay
P11731,Patient 1731,Male,1997-01-24,AB+,Kolhapur,Star Health
P11732,Patient 1732,Male,1956-07-29,B-,Pune,ICICI Lombard
P11733,Patient 1733,Female,1963-12-30,AB-,Bengaluru,Care Health
P11734,Patient 1734,Male,2007-03-17,A-,Chennai,Star Health
P11735,Patient 1735,Female,1980-02-24,B+,Delhi,HDFC ERGO
P11736,Patient 1736,Male,1948-07-11,B-,Kolhapur,HDFC ERGO
P11737,Patient 1737,Male,1980-12-15,A+,Bengaluru,Self Pay
P11738,Patient 1738,Male,2004-11-25,AB+,Delhi,Care Health
P11739,Patient 1739,Female,2002-05-12,O-,Hyderabad,Care Health
P11740,Patient 1740,Male,1988-10-27,B-,Mumbai,Self Pay
P11741,Patient 1741,Male,1972-06-15,AB-,Nashik,Self Pay
P11742,Patient 1742,Male,1995-07-29,B+,Bengaluru,Bajaj Allianz
P11743,Patient 1743,Female,2005-04-03,B+,Visakhapatnam,Care Health
P11744,Patient 1744,Male,1993-02-07,B+,Nagpur,Care Health
P11745,Patient 1745,Male,1978-09-13,B-,Bengaluru,HDFC ERGO
P11746,Patient 1746,Male,1967-08-19,B+,Kolhapur,Self Pay
P11747,Patient 1747,Male,1975-12-06,AB-,Kolhapur,Bajaj Allianz
P11748,Patient 1748,Female,1948-07-02,O-,Bengaluru,ICICI Lombard
P11749,Patient 1749,Female,1982-03-03,B-,Nashik,Star Health
P11750,Patient 1750,Male,1971-08-26,B+,Delhi,Star Health
P11751,Patient 1751,Male,2004-01-31,A+,Hyderabad,ICICI Lombard
P11752,Patient 1752,Male,2006-06-13,A+,Nagpur,ICICI Lombard
P11753,Patient 1753,Male,2001-06-28,A-,Hyderabad,HDFC ERGO
P11754,Patient 1754,Male,1994-02-03,B+,Pune,ICICI Lombard
P11755,Patient 1755,Female,1962-05-25,B+,Nashik,Care Health
P11756,Patient 1756,Female,1971-01-12,B-,Kolhapur,ICICI Lombard
P11757,Patient 1757,Female,1988-09-07,B-,Pune,ICICI Lombard
P11758,Patient 1758,Female,1957-12-27,O+,Hyderabad,HDFC ERGO
P11759,Patient 1759,Female,1973-01-17,O-,Hyderabad,Self Pay
P11760,Patient 1760,Female,1959-09-10,B+,Nagpur,HDFC ERGO
P11761,Patient 1761,Male,1987-07-03,A-,Chennai,HDFC ERGO
P11762,Patient 1762,Female,1968-03-28,O-,Hyderabad,Care Health
P11763,Patient 1763,Male,1960-04-22,B+,Delhi,ICICI Lombard
P11764,Patient 1764,Male,1967-05-01,O-,Delhi,HDFC ERGO
P11765,Patient 1765,Female,1985-11-28,AB-,Bengaluru,ICICI Lombard
P11766,Patient 1766,Male,1983-02-28,B-,Nagpur,Care Health
P11767,Patient 1767,Male,1955-08-15,B+,Nagpur,Bajaj Allianz
P11768,Patient 1768,Female,1940-09-01,O-,Kolhapur,Bajaj Allianz
P11769,Patient 1769,Male,1950-08-24,B-,Hyderabad,ICICI Lombard
P11770,Patient 1770,Male,1976-11-05,B+,Chennai,Bajaj Allianz
P11771,Patient 1771,Female,1963-03-04,AB+,Visakhapatnam,ICICI Lombard
P11772,Patient 1772,Female,1945-10-05,B-,Pune,Star Health
P11773,Patient 1773,Female,2001-07-27,O-,Nagpur,HDFC ERGO
P11774,Patient 1774,Male,1942-10-17,A-,Bengaluru,Care Health
P11775,Patient 1775,Male,1994-11-15,AB+,Bengaluru,Star Health
P11776,Patient 1776,Female,1961-04-11,AB-,Hyderabad,Care Health
P11777,Patient 1777,Female,1949-12-25,B+,Hyderabad,Self Pay
P11778,Patient 1778,Male,1975-04-29,O+,Visakhapatnam,ICICI Lombard
P11779,Patient 1779,Male,1948-07-08,AB-,Mumbai,HDFC ERGO
P11780,Patient 1780,Male,1949-05-07,B-,Mumbai,ICICI Lombard
P11781,Patient 1781,Female,2001-05-13,AB+,Hyderabad,HDFC ERGO
P11782,Patient 1782,Male,1949-02-13,AB-,Nashik,Star Health
P11783,Patient 1783,Female,1940-08-25,A-,Delhi,Self Pay
P11784,Patient 1784,Male,1977-01-31,O+,Delhi,HDFC ERGO
P11785,Patient 1785,Female,1986-08-15,B-,Visakhapatnam,Bajaj Allianz
P11786,Patient 1786,Female,1968-07-19,AB+,Visakhapatnam,Star Health
P11787,Patient 1787,Female,1975-09-14,AB-,Kolhapur,Self Pay
P11788,Patient 1788,Male,1975-11-09,AB+,Chennai,Self Pay
P11789,Patient 1789,Female,1972-05-08,AB+,Bengaluru,Bajaj Allianz
P11790,Patient 1790,Female,1998-10-28,AB-,Delhi,Self Pay
P11791,Patient 1791,Male,1968-11-22,A+,Nashik,Star Health
P11792,Patient 1792,Female,1943-04-06,B+,Hyderabad,HDFC ERGO
P11793,Patient 1793,Female,1990-02-08,O-,Nagpur,Care Health
P11794,Patient 1794,Female,1963-01-19,B-,Nashik,Care Health
P11795,Patient 1795,Female,1998-11-11,B-,Kolhapur,Self Pay
P11796,Patient 1796,Male,1983-02-27,O+,Nashik,ICICI Lombard
P11797,Patient 1797,Male,2000-03-23,O+,Nagpur,Star Health
P11798,Patient 1798,Male,1979-07-20,O+,Pune,ICICI Lombard
P11799,Patient 1799,Female,1960-02-24,B-,Mumbai,Self Pay
P11800,Patient 1800,Female,1943-12-01,AB+,Pune,Self Pay
P11801,Patient 1801,Female,1958-03-01,O+,Bengaluru,Care Health
P11802,Patient 1802,Male,1969-09-08,AB-,Bengaluru,Care Health
P11803,Patient 1803,Male,1971-09-15,B+,Delhi,Care Health
P11804,Patient 1804,Female,1954-07-08,A-,Nagpur,Care Health
P11805,Patient 1805,Male,1999-07-18,B-,Bengaluru,Star Health
P11806,Patient 1806,Male,1975-12-02,AB-,Visakhapatnam,Bajaj Allianz
P11807,Patient 1807,Female,1947-08-31,B+,Delhi,HDFC ERGO
P11808,Patient 1808,Male,1952-10-23,B+,Kolhapur,Care Health
P11809,Patient 1809,Male,1955-03-24,A+,Delhi,Star Health
P11810,Patient 1810,Male,1976-02-17,O-,Pune,Bajaj Allianz
P11811,Patient 1811,Male,1966-09-19,AB-,Hyderabad,Self Pay
P11812,Patient 1812,Female,2005-04-22,B-,Visakhapatnam,Care Health
P11813,Patient 1813,Male,1951-11-20,O+,Visakhapatnam,Bajaj Allianz
P11814,Patient 1814,Male,1990-05-13,AB+,Chennai,Care Health
P11815,Patient 1815,Male,1963-04-16,O+,Visakhapatnam,Care Health
P11816,Patient 1816,Female,1951-09-18,B+,Visakhapatnam,HDFC ERGO
P11817,Patient 1817,Male,1963-11-04,B+,Pune,Self Pay
P11818,Patient 1818,Female,2003-05-29,A-,Nashik,HDFC ERGO
P11819,Patient 1819,Male,1992-08-10,O+,Visakhapatnam,Bajaj Allianz
P11820,Patient 1820,Male,1987-09-08,O-,Hyderabad,Care Health
P11821,Patient 1821,Male,1972-10-23,O-,Mumbai,Bajaj Allianz
P11822,Patient 1822,Female,1974-09-25,A+,Pune,Bajaj Allianz
P11823,Patient 1823,Female,1960-08-07,O-,Pune,Care Health
P11824,Patient 1824,Male,1953-04-21,B+,Nashik,Self Pay
P11825,Patient 1825,Female,1976-09-24,B+,Chennai,HDFC ERGO
P11826,Patient 1826,Female,2002-08-04,O-,Nashik,Self Pay
P11827,Patient 1827,Male,1965-07-07,AB+,Delhi,Bajaj Allianz
P11828,Patient 1828,Female,1954-10-15,AB+,Mumbai,Star Health
P11829,Patient 1829,Male,1983-06-01,O-,Bengaluru,Self Pay
P11830,Patient 1830,Female,1960-12-27,A-,Kolhapur,Care Health
P11831,Patient 1831,Female,1964-07-11,AB-,Bengaluru,Self Pay
P11832,Patient 1832,Female,1993-04-03,A-,Chennai,Bajaj Allianz
P11833,Patient 1833,Female,1944-12-27,A-,Chennai,Star Health
P11834,Patient 1834,Male,1956-12-24,O-,Visakhapatnam,HDFC ERGO
P11835,Patient 1835,Female,1953-04-09,AB+,Nashik,Care Health
P11836,Patient 1836,Male,2003-08-12,O+,Delhi,Self Pay
P11837,Patient 1837,Male,1948-12-22,O+,Visakhapatnam,Bajaj Allianz
P11838,Patient 1838,Female,1990-01-06,O-,Nagpur,HDFC ERGO
P11839,Patient 1839,Female,1960-06-17,O+,Delhi,Bajaj Allianz
P11840,Patient 1840,Female,1992-03-13,AB-,Chennai,Care Health
P11841,Patient 1841,Male,1997-12-12,AB+,Chennai,Star Health
P11842,Patient 1842,Female,1998-10-04,O-,Pune,ICICI Lombard
P11843,Patient 1843,Female,1984-02-29,A+,Nagpur,HDFC ERGO
P11844,Patient 1844,Male,1983-12-20,B-,Visakhapatnam,ICICI Lombard
P11845,Patient 1845,Male,1960-04-12,B-,Chennai,Star Health
P11846,Patient 1846,Male,1969-09-09,O-,Nagpur,Star Health
P11847,Patient 1847,Male,1953-03-17,O-,Mumbai,Self Pay
P11848,Patient 1848,Female,1990-08-25,A+,Kolhapur,ICICI Lombard
P11849,Patient 1849,Female,1960-07-12,O+,Nashik,ICICI Lombard
P11850,Patient 1850,Female,1991-06-04,B-,Chennai,ICICI Lombard
P11851,Patient 1851,Female,1983-09-09,AB-,Mumbai,HDFC ERGO
P11852,Patient 1852,Male,1992-07-12,O-,Delhi,Care Health
P11853,Patient 1853,Female,1974-11-28,AB+,Nashik,ICICI Lombard
P11854,Patient 1854,Male,1950-11-28,B-,Nagpur,Care Health
P11855,Patient 1855,Female,1955-02-02,AB-,Nashik,Bajaj Allianz
P11856,Patient 1856,Male,1966-04-04,AB+,Bengaluru,HDFC ERGO
P11857,Patient 1857,Female,1942-01-02,O-,Pune,Care Health
P11858,Patient 1858,Male,2006-07-28,AB-,Nagpur,Care Health
P11859,Patient 1859,Male,1999-03-09,A+,Mumbai,ICICI Lombard
P11860,Patient 1860,Female,1966-10-03,O-,Chennai,Bajaj Allianz
P11861,Patient 1861,Male,1976-06-05,A-,Nagpur,Self Pay
P11862,Patient 1862,Female,1970-12-03,A+,Hyderabad,Care Health
P11863,Patient 1863,Male,1958-01-08,B-,Bengaluru,ICICI Lombard
P11864,Patient 1864,Female,2003-03-09,AB+,Mumbai,Self Pay
P11865,Patient 1865,Male,1984-02-28,AB-,Delhi,HDFC ERGO
P11866,Patient 1866,Male,1992-02-21,B-,Hyderabad,ICICI Lombard
P11867,Patient 1867,Male,1982-10-20,B-,Nagpur,HDFC ERGO
P11868,Patient 1868,Male,1943-09-20,O-,Pune,Bajaj Allianz
P11869,Patient 1869,Male,1994-01-09,A-,Hyderabad,Self Pay
P11870,Patient 1870,Male,1944-12-18,O+,Nashik,HDFC ERGO
P11871,Patient 1871,Male,1962-11-02,B-,Nagpur,ICICI Lombard
P11872,Patient 1872,Male,2001-05-08,A-,Mumbai,Care Health
P11873,Patient 1873,Female,1948-03-13,AB+,Nagpur,Self Pay
P11874,Patient 1874,Female,1961-07-23,AB+,Pune,ICICI Lombard
P11875,Patient 1875,Male,1952-10-13,AB-,Kolhapur,Self Pay
P11876,Patient 1876,Female,1996-08-08,O+,Nashik,HDFC ERGO
P11877,Patient 1877,Female,1959-05-09,A-,Chennai,Self Pay
P11878,Patient 1878,Male,1985-02-17,A+,Nagpur,Care Health
P11879,Patient 1879,Female,1991-03-01,AB+,Pune,HDFC ERGO
P11880,Patient 1880,Male,1948-04-25,O-,Hyderabad,Bajaj Allianz
P11881,Patient 1881,Male,1983-08-04,O+,Hyderabad,Self Pay
P11882,Patient 1882,Male,1957-07-24,AB-,Mumbai,ICICI Lombard
P11883,Patient 1883,Female,1951-08-31,A+,Nashik,HDFC ERGO
P11884,Patient 1884,Female,1953-08-01,AB+,Hyderabad,ICICI Lombard
P11885,Patient 1885,Male,1961-01-09,AB+,Chennai,ICICI Lombard
P11886,Patient 1886,Male,2007-06-06,AB-,Kolhapur,Bajaj Allianz
P11887,Patient 1887,Female,1997-09-17,AB-,Kolhapur,ICICI Lombard
P11888,Patient 1888,Male,1971-04-30,B+,Mumbai,Self Pay
P11889,Patient 1889,Male,1981-04-08,O-,Nagpur,HDFC ERGO
P11890,Patient 1890,Female,1978-11-18,B-,Hyderabad,Self Pay
P11891,Patient 1891,Female,1989-08-01,B-,Pune,ICICI Lombard
P11892,Patient 1892,Female,1954-08-15,A+,Delhi,Star Health
P11893,Patient 1893,Female,1992-02-27,B-,Kolhapur,Star Health
P11894,Patient 1894,Female,1964-09-10,A+,Visakhapatnam,Self Pay
P11895,Patient 1895,Male,1983-12-19,O+,Mumbai,HDFC ERGO
P11896,Patient 1896,Male,1970-09-20,AB+,Nagpur,Star Health
P11897,Patient 1897,Male,1964-02-26,B+,Bengaluru,Self Pay
P11898,Patient 1898,Female,2000-07-25,B+,Mumbai,Self Pay
P11899,Patient 1899,Female,1983-08-19,O-,Pune,Self Pay
P11900,Patient 1900,Male,1983-01-09,O-,Delhi,ICICI Lombard
P11901,Patient 1901,Female,1946-08-07,AB+,Visakhapatnam,HDFC ERGO
P11902,Patient 1902,Male,1941-03-01,AB-,Kolhapur,Bajaj Allianz
P11903,Patient 1903,Male,1963-02-25,O-,Nashik,HDFC ERGO
P11904,Patient 1904,Female,1990-07-30,O-,Visakhapatnam,Star Health
P11905,Patient 1905,Male,1969-07-12,A-,Kolhapur,ICICI Lombard
P11906,Patient 1906,Female,1974-07-06,A-,Bengaluru,Self Pay
P11907,Patient 1907,Male,1957-10-26,B-,Bengaluru,Star Health
P11908,Patient 1908,Female,1944-09-21,AB-,Kolhapur,Bajaj Allianz
P11909,Patient 1909,Female,1968-06-12,A+,Nashik,HDFC ERGO
P11910,Patient 1910,Male,1941-09-16,O+,Mumbai,Bajaj Allianz
P11911,Patient 1911,Female,1960-08-23,B+,Nashik,Bajaj Allianz
P11912,Patient 1912,Male,1954-06-19,B-,Hyderabad,HDFC ERGO
P11913,Patient 1913,Male,1979-06-13,O-,Kolhapur,HDFC ERGO
P11914,Patient 1914,Male,1965-07-04,AB+,Kolhapur,Bajaj Allianz
P11915,Patient 1915,Female,1943-12-14,AB-,Nashik,ICICI Lombard
P11916,Patient 1916,Male,2007-10-08,O-,Chennai,Bajaj Allianz
P11917,Patient 1917,Male,1958-06-23,B+,Chennai,Bajaj Allianz
P11918,Patient 1918,Male,1979-08-24,A+,Pune,Care Health
P11919,Patient 1919,Male,1963-03-13,A+,Chennai,HDFC ERGO
P11920,Patient 1920,Female,1999-09-08,A-,Bengaluru,ICICI Lombard
P11921,Patient 1921,Male,2007-09-22,B-,Hyderabad,Bajaj Allianz
P11922,Patient 1922,Male,1983-02-27,O-,Kolhapur,Star Health
P11923,Patient 1923,Male,1957-12-19,AB+,Visakhapatnam,Self Pay
P11924,Patient 1924,Male,1991-05-04,B+,Bengaluru,Self Pay
P11925,Patient 1925,Female,1991-05-12,O-,Pune,Star Health
P11926,Patient 1926,Male,1961-06-02,O+,Delhi,Star Health
P11927,Patient 1927,Female,2002-09-28,A+,Hyderabad,HDFC ERGO
P11928,Patient 1928,Male,1957-07-11,O-,Chennai,Self Pay
P11929,Patient 1929,Male,1989-01-27,B+,Nagpur,HDFC ERGO
P11930,Patient 1930,Female,1954-07-19,AB+,Mumbai,HDFC ERGO
P11931,Patient 1931,Male,2006-07-02,B+,Visakhapatnam,Bajaj Allianz
P11932,Patient 1932,Female,1948-06-01,B-,Kolhapur,Star Health
P11933,Patient 1933,Female,1997-04-21,A-,Delhi,HDFC ERGO
P11934,Patient 1934,Male,1998-09-25,B+,Mumbai,ICICI Lombard
P11935,Patient 1935,Male,1970-09-12,AB-,Nashik,Care Health
P11936,Patient 1936,Female,2001-05-11,O-,Nashik,Star Health
P11937,Patient 1937,Male,2006-10-04,A-,Hyderabad,Care Health
P11938,Patient 1938,Male,1971-05-04,AB+,Hyderabad,Self Pay
P11939,Patient 1939,Male,2007-06-12,A-,Hyderabad,Care Health
P11940,Patient 1940,Male,2005-07-20,B+,Bengaluru,Bajaj Allianz
P11941,Patient 1941,Female,1976-02-09,B+,Bengaluru,Star Health
P11942,Patient 1942,Male,1963-02-05,AB-,Nashik,HDFC ERGO
P11943,Patient 1943,Male,1984-06-18,A+,Hyderabad,Star Health
P11944,Patient 1944,Female,2005-07-25,O-,Visakhapatnam,Care Health
P11945,Patient 1945,Male,2006-08-09,AB-,Pune,ICICI Lombard
P11946,Patient 1946,Male,1943-03-09,B+,Hyderabad,ICICI Lombard
P11947,Patient 1947,Female,1949-09-23,O+,Kolhapur,Star Health
P11948,Patient 1948,Male,1941-08-13,A-,Visakhapatnam,ICICI Lombard
P11949,Patient 1949,Female,1996-10-05,AB-,Kolhapur,Care Health
P11950,Patient 1950,Female,1971-09-18,AB-,Nagpur,Care Health
P11951,Patient 1951,Male,1966-02-01,O-,Nashik,Star Health
P11952,Patient 1952,Female,1965-12-27,O+,Hyderabad,Bajaj Allianz
P11953,Patient 1953,Male,1988-05-10,O+,Chennai,HDFC ERGO
P11954,Patient 1954,Male,1979-09-28,O+,Mumbai,Care Health
P11955,Patient 1955,Female,1975-09-28,O-,Hyderabad,Self Pay
P11956,Patient 1956,Female,2003-09-28,A+,Pune,HDFC ERGO
P11957,Patient 1957,Male,1970-09-29,B+,Nagpur,Star Health
P11958,Patient 1958,Female,1959-09-09,B+,Hyderabad,Care Health
P11959,Patient 1959,Female,1953-03-12,AB+,Mumbai,Self Pay
P11960,Patient 1960,Female,1953-10-09,O-,Mumbai,Care Health
P11961,Patient 1961,Male,1994-12-04,A+,Bengaluru,Self Pay
P11962,Patient 1962,Male,1957-11-17,AB+,Pune,Bajaj Allianz
P11963,Patient 1963,Male,1975-06-13,AB+,Pune,Care Health
P11964,Patient 1964,Female,2001-07-24,AB+,Visakhapatnam,Care Health
P11965,Patient 1965,Male,1994-11-24,O-,Chennai,HDFC ERGO
P11966,Patient 1966,Female,1962-04-26,B-,Pune,Care Health
P11967,Patient 1967,Male,1941-04-23,AB+,Nagpur,Care Health
P11968,Patient 1968,Male,1953-02-13,AB-,Chennai,Bajaj Allianz
P11969,Patient 1969,Male,1980-02-20,A-,Bengaluru,HDFC ERGO
P11970,Patient 1970,Female,1988-09-09,AB-,Pune,Star Health
P11971,Patient 1971,Male,1963-12-25,AB-,Bengaluru,Bajaj Allianz
P11972,Patient 1972,Female,2006-03-15,B+,Mumbai,Bajaj Allianz
P11973,Patient 1973,Male,1995-04-19,B-,Hyderabad,Self Pay
P11974,Patient 1974,Male,1964-12-30,O-,Pune,HDFC ERGO
P11975,Patient 1975,Male,2000-01-07,AB+,Mumbai,Star Health
P11976,Patient 1976,Male,1964-03-14,B+,Hyderabad,Star Health
P11977,Patient 1977,Male,1969-08-12,A+,Hyderabad,Bajaj Allianz
P11978,Patient 1978,Male,1983-07-09,A+,Mumbai,Star Health
P11979,Patient 1979,Male,1973-02-25,O-,Kolhapur,Self Pay
P11980,Patient 1980,Male,1990-12-09,B+,Chennai,ICICI Lombard
P11981,Patient 1981,Female,1963-05-12,A-,Kolhapur,Self Pay
P11982,Patient 1982,Female,1946-07-07,O-,Nashik,Bajaj Allianz
P11983,Patient 1983,Male,1971-01-01,B+,Delhi,Self Pay
P11984,Patient 1984,Female,2007-01-18,B+,Hyderabad,ICICI Lombard
P11985,Patient 1985,Female,1988-10-31,B-,Visakhapatnam,Care Health
P11986,Patient 1986,Male,1969-08-01,O-,Chennai,Star Health
P11987,Patient 1987,Female,1962-09-21,A+,Hyderabad,ICICI Lombard
P11988,Patient 1988,Female,2005-05-24,A+,Nagpur,ICICI Lombard
P11989,Patient 1989,Male,2002-05-05,AB+,Visakhapatnam,Bajaj Allianz
P11990,Patient 1990,Male,1984-06-24,AB-,Nashik,Star Health
P11991,Patient 1991,Female,1966-07-24,O-,Nashik,Self Pay
P11992,Patient 1992,Female,1972-12-16,B+,Nagpur,Star Health
P11993,Patient 1993,Male,1998-07-23,O-,Mumbai,HDFC ERGO
P11994,Patient 1994,Male,1989-09-26,B+,Chennai,Star Health
P11995,Patient 1995,Male,2005-05-25,A-,Bengaluru,Bajaj Allianz
P11996,Patient 1996,Female,1990-10-11,O-,Chennai,Star Health
P11997,Patient 1997,Female,1964-06-03,O+,Visakhapatnam,Self Pay
P11998,Patient 1998,Female,1958-06-20,O+,Kolhapur,Care Health
P11999,Patient 1999,Male,1966-03-04,A+,Bengaluru,Self Pay
P12000,Patient 2000,Female,1995-02-19,A-,Nashik,ICICI Lombard
P12001,Patient 2001,Female,1990-01-16,B-,Nashik,HDFC ERGO
P12002,Patient 2002,Male,1947-09-27,AB+,Mumbai,Bajaj Allianz
P12003,Patient 2003,Male,1975-02-24,A-,Delhi,Self Pay
P12004,Patient 2004,Female,1978-05-25,A+,Chennai,HDFC ERGO
P12005,Patient 2005,Female,1977-06-05,B-,Mumbai,Self Pay
P12006,Patient 2006,Male,1973-07-25,B+,Visakhapatnam,Star Health
P12007,Patient 2007,Female,1974-08-10,B-,Bengaluru,Bajaj Allianz
P12008,Patient 2008,Male,1959-05-04,AB-,Nagpur,HDFC ERGO
P12009,Patient 2009,Female,1973-11-11,O-,Hyderabad,Star Health
P12010,Patient 2010,Female,1982-02-09,A-,Kolhapur,HDFC ERGO
P12011,Patient 2011,Male,1950-03-14,A+,Visakhapatnam,Self Pay
P12012,Patient 2012,Female,1952-12-26,A-,Hyderabad,Self Pay
P12013,Patient 2013,Female,1965-04-24,B+,Chennai,HDFC ERGO
P12014,Patient 2014,Male,2006-07-25,O+,Nagpur,Self Pay
P12015,Patient 2015,Female,1955-01-21,B+,Nashik,Care Health
P12016,Patient 2016,Male,1941-07-07,A+,Mumbai,Bajaj Allianz
P12017,Patient 2017,Male,1953-04-28,AB-,Bengaluru,Star Health
P12018,Patient 2018,Male,1944-04-11,AB+,Mumbai,Care Health
P12019,Patient 2019,Male,1973-01-23,O-,Bengaluru,Star Health
P12020,Patient 2020,Female,1969-12-05,O-,Delhi,ICICI Lombard
P12021,Patient 2021,Male,1976-05-11,B-,Delhi,Care Health
P12022,Patient 2022,Female,1983-01-05,B-,Mumbai,Self Pay
P12023,Patient 2023,Female,2006-07-29,B+,Bengaluru,Care Health
P12024,Patient 2024,Male,1945-06-03,A-,Bengaluru,Self Pay
P12025,Patient 2025,Female,1963-02-25,O+,Hyderabad,Self Pay
P12026,Patient 2026,Male,2006-12-27,A-,Mumbai,Star Health
P12027,Patient 2027,Male,1974-08-14,AB-,Pune,HDFC ERGO
P12028,Patient 2028,Male,1995-04-15,AB+,Chennai,Bajaj Allianz
P12029,Patient 2029,Male,2001-07-15,O-,Nashik,Self Pay
P12030,Patient 2030,Male,1958-12-24,A-,Delhi,Self Pay
P12031,Patient 2031,Female,2003-07-04,O-,Pune,Bajaj Allianz
P12032,Patient 2032,Male,2007-12-23,B-,Delhi,Care Health
P12033,Patient 2033,Male,1995-06-03,O-,Nagpur,Bajaj Allianz
P12034,Patient 2034,Female,2001-10-10,O+,Delhi,ICICI Lombard
P12035,Patient 2035,Female,1968-11-14,O-,Visakhapatnam,ICICI Lombard
P12036,Patient 2036,Female,1999-05-17,A-,Delhi,Bajaj Allianz
P12037,Patient 2037,Male,1985-03-25,O+,Hyderabad,Self Pay
P12038,Patient 2038,Female,1997-07-27,O-,Pune,Self Pay
P12039,Patient 2039,Female,1972-01-29,AB+,Nagpur,HDFC ERGO
P12040,Patient 2040,Female,1999-03-17,B-,Bengaluru,Self Pay
P12041,Patient 2041,Female,1940-08-26,O-,Bengaluru,Self Pay
P12042,Patient 2042,Male,2002-03-24,O+,Nagpur,Care Health
P12043,Patient 2043,Male,1951-03-25,A-,Kolhapur,HDFC ERGO
P12044,Patient 2044,Male,1979-12-25,B-,Mumbai,Care Health
P12045,Patient 2045,Male,1970-05-04,B+,Kolhapur,Care Health
P12046,Patient 2046,Female,1947-12-24,B+,Pune,Care Health
P12047,Patient 2047,Male,1950-09-07,AB-,Delhi,Care Health
P12048,Patient 2048,Female,1973-07-19,B+,Bengaluru,Self Pay
P12049,Patient 2049,Female,1943-10-27,A-,Hyderabad,Star Health
P12050,Patient 2050,Male,1998-10-10,AB+,Kolhapur,HDFC ERGO
P12051,Patient 2051,Male,1990-05-29,B-,Delhi,Care Health
P12052,Patient 2052,Female,1953-08-31,O+,Nashik,ICICI Lombard
P12053,Patient 2053,Female,1954-09-20,A+,Mumbai,Self Pay
P12054,Patient 2054,Male,1975-03-29,B+,Nagpur,ICICI Lombard
P12055,Patient 2055,Male,2006-04-16,B+,Delhi,HDFC ERGO
P12056,Patient 2056,Female,1962-06-02,A+,Mumbai,Self Pay
P12057,Patient 2057,Female,1978-05-11,O+,Mumbai,Star Health
P12058,Patient 2058,Male,1992-05-04,O+,Bengaluru,Self Pay
P12059,Patient 2059,Female,1947-01-04,A+,Bengaluru,Care Health
P12060,Patient 2060,Male,1977-09-01,O+,Pune,Star Health
P12061,Patient 2061,Male,1972-01-05,A-,Nashik,Self Pay
P12062,Patient 2062,Male,1953-10-04,O+,Nagpur,Star Health
P12063,Patient 2063,Male,1982-01-29,B-,Mumbai,Care Health
P12064,Patient 2064,Male,1990-10-30,O+,Pune,Star Health
P12065,Patient 2065,Male,1965-03-16,O-,Visakhapatnam,Star Health
P12066,Patient 2066,Male,1991-11-15,O-,Kolhapur,Self Pay
P12067,Patient 2067,Male,1969-09-12,B+,Chennai,Bajaj Allianz
P12068,Patient 2068,Male,1943-09-04,AB+,Mumbai,ICICI Lombard
P12069,Patient 2069,Female,1944-12-06,A-,Pune,Care Health
P12070,Patient 2070,Male,1979-02-14,A-,Nashik,Self Pay
P12071,Patient 2071,Male,1961-07-31,O+,Bengaluru,Self Pay
P12072,Patient 2072,Female,1943-11-29,AB+,Mumbai,HDFC ERGO
P12073,Patient 2073,Female,1991-04-25,AB+,Mumbai,Self Pay
P12074,Patient 2074,Male,1982-01-02,AB-,Delhi,Care Health
P12075,Patient 2075,Female,1954-06-01,AB+,Nashik,Bajaj Allianz
P12076,Patient 2076,Female,1999-04-24,O+,Nagpur,Self Pay
P12077,Patient 2077,Female,1946-08-02,O+,Bengaluru,ICICI Lombard
P12078,Patient 2078,Male,1955-09-02,A+,Mumbai,Star Health
P12079,Patient 2079,Female,1991-04-08,B+,Kolhapur,HDFC ERGO
P12080,Patient 2080,Male,1965-05-27,O-,Bengaluru,Star Health
P12081,Patient 2081,Female,1998-03-30,AB-,Kolhapur,ICICI Lombard
P12082,Patient 2082,Female,1981-01-19,O+,Chennai,Bajaj Allianz
P12083,Patient 2083,Male,1969-04-24,A+,Nagpur,HDFC ERGO
P12084,Patient 2084,Female,1957-02-14,AB-,Chennai,HDFC ERGO
P12085,Patient 2085,Male,1959-05-08,B+,Mumbai,HDFC ERGO
P12086,Patient 2086,Female,2003-03-30,AB-,Delhi,ICICI Lombard
P12087,Patient 2087,Male,1957-11-19,A+,Nagpur,HDFC ERGO
P12088,Patient 2088,Male,2006-04-26,B-,Delhi,Care Health
P12089,Patient 2089,Male,1959-09-01,O-,Pune,Star Health
P12090,Patient 2090,Female,1960-07-15,O+,Visakhapatnam,Self Pay
P12091,Patient 2091,Male,2002-09-14,O-,Nashik,HDFC ERGO
P12092,Patient 2092,Male,1952-05-01,B+,Pune,Self Pay
P12093,Patient 2093,Male,1964-03-15,A-,Chennai,Star Health
P12094,Patient 2094,Female,2005-05-12,B+,Kolhapur,Bajaj Allianz
P12095,Patient 2095,Female,1967-05-14,B+,Chennai,Care Health
P12096,Patient 2096,Male,2007-03-30,B+,Nagpur,Self Pay
P12097,Patient 2097,Male,1965-12-16,B-,Nagpur,Care Health
P12098,Patient 2098,Male,1990-11-13,O+,Chennai,Self Pay
P12099,Patient 2099,Male,2005-02-11,A+,Mumbai,Care Health
P12100,Patient 2100,Male,1951-05-27,O+,Chennai,Bajaj Allianz
P12101,Patient 2101,Female,1978-08-26,A-,Nagpur,Self Pay
P12102,Patient 2102,Male,1993-11-01,A+,Nagpur,Bajaj Allianz
P12103,Patient 2103,Male,1988-11-25,AB-,Bengaluru,Care Health
P12104,Patient 2104,Male,1982-10-28,AB-,Hyderabad,ICICI Lombard
P12105,Patient 2105,Female,2004-08-24,AB-,Delhi,Self Pay
P12106,Patient 2106,Female,1950-08-08,A+,Pune,HDFC ERGO
P12107,Patient 2107,Female,1984-10-30,AB+,Chennai,Care Health
P12108,Patient 2108,Male,1955-08-27,B-,Bengaluru,Star Health
P12109,Patient 2109,Male,2001-09-29,AB+,Mumbai,HDFC ERGO
P12110,Patient 2110,Male,2004-08-14,O+,Nagpur,Bajaj Allianz
P12111,Patient 2111,Male,1993-04-23,AB-,Chennai,Care Health
P12112,Patient 2112,Male,1963-09-28,B-,Nagpur,HDFC ERGO
P12113,Patient 2113,Female,2007-09-02,A+,Kolhapur,ICICI Lombard
P12114,Patient 2114,Female,1973-10-11,AB-,Bengaluru,ICICI Lombard
P12115,Patient 2115,Female,1942-09-11,A+,Chennai,Bajaj Allianz
P12116,Patient 2116,Male,1965-11-08,B-,Kolhapur,ICICI Lombard
P12117,Patient 2117,Female,1948-07-12,A+,Visakhapatnam,Care Health
P12118,Patient 2118,Male,1943-01-11,A+,Bengaluru,Care Health
P12119,Patient 2119,Male,1989-11-02,A-,Chennai,Self Pay
P12120,Patient 2120,Female,1990-01-09,O+,Chennai,Star Health
P12121,Patient 2121,Male,1999-02-12,AB+,Nashik,Star Health
P12122,Patient 2122,Male,1983-01-26,O-,Bengaluru,Care Health
P12123,Patient 2123,Male,1987-03-21,AB+,Bengaluru,Care Health
P12124,Patient 2124,Female,1970-10-06,AB+,Nagpur,Star Health
P12125,Patient 2125,Female,1974-11-04,B+,Chennai,Self Pay
P12126,Patient 2126,Male,1990-10-12,A-,Delhi,HDFC ERGO
P12127,Patient 2127,Female,1945-04-14,O-,Delhi,HDFC ERGO
P12128,Patient 2128,Male,1992-04-01,AB-,Delhi,ICICI Lombard
P12129,Patient 2129,Male,1973-07-12,AB-,Visakhapatnam,Self Pay
P12130,Patient 2130,Female,2002-08-15,AB-,Chennai,ICICI Lombard
P12131,Patient 2131,Female,1977-12-08,AB+,Chennai,Star Health
P12132,Patient 2132,Female,1960-09-18,O+,Kolhapur,ICICI Lombard
P12133,Patient 2133,Male,1995-10-10,AB+,Nashik,Care Health
P12134,Patient 2134,Female,1943-07-06,O-,Bengaluru,Self Pay
P12135,Patient 2135,Female,1980-01-07,O+,Nagpur,ICICI Lombard
P12136,Patient 2136,Female,1981-11-06,A-,Nashik,Star Health
P12137,Patient 2137,Male,1940-05-17,O+,Kolhapur,ICICI Lombard
P12138,Patient 2138,Female,1982-10-22,O-,Chennai,Care Health
P12139,Patient 2139,Female,1980-08-28,A+,Pune,ICICI Lombard
P12140,Patient 2140,Male,1944-07-03,AB+,Bengaluru,Self Pay
P12141,Patient 2141,Male,1987-06-05,AB-,Visakhapatnam,Star Health
P12142,Patient 2142,Male,1970-08-03,A+,Delhi,Star Health
P12143,Patient 2143,Female,1995-05-21,AB+,Visakhapatnam,Star Health
P12144,Patient 2144,Female,1974-02-19,B-,Chennai,Self Pay
P12145,Patient 2145,Female,1959-11-16,B+,Kolhapur,Bajaj Allianz
P12146,Patient 2146,Female,1965-06-07,AB+,Pune,Self Pay
P12147,Patient 2147,Male,1967-11-30,B-,Mumbai,ICICI Lombard
P12148,Patient 2148,Male,1993-09-02,O-,Delhi,ICICI Lombard
P12149,Patient 2149,Male,1965-05-13,A-,Nagpur,Care Health
P12150,Patient 2150,Male,1946-06-26,B-,Chennai,Care Health
P12151,Patient 2151,Male,1946-01-09,A-,Hyderabad,Care Health
P12152,Patient 2152,Male,1965-07-25,AB+,Pune,HDFC ERGO
P12153,Patient 2153,Male,1942-01-22,A-,Pune,Star Health
P12154,Patient 2154,Male,1997-10-30,B-,Bengaluru,Star Health
P12155,Patient 2155,Male,2007-03-09,O+,Visakhapatnam,Bajaj Allianz
P12156,Patient 2156,Male,1974-10-06,B+,Delhi,Care Health
P12157,Patient 2157,Male,1960-06-15,A+,Chennai,Self Pay
P12158,Patient 2158,Female,1980-06-25,A+,Hyderabad,ICICI Lombard
P12159,Patient 2159,Female,1995-11-09,B+,Delhi,Self Pay
P12160,Patient 2160,Female,1949-09-18,AB-,Kolhapur,HDFC ERGO
P12161,Patient 2161,Male,1999-08-08,A+,Hyderabad,Star Health
P12162,Patient 2162,Female,1970-10-13,O-,Nashik,Self Pay
P12163,Patient 2163,Female,1968-11-23,AB+,Nashik,Care Health
P12164,Patient 2164,Female,1969-10-11,AB-,Pune,Care Health
P12165,Patient 2165,Male,1954-08-08,AB+,Kolhapur,Bajaj Allianz
P12166,Patient 2166,Female,1981-12-13,B-,Nashik,HDFC ERGO
P12167,Patient 2167,Female,1971-05-19,O-,Pune,Bajaj Allianz
P12168,Patient 2168,Female,1975-07-12,B-,Visakhapatnam,Self Pay
P12169,Patient 2169,Female,1985-10-07,AB-,Chennai,HDFC ERGO
P12170,Patient 2170,Male,1999-01-01,AB-,Pune,Bajaj Allianz
P12171,Patient 2171,Female,1996-12-20,O-,Chennai,Bajaj Allianz
P12172,Patient 2172,Male,1994-01-13,O-,Kolhapur,ICICI Lombard
P12173,Patient 2173,Female,1961-03-25,AB-,Bengaluru,ICICI Lombard
P12174,Patient 2174,Male,1985-09-29,AB-,Delhi,Star Health
P12175,Patient 2175,Male,1961-08-01,A-,Pune,Care Health
P12176,Patient 2176,Male,1992-05-24,O+,Pune,Self Pay
P12177,Patient 2177,Female,1986-07-11,AB-,Chennai,Care Health
P12178,Patient 2178,Male,1948-11-23,O-,Nashik,Star Health
P12179,Patient 2179,Female,1972-06-27,O+,Nashik,Care Health
P12180,Patient 2180,Female,1989-01-20,AB-,Pune,Self Pay
P12181,Patient 2181,Male,1952-09-03,B-,Nashik,ICICI Lombard
P12182,Patient 2182,Male,1954-04-24,AB+,Nashik,Self Pay
P12183,Patient 2183,Male,2006-09-04,O+,Pune,Bajaj Allianz
P12184,Patient 2184,Female,1988-07-14,B-,Visakhapatnam,Star Health
P12185,Patient 2185,Female,1964-12-01,A+,Visakhapatnam,ICICI Lombard
P12186,Patient 2186,Male,1999-04-29,O-,Mumbai,Care Health
P12187,Patient 2187,Male,2003-06-13,A-,Visakhapatnam,Bajaj Allianz
P12188,Patient 2188,Female,1996-09-30,A-,Mumbai,Self Pay
P12189,Patient 2189,Female,1998-04-14,AB+,Kolhapur,Care Health
P12190,Patient 2190,Female,1986-10-06,AB-,Nagpur,HDFC ERGO
P12191,Patient 2191,Female,2005-04-10,B-,Delhi,ICICI Lombard
P12192,Patient 2192,Male,1965-03-13,A+,Nagpur,Bajaj Allianz
P12193,Patient 2193,Male,1959-05-10,B-,Nashik,ICICI Lombard
P12194,Patient 2194,Male,1993-02-02,O-,Hyderabad,Bajaj Allianz
P12195,Patient 2195,Male,1997-11-06,O-,Nashik,ICICI Lombard
P12196,Patient 2196,Male,2004-04-08,AB-,Pune,Star Health
P12197,Patient 2197,Male,1985-08-04,AB-,Pune,ICICI Lombard
P12198,Patient 2198,Male,1983-05-03,O-,Delhi,ICICI Lombard
P12199,Patient 2199,Female,1961-11-29,B+,Bengaluru,Care Health
P12200,Patient 2200,Female,1955-07-26,O-,Bengaluru,Star Health
P12201,Patient 2201,Female,1997-10-23,B-,Bengaluru,Self Pay
P12202,Patient 2202,Female,1943-05-10,AB+,Visakhapatnam,Care Health
P12203,Patient 2203,Male,1994-11-08,B-,Kolhapur,HDFC ERGO
P12204,Patient 2204,Female,2002-01-06,A-,Nashik,HDFC ERGO
P12205,Patient 2205,Male,1983-01-28,A+,Pune,Care Health
P12206,Patient 2206,Female,1974-09-02,O+,Hyderabad,Star Health
P12207,Patient 2207,Male,2000-02-21,AB+,Hyderabad,Self Pay
P12208,Patient 2208,Female,1992-09-13,B+,Hyderabad,Care Health
P12209,Patient 2209,Male,1959-03-19,A+,Bengaluru,Star Health
P12210,Patient 2210,Male,1973-07-15,A+,Delhi,Care Health
P12211,Patient 2211,Female,1983-07-28,O+,Bengaluru,HDFC ERGO
P12212,Patient 2212,Male,1946-07-26,A-,Pune,Star Health
P12213,Patient 2213,Female,1968-06-26,A-,Nashik,Self Pay
P12214,Patient 2214,Female,1976-06-11,A-,Nashik,Star Health
P12215,Patient 2215,Female,1988-10-26,AB+,Delhi,Care Health
P12216,Patient 2216,Female,1977-04-30,B-,Kolhapur,Self Pay
P12217,Patient 2217,Female,1943-09-02,A+,Visakhapatnam,ICICI Lombard
P12218,Patient 2218,Male,1999-10-30,B-,Hyderabad,ICICI Lombard
P12219,Patient 2219,Female,1975-01-18,B-,Nashik,Star Health
P12220,Patient 2220,Female,1982-10-10,A-,Delhi,Star Health
P12221,Patient 2221,Female,1946-02-07,B-,Hyderabad,Star Health
P12222,Patient 2222,Male,1990-04-18,A+,Bengaluru,Self Pay
P12223,Patient 2223,Female,2000-03-04,A+,Chennai,Self Pay
P12224,Patient 2224,Female,1978-09-26,AB-,Nagpur,Bajaj Allianz
P12225,Patient 2225,Female,2004-10-15,B+,Nashik,HDFC ERGO
P12226,Patient 2226,Male,1994-12-24,AB+,Kolhapur,Self Pay
P12227,Patient 2227,Male,2007-12-25,B-,Delhi,Care Health
P12228,Patient 2228,Male,1948-10-10,AB+,Visakhapatnam,ICICI Lombard
P12229,Patient 2229,Female,1963-03-29,AB+,Kolhapur,HDFC ERGO
P12230,Patient 2230,Female,1951-02-10,AB+,Bengaluru,Star Health
P12231,Patient 2231,Male,1976-05-16,O+,Nashik,Self Pay
P12232,Patient 2232,Male,1976-05-09,O-,Pune,Care Health
P12233,Patient 2233,Male,1969-07-17,AB-,Bengaluru,Bajaj Allianz
P12234,Patient 2234,Male,1977-11-01,AB+,Visakhapatnam,Bajaj Allianz
P12235,Patient 2235,Female,1985-06-20,O-,Bengaluru,Bajaj Allianz
P12236,Patient 2236,Female,1948-03-31,O-,Delhi,Star Health
P12237,Patient 2237,Male,1963-09-25,AB-,Kolhapur,Care Health
P12238,Patient 2238,Female,1971-12-07,A+,Delhi,Self Pay
P12239,Patient 2239,Male,1990-01-09,O+,Hyderabad,Star Health
P12240,Patient 2240,Female,1940-09-02,B-,Chennai,Self Pay
P12241,Patient 2241,Male,2006-11-25,AB-,Kolhapur,HDFC ERGO
P12242,Patient 2242,Male,1982-10-22,B+,Chennai,ICICI Lombard
P12243,Patient 2243,Male,1995-11-18,O-,Delhi,Care Health
P12244,Patient 2244,Female,1948-10-19,AB+,Pune,Self Pay
P12245,Patient 2245,Female,1990-02-06,O-,Nashik,HDFC ERGO
P12246,Patient 2246,Female,1944-03-01,O+,Visakhapatnam,Care Health
P12247,Patient 2247,Male,1983-08-18,B+,Bengaluru,HDFC ERGO
P12248,Patient 2248,Male,1996-08-29,A+,Bengaluru,Care Health
P12249,Patient 2249,Male,1975-01-12,A+,Chennai,Star Health
P12250,Patient 2250,Female,1973-06-26,A-,Visakhapatnam,Star Health
P12251,Patient 2251,Male,1972-03-18,AB+,Kolhapur,Star Health
P12252,Patient 2252,Female,1962-10-09,A-,Nashik,ICICI Lombard
P12253,Patient 2253,Female,1994-08-24,O+,Nagpur,ICICI Lombard
P12254,Patient 2254,Female,1969-05-16,B+,Chennai,Care Health
P12255,Patient 2255,Male,1970-08-27,O-,Kolhapur,HDFC ERGO
P12256,Patient 2256,Male,1991-07-21,B-,Kolhapur,Star Health
P12257,Patient 2257,Male,1960-07-08,A-,Visakhapatnam,Star Health
P12258,Patient 2258,Female,1988-06-07,A+,Visakhapatnam,Star Health
P12259,Patient 2259,Female,1998-02-16,AB+,Mumbai,HDFC ERGO
P12260,Patient 2260,Male,1980-12-13,O-,Bengaluru,Star Health
P12261,Patient 2261,Male,1989-02-19,B+,Nashik,HDFC ERGO
P12262,Patient 2262,Female,1971-02-21,AB-,Hyderabad,HDFC ERGO
P12263,Patient 2263,Female,1943-02-20,O+,Chennai,Care Health
P12264,Patient 2264,Male,1962-11-13,O+,Nashik,Bajaj Allianz
P12265,Patient 2265,Female,1947-12-28,A+,Mumbai,ICICI Lombard
P12266,Patient 2266,Male,1980-12-24,AB-,Mumbai,Star Health
P12267,Patient 2267,Male,1974-05-14,O+,Nashik,ICICI Lombard
P12268,Patient 2268,Female,1974-08-03,B-,Visakhapatnam,Star Health
P12269,Patient 2269,Female,1978-05-14,O-,Kolhapur,Star Health
P12270,Patient 2270,Female,1944-07-28,AB+,Nagpur,Bajaj Allianz
P12271,Patient 2271,Male,2002-02-28,O-,Nashik,ICICI Lombard
P12272,Patient 2272,Female,1950-12-26,B-,Chennai,Self Pay
P12273,Patient 2273,Male,1953-06-28,O+,Hyderabad,Star Health
P12274,Patient 2274,Male,2004-06-28,B-,Bengaluru,Bajaj Allianz
P12275,Patient 2275,Female,1964-12-31,O-,Mumbai,Bajaj Allianz
P12276,Patient 2276,Male,1976-11-17,O+,Pune,ICICI Lombard
P12277,Patient 2277,Female,1964-05-10,AB+,Pune,ICICI Lombard
P12278,Patient 2278,Female,1988-09-14,AB+,Kolhapur,Care Health
P12279,Patient 2279,Male,1998-01-03,AB-,Visakhapatnam,Self Pay
P12280,Patient 2280,Male,1943-09-17,B-,Bengaluru,HDFC ERGO
P12281,Patient 2281,Male,1956-09-11,B+,Mumbai,Star Health
P12282,Patient 2282,Male,1965-04-20,AB-,Pune,HDFC ERGO
P12283,Patient 2283,Female,1940-12-18,AB+,Pune,ICICI Lombard
P12284,Patient 2284,Female,1984-05-14,A+,Nagpur,Self Pay
P12285,Patient 2285,Male,1990-05-18,O+,Nashik,Bajaj Allianz
P12286,Patient 2286,Male,1949-05-03,AB-,Delhi,Star Health
P12287,Patient 2287,Female,1940-08-18,A-,Bengaluru,ICICI Lombard
P12288,Patient 2288,Female,1948-11-28,B+,Delhi,Star Health
P12289,Patient 2289,Male,1981-07-18,O+,Hyderabad,Self Pay
P12290,Patient 2290,Male,1974-10-01,AB-,Visakhapatnam,Self Pay
P12291,Patient 2291,Female,2003-02-02,AB+,Nashik,Star Health
P12292,Patient 2292,Male,1981-09-23,O-,Hyderabad,HDFC ERGO
P12293,Patient 2293,Male,1948-09-01,AB+,Chennai,Self Pay
P12294,Patient 2294,Female,1992-12-19,B+,Mumbai,Star Health
P12295,Patient 2295,Female,1980-11-27,A-,Delhi,ICICI Lombard
P12296,Patient 2296,Female,1970-07-30,AB-,Kolhapur,ICICI Lombard
P12297,Patient 2297,Female,1977-07-16,O-,Chennai,Star Health
P12298,Patient 2298,Female,1945-12-13,AB-,Bengaluru,Star Health
P12299,Patient 2299,Male,1966-05-03,B-,Mumbai,Self Pay
P12300,Patient 2300,Male,1943-03-18,A+,Pune,Care Health
P12301,Patient 2301,Male,2004-06-14,AB+,Delhi,ICICI Lombard
P12302,Patient 2302,Male,1944-05-07,AB-,Nashik,HDFC ERGO
P12303,Patient 2303,Female,1982-03-07,AB-,Nashik,Bajaj Allianz
P12304,Patient 2304,Female,1954-09-04,O+,Chennai,HDFC ERGO
P12305,Patient 2305,Female,1995-05-17,O+,Chennai,ICICI Lombard
P12306,Patient 2306,Female,1963-02-17,AB-,Visakhapatnam,Star Health
P12307,Patient 2307,Male,1978-12-11,A-,Pune,Bajaj Allianz
P12308,Patient 2308,Male,1992-04-06,A+,Nagpur,ICICI Lombard
P12309,Patient 2309,Female,1981-01-14,AB-,Delhi,Star Health
P12310,Patient 2310,Female,1990-10-11,B+,Hyderabad,HDFC ERGO
P12311,Patient 2311,Female,1949-12-21,AB+,Bengaluru,Star Health
P12312,Patient 2312,Female,1960-03-21,B-,Delhi,Self Pay
P12313,Patient 2313,Female,1999-03-08,O+,Delhi,Care Health
P12314,Patient 2314,Female,2004-05-29,B+,Pune,Star Health
P12315,Patient 2315,Male,1947-07-21,AB+,Delhi,Star Health
P12316,Patient 2316,Female,1974-03-27,O-,Visakhapatnam,Care Health
P12317,Patient 2317,Female,1989-05-17,O+,Delhi,HDFC ERGO
P12318,Patient 2318,Male,1944-11-18,A-,Kolhapur,Bajaj Allianz
P12319,Patient 2319,Female,1997-12-05,O+,Kolhapur,Care Health
P12320,Patient 2320,Male,1988-03-23,A+,Mumbai,HDFC ERGO
P12321,Patient 2321,Female,1999-01-19,A+,Bengaluru,Self Pay
P12322,Patient 2322,Male,1943-12-28,AB+,Kolhapur,HDFC ERGO
P12323,Patient 2323,Female,2007-08-13,B+,Bengaluru,HDFC ERGO
P12324,Patient 2324,Male,1994-04-18,B-,Nashik,Bajaj Allianz
P12325,Patient 2325,Female,1964-02-10,A-,Visakhapatnam,Self Pay
P12326,Patient 2326,Male,1999-09-09,AB+,Pune,Care Health
P12327,Patient 2327,Male,1981-07-31,O-,Pune,Bajaj Allianz
P12328,Patient 2328,Male,1961-11-01,A-,Kolhapur,HDFC ERGO
P12329,Patient 2329,Female,1954-06-14,A+,Visakhapatnam,HDFC ERGO
P12330,Patient 2330,Male,1959-09-26,AB-,Nashik,ICICI Lombard
P12331,Patient 2331,Male,1961-06-06,AB-,Hyderabad,Bajaj Allianz
P12332,Patient 2332,Female,1966-12-15,B-,Visakhapatnam,ICICI Lombard
P12333,Patient 2333,Male,1963-04-15,A-,Mumbai,Star Health
P12334,Patient 2334,Female,1983-10-10,AB+,Pune,Self Pay
P12335,Patient 2335,Male,1975-12-29,B-,Mumbai,ICICI Lombard
P12336,Patient 2336,Female,2000-03-15,O+,Pune,ICICI Lombard
P12337,Patient 2337,Male,1964-03-02,O+,Nashik,ICICI Lombard
P12338,Patient 2338,Male,2005-04-23,O-,Delhi,ICICI Lombard
P12339,Patient 2339,Female,1987-02-22,B+,Nagpur,HDFC ERGO
P12340,Patient 2340,Female,1943-02-04,AB-,Visakhapatnam,Star Health
P12341,Patient 2341,Female,1982-12-07,AB+,Visakhapatnam,Star Health
P12342,Patient 2342,Male,1960-02-22,A-,Delhi,ICICI Lombard
P12343,Patient 2343,Male,1989-10-19,B-,Hyderabad,ICICI Lombard
P12344,Patient 2344,Male,1987-09-11,AB+,Pune,Star Health
P12345,Patient 2345,Female,1949-06-03,B-,Hyderabad,HDFC ERGO
P12346,Patient 2346,Male,2005-11-27,B-,Visakhapatnam,ICICI Lombard
P12347,Patient 2347,Male,1959-06-24,B-,Kolhapur,Star Health
P12348,Patient 2348,Male,1969-05-15,A-,Kolhapur,Self Pay
P12349,Patient 2349,Female,1996-01-30,AB+,Chennai,Self Pay
P12350,Patient 2350,Male,1944-08-04,A+,Bengaluru,ICICI Lombard
P12351,Patient 2351,Female,1945-01-29,A+,Kolhapur,Star Health
P12352,Patient 2352,Male,1976-05-29,A-,Kolhapur,Care Health
P12353,Patient 2353,Female,1956-09-21,O+,Pune,Care Health
P12354,Patient 2354,Male,1992-05-29,A-,Chennai,Self Pay
P12355,Patient 2355,Female,1959-10-04,AB-,Pune,HDFC ERGO
P12356,Patient 2356,Female,2004-12-06,B-,Visakhapatnam,Care Health
P12357,Patient 2357,Male,1978-06-18,AB+,Mumbai,Self Pay
P12358,Patient 2358,Female,1989-06-29,AB+,Hyderabad,HDFC ERGO
P12359,Patient 2359,Male,1949-03-10,B+,Visakhapatnam,Star Health
P12360,Patient 2360,Female,1974-04-10,B+,Mumbai,HDFC ERGO
P12361,Patient 2361,Female,1972-05-02,O-,Nashik,Star Health
P12362,Patient 2362,Male,1969-07-16,A+,Nashik,Star Health
P12363,Patient 2363,Male,1973-05-28,B+,Pune,Bajaj Allianz
P12364,Patient 2364,Male,1986-07-16,B+,Nagpur,ICICI Lombard
P12365,Patient 2365,Male,1969-02-08,A+,Nagpur,Star Health
P12366,Patient 2366,Male,1962-12-16,AB-,Mumbai,Self Pay
P12367,Patient 2367,Male,1948-03-04,O+,Kolhapur,HDFC ERGO
P12368,Patient 2368,Male,1980-05-05,A+,Pune,ICICI Lombard
P12369,Patient 2369,Female,1993-10-21,O+,Mumbai,ICICI Lombard
P12370,Patient 2370,Male,2001-03-30,O-,Pune,ICICI Lombard
P12371,Patient 2371,Male,1961-03-21,B+,Mumbai,ICICI Lombard
P12372,Patient 2372,Female,1958-03-20,AB+,Nashik,Self Pay
P12373,Patient 2373,Male,1989-08-28,B+,Chennai,Star Health
P12374,Patient 2374,Male,1997-11-05,B-,Pune,Care Health
P12375,Patient 2375,Male,1994-03-08,O-,Chennai,Star Health
P12376,Patient 2376,Female,1978-07-25,O+,Nashik,Self Pay
P12377,Patient 2377,Female,2001-03-27,O+,Nagpur,Care Health
P12378,Patient 2378,Male,1998-02-16,B-,Delhi,Self Pay
P12379,Patient 2379,Female,1996-05-12,B-,Hyderabad,HDFC ERGO
P12380,Patient 2380,Female,1968-05-10,AB-,Visakhapatnam,Self Pay
P12381,Patient 2381,Female,1942-11-26,A-,Hyderabad,Self Pay
P12382,Patient 2382,Female,2003-04-06,B-,Hyderabad,Bajaj Allianz
P12383,Patient 2383,Female,1985-05-27,O+,Visakhapatnam,Star Health
P12384,Patient 2384,Male,1986-03-02,AB+,Nashik,Star Health
P12385,Patient 2385,Male,2001-05-13,O+,Nashik,Star Health
P12386,Patient 2386,Male,1974-03-19,O+,Nagpur,Star Health
P12387,Patient 2387,Female,1987-09-06,AB-,Delhi,Bajaj Allianz
P12388,Patient 2388,Female,1984-08-25,A-,Bengaluru,Care Health
P12389,Patient 2389,Female,1993-08-22,A-,Hyderabad,Care Health
P12390,Patient 2390,Female,1948-09-01,B-,Kolhapur,ICICI Lombard
P12391,Patient 2391,Male,1955-06-11,O-,Hyderabad,Star Health
P12392,Patient 2392,Female,1952-07-19,B+,Bengaluru,ICICI Lombard
P12393,Patient 2393,Female,1981-06-29,O+,Pune,HDFC ERGO
P12394,Patient 2394,Female,1969-05-20,A+,Nagpur,Bajaj Allianz
P12395,Patient 2395,Female,1951-08-17,B+,Chennai,ICICI Lombard
P12396,Patient 2396,Female,2006-03-15,B+,Chennai,Bajaj Allianz
P12397,Patient 2397,Male,1974-12-14,A-,Bengaluru,HDFC ERGO
P12398,Patient 2398,Female,1967-07-11,A-,Hyderabad,Self Pay
P12399,Patient 2399,Male,1980-06-20,AB-,Chennai,ICICI Lombard
P12400,Patient 2400,Female,1964-08-27,AB-,Bengaluru,HDFC ERGO
P12401,Patient 2401,Female,1979-03-12,A-,Visakhapatnam,Star Health
P12402,Patient 2402,Male,1998-10-10,AB+,Nashik,ICICI Lombard
P12403,Patient 2403,Female,2007-06-12,AB+,Mumbai,Care Health
P12404,Patient 2404,Male,2000-09-18,A+,Nashik,Bajaj Allianz
P12405,Patient 2405,Male,1956-04-30,A-,Hyderabad,ICICI Lombard
P12406,Patient 2406,Male,1944-07-02,B-,Bengaluru,ICICI Lombard
P12407,Patient 2407,Female,2006-04-13,AB-,Pune,Care Health
P12408,Patient 2408,Female,1999-07-28,A-,Chennai,HDFC ERGO
P12409,Patient 2409,Female,1970-06-22,AB+,Chennai,HDFC ERGO
P12410,Patient 2410,Male,1980-04-18,A-,Chennai,Self Pay
P12411,Patient 2411,Female,1952-12-21,AB+,Bengaluru,HDFC ERGO
P12412,Patient 2412,Female,1988-07-05,A-,Nashik,Bajaj Allianz
P12413,Patient 2413,Male,1978-07-27,O+,Pune,Bajaj Allianz
P12414,Patient 2414,Male,2003-06-01,B-,Bengaluru,Self Pay
P12415,Patient 2415,Male,1964-06-23,O-,Hyderabad,Care Health
P12416,Patient 2416,Female,2007-05-14,A+,Nagpur,Star Health
P12417,Patient 2417,Female,1987-08-17,O+,Hyderabad,HDFC ERGO
P12418,Patient 2418,Female,1995-11-06,B-,Mumbai,Self Pay
P12419,Patient 2419,Male,1944-08-14,AB+,Nagpur,ICICI Lombard
P12420,Patient 2420,Female,1965-09-04,AB-,Hyderabad,Care Health
P12421,Patient 2421,Male,1946-06-16,AB-,Pune,Self Pay
P12422,Patient 2422,Male,1984-08-03,B+,Delhi,Care Health
P12423,Patient 2423,Female,1956-09-02,B-,Delhi,HDFC ERGO
P12424,Patient 2424,Male,1962-05-17,A-,Delhi,Star Health
P12425,Patient 2425,Female,2007-08-10,A+,Mumbai,HDFC ERGO
P12426,Patient 2426,Male,1971-05-04,A-,Mumbai,ICICI Lombard
P12427,Patient 2427,Female,1952-02-07,A-,Delhi,Self Pay
P12428,Patient 2428,Male,1945-03-23,B-,Visakhapatnam,Bajaj Allianz
P12429,Patient 2429,Female,1943-08-29,O-,Chennai,Bajaj Allianz
P12430,Patient 2430,Male,1994-08-11,A+,Nagpur,HDFC ERGO
P12431,Patient 2431,Male,1948-09-12,B+,Nagpur,Star Health
P12432,Patient 2432,Female,1960-05-20,O+,Chennai,ICICI Lombard
P12433,Patient 2433,Male,1977-10-31,A-,Nashik,ICICI Lombard
P12434,Patient 2434,Female,1978-09-20,A+,Visakhapatnam,HDFC ERGO
P12435,Patient 2435,Female,1981-05-31,B+,Delhi,HDFC ERGO
P12436,Patient 2436,Male,1955-07-13,O+,Chennai,HDFC ERGO
P12437,Patient 2437,Male,1952-12-15,A-,Bengaluru,HDFC ERGO
P12438,Patient 2438,Female,1963-10-05,A+,Nagpur,Self Pay
P12439,Patient 2439,Female,1950-08-17,O+,Bengaluru,ICICI Lombard
P12440,Patient 2440,Female,1992-03-07,B-,Chennai,Care Health
P12441,Patient 2441,Male,1946-01-09,O-,Chennai,ICICI Lombard
P12442,Patient 2442,Female,1956-07-24,AB-,Hyderabad,HDFC ERGO
P12443,Patient 2443,Male,1962-03-23,AB-,Hyderabad,ICICI Lombard
P12444,Patient 2444,Female,2000-04-19,A-,Pune,Care Health
P12445,Patient 2445,Female,1966-09-06,A-,Pune,ICICI Lombard
P12446,Patient 2446,Male,1956-04-27,O+,Mumbai,Star Health
P12447,Patient 2447,Male,1946-10-31,A+,Mumbai,Self Pay
P12448,Patient 2448,Male,1993-07-03,AB-,Delhi,Star Health
P12449,Patient 2449,Male,1980-11-10,A-,Hyderabad,HDFC ERGO
P12450,Patient 2450,Female,1942-06-02,B+,Delhi,HDFC ERGO
P12451,Patient 2451,Male,1958-07-13,A-,Chennai,HDFC ERGO
P12452,Patient 2452,Male,1999-01-25,AB-,Delhi,Bajaj Allianz
P12453,Patient 2453,Male,1995-12-13,AB+,Chennai,Care Health
P12454,Patient 2454,Female,1959-03-17,O-,Nagpur,ICICI Lombard
P12455,Patient 2455,Female,1979-08-03,AB-,Hyderabad,Star Health
P12456,Patient 2456,Male,1995-11-12,B+,Pune,Bajaj Allianz
P12457,Patient 2457,Male,1993-02-17,A+,Delhi,HDFC ERGO
P12458,Patient 2458,Female,1940-01-23,B+,Hyderabad,Self Pay
P12459,Patient 2459,Female,1996-10-07,AB+,Nagpur,HDFC ERGO
P12460,Patient 2460,Male,2006-06-24,AB+,Bengaluru,Bajaj Allianz
P12461,Patient 2461,Male,1974-04-04,A-,Pune,Self Pay
P12462,Patient 2462,Male,1947-12-19,A-,Visakhapatnam,Bajaj Allianz
P12463,Patient 2463,Male,2003-01-05,AB-,Kolhapur,HDFC ERGO
P12464,Patient 2464,Female,1976-09-28,B-,Hyderabad,Care Health
P12465,Patient 2465,Female,1974-06-07,O-,Nashik,Care Health
P12466,Patient 2466,Male,1987-02-15,B+,Hyderabad,Care Health
P12467,Patient 2467,Female,1985-03-21,AB-,Chennai,Star Health
P12468,Patient 2468,Male,1954-07-25,B-,Visakhapatnam,Bajaj Allianz
P12469,Patient 2469,Female,1986-12-13,AB-,Nashik,Star Health
P12470,Patient 2470,Female,1985-05-21,O-,Delhi,Star Health
P12471,Patient 2471,Male,1973-04-12,O-,Nagpur,Care Health
P12472,Patient 2472,Male,1970-06-17,AB+,Nashik,Star Health
P12473,Patient 2473,Female,1941-09-07,A-,Delhi,Bajaj Allianz
P12474,Patient 2474,Male,1989-08-11,A-,Delhi,Self Pay
P12475,Patient 2475,Male,1943-12-26,O-,Delhi,Self Pay
P12476,Patient 2476,Female,1951-08-03,AB-,Chennai,Bajaj Allianz
P12477,Patient 2477,Female,1955-01-01,O-,Nashik,HDFC ERGO
P12478,Patient 2478,Male,1987-10-29,A-,Mumbai,HDFC ERGO
P12479,Patient 2479,Female,1991-11-03,A+,Nagpur,HDFC ERGO
P12480,Patient 2480,Male,1946-06-18,AB-,Bengaluru,ICICI Lombard
P12481,Patient 2481,Female,1963-11-10,AB+,Hyderabad,HDFC ERGO
P12482,Patient 2482,Female,1992-07-11,O+,Chennai,Bajaj Allianz
P12483,Patient 2483,Female,1983-06-01,AB-,Pune,ICICI Lombard
P12484,Patient 2484,Male,1951-06-30,AB-,Bengaluru,ICICI Lombard
P12485,Patient 2485,Female,1985-04-29,A-,Nagpur,Bajaj Allianz
P12486,Patient 2486,Female,1991-11-09,AB+,Chennai,Star Health
P12487,Patient 2487,Male,1994-07-20,AB-,Bengaluru,ICICI Lombard
P12488,Patient 2488,Male,1984-12-07,A-,Hyderabad,Star Health
P12489,Patient 2489,Male,1967-09-21,O-,Delhi,Bajaj Allianz
P12490,Patient 2490,Male,1964-10-07,B+,Visakhapatnam,Care Health
P12491,Patient 2491,Female,1977-07-08,AB+,Delhi,Bajaj Allianz
P12492,Patient 2492,Male,2001-01-31,B-,Nagpur,ICICI Lombard
P12493,Patient 2493,Male,1957-10-15,A+,Hyderabad,Bajaj Allianz
P12494,Patient 2494,Female,1943-11-13,B-,Bengaluru,Care Health
P12495,Patient 2495,Male,1960-04-14,O+,Kolhapur,HDFC ERGO
P12496,Patient 2496,Male,1992-03-17,O-,Visakhapatnam,HDFC ERGO
P12497,Patient 2497,Male,1965-08-22,AB+,Delhi,Care Health
P12498,Patient 2498,Female,1956-03-25,AB-,Mumbai,HDFC ERGO
P12499,Patient 2499,Female,1964-11-20,A-,Bengaluru,Care Health
P12500,Patient 2500,Female,1999-11-24,O+,Delhi,ICICI Lombard
P12501,Patient 2501,Male,1988-06-21,AB+,Bengaluru,Care Health
P12502,Patient 2502,Female,1960-07-08,A+,Visakhapatnam,HDFC ERGO
P12503,Patient 2503,Male,1961-09-08,AB+,Nagpur,HDFC ERGO
P12504,Patient 2504,Male,1969-12-24,O+,Pune,HDFC ERGO
P12505,Patient 2505,Male,1987-12-01,A-,Delhi,Self Pay
P12506,Patient 2506,Female,1943-07-02,B-,Bengaluru,Self Pay
P12507,Patient 2507,Male,1986-03-14,B+,Pune,Care Health
P12508,Patient 2508,Male,1974-01-08,B-,Pune,Bajaj Allianz
P12509,Patient 2509,Male,1975-07-06,A-,Mumbai,Star Health
P12510,Patient 2510,Male,1975-05-22,O+,Pune,Bajaj Allianz
P12511,Patient 2511,Female,1984-02-06,A-,Visakhapatnam,HDFC ERGO
P12512,Patient 2512,Male,2005-09-12,O-,Hyderabad,ICICI Lombard
P12513,Patient 2513,Female,1947-05-04,A+,Pune,Star Health
P12514,Patient 2514,Male,1954-11-04,AB+,Kolhapur,Star Health
P12515,Patient 2515,Female,1946-11-15,O-,Bengaluru,Star Health
P12516,Patient 2516,Female,2001-03-08,AB+,Pune,Star Health
P12517,Patient 2517,Male,1973-04-21,B-,Nashik,Star Health
P12518,Patient 2518,Male,1955-09-17,O+,Hyderabad,Bajaj Allianz
P12519,Patient 2519,Female,1957-12-30,B+,Chennai,ICICI Lombard
P12520,Patient 2520,Female,1974-04-03,B+,Hyderabad,HDFC ERGO
P12521,Patient 2521,Male,1951-04-01,A+,Nagpur,Self Pay
P12522,Patient 2522,Male,1993-10-31,A-,Chennai,Star Health
P12523,Patient 2523,Female,1989-11-30,A+,Mumbai,Self Pay
P12524,Patient 2524,Female,1990-05-29,AB+,Hyderabad,Care Health
P12525,Patient 2525,Male,1988-06-04,AB-,Nagpur,HDFC ERGO
P12526,Patient 2526,Male,1970-02-25,AB-,Hyderabad,Star Health
P12527,Patient 2527,Male,1980-03-27,AB-,Pune,Star Health
P12528,Patient 2528,Female,1990-04-01,A-,Delhi,ICICI Lombard
P12529,Patient 2529,Male,1950-03-09,A+,Delhi,Star Health
P12530,Patient 2530,Female,1945-04-16,O-,Nagpur,ICICI Lombard
P12531,Patient 2531,Male,1997-06-21,O+,Hyderabad,Star Health
P12532,Patient 2532,Male,1961-04-08,B-,Nagpur,Care Health
P12533,Patient 2533,Female,1970-11-16,AB+,Mumbai,Star Health
P12534,Patient 2534,Female,1948-12-26,AB-,Delhi,Bajaj Allianz
P12535,Patient 2535,Female,1994-02-09,O+,Nashik,ICICI Lombard
P12536,Patient 2536,Male,1974-09-12,B+,Chennai,Self Pay
P12537,Patient 2537,Female,1993-02-04,O-,Visakhapatnam,ICICI Lombard
P12538,Patient 2538,Female,1959-12-05,A+,Pune,Bajaj Allianz
P12539,Patient 2539,Male,1983-03-03,AB+,Nashik,ICICI Lombard
P12540,Patient 2540,Male,1990-06-22,AB+,Nashik,Care Health
P12541,Patient 2541,Male,1944-03-30,B+,Bengaluru,Star Health
P12542,Patient 2542,Male,1983-12-02,O-,Nashik,HDFC ERGO
P12543,Patient 2543,Female,1969-06-15,B+,Chennai,Star Health
P12544,Patient 2544,Male,2003-07-12,B+,Chennai,HDFC ERGO
P12545,Patient 2545,Female,1947-08-18,AB-,Pune,Star Health
P12546,Patient 2546,Female,1944-03-09,O-,Nagpur,HDFC ERGO
P12547,Patient 2547,Female,1979-09-14,AB-,Kolhapur,Star Health
P12548,Patient 2548,Female,2004-03-24,A+,Kolhapur,ICICI Lombard
P12549,Patient 2549,Male,2004-03-03,B+,Hyderabad,Care Health
P12550,Patient 2550,Male,1983-05-05,B-,Hyderabad,Self Pay
P12551,Patient 2551,Male,1998-12-31,AB+,Visakhapatnam,HDFC ERGO
P12552,Patient 2552,Female,1983-05-05,O-,Chennai,Bajaj Allianz
P12553,Patient 2553,Male,2006-11-12,B+,Hyderabad,Care Health
P12554,Patient 2554,Female,1974-01-12,O-,Bengaluru,HDFC ERGO
P12555,Patient 2555,Male,1995-08-24,AB+,Hyderabad,Star Health
P12556,Patient 2556,Male,1954-02-11,A-,Mumbai,Star Health
P12557,Patient 2557,Male,1941-08-23,O+,Mumbai,Self Pay
P12558,Patient 2558,Female,1965-10-15,A-,Bengaluru,HDFC ERGO
P12559,Patient 2559,Female,1981-06-15,B+,Nashik,Care Health
P12560,Patient 2560,Male,1941-08-10,AB+,Mumbai,Care Health
P12561,Patient 2561,Male,1992-06-04,O+,Kolhapur,HDFC ERGO
P12562,Patient 2562,Male,2005-11-29,A-,Kolhapur,HDFC ERGO
P12563,Patient 2563,Female,1957-07-23,B+,Mumbai,Care Health
P12564,Patient 2564,Female,1967-06-11,AB+,Hyderabad,Star Health
P12565,Patient 2565,Male,2003-10-09,B+,Visakhapatnam,HDFC ERGO
P12566,Patient 2566,Female,1980-10-02,AB-,Visakhapatnam,HDFC ERGO
P12567,Patient 2567,Male,1991-03-15,AB+,Kolhapur,Self Pay
P12568,Patient 2568,Female,1978-05-05,A-,Mumbai,HDFC ERGO
P12569,Patient 2569,Male,1997-11-02,B+,Nashik,Care Health
P12570,Patient 2570,Female,1995-09-29,O-,Pune,Star Health
P12571,Patient 2571,Male,1941-07-13,A-,Hyderabad,Star Health
P12572,Patient 2572,Female,1990-01-31,B+,Hyderabad,Self Pay
P12573,Patient 2573,Female,1956-11-16,O-,Visakhapatnam,Bajaj Allianz
P12574,Patient 2574,Female,1994-10-08,O-,Mumbai,ICICI Lombard
P12575,Patient 2575,Female,1986-10-09,A+,Nagpur,Care Health
P12576,Patient 2576,Female,1978-03-03,O-,Delhi,Star Health
P12577,Patient 2577,Male,1944-07-22,A-,Mumbai,Bajaj Allianz
P12578,Patient 2578,Male,1942-03-30,A-,Bengaluru,Star Health
P12579,Patient 2579,Male,1986-02-16,B-,Mumbai,Bajaj Allianz
P12580,Patient 2580,Female,1946-09-16,O+,Hyderabad,Care Health
P12581,Patient 2581,Male,1992-11-02,AB-,Pune,ICICI Lombard
P12582,Patient 2582,Female,1945-10-02,A-,Bengaluru,Self Pay
P12583,Patient 2583,Female,1940-01-25,AB+,Visakhapatnam,Self Pay
P12584,Patient 2584,Male,1967-06-01,O+,Chennai,ICICI Lombard
P12585,Patient 2585,Male,1942-12-13,O-,Chennai,Self Pay
P12586,Patient 2586,Male,1964-01-24,B+,Nagpur,Bajaj Allianz
P12587,Patient 2587,Male,2001-06-25,A+,Visakhapatnam,Bajaj Allianz
P12588,Patient 2588,Male,1968-11-02,AB+,Nashik,Self Pay
P12589,Patient 2589,Male,1951-06-21,O+,Kolhapur,HDFC ERGO
P12590,Patient 2590,Female,2006-03-05,AB+,Nagpur,Bajaj Allianz
P12591,Patient 2591,Female,2007-07-26,AB+,Chennai,Self Pay
P12592,Patient 2592,Male,1984-04-24,AB+,Kolhapur,HDFC ERGO
P12593,Patient 2593,Male,1977-04-03,O+,Nashik,HDFC ERGO
P12594,Patient 2594,Male,1950-08-01,A+,Visakhapatnam,ICICI Lombard
P12595,Patient 2595,Female,1994-11-19,O-,Kolhapur,Bajaj Allianz
P12596,Patient 2596,Female,1978-11-24,B-,Visakhapatnam,Bajaj Allianz
P12597,Patient 2597,Male,1994-11-16,AB-,Nashik,HDFC ERGO
P12598,Patient 2598,Male,1946-08-18,O-,Delhi,HDFC ERGO
P12599,Patient 2599,Female,1956-09-15,A-,Bengaluru,Star Health
P12600,Patient 2600,Female,1947-01-14,O+,Kolhapur,Star Health
P12601,Patient 2601,Male,1941-05-11,AB+,Kolhapur,Care Health
P12602,Patient 2602,Female,1978-08-01,O-,Visakhapatnam,HDFC ERGO
P12603,Patient 2603,Male,1992-01-22,A-,Visakhapatnam,Self Pay
P12604,Patient 2604,Male,1995-02-03,O+,Kolhapur,Care Health
P12605,Patient 2605,Female,2006-05-22,A-,Visakhapatnam,Self Pay
P12606,Patient 2606,Female,1949-11-27,AB+,Pune,ICICI Lombard
P12607,Patient 2607,Male,1987-10-08,B-,Pune,Self Pay
P12608,Patient 2608,Female,1969-07-12,O+,Delhi,ICICI Lombard
P12609,Patient 2609,Male,1953-08-04,A-,Delhi,Care Health
P12610,Patient 2610,Female,1946-04-12,B+,Delhi,Care Health
P12611,Patient 2611,Male,1978-11-22,A-,Chennai,HDFC ERGO
P12612,Patient 2612,Female,1955-11-03,AB-,Chennai,Star Health
P12613,Patient 2613,Female,1951-08-28,AB+,Mumbai,Star Health
P12614,Patient 2614,Male,2007-12-20,A+,Nagpur,Bajaj Allianz
P12615,Patient 2615,Female,1999-04-11,A-,Bengaluru,HDFC ERGO
P12616,Patient 2616,Female,2006-12-09,B-,Pune,Self Pay
P12617,Patient 2617,Female,1990-11-03,B+,Nashik,ICICI Lombard
P12618,Patient 2618,Male,1961-08-04,B+,Bengaluru,Self Pay
P12619,Patient 2619,Female,1998-01-26,A+,Bengaluru,ICICI Lombard
P12620,Patient 2620,Female,1991-02-11,O-,Nashik,Star Health
P12621,Patient 2621,Male,1982-07-08,AB-,Hyderabad,ICICI Lombard
P12622,Patient 2622,Female,1943-07-04,A+,Kolhapur,Self Pay
P12623,Patient 2623,Male,1940-01-25,AB-,Nagpur,Care Health
P12624,Patient 2624,Male,1952-06-26,A-,Mumbai,Star Health
P12625,Patient 2625,Female,1940-11-30,AB+,Delhi,ICICI Lombard
P12626,Patient 2626,Female,1956-11-30,B-,Nashik,ICICI Lombard
P12627,Patient 2627,Female,1942-10-03,B+,Chennai,Care Health
P12628,Patient 2628,Male,1983-08-18,A+,Delhi,ICICI Lombard
P12629,Patient 2629,Female,1961-01-12,B-,Visakhapatnam,Bajaj Allianz
P12630,Patient 2630,Male,1944-05-07,AB-,Nashik,Care Health
P12631,Patient 2631,Male,1957-01-01,AB+,Delhi,Self Pay
P12632,Patient 2632,Male,1943-10-01,B+,Kolhapur,Care Health
P12633,Patient 2633,Female,1962-12-10,B+,Kolhapur,ICICI Lombard
P12634,Patient 2634,Female,1985-11-21,AB-,Kolhapur,Self Pay
P12635,Patient 2635,Female,1988-07-29,AB+,Delhi,HDFC ERGO
P12636,Patient 2636,Female,1952-05-28,B+,Kolhapur,HDFC ERGO
P12637,Patient 2637,Male,1943-01-22,AB+,Pune,Self Pay
P12638,Patient 2638,Female,1967-03-05,B+,Chennai,Star Health
P12639,Patient 2639,Male,1988-08-14,A-,Mumbai,HDFC ERGO
P12640,Patient 2640,Male,1946-02-05,AB-,Nashik,Star Health
P12641,Patient 2641,Male,1982-10-05,AB+,Bengaluru,Star Health
P12642,Patient 2642,Female,1994-06-27,B-,Delhi,Star Health
P12643,Patient 2643,Male,1954-03-14,O-,Delhi,Star Health
P12644,Patient 2644,Female,1998-07-20,A-,Chennai,HDFC ERGO
P12645,Patient 2645,Male,1986-09-09,O+,Hyderabad,Self Pay
P12646,Patient 2646,Male,1942-03-18,B-,Nagpur,Care Health
P12647,Patient 2647,Female,2000-08-03,AB-,Visakhapatnam,Care Health
P12648,Patient 2648,Male,1977-02-16,B+,Nashik,Care Health
P12649,Patient 2649,Female,1958-08-03,O+,Hyderabad,Self Pay
P12650,Patient 2650,Female,1962-10-02,B-,Visakhapatnam,Self Pay
P12651,Patient 2651,Male,1945-07-30,A-,Nagpur,Self Pay
P12652,Patient 2652,Female,1974-11-30,O+,Bengaluru,Self Pay
P12653,Patient 2653,Male,1980-03-30,O+,Delhi,ICICI Lombard
P12654,Patient 2654,Male,1962-02-26,AB+,Kolhapur,Care Health
P12655,Patient 2655,Female,1965-05-03,A+,Chennai,Care Health
P12656,Patient 2656,Male,1980-12-31,B-,Nashik,Care Health
P12657,Patient 2657,Female,1995-08-10,A+,Chennai,HDFC ERGO
P12658,Patient 2658,Female,1973-04-12,AB-,Mumbai,Star Health
P12659,Patient 2659,Female,1993-06-02,B-,Bengaluru,Star Health
P12660,Patient 2660,Male,1992-12-04,B-,Mumbai,Self Pay
P12661,Patient 2661,Male,1983-06-21,AB+,Nagpur,Care Health
P12662,Patient 2662,Female,1990-03-27,B+,Nagpur,ICICI Lombard
P12663,Patient 2663,Male,1978-07-22,A-,Pune,ICICI Lombard
P12664,Patient 2664,Female,1993-02-13,A-,Nagpur,Care Health
P12665,Patient 2665,Female,1968-05-21,A-,Hyderabad,HDFC ERGO
P12666,Patient 2666,Male,1981-04-11,O-,Hyderabad,HDFC ERGO
P12667,Patient 2667,Male,1971-08-28,AB-,Kolhapur,Star Health
P12668,Patient 2668,Female,1990-03-09,O+,Delhi,Star Health
P12669,Patient 2669,Female,1976-07-28,B+,Chennai,HDFC ERGO
P12670,Patient 2670,Male,1942-08-11,A+,Delhi,Bajaj Allianz
P12671,Patient 2671,Male,1959-09-29,A-,Delhi,Star Health
P12672,Patient 2672,Male,1952-08-23,O-,Hyderabad,ICICI Lombard
P12673,Patient 2673,Female,2001-07-04,A+,Chennai,Bajaj Allianz
P12674,Patient 2674,Male,1954-12-01,B+,Kolhapur,Self Pay
P12675,Patient 2675,Female,1975-08-22,AB-,Bengaluru,ICICI Lombard
P12676,Patient 2676,Male,1958-02-25,B+,Pune,Bajaj Allianz
P12677,Patient 2677,Female,1988-11-26,AB+,Hyderabad,Self Pay
P12678,Patient 2678,Male,1981-02-03,O+,Mumbai,Self Pay
P12679,Patient 2679,Female,1973-10-11,A-,Pune,Bajaj Allianz
P12680,Patient 2680,Male,1951-06-04,AB-,Bengaluru,Bajaj Allianz
P12681,Patient 2681,Female,1989-02-03,AB+,Nagpur,ICICI Lombard
P12682,Patient 2682,Male,1969-06-09,A-,Delhi,Care Health
P12683,Patient 2683,Female,2001-12-31,B+,Nashik,Care Health
P12684,Patient 2684,Female,1952-11-23,B+,Kolhapur,HDFC ERGO
P12685,Patient 2685,Male,1991-08-24,O-,Delhi,HDFC ERGO
P12686,Patient 2686,Female,1947-10-21,B-,Nagpur,Bajaj Allianz
P12687,Patient 2687,Female,1961-01-18,B-,Bengaluru,Self Pay
P12688,Patient 2688,Male,2005-11-16,B+,Mumbai,ICICI Lombard
P12689,Patient 2689,Male,1980-11-19,B+,Kolhapur,ICICI Lombard
P12690,Patient 2690,Male,1990-10-03,A+,Kolhapur,Care Health
P12691,Patient 2691,Female,1967-10-21,O-,Bengaluru,Star Health
P12692,Patient 2692,Female,1997-02-08,O+,Pune,Care Health
P12693,Patient 2693,Male,1981-12-29,A+,Visakhapatnam,Star Health
P12694,Patient 2694,Male,1961-09-23,O+,Delhi,HDFC ERGO
P12695,Patient 2695,Female,1972-03-24,AB+,Pune,Care Health
P12696,Patient 2696,Female,1942-06-07,B-,Hyderabad,Star Health
P12697,Patient 2697,Male,1974-07-10,B-,Bengaluru,ICICI Lombard
P12698,Patient 2698,Female,1947-04-27,O-,Hyderabad,ICICI Lombard
P12699,Patient 2699,Female,1995-06-19,B+,Mumbai,HDFC ERGO
P12700,Patient 2700,Male,1991-09-25,B+,Pune,Bajaj Allianz
P12701,Patient 2701,Female,1949-08-17,AB+,Nashik,Care Health
P12702,Patient 2702,Male,1945-12-30,AB-,Visakhapatnam,HDFC ERGO
P12703,Patient 2703,Male,1963-03-05,AB-,Bengaluru,HDFC ERGO
P12704,Patient 2704,Male,1988-06-30,O-,Bengaluru,Star Health
P12705,Patient 2705,Female,1975-06-18,AB-,Visakhapatnam,Bajaj Allianz
P12706,Patient 2706,Female,1974-05-28,B-,Kolhapur,Star Health
P12707,Patient 2707,Male,2001-04-10,A+,Nagpur,Self Pay
P12708,Patient 2708,Male,1968-11-19,AB-,Mumbai,Care Health
P12709,Patient 2709,Male,1969-08-01,A-,Pune,Care Health
P12710,Patient 2710,Female,1976-09-14,O-,Bengaluru,Bajaj Allianz
P12711,Patient 2711,Male,2006-02-19,AB+,Bengaluru,Self Pay
P12712,Patient 2712,Female,1957-03-29,AB-,Visakhapatnam,Self Pay
P12713,Patient 2713,Male,1943-11-27,A-,Nashik,Care Health
P12714,Patient 2714,Male,1974-06-14,AB-,Visakhapatnam,Star Health
P12715,Patient 2715,Male,1948-07-13,A+,Visakhapatnam,Self Pay
P12716,Patient 2716,Male,1964-03-26,A+,Delhi,Star Health
P12717,Patient 2717,Female,1963-01-19,AB-,Pune,Self Pay
P12718,Patient 2718,Male,1978-08-14,O-,Kolhapur,Bajaj Allianz
P12719,Patient 2719,Male,1994-08-31,O-,Visakhapatnam,Self Pay
P12720,Patient 2720,Male,1959-09-19,A-,Nashik,Self Pay
P12721,Patient 2721,Male,1977-05-25,AB+,Kolhapur,Star Health
P12722,Patient 2722,Male,1942-01-30,A-,Chennai,Care Health
P12723,Patient 2723,Male,2001-12-31,AB+,Pune,Star Health
P12724,Patient 2724,Female,1988-05-24,AB-,Bengaluru,Star Health
P12725,Patient 2725,Female,1964-03-19,AB+,Chennai,HDFC ERGO
P12726,Patient 2726,Male,1969-02-03,B+,Kolhapur,Star Health
P12727,Patient 2727,Male,2007-03-10,B-,Kolhapur,Bajaj Allianz
P12728,Patient 2728,Female,1942-07-19,O+,Pune,Self Pay
P12729,Patient 2729,Male,1945-09-07,B-,Nagpur,Care Health
P12730,Patient 2730,Male,1961-05-21,A+,Delhi,ICICI Lombard
P12731,Patient 2731,Male,1968-02-13,B+,Bengaluru,Self Pay
P12732,Patient 2732,Male,1980-10-07,B-,Chennai,Self Pay
P12733,Patient 2733,Female,1951-04-20,AB-,Visakhapatnam,Bajaj Allianz
P12734,Patient 2734,Male,1978-07-08,AB+,Mumbai,Care Health
P12735,Patient 2735,Female,1943-12-25,AB+,Nagpur,Self Pay
P12736,Patient 2736,Male,1963-10-28,A-,Bengaluru,Star Health
P12737,Patient 2737,Male,1953-06-21,A-,Mumbai,Self Pay
P12738,Patient 2738,Female,1972-04-06,O-,Delhi,Self Pay
P12739,Patient 2739,Male,1973-10-15,AB+,Mumbai,Self Pay
P12740,Patient 2740,Female,1950-09-04,O-,Visakhapatnam,ICICI Lombard
P12741,Patient 2741,Male,1945-02-21,AB-,Mumbai,Self Pay
P12742,Patient 2742,Female,1964-06-03,AB+,Nagpur,HDFC ERGO
P12743,Patient 2743,Male,1975-07-07,A-,Hyderabad,Care Health
P12744,Patient 2744,Female,1996-11-01,B-,Nagpur,Self Pay
P12745,Patient 2745,Male,1970-06-15,O-,Visakhapatnam,Star Health
P12746,Patient 2746,Female,1951-09-14,O-,Chennai,HDFC ERGO
P12747,Patient 2747,Male,1979-03-21,A+,Hyderabad,Self Pay
P12748,Patient 2748,Female,1997-09-25,A-,Delhi,Self Pay
P12749,Patient 2749,Male,2003-04-17,AB-,Nagpur,Self Pay
P12750,Patient 2750,Female,2004-03-30,O-,Hyderabad,Star Health
P12751,Patient 2751,Male,1984-03-05,B-,Kolhapur,Bajaj Allianz
P12752,Patient 2752,Male,1983-08-30,B-,Nagpur,Star Health
P12753,Patient 2753,Male,1958-08-18,B-,Hyderabad,Bajaj Allianz
P12754,Patient 2754,Male,1957-07-01,B+,Pune,ICICI Lombard
P12755,Patient 2755,Male,1963-02-04,B+,Chennai,Bajaj Allianz
P12756,Patient 2756,Female,1956-06-02,O+,Bengaluru,HDFC ERGO
P12757,Patient 2757,Female,1991-10-15,B-,Mumbai,Self Pay
P12758,Patient 2758,Male,1990-11-24,O-,Hyderabad,Care Health
P12759,Patient 2759,Female,1982-01-05,AB-,Bengaluru,Care Health
P12760,Patient 2760,Female,1943-03-08,AB+,Nagpur,HDFC ERGO
P12761,Patient 2761,Male,1998-12-23,AB-,Bengaluru,Bajaj Allianz
P12762,Patient 2762,Female,1945-12-18,B+,Kolhapur,HDFC ERGO
P12763,Patient 2763,Female,1984-08-05,A-,Nashik,Star Health
P12764,Patient 2764,Female,1943-01-09,O-,Nashik,Care Health
P12765,Patient 2765,Male,1997-10-22,O+,Chennai,Self Pay
P12766,Patient 2766,Female,1945-12-25,B+,Hyderabad,ICICI Lombard
P12767,Patient 2767,Male,1946-09-28,AB+,Kolhapur,ICICI Lombard
P12768,Patient 2768,Male,1961-09-30,A+,Mumbai,Care Health
P12769,Patient 2769,Male,1961-12-05,O+,Delhi,Self Pay
P12770,Patient 2770,Female,1991-07-14,B+,Visakhapatnam,ICICI Lombard
P12771,Patient 2771,Female,1965-09-04,AB-,Chennai,Self Pay
P12772,Patient 2772,Female,1948-07-11,O+,Visakhapatnam,Self Pay
P12773,Patient 2773,Male,1980-07-03,O-,Nashik,ICICI Lombard
P12774,Patient 2774,Male,1941-02-28,AB-,Pune,ICICI Lombard
P12775,Patient 2775,Male,1975-10-31,B-,Delhi,Bajaj Allianz
P12776,Patient 2776,Male,2001-02-10,B-,Delhi,Self Pay
P12777,Patient 2777,Male,1999-07-30,B-,Visakhapatnam,Bajaj Allianz
P12778,Patient 2778,Female,2004-02-07,O+,Pune,HDFC ERGO
P12779,Patient 2779,Female,1997-02-24,A+,Nagpur,Star Health
P12780,Patient 2780,Male,1990-05-14,AB+,Bengaluru,HDFC ERGO
P12781,Patient 2781,Male,1968-02-18,O-,Chennai,Care Health
P12782,Patient 2782,Male,1969-07-26,O+,Kolhapur,ICICI Lombard
P12783,Patient 2783,Male,1976-12-29,A-,Delhi,Care Health
P12784,Patient 2784,Female,2002-02-06,O-,Visakhapatnam,Star Health
P12785,Patient 2785,Female,1993-12-17,AB-,Bengaluru,HDFC ERGO
P12786,Patient 2786,Female,1956-03-07,AB-,Nashik,Star Health
P12787,Patient 2787,Male,1954-12-31,O+,Kolhapur,Star Health
P12788,Patient 2788,Male,1967-02-16,O+,Visakhapatnam,Self Pay
P12789,Patient 2789,Male,1979-05-04,AB+,Chennai,ICICI Lombard
P12790,Patient 2790,Female,1955-11-26,A+,Mumbai,Care Health
P12791,Patient 2791,Female,1978-06-06,O+,Delhi,Star Health
P12792,Patient 2792,Male,1999-07-28,B-,Nashik,ICICI Lombard
P12793,Patient 2793,Male,1960-04-25,AB+,Chennai,HDFC ERGO
P12794,Patient 2794,Male,1969-11-01,A-,Hyderabad,Star Health
P12795,Patient 2795,Female,1953-08-08,B-,Nashik,Star Health
P12796,Patient 2796,Female,1987-03-12,A-,Kolhapur,Self Pay
P12797,Patient 2797,Female,1942-07-02,B+,Hyderabad,Star Health
P12798,Patient 2798,Female,1965-11-27,A-,Nashik,Star Health
P12799,Patient 2799,Male,1955-12-11,B-,Visakhapatnam,Self Pay
P12800,Patient 2800,Male,1997-02-08,B+,Mumbai,ICICI Lombard
P12801,Patient 2801,Male,2003-02-22,B-,Bengaluru,Bajaj Allianz
P12802,Patient 2802,Male,1941-07-09,AB-,Mumbai,Star Health
P12803,Patient 2803,Female,1994-01-08,B-,Mumbai,ICICI Lombard
P12804,Patient 2804,Female,1948-12-12,B+,Visakhapatnam,Care Health
P12805,Patient 2805,Male,1974-12-02,A-,Pune,Self Pay
P12806,Patient 2806,Female,1942-12-15,AB-,Nashik,Star Health
P12807,Patient 2807,Male,1960-01-29,A+,Bengaluru,HDFC ERGO
P12808,Patient 2808,Male,1961-03-31,A+,Nagpur,Star Health
P12809,Patient 2809,Male,2002-01-17,O-,Visakhapatnam,ICICI Lombard
P12810,Patient 2810,Male,1981-09-27,A+,Pune,Self Pay
P12811,Patient 2811,Male,1993-08-20,A+,Visakhapatnam,Star Health
P12812,Patient 2812,Male,1982-09-23,AB+,Pune,Self Pay
P12813,Patient 2813,Male,1957-11-15,A+,Mumbai,Star Health
P12814,Patient 2814,Female,1967-04-19,B+,Delhi,Self Pay
P12815,Patient 2815,Male,2005-03-28,O+,Delhi,Care Health
P12816,Patient 2816,Male,1962-07-15,A+,Hyderabad,Self Pay
P12817,Patient 2817,Male,1943-02-10,B-,Nagpur,Star Health
P12818,Patient 2818,Female,2003-01-03,O+,Bengaluru,Bajaj Allianz
P12819,Patient 2819,Male,1986-05-11,A+,Pune,Bajaj Allianz
P12820,Patient 2820,Female,1992-09-17,O+,Nashik,Care Health
P12821,Patient 2821,Male,1972-02-14,A-,Mumbai,Self Pay
P12822,Patient 2822,Female,2002-06-22,B+,Kolhapur,Care Health
P12823,Patient 2823,Female,1949-07-23,B+,Nashik,Self Pay
P12824,Patient 2824,Male,1968-03-18,O-,Nashik,HDFC ERGO
P12825,Patient 2825,Male,1991-11-19,O+,Pune,Care Health
P12826,Patient 2826,Male,2005-01-20,O-,Bengaluru,Self Pay
P12827,Patient 2827,Female,1994-03-23,AB-,Mumbai,ICICI Lombard
P12828,Patient 2828,Male,1965-11-27,AB+,Mumbai,HDFC ERGO
P12829,Patient 2829,Male,1978-05-20,B-,Bengaluru,Self Pay
P12830,Patient 2830,Female,2000-12-29,O+,Delhi,HDFC ERGO
P12831,Patient 2831,Male,1998-12-31,B+,Chennai,ICICI Lombard
P12832,Patient 2832,Female,1998-03-12,O-,Hyderabad,HDFC ERGO
P12833,Patient 2833,Female,1963-12-20,A-,Visakhapatnam,Self Pay
P12834,Patient 2834,Male,1963-12-07,A+,Hyderabad,Self Pay
P12835,Patient 2835,Male,1951-01-09,B+,Delhi,Self Pay
P12836,Patient 2836,Male,1944-06-04,A-,Pune,Bajaj Allianz
P12837,Patient 2837,Female,1989-10-28,A+,Pune,Care Health
P12838,Patient 2838,Female,1997-03-04,AB+,Nagpur,ICICI Lombard
P12839,Patient 2839,Female,1977-11-18,B+,Hyderabad,Star Health
P12840,Patient 2840,Female,1978-07-06,O-,Hyderabad,Star Health
P12841,Patient 2841,Female,2007-07-28,B+,Visakhapatnam,Star Health
P12842,Patient 2842,Male,1964-02-16,O+,Pune,Self Pay
P12843,Patient 2843,Male,1961-07-13,O+,Nashik,Self Pay
P12844,Patient 2844,Female,1969-01-23,A-,Hyderabad,Care Health
P12845,Patient 2845,Male,1977-06-22,O-,Visakhapatnam,Self Pay
P12846,Patient 2846,Male,1974-12-09,AB-,Bengaluru,Self Pay
P12847,Patient 2847,Female,1998-09-24,O+,Kolhapur,Bajaj Allianz
P12848,Patient 2848,Male,1991-08-05,B-,Bengaluru,HDFC ERGO
P12849,Patient 2849,Female,1945-10-04,AB+,Visakhapatnam,Star Health
P12850,Patient 2850,Female,1973-04-05,B-,Nashik,Care Health
P12851,Patient 2851,Male,1961-05-04,B+,Nagpur,Star Health
P12852,Patient 2852,Female,1982-06-26,B-,Pune,HDFC ERGO
P12853,Patient 2853,Male,2006-07-13,A+,Nagpur,Self Pay
P12854,Patient 2854,Male,1948-04-12,AB+,Nagpur,HDFC ERGO
P12855,Patient 2855,Male,1994-01-25,B-,Visakhapatnam,Star Health
P12856,Patient 2856,Male,1971-04-01,A+,Pune,Care Health
P12857,Patient 2857,Male,1977-06-10,A-,Mumbai,Care Health
P12858,Patient 2858,Male,1960-10-12,B-,Kolhapur,ICICI Lombard
P12859,Patient 2859,Male,1964-01-13,AB+,Hyderabad,ICICI Lombard
P12860,Patient 2860,Male,1979-12-05,A+,Nagpur,Self Pay
P12861,Patient 2861,Female,1964-02-01,B-,Bengaluru,ICICI Lombard
P12862,Patient 2862,Female,1993-01-14,A-,Mumbai,Self Pay
P12863,Patient 2863,Male,1990-11-19,B-,Mumbai,HDFC ERGO
P12864,Patient 2864,Male,1978-08-30,A+,Nashik,HDFC ERGO
P12865,Patient 2865,Male,2004-10-23,B-,Nagpur,ICICI Lombard
P12866,Patient 2866,Male,2005-09-27,AB+,Nagpur,Bajaj Allianz
P12867,Patient 2867,Female,2003-06-29,B+,Chennai,Self Pay
P12868,Patient 2868,Female,1960-01-17,O-,Visakhapatnam,ICICI Lombard
P12869,Patient 2869,Male,1955-06-18,O-,Nashik,Star Health
P12870,Patient 2870,Male,1981-12-14,A+,Mumbai,Star Health
P12871,Patient 2871,Male,1971-09-18,A+,Mumbai,Self Pay
P12872,Patient 2872,Female,1963-09-14,A+,Chennai,HDFC ERGO
P12873,Patient 2873,Male,2005-03-22,A+,Hyderabad,Star Health
P12874,Patient 2874,Female,1948-10-25,B-,Delhi,HDFC ERGO
P12875,Patient 2875,Female,1980-07-22,AB+,Bengaluru,Care Health
P12876,Patient 2876,Male,1973-12-06,O-,Delhi,Self Pay
P12877,Patient 2877,Female,1973-10-30,A-,Nagpur,Care Health
P12878,Patient 2878,Female,2004-07-01,O-,Pune,Star Health
P12879,Patient 2879,Female,1961-05-08,AB+,Nashik,Star Health
P12880,Patient 2880,Male,1957-08-26,A+,Nagpur,HDFC ERGO
P12881,Patient 2881,Male,2003-04-08,AB-,Hyderabad,Star Health
P12882,Patient 2882,Female,1957-05-03,B-,Delhi,Bajaj Allianz
P12883,Patient 2883,Female,1957-03-18,AB-,Nagpur,HDFC ERGO
P12884,Patient 2884,Female,1940-07-10,B-,Bengaluru,HDFC ERGO
P12885,Patient 2885,Female,1963-07-30,A+,Mumbai,Care Health
P12886,Patient 2886,Female,1968-05-22,B-,Visakhapatnam,Bajaj Allianz
P12887,Patient 2887,Female,1972-09-21,A+,Kolhapur,Care Health
P12888,Patient 2888,Male,1998-07-05,AB+,Nagpur,Self Pay
P12889,Patient 2889,Female,1983-04-18,O+,Hyderabad,Care Health
P12890,Patient 2890,Female,1947-10-04,B+,Nashik,Bajaj Allianz
P12891,Patient 2891,Female,1985-03-17,B-,Pune,Bajaj Allianz
P12892,Patient 2892,Female,2002-04-09,A+,Bengaluru,ICICI Lombard
P12893,Patient 2893,Male,1969-06-16,AB-,Chennai,Star Health
P12894,Patient 2894,Female,1949-04-12,A+,Hyderabad,Self Pay
P12895,Patient 2895,Female,1969-11-15,AB-,Delhi,Self Pay
P12896,Patient 2896,Male,1980-06-03,O-,Visakhapatnam,Bajaj Allianz
P12897,Patient 2897,Male,1990-07-01,B-,Delhi,Bajaj Allianz
P12898,Patient 2898,Male,2000-06-18,A-,Mumbai,ICICI Lombard
P12899,Patient 2899,Male,1952-06-03,AB-,Visakhapatnam,Care Health
P12900,Patient 2900,Male,1940-09-28,A+,Delhi,Self Pay
P12901,Patient 2901,Male,1957-12-14,B-,Nashik,Self Pay
P12902,Patient 2902,Female,1956-01-04,A+,Delhi,ICICI Lombard
P12903,Patient 2903,Female,1944-04-06,A-,Bengaluru,ICICI Lombard
P12904,Patient 2904,Female,1959-03-10,B+,Bengaluru,HDFC ERGO
P12905,Patient 2905,Female,1994-04-11,O+,Kolhapur,HDFC ERGO
P12906,Patient 2906,Male,1963-03-12,O+,Delhi,HDFC ERGO
P12907,Patient 2907,Male,1986-02-10,A-,Nashik,Care Health
P12908,Patient 2908,Female,1946-08-02,AB+,Nashik,Star Health
P12909,Patient 2909,Male,1980-02-06,B-,Nagpur,Bajaj Allianz
P12910,Patient 2910,Female,2002-04-10,A-,Pune,Bajaj Allianz
P12911,Patient 2911,Female,1965-10-04,B+,Visakhapatnam,Self Pay
P12912,Patient 2912,Male,1945-08-15,A+,Hyderabad,Self Pay
P12913,Patient 2913,Female,1979-01-02,B-,Chennai,Care Health
P12914,Patient 2914,Male,1964-05-14,O-,Visakhapatnam,Bajaj Allianz
P12915,Patient 2915,Male,1954-01-13,AB-,Visakhapatnam,HDFC ERGO
P12916,Patient 2916,Female,1966-09-24,A-,Mumbai,Self Pay
P12917,Patient 2917,Male,1942-09-22,O-,Visakhapatnam,ICICI Lombard
P12918,Patient 2918,Female,1994-01-13,O-,Mumbai,Self Pay
P12919,Patient 2919,Male,1955-01-01,B+,Nagpur,ICICI Lombard
P12920,Patient 2920,Female,2000-03-28,O-,Pune,Star Health
P12921,Patient 2921,Female,1998-09-30,A-,Nashik,HDFC ERGO
P12922,Patient 2922,Female,1978-04-21,AB+,Kolhapur,Care Health
P12923,Patient 2923,Male,1980-06-27,O+,Nashik,ICICI Lombard
P12924,Patient 2924,Male,1971-01-26,O+,Delhi,Care Health
P12925,Patient 2925,Female,1961-04-12,B-,Chennai,Self Pay
P12926,Patient 2926,Male,1969-04-20,A+,Pune,ICICI Lombard
P12927,Patient 2927,Female,1987-05-24,B+,Pune,Care Health
P12928,Patient 2928,Female,1996-04-14,A-,Nagpur,ICICI Lombard
P12929,Patient 2929,Female,1986-10-31,B-,Chennai,Care Health
P12930,Patient 2930,Female,1986-11-26,A-,Delhi,Bajaj Allianz
P12931,Patient 2931,Male,2003-07-31,B-,Delhi,HDFC ERGO
P12932,Patient 2932,Female,1969-10-01,O+,Kolhapur,Self Pay
P12933,Patient 2933,Female,1972-11-14,O-,Hyderabad,Care Health
P12934,Patient 2934,Male,1944-05-08,AB+,Nashik,Self Pay
P12935,Patient 2935,Female,1966-03-25,A-,Visakhapatnam,Bajaj Allianz
P12936,Patient 2936,Male,2004-02-04,AB+,Chennai,Self Pay
P12937,Patient 2937,Male,1983-03-10,AB-,Delhi,Star Health
P12938,Patient 2938,Male,1995-02-09,AB-,Delhi,ICICI Lombard
P12939,Patient 2939,Female,1981-11-05,O-,Hyderabad,HDFC ERGO
P12940,Patient 2940,Male,1982-03-07,O+,Pune,Self Pay
P12941,Patient 2941,Female,1994-04-30,B+,Delhi,ICICI Lombard
P12942,Patient 2942,Female,2007-07-27,AB+,Kolhapur,Self Pay
P12943,Patient 2943,Male,2002-08-10,B-,Delhi,Star Health
P12944,Patient 2944,Male,1954-02-22,B+,Delhi,Star Health
P12945,Patient 2945,Female,1984-11-05,A-,Hyderabad,Star Health
P12946,Patient 2946,Male,1961-06-05,A-,Kolhapur,Care Health
P12947,Patient 2947,Female,1960-09-04,B-,Bengaluru,Self Pay
P12948,Patient 2948,Male,2002-07-01,A+,Mumbai,ICICI Lombard
P12949,Patient 2949,Male,1981-02-02,O-,Hyderabad,Care Health
P12950,Patient 2950,Female,1986-05-24,A+,Pune,Star Health
P12951,Patient 2951,Male,2007-06-15,O-,Pune,Care Health
P12952,Patient 2952,Male,1961-07-25,A-,Chennai,Star Health
P12953,Patient 2953,Male,1947-08-14,O-,Hyderabad,HDFC ERGO
P12954,Patient 2954,Male,1983-04-14,O+,Nagpur,Bajaj Allianz
P12955,Patient 2955,Female,1993-05-16,O+,Hyderabad,Care Health
P12956,Patient 2956,Female,2000-10-10,B-,Bengaluru,Star Health
P12957,Patient 2957,Male,1986-01-23,A+,Delhi,Star Health
P12958,Patient 2958,Female,1956-11-12,AB+,Hyderabad,Bajaj Allianz
P12959,Patient 2959,Female,1960-10-05,A-,Nagpur,Self Pay
P12960,Patient 2960,Male,1992-10-15,AB-,Visakhapatnam,Self Pay
P12961,Patient 2961,Male,1964-07-02,AB+,Nagpur,Self Pay
P12962,Patient 2962,Female,1968-03-24,B-,Pune,Self Pay
P12963,Patient 2963,Female,1961-04-08,AB-,Bengaluru,HDFC ERGO
P12964,Patient 2964,Female,1997-01-22,AB+,Delhi,ICICI Lombard
P12965,Patient 2965,Female,1968-11-21,A+,Nagpur,Star Health
P12966,Patient 2966,Male,1961-04-26,O-,Bengaluru,HDFC ERGO
P12967,Patient 2967,Female,1986-04-23,O+,Visakhapatnam,Bajaj Allianz
P12968,Patient 2968,Male,1965-05-28,A+,Kolhapur,Self Pay
P12969,Patient 2969,Female,2004-10-21,AB-,Kolhapur,ICICI Lombard
P12970,Patient 2970,Male,1947-11-06,O-,Kolhapur,Care Health
P12971,Patient 2971,Male,1975-05-20,O-,Visakhapatnam,Bajaj Allianz
P12972,Patient 2972,Male,1983-01-01,O-,Delhi,Care Health
P12973,Patient 2973,Female,1990-08-25,B+,Mumbai,ICICI Lombard
P12974,Patient 2974,Male,1959-03-10,O+,Mumbai,Self Pay
P12975,Patient 2975,Male,1975-05-09,A-,Bengaluru,Star Health
P12976,Patient 2976,Male,2001-01-22,AB-,Kolhapur,Self Pay
P12977,Patient 2977,Male,1997-03-04,B-,Pune,Self Pay
P12978,Patient 2978,Female,1971-12-02,A-,Delhi,HDFC ERGO
P12979,Patient 2979,Female,1945-12-12,AB+,Mumbai,HDFC ERGO
P12980,Patient 2980,Male,1993-02-20,O+,Hyderabad,Bajaj Allianz
P12981,Patient 2981,Male,1951-06-29,B-,Chennai,HDFC ERGO
P12982,Patient 2982,Female,1956-09-09,B-,Nashik,Star Health
P12983,Patient 2983,Male,1946-04-12,A+,Visakhapatnam,Self Pay
P12984,Patient 2984,Male,1953-02-08,AB+,Visakhapatnam,HDFC ERGO
P12985,Patient 2985,Male,2003-03-19,A+,Mumbai,ICICI Lombard
P12986,Patient 2986,Male,1940-12-23,A+,Visakhapatnam,Care Health
P12987,Patient 2987,Male,1957-11-06,O-,Kolhapur,ICICI Lombard
P12988,Patient 2988,Female,1946-10-17,O+,Nashik,ICICI Lombard
P12989,Patient 2989,Female,1980-04-18,B+,Pune,Care Health
P12990,Patient 2990,Female,1963-03-06,A+,Hyderabad,HDFC ERGO
P12991,Patient 2991,Male,1989-12-22,A-,Bengaluru,Care Health
P12992,Patient 2992,Male,1990-10-02,B-,Nashik,Self Pay
P12993,Patient 2993,Male,1987-11-26,O+,Pune,Self Pay
P12994,Patient 2994,Female,1941-08-05,A+,Visakhapatnam,Star Health
P12995,Patient 2995,Female,1944-12-29,AB-,Mumbai,Star Health
P12996,Patient 2996,Female,1965-12-24,A-,Nagpur,Care Health
P12997,Patient 2997,Male,2006-05-18,AB+,Bengaluru,Care Health
P12998,Patient 2998,Male,1954-10-09,B-,Delhi,Self Pay
P12999,Patient 2999,Male,2001-08-13,O+,Chennai,Care Health
P13000,Patient 3000,Female,1980-12-18,AB-,Mumbai,ICICI Lombard
P13001,Patient 3001,Female,2006-06-12,O+,Visakhapatnam,HDFC ERGO
P13002,Patient 3002,Female,1987-06-03,O+,Mumbai,Self Pay
P13003,Patient 3003,Female,1991-02-12,AB-,Kolhapur,Self Pay
P13004,Patient 3004,Male,1943-09-22,AB+,Visakhapatnam,ICICI Lombard
P13005,Patient 3005,Female,1957-06-07,AB-,Mumbai,Care Health
P13006,Patient 3006,Female,1969-09-14,A-,Nashik,Star Health
P13007,Patient 3007,Male,1945-03-06,O-,Nashik,HDFC ERGO
P13008,Patient 3008,Male,1975-07-16,O+,Hyderabad,Star Health
P13009,Patient 3009,Male,1973-11-20,AB+,Hyderabad,Self Pay
P13010,Patient 3010,Male,1950-06-30,O+,Bengaluru,Care Health
P13011,Patient 3011,Male,2003-07-17,AB-,Mumbai,Self Pay
P13012,Patient 3012,Female,1959-01-01,AB+,Hyderabad,Self Pay
P13013,Patient 3013,Male,1973-10-30,AB+,Kolhapur,ICICI Lombard
P13014,Patient 3014,Male,1978-04-23,A+,Pune,Bajaj Allianz
P13015,Patient 3015,Male,1998-01-09,A+,Hyderabad,Self Pay
P13016,Patient 3016,Female,1966-06-17,O-,Mumbai,Care Health
P13017,Patient 3017,Female,1972-01-14,A+,Nashik,Care Health
P13018,Patient 3018,Male,1958-12-12,AB-,Chennai,HDFC ERGO
P13019,Patient 3019,Female,1968-09-14,B-,Nagpur,Bajaj Allianz
P13020,Patient 3020,Female,1971-05-31,A-,Delhi,HDFC ERGO
P13021,Patient 3021,Male,1999-06-04,AB-,Hyderabad,HDFC ERGO
P13022,Patient 3022,Male,1944-01-12,O+,Delhi,Star Health
P13023,Patient 3023,Female,2007-09-30,A+,Nagpur,Star Health
P13024,Patient 3024,Female,1976-10-12,AB+,Bengaluru,Star Health
P13025,Patient 3025,Female,1973-03-07,AB-,Nashik,ICICI Lombard
P13026,Patient 3026,Female,1972-08-17,AB+,Nashik,HDFC ERGO
P13027,Patient 3027,Female,1997-09-29,O-,Nagpur,Star Health
P13028,Patient 3028,Female,1984-08-23,O+,Mumbai,Star Health
P13029,Patient 3029,Male,1940-10-10,AB+,Delhi,Bajaj Allianz
P13030,Patient 3030,Male,1940-12-20,AB+,Delhi,Bajaj Allianz
P13031,Patient 3031,Male,1948-05-02,O-,Nagpur,Bajaj Allianz
P13032,Patient 3032,Female,1995-03-28,B+,Delhi,Self Pay
P13033,Patient 3033,Female,1964-03-07,B-,Mumbai,Star Health
P13034,Patient 3034,Female,1961-06-26,A-,Nashik,Star Health
P13035,Patient 3035,Male,2003-04-14,A-,Bengaluru,ICICI Lombard
P13036,Patient 3036,Female,2002-12-08,A+,Kolhapur,Self Pay
P13037,Patient 3037,Male,1978-06-11,B+,Nashik,Bajaj Allianz
P13038,Patient 3038,Male,1994-03-04,AB-,Pune,ICICI Lombard
P13039,Patient 3039,Female,1979-11-22,O-,Pune,Star Health
P13040,Patient 3040,Female,1956-10-16,AB-,Nashik,Care Health
P13041,Patient 3041,Female,1972-11-30,A-,Mumbai,ICICI Lombard
P13042,Patient 3042,Male,1982-05-12,B-,Kolhapur,Care Health
P13043,Patient 3043,Male,1982-08-06,AB+,Bengaluru,Self Pay
P13044,Patient 3044,Male,1971-12-14,O+,Delhi,Care Health
P13045,Patient 3045,Male,1992-03-15,A+,Pune,Self Pay
P13046,Patient 3046,Female,1990-03-01,B-,Pune,HDFC ERGO
P13047,Patient 3047,Female,1977-12-10,A-,Pune,Care Health
P13048,Patient 3048,Female,1958-05-14,B+,Visakhapatnam,Self Pay
P13049,Patient 3049,Male,1967-02-10,A+,Mumbai,Care Health
P13050,Patient 3050,Female,2005-11-15,O-,Nashik,Care Health
P13051,Patient 3051,Male,1963-06-08,A-,Kolhapur,Bajaj Allianz
P13052,Patient 3052,Female,1942-06-28,AB-,Nashik,Self Pay
P13053,Patient 3053,Male,1989-05-01,A+,Visakhapatnam,Star Health
P13054,Patient 3054,Male,1957-05-23,O-,Pune,ICICI Lombard
P13055,Patient 3055,Male,1952-07-26,A-,Nagpur,HDFC ERGO
P13056,Patient 3056,Female,1988-04-26,AB-,Visakhapatnam,Self Pay
P13057,Patient 3057,Male,1949-07-13,O+,Mumbai,Self Pay
P13058,Patient 3058,Male,2002-03-24,AB-,Bengaluru,Star Health
P13059,Patient 3059,Female,1963-06-10,AB+,Delhi,Star Health
P13060,Patient 3060,Male,1947-01-22,O-,Chennai,Self Pay
P13061,Patient 3061,Male,1970-11-15,O-,Kolhapur,ICICI Lombard
P13062,Patient 3062,Male,1952-04-14,B+,Visakhapatnam,ICICI Lombard
P13063,Patient 3063,Male,1980-02-18,O-,Bengaluru,Star Health
P13064,Patient 3064,Female,1943-04-08,AB+,Chennai,ICICI Lombard
P13065,Patient 3065,Female,1958-11-02,A-,Bengaluru,Bajaj Allianz
P13066,Patient 3066,Male,1982-10-25,O+,Nashik,HDFC ERGO
P13067,Patient 3067,Female,1956-12-05,B-,Nashik,Care Health
P13068,Patient 3068,Male,1949-10-28,O+,Pune,Self Pay
P13069,Patient 3069,Male,1964-10-07,O+,Hyderabad,Star Health
P13070,Patient 3070,Male,1944-09-09,O-,Delhi,Star Health
P13071,Patient 3071,Male,1956-07-06,O+,Mumbai,Self Pay
P13072,Patient 3072,Male,1971-01-30,O-,Mumbai,Bajaj Allianz
P13073,Patient 3073,Female,1992-10-29,AB+,Pune,ICICI Lombard
P13074,Patient 3074,Female,1989-04-02,B-,Nashik,ICICI Lombard
P13075,Patient 3075,Male,2001-01-10,AB-,Pune,ICICI Lombard
P13076,Patient 3076,Female,1990-06-17,O-,Nagpur,Care Health
P13077,Patient 3077,Female,1963-02-19,A-,Visakhapatnam,Star Health
P13078,Patient 3078,Female,1941-01-05,B+,Visakhapatnam,HDFC ERGO
P13079,Patient 3079,Female,1956-02-28,B-,Kolhapur,Star Health
P13080,Patient 3080,Male,2006-09-17,A-,Nashik,Self Pay
P13081,Patient 3081,Female,1948-04-29,O-,Hyderabad,HDFC ERGO
P13082,Patient 3082,Female,1979-07-13,B-,Nagpur,Care Health
P13083,Patient 3083,Female,1988-03-11,O-,Nagpur,Star Health
P13084,Patient 3084,Male,1989-08-22,AB+,Nashik,Star Health
P13085,Patient 3085,Male,1949-06-19,A-,Visakhapatnam,Bajaj Allianz
P13086,Patient 3086,Female,1950-05-31,AB+,Chennai,Bajaj Allianz
P13087,Patient 3087,Male,1985-11-23,A+,Visakhapatnam,Bajaj Allianz
P13088,Patient 3088,Male,1946-07-22,A-,Kolhapur,Bajaj Allianz
P13089,Patient 3089,Female,2001-10-03,B-,Kolhapur,Star Health
P13090,Patient 3090,Male,1993-09-17,A+,Nashik,Bajaj Allianz
P13091,Patient 3091,Female,1970-12-29,AB+,Delhi,ICICI Lombard
P13092,Patient 3092,Female,1967-04-01,AB+,Delhi,Star Health
P13093,Patient 3093,Female,1988-12-04,B-,Hyderabad,Bajaj Allianz
P13094,Patient 3094,Male,1953-07-03,A+,Delhi,Self Pay
P13095,Patient 3095,Male,1976-06-10,O+,Bengaluru,Bajaj Allianz
P13096,Patient 3096,Female,1967-09-16,AB-,Bengaluru,Self Pay
P13097,Patient 3097,Female,1955-06-06,B+,Mumbai,Self Pay
P13098,Patient 3098,Female,1994-06-24,B-,Bengaluru,Star Health
P13099,Patient 3099,Male,1990-02-18,AB+,Chennai,Self Pay
P13100,Patient 3100,Male,1977-07-30,A-,Chennai,Care Health
P13101,Patient 3101,Female,2007-04-22,A+,Chennai,Self Pay
P13102,Patient 3102,Male,2007-03-29,O-,Bengaluru,Bajaj Allianz
P13103,Patient 3103,Female,1969-11-08,AB-,Hyderabad,Care Health
P13104,Patient 3104,Male,2002-10-25,B+,Visakhapatnam,Bajaj Allianz
P13105,Patient 3105,Male,1996-09-09,A-,Nashik,ICICI Lombard
P13106,Patient 3106,Male,1989-11-11,A+,Pune,Self Pay
P13107,Patient 3107,Male,1977-06-08,AB-,Mumbai,Star Health
P13108,Patient 3108,Female,1954-05-24,B-,Kolhapur,ICICI Lombard
P13109,Patient 3109,Female,1949-03-01,O-,Nagpur,Star Health
P13110,Patient 3110,Male,1943-07-14,AB-,Kolhapur,ICICI Lombard
P13111,Patient 3111,Female,2006-05-03,B-,Mumbai,ICICI Lombard
P13112,Patient 3112,Male,1969-02-15,O-,Kolhapur,Star Health
P13113,Patient 3113,Female,1961-04-10,O-,Visakhapatnam,HDFC ERGO
P13114,Patient 3114,Male,1953-01-19,O+,Kolhapur,HDFC ERGO
P13115,Patient 3115,Female,2001-09-11,A+,Kolhapur,Star Health
P13116,Patient 3116,Female,1988-06-25,O-,Visakhapatnam,ICICI Lombard
P13117,Patient 3117,Female,1977-05-02,AB-,Visakhapatnam,Self Pay
P13118,Patient 3118,Female,1945-05-02,O-,Bengaluru,Star Health
P13119,Patient 3119,Female,1991-11-04,B+,Visakhapatnam,ICICI Lombard
P13120,Patient 3120,Female,2000-12-01,AB-,Pune,Star Health
P13121,Patient 3121,Female,1966-07-15,A+,Delhi,Star Health
P13122,Patient 3122,Female,1974-09-30,A-,Pune,Bajaj Allianz
P13123,Patient 3123,Male,1988-05-06,A-,Kolhapur,HDFC ERGO
P13124,Patient 3124,Male,1948-10-14,AB-,Pune,HDFC ERGO
P13125,Patient 3125,Female,1980-05-09,AB-,Mumbai,Star Health
P13126,Patient 3126,Male,1949-03-03,B-,Nashik,Bajaj Allianz
P13127,Patient 3127,Female,1953-04-15,A+,Delhi,Bajaj Allianz
P13128,Patient 3128,Male,1961-04-28,B-,Nashik,ICICI Lombard
P13129,Patient 3129,Female,1951-03-17,B+,Nagpur,Star Health
P13130,Patient 3130,Male,1943-02-02,O+,Pune,Star Health
P13131,Patient 3131,Male,2004-07-01,A-,Nashik,Bajaj Allianz
P13132,Patient 3132,Male,2005-06-26,O-,Visakhapatnam,Star Health
P13133,Patient 3133,Female,2004-12-06,O-,Hyderabad,HDFC ERGO
P13134,Patient 3134,Male,2003-10-29,AB+,Hyderabad,Star Health
P13135,Patient 3135,Male,1984-11-28,AB+,Visakhapatnam,Star Health
P13136,Patient 3136,Female,1952-12-29,A+,Nashik,Star Health
P13137,Patient 3137,Female,1963-10-14,O-,Kolhapur,ICICI Lombard
P13138,Patient 3138,Male,1986-02-05,A+,Visakhapatnam,Star Health
P13139,Patient 3139,Male,1981-04-24,AB+,Delhi,HDFC ERGO
P13140,Patient 3140,Male,1945-12-23,A+,Chennai,Care Health
P13141,Patient 3141,Female,1979-01-05,A-,Mumbai,HDFC ERGO
P13142,Patient 3142,Male,1997-06-07,B+,Kolhapur,Bajaj Allianz
P13143,Patient 3143,Male,1941-09-16,B+,Delhi,Bajaj Allianz
P13144,Patient 3144,Male,1944-07-27,O-,Nashik,Bajaj Allianz
P13145,Patient 3145,Male,2007-05-24,B-,Kolhapur,Self Pay
P13146,Patient 3146,Female,1966-11-05,A-,Kolhapur,ICICI Lombard
P13147,Patient 3147,Male,1975-11-15,O+,Nashik,ICICI Lombard
P13148,Patient 3148,Male,1962-06-07,A+,Visakhapatnam,Care Health
P13149,Patient 3149,Male,1981-10-06,A+,Nashik,Care Health
P13150,Patient 3150,Male,1975-11-05,O-,Pune,Care Health
P13151,Patient 3151,Male,2006-03-31,O+,Pune,Star Health
P13152,Patient 3152,Female,1963-05-22,B-,Mumbai,Care Health
P13153,Patient 3153,Female,1942-07-02,B-,Hyderabad,Self Pay
P13154,Patient 3154,Female,1947-11-28,A+,Bengaluru,ICICI Lombard
P13155,Patient 3155,Female,1954-12-20,A+,Mumbai,Self Pay
P13156,Patient 3156,Female,1970-07-28,O+,Mumbai,HDFC ERGO
P13157,Patient 3157,Male,1956-04-19,O-,Chennai,Star Health
P13158,Patient 3158,Female,1977-12-29,A-,Bengaluru,HDFC ERGO
P13159,Patient 3159,Female,1963-12-20,O+,Hyderabad,HDFC ERGO
P13160,Patient 3160,Female,1970-12-13,B-,Kolhapur,Care Health
P13161,Patient 3161,Male,1971-09-07,O+,Bengaluru,Care Health
P13162,Patient 3162,Male,1982-06-04,O+,Chennai,Care Health
P13163,Patient 3163,Female,2006-05-28,O+,Nagpur,Star Health
P13164,Patient 3164,Female,1973-01-25,A-,Mumbai,ICICI Lombard
P13165,Patient 3165,Female,1982-11-20,AB-,Nashik,ICICI Lombard
P13166,Patient 3166,Male,1996-11-04,A+,Mumbai,Self Pay
P13167,Patient 3167,Male,1998-11-05,AB+,Visakhapatnam,ICICI Lombard
P13168,Patient 3168,Male,1945-11-28,O-,Chennai,Self Pay
P13169,Patient 3169,Female,1952-08-31,O+,Mumbai,ICICI Lombard
P13170,Patient 3170,Male,1940-03-17,O-,Mumbai,Star Health
P13171,Patient 3171,Male,1958-06-17,AB+,Bengaluru,ICICI Lombard
P13172,Patient 3172,Female,1978-06-26,AB-,Bengaluru,ICICI Lombard
P13173,Patient 3173,Male,1974-04-05,A+,Nashik,Self Pay
P13174,Patient 3174,Female,1990-05-09,B-,Delhi,Bajaj Allianz
P13175,Patient 3175,Male,1971-10-16,AB+,Visakhapatnam,Self Pay
P13176,Patient 3176,Female,1993-02-19,O-,Nashik,Self Pay
P13177,Patient 3177,Female,2005-01-02,O-,Nagpur,Care Health
P13178,Patient 3178,Female,1988-08-01,O-,Visakhapatnam,Bajaj Allianz
P13179,Patient 3179,Female,1956-10-14,B-,Bengaluru,Care Health
P13180,Patient 3180,Male,1976-09-10,AB+,Mumbai,Bajaj Allianz
P13181,Patient 3181,Male,1983-02-18,O-,Kolhapur,ICICI Lombard
P13182,Patient 3182,Male,1964-02-24,B-,Mumbai,HDFC ERGO
P13183,Patient 3183,Female,1990-06-12,O+,Hyderabad,Care Health
P13184,Patient 3184,Female,1988-11-25,O-,Nashik,Star Health
P13185,Patient 3185,Male,1944-08-21,AB+,Visakhapatnam,HDFC ERGO
P13186,Patient 3186,Female,1958-07-28,B-,Kolhapur,Self Pay
P13187,Patient 3187,Male,1977-08-14,AB-,Hyderabad,HDFC ERGO
P13188,Patient 3188,Female,1986-03-31,A-,Nagpur,Care Health
P13189,Patient 3189,Female,1983-01-14,B-,Mumbai,ICICI Lombard
P13190,Patient 3190,Male,1973-07-31,A-,Delhi,Self Pay
P13191,Patient 3191,Male,1946-08-05,A-,Chennai,HDFC ERGO
P13192,Patient 3192,Male,2005-01-11,A+,Hyderabad,Self Pay
P13193,Patient 3193,Female,1995-06-24,O+,Mumbai,Self Pay
P13194,Patient 3194,Male,1983-01-09,AB-,Mumbai,Self Pay
P13195,Patient 3195,Male,1979-04-20,A-,Visakhapatnam,Star Health
P13196,Patient 3196,Male,2007-08-03,B+,Visakhapatnam,ICICI Lombard
P13197,Patient 3197,Male,2002-08-26,O+,Delhi,Self Pay
P13198,Patient 3198,Female,1978-09-26,A-,Hyderabad,Self Pay
P13199,Patient 3199,Female,1990-08-23,B-,Bengaluru,Self Pay
P13200,Patient 3200,Male,1992-03-10,A-,Visakhapatnam,Care Health
P13201,Patient 3201,Female,1946-05-02,B-,Chennai,HDFC ERGO
P13202,Patient 3202,Female,1949-04-17,O-,Mumbai,Star Health
P13203,Patient 3203,Male,1997-07-11,B-,Mumbai,Self Pay
P13204,Patient 3204,Male,1983-03-31,B+,Nagpur,Bajaj Allianz
P13205,Patient 3205,Female,1981-03-13,A-,Nagpur,Star Health
P13206,Patient 3206,Female,1944-12-03,A-,Delhi,ICICI Lombard
P13207,Patient 3207,Male,2006-10-21,AB+,Hyderabad,Care Health
P13208,Patient 3208,Male,1946-08-14,O+,Pune,Bajaj Allianz
P13209,Patient 3209,Male,1946-12-07,AB+,Kolhapur,Star Health
P13210,Patient 3210,Female,1968-05-16,A+,Visakhapatnam,ICICI Lombard
P13211,Patient 3211,Male,1943-01-04,B-,Hyderabad,ICICI Lombard
P13212,Patient 3212,Male,1995-05-05,B+,Mumbai,ICICI Lombard
P13213,Patient 3213,Female,1990-07-28,AB+,Nashik,Self Pay
P13214,Patient 3214,Female,1981-12-04,A-,Nagpur,Bajaj Allianz
P13215,Patient 3215,Male,1960-07-23,A+,Kolhapur,Bajaj Allianz
P13216,Patient 3216,Male,1976-05-07,B+,Visakhapatnam,Self Pay
P13217,Patient 3217,Female,1985-08-14,AB-,Bengaluru,HDFC ERGO
P13218,Patient 3218,Male,1964-03-03,A-,Bengaluru,Bajaj Allianz
P13219,Patient 3219,Male,1946-05-31,A-,Nagpur,Self Pay
P13220,Patient 3220,Female,1961-11-24,O-,Hyderabad,Bajaj Allianz
P13221,Patient 3221,Male,1942-06-08,AB-,Visakhapatnam,HDFC ERGO
P13222,Patient 3222,Female,1950-06-08,B-,Kolhapur,Bajaj Allianz
P13223,Patient 3223,Female,2006-12-09,B-,Mumbai,Self Pay
P13224,Patient 3224,Male,1974-10-20,AB+,Hyderabad,Star Health
P13225,Patient 3225,Male,1958-04-06,AB+,Nagpur,ICICI Lombard
P13226,Patient 3226,Female,1942-12-19,A-,Delhi,Self Pay
P13227,Patient 3227,Female,1979-05-28,O+,Pune,Self Pay
P13228,Patient 3228,Female,1960-01-15,A-,Hyderabad,HDFC ERGO
P13229,Patient 3229,Female,1950-03-05,AB+,Chennai,HDFC ERGO
P13230,Patient 3230,Male,1987-09-14,AB-,Visakhapatnam,ICICI Lombard
P13231,Patient 3231,Female,1945-09-26,AB+,Bengaluru,HDFC ERGO
P13232,Patient 3232,Male,2001-04-17,A-,Chennai,Self Pay
P13233,Patient 3233,Male,1953-02-04,B+,Hyderabad,Star Health
P13234,Patient 3234,Male,1959-05-21,A-,Hyderabad,HDFC ERGO
P13235,Patient 3235,Male,1966-05-02,B+,Chennai,Self Pay
P13236,Patient 3236,Female,1989-08-31,B+,Delhi,HDFC ERGO
P13237,Patient 3237,Male,2000-11-25,A-,Chennai,Bajaj Allianz
P13238,Patient 3238,Male,2007-08-17,O+,Mumbai,HDFC ERGO
P13239,Patient 3239,Male,2000-09-24,O+,Kolhapur,Self Pay
P13240,Patient 3240,Female,1950-07-28,A+,Chennai,Self Pay
P13241,Patient 3241,Female,1983-04-15,AB+,Chennai,HDFC ERGO
P13242,Patient 3242,Male,1966-11-04,O+,Visakhapatnam,Self Pay
P13243,Patient 3243,Male,1969-10-06,B-,Kolhapur,Self Pay
P13244,Patient 3244,Male,1992-07-06,A-,Pune,Self Pay
P13245,Patient 3245,Female,1991-03-13,B+,Chennai,HDFC ERGO
P13246,Patient 3246,Female,1974-11-10,A-,Chennai,HDFC ERGO
P13247,Patient 3247,Female,1947-10-02,AB+,Mumbai,ICICI Lombard
P13248,Patient 3248,Female,1983-12-15,AB-,Bengaluru,ICICI Lombard
P13249,Patient 3249,Male,1980-05-15,O+,Mumbai,HDFC ERGO
P13250,Patient 3250,Female,1984-10-25,O+,Chennai,ICICI Lombard
P13251,Patient 3251,Female,1961-12-30,O+,Visakhapatnam,Bajaj Allianz
P13252,Patient 3252,Male,1943-12-29,B+,Mumbai,Care Health
P13253,Patient 3253,Male,1996-05-18,B-,Visakhapatnam,Self Pay
P13254,Patient 3254,Female,1967-01-31,O-,Kolhapur,Self Pay
P13255,Patient 3255,Female,2003-03-22,B-,Visakhapatnam,ICICI Lombard
P13256,Patient 3256,Male,1950-02-17,O+,Delhi,Care Health
P13257,Patient 3257,Female,1957-10-08,B-,Nashik,Bajaj Allianz
P13258,Patient 3258,Female,1996-10-26,AB-,Kolhapur,ICICI Lombard
P13259,Patient 3259,Male,1951-09-19,O+,Nashik,Star Health
P13260,Patient 3260,Male,1941-10-30,A+,Chennai,Self Pay
P13261,Patient 3261,Male,1966-03-04,B+,Chennai,Star Health
P13262,Patient 3262,Female,1955-02-02,AB-,Delhi,Self Pay
P13263,Patient 3263,Male,1981-08-13,O-,Hyderabad,Self Pay
P13264,Patient 3264,Male,1948-05-21,B+,Nashik,HDFC ERGO
P13265,Patient 3265,Male,1941-07-31,O-,Mumbai,Self Pay
P13266,Patient 3266,Female,1994-02-12,O+,Delhi,HDFC ERGO
P13267,Patient 3267,Male,1979-07-04,AB-,Kolhapur,Self Pay
P13268,Patient 3268,Male,1965-01-24,O+,Pune,Self Pay
P13269,Patient 3269,Male,1988-03-20,O-,Mumbai,Star Health
P13270,Patient 3270,Female,1965-10-05,O-,Visakhapatnam,Care Health
P13271,Patient 3271,Female,1977-11-21,AB-,Chennai,Care Health
P13272,Patient 3272,Male,1969-10-29,O+,Kolhapur,Star Health
P13273,Patient 3273,Female,1970-07-17,A+,Delhi,Self Pay
P13274,Patient 3274,Female,1958-12-18,B+,Nashik,HDFC ERGO
P13275,Patient 3275,Female,1972-03-20,AB-,Nashik,Care Health
P13276,Patient 3276,Female,1954-12-20,A+,Nagpur,ICICI Lombard
P13277,Patient 3277,Male,1943-07-26,A-,Chennai,Care Health
P13278,Patient 3278,Male,1995-09-17,O+,Mumbai,Self Pay
P13279,Patient 3279,Female,1960-08-07,AB+,Visakhapatnam,Care Health
P13280,Patient 3280,Female,2004-01-06,AB-,Visakhapatnam,Bajaj Allianz
P13281,Patient 3281,Female,1969-04-19,B-,Chennai,Bajaj Allianz
P13282,Patient 3282,Male,1955-09-13,A+,Nagpur,ICICI Lombard
P13283,Patient 3283,Female,1978-09-15,A+,Nagpur,HDFC ERGO
P13284,Patient 3284,Female,1962-05-17,AB-,Mumbai,Star Health
P13285,Patient 3285,Male,1962-06-07,O-,Nagpur,Star Health
P13286,Patient 3286,Male,1989-05-08,A+,Delhi,Star Health
P13287,Patient 3287,Female,1976-02-23,A-,Nagpur,Self Pay
P13288,Patient 3288,Female,1968-07-09,A+,Nashik,Self Pay
P13289,Patient 3289,Male,1969-10-11,AB+,Bengaluru,Star Health
P13290,Patient 3290,Female,1958-05-01,AB+,Hyderabad,ICICI Lombard
P13291,Patient 3291,Male,1977-03-28,O-,Nashik,Star Health
P13292,Patient 3292,Male,2007-11-26,O+,Nashik,Self Pay
P13293,Patient 3293,Female,1992-01-22,O+,Pune,HDFC ERGO
P13294,Patient 3294,Female,1985-05-26,O-,Pune,Care Health
P13295,Patient 3295,Female,1960-06-14,B-,Chennai,Care Health
P13296,Patient 3296,Female,1967-05-11,A-,Pune,Bajaj Allianz
P13297,Patient 3297,Male,1963-07-28,AB+,Chennai,ICICI Lombard
P13298,Patient 3298,Female,1986-08-24,O-,Nashik,Star Health
P13299,Patient 3299,Male,1941-10-30,AB-,Hyderabad,Star Health
P13300,Patient 3300,Male,1947-07-03,B+,Mumbai,HDFC ERGO
P13301,Patient 3301,Male,1954-05-26,B+,Mumbai,Self Pay
P13302,Patient 3302,Male,1993-04-19,B+,Bengaluru,ICICI Lombard
P13303,Patient 3303,Male,1950-01-15,O+,Kolhapur,ICICI Lombard
P13304,Patient 3304,Male,1943-06-28,AB-,Mumbai,Self Pay
P13305,Patient 3305,Male,2001-02-06,A+,Kolhapur,Star Health
P13306,Patient 3306,Male,1982-08-12,AB-,Nagpur,Star Health
P13307,Patient 3307,Female,1956-05-14,A+,Visakhapatnam,Self Pay
P13308,Patient 3308,Male,1980-12-12,B+,Nashik,Bajaj Allianz
P13309,Patient 3309,Male,1949-01-16,B-,Hyderabad,HDFC ERGO
P13310,Patient 3310,Female,2005-11-18,B-,Chennai,Bajaj Allianz
P13311,Patient 3311,Female,2003-12-05,O-,Kolhapur,Bajaj Allianz
P13312,Patient 3312,Female,1961-05-07,A+,Bengaluru,Star Health
P13313,Patient 3313,Male,1959-06-19,B+,Mumbai,Bajaj Allianz
P13314,Patient 3314,Female,1970-09-26,AB-,Delhi,Care Health
P13315,Patient 3315,Male,1974-10-18,B-,Mumbai,Self Pay
P13316,Patient 3316,Male,1980-02-23,A+,Pune,Self Pay
P13317,Patient 3317,Male,1986-07-08,O-,Nashik,HDFC ERGO
P13318,Patient 3318,Female,1963-06-02,AB-,Pune,Care Health
P13319,Patient 3319,Male,1988-06-02,B+,Mumbai,Star Health
P13320,Patient 3320,Male,2002-06-01,A-,Delhi,Star Health
P13321,Patient 3321,Male,1987-11-03,B+,Pune,HDFC ERGO
P13322,Patient 3322,Female,1953-07-12,O+,Hyderabad,Bajaj Allianz
P13323,Patient 3323,Female,1970-09-06,B+,Pune,Care Health
P13324,Patient 3324,Male,1982-11-29,O-,Delhi,HDFC ERGO
P13325,Patient 3325,Female,1950-08-16,AB-,Pune,Self Pay
P13326,Patient 3326,Female,1961-03-01,O-,Kolhapur,Self Pay
P13327,Patient 3327,Female,1976-12-30,AB-,Nagpur,Bajaj Allianz
P13328,Patient 3328,Male,1971-07-19,AB+,Chennai,Star Health
P13329,Patient 3329,Female,1942-09-16,AB+,Mumbai,Self Pay
P13330,Patient 3330,Male,2007-01-28,AB-,Kolhapur,Self Pay
P13331,Patient 3331,Female,2004-01-19,AB-,Chennai,Star Health
P13332,Patient 3332,Male,1989-12-29,A-,Nagpur,HDFC ERGO
P13333,Patient 3333,Male,1975-07-26,A-,Kolhapur,Self Pay
P13334,Patient 3334,Male,1990-09-19,B+,Bengaluru,Care Health
P13335,Patient 3335,Female,1961-09-18,O-,Kolhapur,Care Health
P13336,Patient 3336,Male,1980-05-23,O+,Hyderabad,Star Health
P13337,Patient 3337,Female,1972-07-26,O-,Delhi,Care Health
P13338,Patient 3338,Male,1944-09-05,B-,Mumbai,HDFC ERGO
P13339,Patient 3339,Female,1962-01-17,O-,Nashik,Star Health
P13340,Patient 3340,Female,1968-02-17,O+,Chennai,HDFC ERGO
P13341,Patient 3341,Female,1967-04-22,A-,Pune,Star Health
P13342,Patient 3342,Female,1941-04-16,B+,Mumbai,Bajaj Allianz
P13343,Patient 3343,Female,1981-04-11,O+,Nashik,Self Pay
P13344,Patient 3344,Male,1952-11-30,O-,Nagpur,HDFC ERGO
P13345,Patient 3345,Female,1973-11-18,A+,Kolhapur,Care Health
P13346,Patient 3346,Male,1958-02-06,AB+,Nashik,HDFC ERGO
P13347,Patient 3347,Female,1959-02-09,O+,Bengaluru,Star Health
P13348,Patient 3348,Female,1979-01-10,B-,Mumbai,Self Pay
P13349,Patient 3349,Male,2005-11-25,B+,Mumbai,Star Health
P13350,Patient 3350,Male,1948-01-11,O+,Mumbai,Star Health
P13351,Patient 3351,Male,1963-05-21,AB-,Delhi,HDFC ERGO
P13352,Patient 3352,Female,1984-01-01,O-,Nagpur,Bajaj Allianz
P13353,Patient 3353,Female,1977-08-22,A+,Delhi,HDFC ERGO
P13354,Patient 3354,Female,1970-03-22,AB+,Mumbai,ICICI Lombard
P13355,Patient 3355,Female,2007-06-26,A+,Bengaluru,Self Pay
P13356,Patient 3356,Female,2002-07-08,B+,Pune,HDFC ERGO
P13357,Patient 3357,Male,1959-11-29,O-,Bengaluru,ICICI Lombard
P13358,Patient 3358,Male,1956-08-07,A-,Chennai,HDFC ERGO
P13359,Patient 3359,Female,1977-05-17,AB+,Nagpur,ICICI Lombard
P13360,Patient 3360,Female,1980-09-04,O-,Kolhapur,Care Health
P13361,Patient 3361,Female,1982-07-18,A+,Mumbai,Bajaj Allianz
P13362,Patient 3362,Male,1952-03-10,A-,Nashik,Self Pay
P13363,Patient 3363,Male,1987-09-03,B-,Pune,ICICI Lombard
P13364,Patient 3364,Male,2001-10-27,B+,Kolhapur,Star Health
P13365,Patient 3365,Male,1952-12-04,B+,Visakhapatnam,Star Health
P13366,Patient 3366,Male,1989-08-16,AB+,Bengaluru,ICICI Lombard
P13367,Patient 3367,Female,1949-10-22,A+,Pune,Star Health
P13368,Patient 3368,Male,1983-08-03,B-,Visakhapatnam,HDFC ERGO
P13369,Patient 3369,Female,1996-01-10,AB-,Delhi,Star Health
P13370,Patient 3370,Male,1986-08-13,AB+,Visakhapatnam,Care Health
P13371,Patient 3371,Female,1970-04-16,O-,Kolhapur,HDFC ERGO
P13372,Patient 3372,Male,1953-09-15,AB-,Nagpur,Star Health
P13373,Patient 3373,Male,1942-04-21,AB+,Bengaluru,HDFC ERGO
P13374,Patient 3374,Male,1973-03-01,A+,Pune,ICICI Lombard
P13375,Patient 3375,Female,1979-09-22,B-,Visakhapatnam,Bajaj Allianz
P13376,Patient 3376,Female,1981-01-30,A+,Bengaluru,HDFC ERGO
P13377,Patient 3377,Male,2000-05-06,B+,Pune,Star Health
P13378,Patient 3378,Male,1985-03-13,AB-,Pune,HDFC ERGO
P13379,Patient 3379,Female,1993-03-14,A-,Kolhapur,ICICI Lombard
P13380,Patient 3380,Male,1959-03-04,O+,Bengaluru,Self Pay
P13381,Patient 3381,Male,1944-04-14,O-,Kolhapur,Self Pay
P13382,Patient 3382,Female,1992-02-10,B+,Visakhapatnam,Star Health
P13383,Patient 3383,Female,1989-05-28,B+,Chennai,Bajaj Allianz
P13384,Patient 3384,Male,1950-01-09,AB-,Nagpur,ICICI Lombard
P13385,Patient 3385,Male,1949-03-18,O-,Chennai,Star Health
P13386,Patient 3386,Female,1979-11-05,AB+,Hyderabad,Star Health
P13387,Patient 3387,Male,1959-07-12,B+,Mumbai,Self Pay
P13388,Patient 3388,Male,1949-07-13,O+,Chennai,HDFC ERGO
P13389,Patient 3389,Female,1959-12-25,B-,Delhi,Self Pay
P13390,Patient 3390,Female,1995-04-13,B+,Nagpur,HDFC ERGO
P13391,Patient 3391,Male,1994-05-11,B-,Mumbai,ICICI Lombard
P13392,Patient 3392,Female,1966-05-25,A+,Visakhapatnam,Bajaj Allianz
P13393,Patient 3393,Female,1995-02-25,O-,Kolhapur,Self Pay
P13394,Patient 3394,Male,1962-03-23,AB+,Delhi,Self Pay
P13395,Patient 3395,Female,1997-07-13,B-,Mumbai,Bajaj Allianz
P13396,Patient 3396,Male,1957-10-07,B+,Mumbai,ICICI Lombard
P13397,Patient 3397,Male,1961-03-25,AB+,Pune,Star Health
P13398,Patient 3398,Female,1973-07-02,O+,Hyderabad,ICICI Lombard
P13399,Patient 3399,Male,1993-01-01,AB+,Kolhapur,HDFC ERGO
P13400,Patient 3400,Male,1945-09-12,B-,Visakhapatnam,Self Pay
P13401,Patient 3401,Male,1958-03-24,O-,Bengaluru,Bajaj Allianz
P13402,Patient 3402,Male,1993-01-20,B-,Chennai,Self Pay
P13403,Patient 3403,Female,1970-01-24,A-,Nagpur,ICICI Lombard
P13404,Patient 3404,Female,1994-07-25,A-,Hyderabad,Bajaj Allianz
P13405,Patient 3405,Female,1995-04-15,AB+,Pune,Self Pay
P13406,Patient 3406,Male,2005-09-02,AB-,Pune,HDFC ERGO
P13407,Patient 3407,Male,2000-03-01,O-,Mumbai,HDFC ERGO
P13408,Patient 3408,Male,1975-08-12,AB-,Nashik,Bajaj Allianz
P13409,Patient 3409,Male,1963-05-27,A-,Chennai,Care Health
P13410,Patient 3410,Male,1962-08-28,B+,Hyderabad,Self Pay
P13411,Patient 3411,Female,1999-06-29,A+,Mumbai,HDFC ERGO
P13412,Patient 3412,Female,1947-08-19,AB+,Hyderabad,Star Health
P13413,Patient 3413,Female,1995-09-18,A+,Delhi,HDFC ERGO
P13414,Patient 3414,Male,1947-03-19,A-,Kolhapur,ICICI Lombard
P13415,Patient 3415,Female,1966-08-19,B-,Nagpur,Care Health
P13416,Patient 3416,Male,2003-11-10,O+,Chennai,Star Health
P13417,Patient 3417,Male,1964-02-27,AB+,Pune,Self Pay
P13418,Patient 3418,Female,1949-06-17,A-,Nashik,Self Pay
P13419,Patient 3419,Female,1959-06-11,O-,Visakhapatnam,Star Health
P13420,Patient 3420,Male,1953-03-21,B+,Bengaluru,Star Health
P13421,Patient 3421,Male,1953-03-22,O+,Kolhapur,Care Health
P13422,Patient 3422,Male,1976-09-18,AB+,Chennai,Bajaj Allianz
P13423,Patient 3423,Female,1985-07-14,AB+,Delhi,ICICI Lombard
P13424,Patient 3424,Male,1976-04-07,O-,Chennai,Star Health
P13425,Patient 3425,Female,1972-10-09,AB-,Visakhapatnam,Care Health
P13426,Patient 3426,Male,1973-02-14,B-,Nagpur,Bajaj Allianz
P13427,Patient 3427,Male,1946-05-14,AB+,Nagpur,ICICI Lombard
P13428,Patient 3428,Male,1982-06-26,B-,Hyderabad,Bajaj Allianz
P13429,Patient 3429,Male,1976-06-10,A-,Mumbai,Self Pay
P13430,Patient 3430,Male,1989-12-22,B+,Nagpur,Star Health
P13431,Patient 3431,Female,1998-12-12,O+,Nashik,Care Health
P13432,Patient 3432,Female,1946-08-06,O+,Bengaluru,Star Health
P13433,Patient 3433,Female,1946-01-20,B+,Delhi,ICICI Lombard
P13434,Patient 3434,Female,2005-04-23,AB+,Visakhapatnam,Star Health
P13435,Patient 3435,Female,1998-12-02,AB+,Pune,HDFC ERGO
P13436,Patient 3436,Female,1964-09-20,A-,Nagpur,Self Pay
P13437,Patient 3437,Female,1995-05-18,AB-,Pune,Care Health
P13438,Patient 3438,Male,1965-07-17,AB-,Nagpur,ICICI Lombard
P13439,Patient 3439,Male,1972-01-08,AB-,Nashik,Star Health
P13440,Patient 3440,Male,1940-04-02,B-,Pune,Care Health
P13441,Patient 3441,Male,1970-08-18,AB-,Mumbai,Star Health
P13442,Patient 3442,Male,1952-11-29,B+,Delhi,HDFC ERGO
P13443,Patient 3443,Female,1999-08-28,O+,Bengaluru,Care Health
P13444,Patient 3444,Male,1945-02-26,O+,Nashik,Self Pay
P13445,Patient 3445,Male,2006-01-09,B-,Mumbai,Star Health
P13446,Patient 3446,Female,1997-09-19,A-,Bengaluru,Bajaj Allianz
P13447,Patient 3447,Male,1947-04-05,B+,Mumbai,Star Health
P13448,Patient 3448,Male,2002-11-17,O+,Mumbai,Care Health
P13449,Patient 3449,Male,1944-01-04,B+,Mumbai,Care Health
P13450,Patient 3450,Male,1969-10-07,O+,Hyderabad,Self Pay
P13451,Patient 3451,Male,1996-12-20,A+,Bengaluru,Care Health
P13452,Patient 3452,Female,1993-02-09,A-,Mumbai,HDFC ERGO
P13453,Patient 3453,Female,1960-06-12,A-,Kolhapur,ICICI Lombard
P13454,Patient 3454,Male,1997-10-05,O-,Kolhapur,Star Health
P13455,Patient 3455,Male,1961-07-13,A+,Nagpur,Care Health
P13456,Patient 3456,Male,2003-02-26,B-,Delhi,Self Pay
P13457,Patient 3457,Female,1978-11-07,O+,Pune,Care Health
P13458,Patient 3458,Male,2005-06-14,O-,Nagpur,Bajaj Allianz
P13459,Patient 3459,Male,1971-05-04,O+,Hyderabad,ICICI Lombard
P13460,Patient 3460,Female,1997-08-02,O+,Kolhapur,HDFC ERGO
P13461,Patient 3461,Male,1962-04-01,AB-,Bengaluru,ICICI Lombard
P13462,Patient 3462,Male,1976-02-21,AB-,Delhi,Star Health
P13463,Patient 3463,Male,1941-06-19,AB-,Delhi,HDFC ERGO
P13464,Patient 3464,Female,1955-10-04,AB-,Pune,Bajaj Allianz
P13465,Patient 3465,Female,1968-08-26,AB-,Bengaluru,HDFC ERGO
P13466,Patient 3466,Female,1991-11-21,A+,Visakhapatnam,Bajaj Allianz
P13467,Patient 3467,Male,1994-03-05,A-,Pune,Bajaj Allianz
P13468,Patient 3468,Female,1997-06-03,B-,Delhi,ICICI Lombard
P13469,Patient 3469,Female,1951-08-28,B+,Hyderabad,Self Pay
P13470,Patient 3470,Female,1962-08-09,AB-,Nashik,ICICI Lombard
P13471,Patient 3471,Male,1956-04-26,A+,Nashik,ICICI Lombard
P13472,Patient 3472,Female,2002-12-20,O-,Kolhapur,ICICI Lombard
P13473,Patient 3473,Male,1980-06-22,O-,Delhi,ICICI Lombard
P13474,Patient 3474,Male,1983-02-04,O+,Hyderabad,Bajaj Allianz
P13475,Patient 3475,Female,1973-10-18,B-,Pune,Self Pay
P13476,Patient 3476,Male,1995-04-05,O-,Hyderabad,ICICI Lombard
P13477,Patient 3477,Female,1976-11-07,B-,Chennai,Star Health
P13478,Patient 3478,Male,1987-05-11,B-,Pune,ICICI Lombard
P13479,Patient 3479,Male,1986-11-18,A+,Mumbai,Bajaj Allianz
P13480,Patient 3480,Female,1970-02-02,B+,Pune,HDFC ERGO
P13481,Patient 3481,Female,1961-01-17,AB-,Kolhapur,Care Health
P13482,Patient 3482,Male,1954-07-08,B-,Nashik,Bajaj Allianz
P13483,Patient 3483,Male,1975-10-08,A+,Pune,HDFC ERGO
P13484,Patient 3484,Female,2003-07-22,O+,Mumbai,Self Pay
P13485,Patient 3485,Male,2006-12-15,A-,Chennai,ICICI Lombard
P13486,Patient 3486,Female,1991-07-02,O+,Hyderabad,Self Pay
P13487,Patient 3487,Female,1990-05-20,A+,Bengaluru,ICICI Lombard
P13488,Patient 3488,Male,1945-08-18,A+,Nashik,Star Health
P13489,Patient 3489,Male,1971-05-07,A+,Hyderabad,Bajaj Allianz
P13490,Patient 3490,Male,1952-03-07,B-,Chennai,Bajaj Allianz
P13491,Patient 3491,Female,1956-05-27,A+,Bengaluru,Self Pay
P13492,Patient 3492,Male,2001-10-06,A-,Delhi,HDFC ERGO
P13493,Patient 3493,Male,2002-12-06,B-,Nagpur,Self Pay
P13494,Patient 3494,Male,1965-02-09,O+,Kolhapur,Star Health
P13495,Patient 3495,Female,1941-04-22,A-,Hyderabad,Star Health
P13496,Patient 3496,Male,2002-07-17,O-,Visakhapatnam,ICICI Lombard
P13497,Patient 3497,Male,1993-01-07,AB+,Bengaluru,Self Pay
P13498,Patient 3498,Female,1982-03-14,O+,Delhi,Bajaj Allianz
P13499,Patient 3499,Female,1995-03-25,A+,Visakhapatnam,HDFC ERGO
P13500,Patient 3500,Female,1974-03-28,AB-,Nagpur,ICICI Lombard
P13501,Patient 3501,Male,1982-06-08,AB-,Nagpur,Star Health
P13502,Patient 3502,Male,1951-05-02,B-,Nashik,ICICI Lombard
P13503,Patient 3503,Female,1988-09-02,AB-,Visakhapatnam,HDFC ERGO
P13504,Patient 3504,Male,1987-08-17,O+,Nashik,Bajaj Allianz
P13505,Patient 3505,Female,1959-03-28,B-,Nashik,Care Health
P13506,Patient 3506,Female,1992-08-12,O+,Nashik,Self Pay
P13507,Patient 3507,Male,1987-08-02,A+,Nashik,Star Health
P13508,Patient 3508,Female,2003-01-12,B+,Delhi,ICICI Lombard
P13509,Patient 3509,Female,1979-03-22,B+,Kolhapur,HDFC ERGO
P13510,Patient 3510,Male,1970-05-15,A-,Pune,Bajaj Allianz
P13511,Patient 3511,Female,1960-01-23,A+,Delhi,HDFC ERGO
P13512,Patient 3512,Male,1945-03-09,AB-,Chennai,Self Pay
P13513,Patient 3513,Male,2000-09-25,A+,Nashik,Care Health
P13514,Patient 3514,Male,1998-06-06,AB+,Bengaluru,Star Health
P13515,Patient 3515,Female,2002-03-17,B+,Bengaluru,Star Health
P13516,Patient 3516,Female,1997-01-02,AB-,Visakhapatnam,Bajaj Allianz
P13517,Patient 3517,Male,1980-01-19,O+,Visakhapatnam,Bajaj Allianz
P13518,Patient 3518,Male,1999-02-02,O+,Chennai,Star Health
P13519,Patient 3519,Female,1980-05-30,B+,Delhi,Star Health
P13520,Patient 3520,Male,2003-01-08,A+,Bengaluru,Care Health
P13521,Patient 3521,Female,1959-02-13,AB-,Mumbai,Care Health
P13522,Patient 3522,Male,1957-01-06,A-,Mumbai,Star Health
P13523,Patient 3523,Male,1971-02-21,O+,Pune,HDFC ERGO
P13524,Patient 3524,Male,1954-04-11,A+,Mumbai,ICICI Lombard
P13525,Patient 3525,Female,1988-11-15,A-,Hyderabad,Self Pay
P13526,Patient 3526,Male,1949-01-10,O-,Nashik,ICICI Lombard
P13527,Patient 3527,Female,1999-06-07,AB-,Chennai,Bajaj Allianz
P13528,Patient 3528,Male,1957-06-27,B+,Visakhapatnam,Care Health
P13529,Patient 3529,Male,1962-03-04,O-,Hyderabad,Star Health
P13530,Patient 3530,Male,1965-10-03,AB+,Kolhapur,Care Health
P13531,Patient 3531,Female,1966-12-04,O-,Nashik,Star Health
P13532,Patient 3532,Female,1979-12-30,B-,Bengaluru,Bajaj Allianz
P13533,Patient 3533,Male,1963-03-04,B+,Nashik,Care Health
P13534,Patient 3534,Male,2004-11-20,A-,Visakhapatnam,Star Health
P13535,Patient 3535,Male,1958-09-05,A+,Nagpur,ICICI Lombard
P13536,Patient 3536,Male,1952-03-15,O-,Nagpur,Bajaj Allianz
P13537,Patient 3537,Male,1980-04-06,O+,Hyderabad,ICICI Lombard
P13538,Patient 3538,Female,1972-07-06,AB-,Delhi,HDFC ERGO
P13539,Patient 3539,Female,1998-10-23,O-,Bengaluru,ICICI Lombard
P13540,Patient 3540,Male,1945-02-17,B+,Visakhapatnam,Self Pay
P13541,Patient 3541,Male,1986-07-24,O+,Visakhapatnam,Care Health
P13542,Patient 3542,Female,1977-06-04,O+,Visakhapatnam,Bajaj Allianz
P13543,Patient 3543,Female,1963-02-20,AB+,Mumbai,Star Health
P13544,Patient 3544,Male,1999-01-25,AB-,Visakhapatnam,Star Health
P13545,Patient 3545,Male,1990-01-15,O-,Nagpur,ICICI Lombard
P13546,Patient 3546,Male,1949-08-30,A-,Kolhapur,ICICI Lombard
P13547,Patient 3547,Male,1956-01-08,AB-,Chennai,Bajaj Allianz
P13548,Patient 3548,Male,1976-10-08,O-,Nashik,Care Health
P13549,Patient 3549,Male,1991-11-04,AB-,Chennai,HDFC ERGO
P13550,Patient 3550,Female,1964-02-17,A+,Nagpur,Bajaj Allianz
P13551,Patient 3551,Male,1954-03-12,B-,Nagpur,Star Health
P13552,Patient 3552,Male,1987-03-05,O-,Kolhapur,Star Health
P13553,Patient 3553,Male,1960-08-27,O+,Pune,Self Pay
P13554,Patient 3554,Female,2002-07-04,A-,Hyderabad,Care Health
P13555,Patient 3555,Female,1959-03-17,O-,Mumbai,Care Health
P13556,Patient 3556,Male,1947-12-21,O-,Delhi,ICICI Lombard
P13557,Patient 3557,Male,1977-03-22,A+,Visakhapatnam,HDFC ERGO
P13558,Patient 3558,Female,1970-04-04,O+,Visakhapatnam,Star Health
P13559,Patient 3559,Male,1975-11-16,B-,Kolhapur,Self Pay
P13560,Patient 3560,Male,1967-09-07,A+,Pune,Care Health
P13561,Patient 3561,Male,1977-07-26,B-,Visakhapatnam,Star Health
P13562,Patient 3562,Male,1958-02-23,B-,Mumbai,Self Pay
P13563,Patient 3563,Male,1984-01-04,B-,Hyderabad,HDFC ERGO
P13564,Patient 3564,Female,1945-06-12,A+,Mumbai,Bajaj Allianz
P13565,Patient 3565,Female,1970-06-30,AB-,Pune,Star Health
P13566,Patient 3566,Male,2005-06-20,O-,Nagpur,Star Health
P13567,Patient 3567,Female,1975-04-17,B-,Mumbai,Star Health
P13568,Patient 3568,Male,1953-01-10,AB-,Chennai,ICICI Lombard
P13569,Patient 3569,Male,1964-08-18,O-,Mumbai,Bajaj Allianz
P13570,Patient 3570,Female,1960-04-08,O+,Nagpur,Bajaj Allianz
P13571,Patient 3571,Female,1964-11-24,O-,Visakhapatnam,Care Health
P13572,Patient 3572,Male,1992-04-14,O+,Nashik,Self Pay
P13573,Patient 3573,Male,1957-12-14,A-,Nashik,ICICI Lombard
P13574,Patient 3574,Female,1981-08-05,AB+,Nashik,Self Pay
P13575,Patient 3575,Female,1988-11-25,AB-,Visakhapatnam,Self Pay
P13576,Patient 3576,Female,1988-08-28,O-,Kolhapur,HDFC ERGO
P13577,Patient 3577,Male,1981-10-02,O+,Hyderabad,Star Health
P13578,Patient 3578,Male,1953-10-21,AB+,Hyderabad,Bajaj Allianz
P13579,Patient 3579,Male,2006-10-20,B-,Visakhapatnam,ICICI Lombard
P13580,Patient 3580,Male,1946-02-17,AB+,Mumbai,Self Pay
P13581,Patient 3581,Female,1995-04-11,AB+,Delhi,Star Health
P13582,Patient 3582,Male,1941-06-02,B-,Hyderabad,Care Health
P13583,Patient 3583,Male,1941-09-16,AB-,Chennai,Care Health
P13584,Patient 3584,Female,1982-05-11,O-,Chennai,Star Health
P13585,Patient 3585,Male,1987-03-19,B-,Bengaluru,HDFC ERGO
P13586,Patient 3586,Male,1968-10-16,A-,Chennai,Star Health
P13587,Patient 3587,Female,1995-10-22,B+,Hyderabad,HDFC ERGO
P13588,Patient 3588,Female,1989-12-19,O-,Delhi,Self Pay
P13589,Patient 3589,Female,1963-04-05,A+,Nagpur,ICICI Lombard
P13590,Patient 3590,Male,1975-08-20,B-,Nashik,Bajaj Allianz
P13591,Patient 3591,Female,1956-10-31,B-,Mumbai,ICICI Lombard
P13592,Patient 3592,Female,1969-04-21,AB+,Nagpur,Bajaj Allianz
P13593,Patient 3593,Male,1945-12-29,A-,Delhi,Self Pay
P13594,Patient 3594,Male,1960-08-30,O+,Kolhapur,ICICI Lombard
P13595,Patient 3595,Female,1951-04-10,O+,Nashik,Self Pay
P13596,Patient 3596,Male,1952-03-06,AB+,Bengaluru,Care Health
P13597,Patient 3597,Female,1945-01-03,AB-,Kolhapur,ICICI Lombard
P13598,Patient 3598,Male,2002-01-27,O-,Hyderabad,Self Pay
P13599,Patient 3599,Male,1957-03-17,B-,Delhi,Star Health
P13600,Patient 3600,Male,1947-08-21,O-,Nashik,Star Health
P13601,Patient 3601,Female,1990-09-23,O-,Bengaluru,Care Health
P13602,Patient 3602,Male,1985-03-31,B-,Mumbai,Self Pay
P13603,Patient 3603,Female,1986-01-04,AB+,Mumbai,Bajaj Allianz
P13604,Patient 3604,Female,1944-07-26,O-,Visakhapatnam,Star Health
P13605,Patient 3605,Female,2005-11-11,B-,Hyderabad,Self Pay
P13606,Patient 3606,Female,1991-03-16,AB-,Chennai,Bajaj Allianz
P13607,Patient 3607,Female,1990-08-23,O-,Delhi,Self Pay
P13608,Patient 3608,Male,1956-07-16,B+,Bengaluru,ICICI Lombard
P13609,Patient 3609,Female,1951-10-13,A+,Bengaluru,Bajaj Allianz
P13610,Patient 3610,Female,1967-01-07,A+,Chennai,Self Pay
P13611,Patient 3611,Male,1992-08-17,A+,Chennai,HDFC ERGO
P13612,Patient 3612,Male,2002-09-17,B+,Kolhapur,Self Pay
P13613,Patient 3613,Female,1997-08-03,B-,Nashik,ICICI Lombard
P13614,Patient 3614,Male,1988-06-07,AB+,Kolhapur,ICICI Lombard
P13615,Patient 3615,Female,1982-01-08,O+,Pune,Self Pay
P13616,Patient 3616,Male,1974-03-09,A-,Pune,Self Pay
P13617,Patient 3617,Male,1999-02-25,B-,Hyderabad,ICICI Lombard
P13618,Patient 3618,Female,1964-08-15,B+,Visakhapatnam,Star Health
P13619,Patient 3619,Male,2001-07-28,O-,Delhi,Bajaj Allianz
P13620,Patient 3620,Male,2002-09-21,AB-,Bengaluru,Self Pay
P13621,Patient 3621,Female,1978-02-18,B+,Nashik,Care Health
P13622,Patient 3622,Male,1984-08-02,O-,Mumbai,Care Health
P13623,Patient 3623,Female,1949-09-11,O+,Mumbai,Bajaj Allianz
P13624,Patient 3624,Female,1992-12-16,A+,Nagpur,Star Health
P13625,Patient 3625,Female,1979-01-15,B-,Chennai,Self Pay
P13626,Patient 3626,Male,1960-07-25,O+,Hyderabad,HDFC ERGO
P13627,Patient 3627,Male,1970-01-19,A+,Nagpur,Care Health
P13628,Patient 3628,Female,1981-10-24,A-,Nagpur,HDFC ERGO
P13629,Patient 3629,Female,1959-03-20,O-,Visakhapatnam,HDFC ERGO
P13630,Patient 3630,Female,1941-12-28,O-,Delhi,Bajaj Allianz
P13631,Patient 3631,Female,1994-09-18,AB-,Bengaluru,Self Pay
P13632,Patient 3632,Male,2007-01-30,A+,Nashik,Bajaj Allianz
P13633,Patient 3633,Male,1977-05-26,A-,Mumbai,Self Pay
P13634,Patient 3634,Male,1962-02-09,O-,Mumbai,Star Health
P13635,Patient 3635,Male,1984-10-06,B+,Mumbai,Self Pay
P13636,Patient 3636,Male,2007-08-20,A+,Pune,ICICI Lombard
P13637,Patient 3637,Female,2007-01-12,A+,Delhi,Star Health
P13638,Patient 3638,Male,1949-08-27,AB+,Hyderabad,Star Health
P13639,Patient 3639,Male,1981-06-01,AB-,Mumbai,Bajaj Allianz
P13640,Patient 3640,Male,1953-09-10,AB-,Visakhapatnam,Self Pay
P13641,Patient 3641,Female,2003-07-23,O+,Mumbai,Bajaj Allianz
P13642,Patient 3642,Female,1964-03-20,B+,Hyderabad,ICICI Lombard
P13643,Patient 3643,Female,1945-01-05,AB+,Pune,ICICI Lombard
P13644,Patient 3644,Female,1994-04-24,O+,Visakhapatnam,Care Health
P13645,Patient 3645,Male,1971-08-24,A-,Nagpur,Star Health
P13646,Patient 3646,Female,1989-10-19,O+,Hyderabad,HDFC ERGO
P13647,Patient 3647,Male,1945-08-03,A-,Nagpur,Bajaj Allianz
P13648,Patient 3648,Male,1954-06-23,B+,Chennai,Self Pay
P13649,Patient 3649,Female,1952-08-27,O-,Kolhapur,HDFC ERGO
P13650,Patient 3650,Female,1941-03-16,AB-,Mumbai,ICICI Lombard
P13651,Patient 3651,Male,2002-02-14,O-,Hyderabad,Self Pay
P13652,Patient 3652,Male,1982-03-13,A-,Kolhapur,Bajaj Allianz
P13653,Patient 3653,Female,1969-06-26,B+,Nashik,Self Pay
P13654,Patient 3654,Male,1975-05-11,O-,Visakhapatnam,ICICI Lombard
P13655,Patient 3655,Male,1989-02-08,O+,Delhi,HDFC ERGO
P13656,Patient 3656,Male,1955-05-25,A-,Chennai,Self Pay
P13657,Patient 3657,Male,1973-12-02,B-,Nashik,Star Health
P13658,Patient 3658,Female,1963-08-17,A+,Nashik,Bajaj Allianz
P13659,Patient 3659,Male,1956-02-16,O+,Chennai,ICICI Lombard
P13660,Patient 3660,Male,2004-06-07,AB-,Nagpur,Care Health
P13661,Patient 3661,Male,1967-05-08,O-,Hyderabad,Self Pay
P13662,Patient 3662,Female,2000-09-23,O+,Bengaluru,HDFC ERGO
P13663,Patient 3663,Male,1979-07-13,B-,Mumbai,Self Pay
P13664,Patient 3664,Male,1952-12-10,B+,Visakhapatnam,HDFC ERGO
P13665,Patient 3665,Male,1979-12-25,B+,Pune,Self Pay
P13666,Patient 3666,Female,1991-01-07,O+,Hyderabad,HDFC ERGO
P13667,Patient 3667,Female,1954-07-01,B-,Mumbai,Star Health
P13668,Patient 3668,Female,2004-11-21,O-,Hyderabad,HDFC ERGO
P13669,Patient 3669,Female,2003-05-03,O+,Nashik,Bajaj Allianz
P13670,Patient 3670,Female,1998-01-27,A+,Bengaluru,Self Pay
P13671,Patient 3671,Female,1954-05-13,A+,Pune,HDFC ERGO
P13672,Patient 3672,Male,1979-04-22,AB+,Hyderabad,Care Health
P13673,Patient 3673,Male,1975-02-06,A-,Mumbai,Self Pay
P13674,Patient 3674,Female,1945-04-03,AB+,Pune,Self Pay
P13675,Patient 3675,Male,1961-11-08,O-,Pune,Bajaj Allianz
P13676,Patient 3676,Male,1986-12-22,A+,Delhi,Self Pay
P13677,Patient 3677,Female,2004-09-15,B-,Visakhapatnam,Care Health
P13678,Patient 3678,Male,1971-07-07,A-,Nashik,Star Health
P13679,Patient 3679,Female,2002-08-24,O-,Delhi,Star Health
P13680,Patient 3680,Female,2006-06-27,B-,Mumbai,Self Pay
P13681,Patient 3681,Male,1964-07-11,O-,Mumbai,Star Health
P13682,Patient 3682,Female,1969-12-22,AB+,Nagpur,HDFC ERGO
P13683,Patient 3683,Male,2005-08-06,B+,Hyderabad,Self Pay
P13684,Patient 3684,Male,1994-12-23,B-,Hyderabad,ICICI Lombard
P13685,Patient 3685,Female,1991-12-13,AB+,Nagpur,Self Pay
P13686,Patient 3686,Female,1944-02-03,AB+,Kolhapur,Self Pay
P13687,Patient 3687,Female,1972-10-11,AB+,Chennai,Self Pay
P13688,Patient 3688,Male,1988-05-23,B+,Hyderabad,ICICI Lombard
P13689,Patient 3689,Female,1972-06-20,B+,Chennai,ICICI Lombard
P13690,Patient 3690,Male,1986-04-21,O+,Hyderabad,Self Pay
P13691,Patient 3691,Female,1993-05-16,B+,Visakhapatnam,ICICI Lombard
P13692,Patient 3692,Male,1988-02-10,A-,Kolhapur,Care Health
P13693,Patient 3693,Female,1940-11-28,B+,Bengaluru,Bajaj Allianz
P13694,Patient 3694,Male,1970-12-23,B+,Kolhapur,ICICI Lombard
P13695,Patient 3695,Male,2001-04-17,B+,Mumbai,Self Pay
P13696,Patient 3696,Male,1950-11-07,O-,Nagpur,Bajaj Allianz
P13697,Patient 3697,Female,1957-10-29,B-,Mumbai,Star Health
P13698,Patient 3698,Female,1972-06-11,B+,Bengaluru,Star Health
P13699,Patient 3699,Female,2000-04-28,A-,Delhi,ICICI Lombard
P13700,Patient 3700,Male,1989-10-29,O-,Mumbai,ICICI Lombard
P13701,Patient 3701,Male,1997-07-16,AB+,Mumbai,Bajaj Allianz
P13702,Patient 3702,Male,1998-05-01,B-,Mumbai,Star Health
P13703,Patient 3703,Female,1946-07-17,A+,Pune,HDFC ERGO
P13704,Patient 3704,Male,1966-02-05,O-,Chennai,Self Pay
P13705,Patient 3705,Female,1997-08-08,B+,Kolhapur,Care Health
P13706,Patient 3706,Female,1950-04-16,O-,Delhi,ICICI Lombard
P13707,Patient 3707,Female,1957-10-05,O+,Kolhapur,Self Pay
P13708,Patient 3708,Female,1947-04-05,O+,Visakhapatnam,ICICI Lombard
P13709,Patient 3709,Female,1991-03-13,O-,Chennai,Self Pay
P13710,Patient 3710,Female,1955-06-09,AB+,Delhi,Bajaj Allianz
P13711,Patient 3711,Male,1983-02-11,AB+,Visakhapatnam,Bajaj Allianz
P13712,Patient 3712,Female,2007-01-06,B-,Nashik,Bajaj Allianz
P13713,Patient 3713,Male,1951-07-01,O+,Pune,Care Health
P13714,Patient 3714,Male,1954-08-13,A+,Mumbai,Self Pay
P13715,Patient 3715,Male,1965-01-22,AB-,Pune,Self Pay
P13716,Patient 3716,Male,2002-11-29,O+,Kolhapur,HDFC ERGO
P13717,Patient 3717,Male,1962-11-03,O-,Delhi,HDFC ERGO
P13718,Patient 3718,Male,1988-08-13,O+,Visakhapatnam,Self Pay
P13719,Patient 3719,Female,1986-01-24,A-,Bengaluru,Care Health
P13720,Patient 3720,Male,2001-06-26,AB-,Visakhapatnam,Self Pay
P13721,Patient 3721,Male,1966-09-30,AB+,Pune,Care Health
P13722,Patient 3722,Male,1997-03-28,AB-,Mumbai,Care Health
P13723,Patient 3723,Female,1972-01-27,O+,Bengaluru,Star Health
P13724,Patient 3724,Female,1968-05-12,AB+,Kolhapur,ICICI Lombard
P13725,Patient 3725,Female,1986-10-25,AB-,Bengaluru,Care Health
P13726,Patient 3726,Female,1963-10-03,AB+,Chennai,Care Health
P13727,Patient 3727,Male,1948-04-03,AB+,Nashik,Care Health
P13728,Patient 3728,Female,2001-03-12,B-,Mumbai,Bajaj Allianz
P13729,Patient 3729,Male,1944-01-17,A+,Pune,Bajaj Allianz
P13730,Patient 3730,Male,1971-07-14,AB+,Delhi,Self Pay
P13731,Patient 3731,Female,1942-03-07,A-,Nagpur,ICICI Lombard
P13732,Patient 3732,Male,1958-06-08,O+,Bengaluru,Care Health
P13733,Patient 3733,Female,1940-10-02,O+,Hyderabad,Star Health
P13734,Patient 3734,Female,1955-07-31,A-,Nagpur,HDFC ERGO
P13735,Patient 3735,Male,2004-11-24,B+,Kolhapur,ICICI Lombard
P13736,Patient 3736,Male,1951-11-19,AB+,Hyderabad,HDFC ERGO
P13737,Patient 3737,Male,1998-08-25,O-,Hyderabad,HDFC ERGO
P13738,Patient 3738,Female,1992-01-04,AB+,Hyderabad,Star Health
P13739,Patient 3739,Female,1950-01-27,AB+,Visakhapatnam,HDFC ERGO
P13740,Patient 3740,Male,1997-04-26,O-,Nagpur,Self Pay
P13741,Patient 3741,Male,1953-03-13,AB-,Kolhapur,ICICI Lombard
P13742,Patient 3742,Female,1955-01-26,AB+,Pune,Bajaj Allianz
P13743,Patient 3743,Female,1946-12-03,AB+,Nashik,Care Health
P13744,Patient 3744,Male,1974-01-10,A-,Kolhapur,ICICI Lombard
P13745,Patient 3745,Male,2007-04-04,A+,Pune,Star Health
P13746,Patient 3746,Female,1957-09-06,A+,Pune,ICICI Lombard
P13747,Patient 3747,Male,1959-10-18,B+,Hyderabad,Bajaj Allianz
P13748,Patient 3748,Male,1990-08-30,A-,Mumbai,ICICI Lombard
P13749,Patient 3749,Female,1975-04-24,AB+,Nagpur,Star Health
P13750,Patient 3750,Female,1952-12-05,A+,Pune,ICICI Lombard
P13751,Patient 3751,Male,1964-06-18,B-,Nagpur,Care Health
P13752,Patient 3752,Male,1961-04-02,B-,Chennai,Bajaj Allianz
P13753,Patient 3753,Male,1951-10-15,B-,Visakhapatnam,HDFC ERGO
P13754,Patient 3754,Male,1941-07-10,AB+,Nashik,HDFC ERGO
P13755,Patient 3755,Female,1942-09-14,AB+,Chennai,HDFC ERGO
P13756,Patient 3756,Male,1974-04-27,O-,Pune,Star Health
P13757,Patient 3757,Female,1942-07-09,B+,Kolhapur,HDFC ERGO
P13758,Patient 3758,Female,1979-04-04,O+,Nagpur,Care Health
P13759,Patient 3759,Male,1955-05-18,B+,Chennai,Care Health
P13760,Patient 3760,Male,1996-06-28,B+,Nagpur,Bajaj Allianz
P13761,Patient 3761,Male,1976-04-12,AB-,Visakhapatnam,Bajaj Allianz
P13762,Patient 3762,Female,1978-03-17,B-,Kolhapur,ICICI Lombard
P13763,Patient 3763,Female,1972-10-14,AB+,Chennai,ICICI Lombard
P13764,Patient 3764,Male,2005-01-12,B-,Nagpur,HDFC ERGO
P13765,Patient 3765,Female,1998-10-21,B+,Kolhapur,Bajaj Allianz
P13766,Patient 3766,Female,2007-12-12,AB+,Hyderabad,Star Health
P13767,Patient 3767,Female,1981-04-12,A-,Bengaluru,Self Pay
P13768,Patient 3768,Male,1946-05-02,O-,Hyderabad,Care Health
P13769,Patient 3769,Female,1947-08-21,A+,Nashik,ICICI Lombard
P13770,Patient 3770,Female,1951-07-23,A+,Pune,Bajaj Allianz
P13771,Patient 3771,Male,1980-09-29,B+,Mumbai,Star Health
P13772,Patient 3772,Male,1972-08-06,O+,Bengaluru,HDFC ERGO
P13773,Patient 3773,Male,1985-12-03,B-,Pune,HDFC ERGO
P13774,Patient 3774,Male,1957-01-13,A-,Chennai,Star Health
P13775,Patient 3775,Male,1988-01-15,AB+,Nashik,Self Pay
P13776,Patient 3776,Female,1985-01-13,O+,Visakhapatnam,Self Pay
P13777,Patient 3777,Male,1976-10-29,B-,Nashik,Star Health
P13778,Patient 3778,Male,1984-11-18,B+,Nagpur,HDFC ERGO
P13779,Patient 3779,Female,1952-11-23,B-,Nashik,Star Health
P13780,Patient 3780,Male,1979-06-13,B+,Chennai,Self Pay
P13781,Patient 3781,Male,1966-11-03,AB-,Visakhapatnam,ICICI Lombard
P13782,Patient 3782,Female,1954-06-18,A+,Visakhapatnam,HDFC ERGO
P13783,Patient 3783,Female,1976-06-13,O+,Delhi,ICICI Lombard
P13784,Patient 3784,Female,1949-09-30,A+,Nashik,ICICI Lombard
P13785,Patient 3785,Female,1949-05-13,B-,Hyderabad,Bajaj Allianz
P13786,Patient 3786,Male,1964-11-28,A-,Delhi,Bajaj Allianz
P13787,Patient 3787,Female,1942-10-27,AB+,Delhi,Care Health
P13788,Patient 3788,Male,1984-06-14,B+,Chennai,Bajaj Allianz
P13789,Patient 3789,Female,2002-07-01,AB+,Bengaluru,Care Health
P13790,Patient 3790,Male,2004-03-25,A+,Hyderabad,Star Health
P13791,Patient 3791,Female,2005-01-02,O-,Visakhapatnam,Star Health
P13792,Patient 3792,Female,1953-10-10,A-,Nashik,HDFC ERGO
P13793,Patient 3793,Female,1953-02-23,A-,Delhi,Bajaj Allianz
P13794,Patient 3794,Male,1941-06-03,AB+,Pune,Self Pay
P13795,Patient 3795,Male,1983-02-04,A+,Pune,Star Health
P13796,Patient 3796,Female,2007-07-02,O-,Delhi,HDFC ERGO
P13797,Patient 3797,Female,1975-04-20,AB+,Nagpur,ICICI Lombard
P13798,Patient 3798,Male,1980-01-25,B-,Nashik,Self Pay
P13799,Patient 3799,Female,1948-05-06,A-,Chennai,Self Pay
P13800,Patient 3800,Female,2002-04-14,A-,Visakhapatnam,ICICI Lombard
P13801,Patient 3801,Male,1957-04-28,B-,Delhi,Bajaj Allianz
P13802,Patient 3802,Female,1993-08-29,A+,Hyderabad,Bajaj Allianz
P13803,Patient 3803,Male,1984-08-09,A-,Delhi,Star Health
P13804,Patient 3804,Male,1947-09-11,O+,Kolhapur,HDFC ERGO
P13805,Patient 3805,Male,1993-10-25,O-,Visakhapatnam,Care Health
P13806,Patient 3806,Female,1966-03-15,AB-,Bengaluru,Star Health
P13807,Patient 3807,Female,1992-03-13,AB-,Visakhapatnam,HDFC ERGO
P13808,Patient 3808,Male,1973-12-05,AB-,Hyderabad,Star Health
P13809,Patient 3809,Female,1941-06-28,B+,Kolhapur,Care Health
P13810,Patient 3810,Female,1942-06-29,O+,Bengaluru,Self Pay
P13811,Patient 3811,Female,1986-08-05,B+,Mumbai,Care Health
P13812,Patient 3812,Male,1964-12-24,A+,Hyderabad,Star Health
P13813,Patient 3813,Female,1987-11-16,B-,Pune,Star Health
P13814,Patient 3814,Male,1990-04-24,AB+,Nagpur,Care Health
P13815,Patient 3815,Male,1973-02-20,O+,Visakhapatnam,ICICI Lombard
P13816,Patient 3816,Male,1959-01-21,O-,Mumbai,Care Health
P13817,Patient 3817,Male,1971-07-14,A+,Kolhapur,Star Health
P13818,Patient 3818,Female,1979-09-04,AB+,Mumbai,Bajaj Allianz
P13819,Patient 3819,Male,2001-01-06,A+,Chennai,Self Pay
P13820,Patient 3820,Female,1948-05-06,B+,Nashik,Self Pay
P13821,Patient 3821,Male,1999-12-07,AB-,Visakhapatnam,ICICI Lombard
P13822,Patient 3822,Male,1959-10-07,B-,Nashik,Bajaj Allianz
P13823,Patient 3823,Female,1995-01-26,B+,Pune,ICICI Lombard
P13824,Patient 3824,Female,1952-04-19,B-,Mumbai,Bajaj Allianz
P13825,Patient 3825,Male,1992-06-11,O+,Kolhapur,Star Health
P13826,Patient 3826,Male,1997-11-17,AB+,Pune,Bajaj Allianz
P13827,Patient 3827,Male,2000-05-26,A+,Nashik,HDFC ERGO
P13828,Patient 3828,Male,1942-11-25,A-,Mumbai,Self Pay
P13829,Patient 3829,Female,1958-10-22,A-,Pune,Bajaj Allianz
P13830,Patient 3830,Female,2001-07-12,B-,Hyderabad,HDFC ERGO
P13831,Patient 3831,Male,1965-04-28,AB-,Delhi,Self Pay
P13832,Patient 3832,Female,1947-04-22,AB-,Nagpur,ICICI Lombard
P13833,Patient 3833,Female,2006-10-26,B-,Bengaluru,Self Pay
P13834,Patient 3834,Male,2000-04-08,B+,Hyderabad,Bajaj Allianz
P13835,Patient 3835,Male,2003-10-02,A-,Pune,Self Pay
P13836,Patient 3836,Female,1942-06-06,B+,Kolhapur,Star Health
P13837,Patient 3837,Female,1971-06-04,AB+,Chennai,ICICI Lombard
P13838,Patient 3838,Male,1942-09-04,A-,Delhi,Bajaj Allianz
P13839,Patient 3839,Male,1966-10-11,AB+,Bengaluru,Self Pay
P13840,Patient 3840,Male,1979-01-21,A+,Hyderabad,Star Health
P13841,Patient 3841,Female,1962-08-28,B+,Chennai,Star Health
P13842,Patient 3842,Female,1988-04-29,B-,Chennai,ICICI Lombard
P13843,Patient 3843,Male,1944-11-05,A-,Chennai,Self Pay
P13844,Patient 3844,Female,1992-10-10,B+,Delhi,Bajaj Allianz
P13845,Patient 3845,Female,1943-05-01,B-,Mumbai,HDFC ERGO
P13846,Patient 3846,Female,1965-12-07,A+,Hyderabad,Star Health
P13847,Patient 3847,Male,1942-03-17,A-,Mumbai,Care Health
P13848,Patient 3848,Male,1947-11-22,AB+,Visakhapatnam,ICICI Lombard
P13849,Patient 3849,Male,2003-08-30,A+,Delhi,Bajaj Allianz
P13850,Patient 3850,Male,2007-07-30,AB-,Chennai,HDFC ERGO
P13851,Patient 3851,Female,1974-10-05,B-,Chennai,Bajaj Allianz
P13852,Patient 3852,Male,1965-12-03,O-,Delhi,Self Pay
P13853,Patient 3853,Male,1990-01-24,A-,Visakhapatnam,Care Health
P13854,Patient 3854,Male,1963-07-23,A-,Nagpur,ICICI Lombard
P13855,Patient 3855,Male,1982-10-25,O+,Kolhapur,Bajaj Allianz
P13856,Patient 3856,Female,1985-06-10,O+,Nagpur,ICICI Lombard
P13857,Patient 3857,Male,1967-08-25,A+,Mumbai,Self Pay
P13858,Patient 3858,Male,1971-07-05,A-,Delhi,Star Health
P13859,Patient 3859,Male,1971-06-27,B-,Kolhapur,Self Pay
P13860,Patient 3860,Male,1944-05-30,A+,Nagpur,Star Health
P13861,Patient 3861,Male,1956-11-02,AB+,Mumbai,Star Health
P13862,Patient 3862,Female,2004-08-25,A+,Pune,HDFC ERGO
P13863,Patient 3863,Female,1943-05-16,A+,Nashik,Self Pay
P13864,Patient 3864,Female,1992-09-15,O-,Kolhapur,Self Pay
P13865,Patient 3865,Female,1944-03-18,AB+,Bengaluru,ICICI Lombard
P13866,Patient 3866,Female,1992-09-20,AB-,Kolhapur,Star Health
P13867,Patient 3867,Female,1982-10-01,O+,Mumbai,HDFC ERGO
P13868,Patient 3868,Male,1991-06-17,B-,Chennai,ICICI Lombard
P13869,Patient 3869,Male,1974-07-05,AB-,Mumbai,Bajaj Allianz
P13870,Patient 3870,Male,1965-03-02,AB-,Hyderabad,HDFC ERGO
P13871,Patient 3871,Female,1994-06-22,AB-,Chennai,Bajaj Allianz
P13872,Patient 3872,Female,1986-04-23,O+,Mumbai,Bajaj Allianz
P13873,Patient 3873,Female,1973-05-27,B+,Nagpur,Care Health
P13874,Patient 3874,Male,1964-03-18,O+,Nashik,Self Pay
P13875,Patient 3875,Female,1971-05-13,AB-,Mumbai,ICICI Lombard
P13876,Patient 3876,Male,1988-10-20,B+,Nagpur,Star Health
P13877,Patient 3877,Male,1969-08-10,AB+,Bengaluru,Bajaj Allianz
P13878,Patient 3878,Male,1964-06-04,O+,Hyderabad,ICICI Lombard
P13879,Patient 3879,Male,1941-11-30,B-,Pune,Star Health
P13880,Patient 3880,Female,1970-05-12,AB-,Hyderabad,Self Pay
P13881,Patient 3881,Male,1949-03-25,A-,Chennai,Care Health
P13882,Patient 3882,Male,1943-07-20,AB+,Nashik,HDFC ERGO
P13883,Patient 3883,Female,1957-12-30,B+,Hyderabad,Bajaj Allianz
P13884,Patient 3884,Female,1958-03-15,O+,Kolhapur,ICICI Lombard
P13885,Patient 3885,Female,1999-05-05,B-,Pune,Self Pay
P13886,Patient 3886,Male,1975-03-10,A+,Chennai,Star Health
P13887,Patient 3887,Female,1945-10-06,B-,Kolhapur,Care Health
P13888,Patient 3888,Female,1969-06-11,B-,Chennai,Bajaj Allianz
P13889,Patient 3889,Male,1946-07-29,AB-,Kolhapur,HDFC ERGO
P13890,Patient 3890,Female,2001-05-04,AB-,Visakhapatnam,Bajaj Allianz
P13891,Patient 3891,Male,1945-06-12,O+,Nashik,Self Pay
P13892,Patient 3892,Male,1966-03-11,O+,Nagpur,Bajaj Allianz
P13893,Patient 3893,Female,1946-11-11,O-,Hyderabad,ICICI Lombard
P13894,Patient 3894,Female,1993-07-26,B+,Bengaluru,Care Health
P13895,Patient 3895,Male,1983-10-04,O-,Kolhapur,Self Pay
P13896,Patient 3896,Female,1986-08-10,O+,Visakhapatnam,HDFC ERGO
P13897,Patient 3897,Female,1995-01-25,B+,Nashik,Bajaj Allianz
P13898,Patient 3898,Female,1955-12-21,AB-,Bengaluru,HDFC ERGO
P13899,Patient 3899,Male,1992-04-20,AB-,Hyderabad,Star Health
P13900,Patient 3900,Female,1951-07-27,A-,Visakhapatnam,Star Health
P13901,Patient 3901,Male,1992-02-25,A-,Bengaluru,Self Pay
P13902,Patient 3902,Female,1995-08-18,AB+,Pune,Care Health
P13903,Patient 3903,Male,1992-10-04,AB-,Delhi,Star Health
P13904,Patient 3904,Male,1963-08-20,A+,Chennai,Self Pay
P13905,Patient 3905,Female,1966-04-09,A-,Chennai,Care Health
P13906,Patient 3906,Male,1979-08-05,B+,Mumbai,Bajaj Allianz
P13907,Patient 3907,Male,2001-12-03,B-,Pune,Star Health
P13908,Patient 3908,Male,1985-01-16,O+,Delhi,Self Pay
P13909,Patient 3909,Female,1964-05-28,O+,Mumbai,Care Health
P13910,Patient 3910,Male,1946-06-24,AB+,Bengaluru,Bajaj Allianz
P13911,Patient 3911,Female,1976-01-09,A-,Mumbai,Star Health
P13912,Patient 3912,Male,1978-11-18,B-,Kolhapur,ICICI Lombard
P13913,Patient 3913,Male,1984-04-18,B-,Pune,ICICI Lombard
P13914,Patient 3914,Male,1990-08-06,A-,Visakhapatnam,Self Pay
P13915,Patient 3915,Male,2002-09-05,A+,Visakhapatnam,ICICI Lombard
P13916,Patient 3916,Male,1974-11-28,A+,Delhi,Bajaj Allianz
P13917,Patient 3917,Male,1975-03-07,AB+,Hyderabad,Star Health
P13918,Patient 3918,Female,1943-09-25,O-,Visakhapatnam,ICICI Lombard
P13919,Patient 3919,Female,1990-09-18,A+,Pune,ICICI Lombard
P13920,Patient 3920,Male,1952-10-05,AB+,Nashik,Self Pay
P13921,Patient 3921,Male,1974-08-31,O-,Chennai,Bajaj Allianz
P13922,Patient 3922,Female,2007-05-16,O-,Nashik,Self Pay
P13923,Patient 3923,Male,1965-12-04,B+,Mumbai,Self Pay
P13924,Patient 3924,Male,1953-04-12,O-,Nagpur,Star Health
P13925,Patient 3925,Female,1941-02-18,A-,Kolhapur,Self Pay
P13926,Patient 3926,Female,2006-08-01,O-,Nagpur,HDFC ERGO
P13927,Patient 3927,Female,1946-12-28,B-,Pune,Self Pay
P13928,Patient 3928,Male,1973-03-11,AB+,Nagpur,Star Health
P13929,Patient 3929,Male,1949-10-09,O+,Nashik,Self Pay
P13930,Patient 3930,Female,1981-02-14,A+,Hyderabad,Star Health
P13931,Patient 3931,Male,1992-01-17,O+,Pune,ICICI Lombard
P13932,Patient 3932,Male,1972-11-29,AB+,Chennai,Star Health
P13933,Patient 3933,Female,1963-08-18,AB-,Delhi,Star Health
P13934,Patient 3934,Male,1988-07-06,AB+,Pune,HDFC ERGO
P13935,Patient 3935,Female,1992-01-07,A+,Bengaluru,Self Pay
P13936,Patient 3936,Female,2004-05-29,AB-,Chennai,Bajaj Allianz
P13937,Patient 3937,Female,1971-11-15,AB-,Pune,ICICI Lombard
P13938,Patient 3938,Male,1960-01-29,O-,Bengaluru,Star Health
P13939,Patient 3939,Male,1947-10-07,A+,Chennai,HDFC ERGO
P13940,Patient 3940,Male,1948-04-22,AB-,Mumbai,Self Pay
P13941,Patient 3941,Male,1966-05-19,A-,Visakhapatnam,Star Health
P13942,Patient 3942,Female,1956-01-27,B-,Kolhapur,Care Health
P13943,Patient 3943,Male,1947-08-17,O+,Visakhapatnam,Star Health
P13944,Patient 3944,Male,2004-03-28,A-,Nashik,HDFC ERGO
P13945,Patient 3945,Male,1953-12-01,A-,Delhi,Star Health
P13946,Patient 3946,Female,2003-11-08,A+,Visakhapatnam,Star Health
P13947,Patient 3947,Male,1947-05-04,O-,Pune,ICICI Lombard
P13948,Patient 3948,Male,1986-04-15,A+,Mumbai,ICICI Lombard
P13949,Patient 3949,Male,1991-05-01,O+,Nagpur,ICICI Lombard
P13950,Patient 3950,Female,1940-02-09,B-,Nashik,Care Health
P13951,Patient 3951,Male,1993-05-08,AB+,Visakhapatnam,Star Health
P13952,Patient 3952,Female,1949-07-21,A-,Hyderabad,Star Health
P13953,Patient 3953,Female,1983-02-22,AB-,Delhi,ICICI Lombard
P13954,Patient 3954,Male,1992-10-01,B-,Nagpur,Self Pay
P13955,Patient 3955,Female,1952-01-03,A-,Kolhapur,Care Health
P13956,Patient 3956,Male,1971-07-14,AB+,Pune,Bajaj Allianz
P13957,Patient 3957,Female,2001-10-31,O-,Mumbai,HDFC ERGO
P13958,Patient 3958,Female,1971-04-18,AB-,Chennai,ICICI Lombard
P13959,Patient 3959,Male,1966-04-22,A-,Visakhapatnam,Star Health
P13960,Patient 3960,Male,1964-07-07,B+,Hyderabad,HDFC ERGO
P13961,Patient 3961,Male,1951-01-16,O+,Delhi,Care Health
P13962,Patient 3962,Female,1954-04-17,B-,Kolhapur,Self Pay
P13963,Patient 3963,Male,1952-06-30,O+,Visakhapatnam,Self Pay
P13964,Patient 3964,Female,2002-07-10,A+,Kolhapur,HDFC ERGO
P13965,Patient 3965,Male,1957-08-20,A-,Nagpur,HDFC ERGO
P13966,Patient 3966,Female,1978-04-12,AB-,Nagpur,Star Health
P13967,Patient 3967,Male,1980-06-10,AB-,Nashik,ICICI Lombard
P13968,Patient 3968,Female,1982-04-23,B-,Visakhapatnam,Self Pay
P13969,Patient 3969,Male,1958-04-21,B-,Mumbai,Star Health
P13970,Patient 3970,Female,1940-04-14,O+,Delhi,Self Pay
P13971,Patient 3971,Male,1952-04-08,AB-,Chennai,Care Health
P13972,Patient 3972,Male,1958-05-12,AB-,Chennai,HDFC ERGO
P13973,Patient 3973,Male,1942-10-24,AB-,Pune,Star Health
P13974,Patient 3974,Female,1968-01-06,A-,Pune,Bajaj Allianz
P13975,Patient 3975,Male,1943-07-11,AB-,Delhi,HDFC ERGO
P13976,Patient 3976,Female,1945-06-11,A+,Visakhapatnam,HDFC ERGO
P13977,Patient 3977,Male,1963-03-19,AB-,Visakhapatnam,ICICI Lombard
P13978,Patient 3978,Female,1954-05-04,A+,Nagpur,Star Health
P13979,Patient 3979,Female,1961-09-05,A-,Hyderabad,Care Health
P13980,Patient 3980,Male,1967-06-06,B-,Pune,ICICI Lombard
P13981,Patient 3981,Male,1959-02-26,O-,Hyderabad,Bajaj Allianz
P13982,Patient 3982,Male,1948-12-17,A+,Visakhapatnam,Bajaj Allianz
P13983,Patient 3983,Male,1984-08-11,A-,Pune,ICICI Lombard
P13984,Patient 3984,Male,1976-06-26,O-,Chennai,Bajaj Allianz
P13985,Patient 3985,Female,2007-05-16,O-,Kolhapur,ICICI Lombard
P13986,Patient 3986,Female,1968-02-22,AB-,Pune,Bajaj Allianz
P13987,Patient 3987,Female,1958-12-01,A-,Visakhapatnam,Star Health
P13988,Patient 3988,Male,1987-07-14,O-,Visakhapatnam,Star Health
P13989,Patient 3989,Female,1996-06-23,AB-,Kolhapur,ICICI Lombard
P13990,Patient 3990,Male,1979-10-31,O+,Hyderabad,Bajaj Allianz
P13991,Patient 3991,Male,2003-06-07,A-,Delhi,Star Health
P13992,Patient 3992,Male,1944-10-15,O-,Kolhapur,ICICI Lombard
P13993,Patient 3993,Male,1941-04-20,B-,Chennai,HDFC ERGO
P13994,Patient 3994,Male,2002-04-06,A+,Visakhapatnam,Star Health
P13995,Patient 3995,Female,1975-07-28,O+,Mumbai,Bajaj Allianz
P13996,Patient 3996,Female,1952-11-22,B-,Chennai,Care Health
P13997,Patient 3997,Male,1954-06-20,B+,Hyderabad,Self Pay
P13998,Patient 3998,Male,1958-03-09,AB-,Kolhapur,Star Health
P13999,Patient 3999,Male,1997-06-30,O-,Visakhapatnam,ICICI Lombard
P14000,Patient 4000,Female,1980-02-04,A+,Visakhapatnam,Bajaj Allianz
P14001,Patient 4001,Male,1986-01-24,B-,Kolhapur,Bajaj Allianz
P14002,Patient 4002,Female,1988-10-25,A+,Delhi,ICICI Lombard
P14003,Patient 4003,Female,1995-09-17,B+,Kolhapur,Care Health
P14004,Patient 4004,Female,1961-04-23,AB+,Pune,Self Pay
P14005,Patient 4005,Male,1941-01-04,AB-,Bengaluru,Star Health
P14006,Patient 4006,Female,1984-07-11,AB-,Delhi,Bajaj Allianz
P14007,Patient 4007,Female,2002-02-07,A-,Bengaluru,ICICI Lombard
P14008,Patient 4008,Male,1955-11-14,O-,Hyderabad,Self Pay
P14009,Patient 4009,Female,2002-05-12,AB-,Nagpur,Care Health
P14010,Patient 4010,Female,1999-02-08,AB-,Chennai,Star Health
P14011,Patient 4011,Male,1949-07-10,B-,Nashik,HDFC ERGO
P14012,Patient 4012,Male,1942-01-24,O+,Kolhapur,Self Pay
P14013,Patient 4013,Male,1972-11-21,AB-,Chennai,Bajaj Allianz
P14014,Patient 4014,Female,2004-03-05,AB-,Nashik,ICICI Lombard
P14015,Patient 4015,Male,1954-03-26,O-,Hyderabad,Care Health
P14016,Patient 4016,Female,1966-06-01,B+,Hyderabad,Care Health
P14017,Patient 4017,Female,1974-11-23,O+,Nagpur,Star Health
P14018,Patient 4018,Female,1952-05-31,B+,Delhi,Star Health
P14019,Patient 4019,Male,1996-06-22,O-,Chennai,Care Health
P14020,Patient 4020,Female,1954-04-27,A+,Chennai,HDFC ERGO
P14021,Patient 4021,Male,1977-10-31,A+,Kolhapur,ICICI Lombard
P14022,Patient 4022,Male,1975-04-18,AB-,Hyderabad,Bajaj Allianz
P14023,Patient 4023,Female,1978-09-15,AB-,Nashik,HDFC ERGO
P14024,Patient 4024,Male,1979-09-11,A-,Mumbai,ICICI Lombard
P14025,Patient 4025,Female,1975-07-10,A+,Nagpur,Star Health
P14026,Patient 4026,Male,2000-06-30,B-,Delhi,Care Health
P14027,Patient 4027,Male,1946-06-24,AB-,Visakhapatnam,Bajaj Allianz
P14028,Patient 4028,Male,1997-06-05,B-,Mumbai,Bajaj Allianz
P14029,Patient 4029,Female,1975-04-12,AB-,Pune,ICICI Lombard
P14030,Patient 4030,Female,1992-01-31,O-,Bengaluru,Care Health
P14031,Patient 4031,Female,1957-01-26,B-,Nagpur,Self Pay
P14032,Patient 4032,Male,1963-12-14,AB+,Nashik,HDFC ERGO
P14033,Patient 4033,Male,1955-07-06,B-,Mumbai,ICICI Lombard
P14034,Patient 4034,Female,1965-08-05,O+,Nashik,Bajaj Allianz
P14035,Patient 4035,Male,1952-01-12,A+,Kolhapur,Star Health
P14036,Patient 4036,Male,1958-12-25,AB-,Nagpur,ICICI Lombard
P14037,Patient 4037,Female,1985-06-30,A+,Hyderabad,Star Health
P14038,Patient 4038,Male,1946-03-09,O+,Delhi,ICICI Lombard
P14039,Patient 4039,Female,1996-12-28,O+,Nashik,HDFC ERGO
P14040,Patient 4040,Female,1956-02-17,B-,Chennai,Star Health
P14041,Patient 4041,Male,1955-06-25,B+,Mumbai,Self Pay
P14042,Patient 4042,Male,1952-12-31,B+,Chennai,Care Health
P14043,Patient 4043,Male,1991-02-28,O+,Nashik,Care Health
P14044,Patient 4044,Female,1970-02-14,B+,Mumbai,HDFC ERGO
P14045,Patient 4045,Female,2006-01-16,AB-,Hyderabad,Bajaj Allianz
P14046,Patient 4046,Male,1967-03-31,A-,Bengaluru,HDFC ERGO
P14047,Patient 4047,Male,1945-04-25,AB+,Bengaluru,Bajaj Allianz
P14048,Patient 4048,Female,1950-08-14,B-,Kolhapur,Self Pay
P14049,Patient 4049,Female,1960-06-29,A-,Pune,Bajaj Allianz
P14050,Patient 4050,Male,1952-12-22,B+,Bengaluru,HDFC ERGO
P14051,Patient 4051,Male,1942-11-28,B-,Pune,Bajaj Allianz
P14052,Patient 4052,Male,1951-02-07,A-,Mumbai,HDFC ERGO
P14053,Patient 4053,Female,1950-09-10,A+,Bengaluru,Star Health
P14054,Patient 4054,Female,1957-02-10,B+,Nashik,Star Health
P14055,Patient 4055,Male,1995-11-23,O-,Hyderabad,Self Pay
P14056,Patient 4056,Female,1944-03-18,A-,Nashik,ICICI Lombard
P14057,Patient 4057,Male,1973-10-03,O-,Nashik,Self Pay
P14058,Patient 4058,Male,1966-10-08,AB-,Pune,ICICI Lombard
P14059,Patient 4059,Male,1970-04-27,A+,Visakhapatnam,HDFC ERGO
P14060,Patient 4060,Female,1977-01-19,B+,Visakhapatnam,Bajaj Allianz
P14061,Patient 4061,Male,1976-08-03,AB+,Delhi,Star Health
P14062,Patient 4062,Female,1972-09-07,O+,Bengaluru,Bajaj Allianz
P14063,Patient 4063,Male,1940-03-12,B+,Hyderabad,Bajaj Allianz
P14064,Patient 4064,Male,1984-03-31,O-,Hyderabad,Care Health
P14065,Patient 4065,Male,2001-12-23,AB-,Chennai,Care Health
P14066,Patient 4066,Female,1948-07-09,AB+,Nashik,Star Health
P14067,Patient 4067,Male,1954-03-09,AB+,Hyderabad,HDFC ERGO
P14068,Patient 4068,Female,2004-12-29,AB+,Mumbai,Star Health
P14069,Patient 4069,Male,1993-08-28,B-,Nagpur,ICICI Lombard
P14070,Patient 4070,Male,1989-11-26,B-,Nashik,Self Pay
P14071,Patient 4071,Male,1963-05-22,O-,Pune,Care Health
P14072,Patient 4072,Male,1984-03-04,O+,Nashik,Bajaj Allianz
P14073,Patient 4073,Male,1969-12-02,AB+,Hyderabad,Care Health
P14074,Patient 4074,Male,1948-11-08,O+,Kolhapur,ICICI Lombard
P14075,Patient 4075,Female,2006-04-15,A+,Mumbai,Care Health
P14076,Patient 4076,Female,1975-05-30,AB+,Mumbai,Bajaj Allianz
P14077,Patient 4077,Male,1978-04-25,A-,Bengaluru,Star Health
P14078,Patient 4078,Male,1982-11-26,AB+,Visakhapatnam,Self Pay
P14079,Patient 4079,Male,1973-03-08,O-,Pune,Care Health
P14080,Patient 4080,Male,1944-11-09,B-,Bengaluru,Star Health
P14081,Patient 4081,Male,1962-05-25,B-,Delhi,Care Health
P14082,Patient 4082,Female,1962-07-09,A-,Nagpur,HDFC ERGO
P14083,Patient 4083,Male,1981-05-02,A-,Chennai,ICICI Lombard
P14084,Patient 4084,Male,1992-06-07,B+,Mumbai,Bajaj Allianz
P14085,Patient 4085,Male,1971-04-28,A+,Pune,Self Pay
P14086,Patient 4086,Male,1987-01-16,A+,Visakhapatnam,Bajaj Allianz
P14087,Patient 4087,Female,1978-12-27,O-,Pune,Self Pay
P14088,Patient 4088,Male,1975-12-20,O-,Chennai,Self Pay
P14089,Patient 4089,Male,2007-12-11,O-,Chennai,Self Pay
P14090,Patient 4090,Female,1965-11-22,O-,Bengaluru,Star Health
P14091,Patient 4091,Male,1970-06-28,O-,Nashik,HDFC ERGO
P14092,Patient 4092,Female,1942-09-16,O-,Delhi,Star Health
P14093,Patient 4093,Female,1945-08-09,A+,Delhi,Care Health
P14094,Patient 4094,Male,1984-04-28,AB-,Hyderabad,Self Pay
P14095,Patient 4095,Female,1952-11-06,B-,Delhi,ICICI Lombard
P14096,Patient 4096,Male,1945-02-01,A+,Pune,Care Health
P14097,Patient 4097,Female,1971-05-20,O-,Delhi,Care Health
P14098,Patient 4098,Male,1949-03-09,B+,Visakhapatnam,Star Health
P14099,Patient 4099,Male,1988-10-30,B+,Delhi,ICICI Lombard
P14100,Patient 4100,Female,1953-08-14,A+,Mumbai,HDFC ERGO
P14101,Patient 4101,Female,1957-09-11,A-,Hyderabad,ICICI Lombard
P14102,Patient 4102,Female,1984-03-29,B+,Pune,Care Health
P14103,Patient 4103,Female,2005-01-28,O+,Chennai,HDFC ERGO
P14104,Patient 4104,Male,1944-10-16,A-,Bengaluru,Care Health
P14105,Patient 4105,Male,2007-06-04,O+,Nagpur,Star Health
P14106,Patient 4106,Male,1942-05-02,B-,Bengaluru,Care Health
P14107,Patient 4107,Male,1980-11-12,AB-,Nashik,Star Health
P14108,Patient 4108,Male,1981-03-23,B+,Nagpur,Self Pay
P14109,Patient 4109,Female,1956-01-08,A-,Visakhapatnam,HDFC ERGO
P14110,Patient 4110,Male,1940-04-17,O-,Kolhapur,Self Pay
P14111,Patient 4111,Male,1967-06-05,O+,Hyderabad,Bajaj Allianz
P14112,Patient 4112,Male,1950-01-24,A+,Chennai,Bajaj Allianz
P14113,Patient 4113,Female,1998-12-10,O+,Bengaluru,ICICI Lombard
P14114,Patient 4114,Female,1977-10-21,O+,Delhi,ICICI Lombard
P14115,Patient 4115,Female,1980-09-20,B-,Hyderabad,HDFC ERGO
P14116,Patient 4116,Male,1963-07-19,AB+,Delhi,Star Health
P14117,Patient 4117,Female,1941-11-25,AB+,Hyderabad,Self Pay
P14118,Patient 4118,Male,1991-10-02,A+,Hyderabad,HDFC ERGO
P14119,Patient 4119,Female,1967-10-11,B-,Nashik,Self Pay
P14120,Patient 4120,Male,1967-07-05,B-,Mumbai,Bajaj Allianz
P14121,Patient 4121,Male,2001-09-23,O-,Visakhapatnam,Star Health
P14122,Patient 4122,Male,1947-08-04,B-,Delhi,Bajaj Allianz
P14123,Patient 4123,Female,2003-05-15,B-,Delhi,ICICI Lombard
P14124,Patient 4124,Male,1977-05-22,AB+,Delhi,ICICI Lombard
P14125,Patient 4125,Female,1957-10-29,A-,Nashik,ICICI Lombard
P14126,Patient 4126,Male,1975-02-26,B-,Bengaluru,Self Pay
P14127,Patient 4127,Male,1968-09-21,A-,Pune,HDFC ERGO
P14128,Patient 4128,Male,1955-07-15,O+,Delhi,Bajaj Allianz
P14129,Patient 4129,Male,1998-01-13,O+,Bengaluru,ICICI Lombard
P14130,Patient 4130,Male,1948-10-21,B-,Mumbai,Care Health
P14131,Patient 4131,Male,1990-06-08,B+,Delhi,HDFC ERGO
P14132,Patient 4132,Female,1942-06-19,AB-,Visakhapatnam,ICICI Lombard
P14133,Patient 4133,Male,1975-08-09,B+,Chennai,ICICI Lombard
P14134,Patient 4134,Female,1955-11-30,O+,Kolhapur,HDFC ERGO
P14135,Patient 4135,Female,1945-02-11,AB-,Delhi,Bajaj Allianz
P14136,Patient 4136,Female,1990-08-14,B+,Pune,ICICI Lombard
P14137,Patient 4137,Male,1979-02-25,B-,Chennai,Self Pay
P14138,Patient 4138,Male,2002-09-21,A-,Visakhapatnam,Star Health
P14139,Patient 4139,Male,1976-07-25,AB-,Nashik,HDFC ERGO
P14140,Patient 4140,Female,2003-03-15,AB+,Kolhapur,Star Health
P14141,Patient 4141,Female,1994-02-02,A+,Nashik,Star Health
P14142,Patient 4142,Male,1992-07-30,AB-,Pune,Self Pay
P14143,Patient 4143,Male,2004-12-15,AB-,Kolhapur,Self Pay
P14144,Patient 4144,Female,1978-07-22,AB+,Pune,Bajaj Allianz
P14145,Patient 4145,Male,1976-01-02,B-,Nashik,Self Pay
P14146,Patient 4146,Female,2006-08-31,B+,Visakhapatnam,Self Pay
P14147,Patient 4147,Female,1983-11-21,B+,Kolhapur,Care Health
P14148,Patient 4148,Female,1941-07-23,O+,Nagpur,Self Pay
P14149,Patient 4149,Male,1990-04-15,A-,Bengaluru,HDFC ERGO
P14150,Patient 4150,Male,1968-08-17,B-,Visakhapatnam,Care Health
P14151,Patient 4151,Female,1981-05-08,AB+,Kolhapur,Bajaj Allianz
P14152,Patient 4152,Female,1949-07-31,B-,Pune,Star Health
P14153,Patient 4153,Male,1969-09-27,B-,Pune,Self Pay
P14154,Patient 4154,Male,1975-10-30,B+,Mumbai,Star Health
P14155,Patient 4155,Female,1981-03-10,AB+,Visakhapatnam,Self Pay
P14156,Patient 4156,Female,1968-01-08,O-,Pune,ICICI Lombard
P14157,Patient 4157,Female,1972-10-13,A+,Hyderabad,ICICI Lombard
P14158,Patient 4158,Female,1955-08-24,AB-,Bengaluru,Star Health
P14159,Patient 4159,Male,1986-06-23,B+,Nashik,Self Pay
P14160,Patient 4160,Male,1965-09-18,AB+,Chennai,Star Health
P14161,Patient 4161,Female,1978-10-04,A-,Mumbai,Care Health
P14162,Patient 4162,Female,1943-07-21,AB-,Pune,Care Health
P14163,Patient 4163,Male,1993-02-01,AB-,Hyderabad,ICICI Lombard
P14164,Patient 4164,Male,1948-10-04,O-,Mumbai,Self Pay
P14165,Patient 4165,Female,1984-08-10,O-,Hyderabad,Star Health
P14166,Patient 4166,Male,1988-05-03,B+,Mumbai,Care Health
P14167,Patient 4167,Male,1991-04-22,O+,Pune,HDFC ERGO
P14168,Patient 4168,Male,2006-04-26,A-,Hyderabad,ICICI Lombard
P14169,Patient 4169,Female,2005-08-06,B+,Kolhapur,Star Health
P14170,Patient 4170,Female,1998-01-15,B-,Visakhapatnam,Bajaj Allianz
P14171,Patient 4171,Male,2004-06-18,O+,Chennai,Self Pay
P14172,Patient 4172,Female,1969-05-07,AB+,Nashik,Star Health
P14173,Patient 4173,Female,2000-02-01,O-,Chennai,ICICI Lombard
P14174,Patient 4174,Female,1945-02-07,A-,Nashik,Self Pay
P14175,Patient 4175,Female,1960-08-11,AB-,Nagpur,Star Health
P14176,Patient 4176,Male,1993-04-27,B+,Bengaluru,Care Health
P14177,Patient 4177,Male,1984-02-29,O-,Nagpur,Care Health
P14178,Patient 4178,Male,1954-05-12,AB-,Delhi,ICICI Lombard
P14179,Patient 4179,Male,1956-07-23,A-,Pune,Bajaj Allianz
P14180,Patient 4180,Male,1985-07-25,O-,Kolhapur,Self Pay
P14181,Patient 4181,Female,1978-09-02,O-,Visakhapatnam,HDFC ERGO
P14182,Patient 4182,Female,1998-08-22,AB-,Kolhapur,Bajaj Allianz
P14183,Patient 4183,Female,1980-01-21,B+,Chennai,Care Health
P14184,Patient 4184,Male,1973-01-06,O+,Nashik,HDFC ERGO
P14185,Patient 4185,Male,1944-01-21,B+,Nagpur,Star Health
P14186,Patient 4186,Male,1942-05-13,A+,Kolhapur,Bajaj Allianz
P14187,Patient 4187,Male,1949-01-12,O-,Nagpur,HDFC ERGO
P14188,Patient 4188,Male,1973-11-10,AB-,Bengaluru,ICICI Lombard
P14189,Patient 4189,Female,1997-12-21,A+,Bengaluru,Self Pay
P14190,Patient 4190,Female,1946-10-20,O+,Nashik,Bajaj Allianz
P14191,Patient 4191,Male,1946-01-30,A+,Delhi,Self Pay
P14192,Patient 4192,Male,1985-05-08,AB-,Kolhapur,ICICI Lombard
P14193,Patient 4193,Female,1973-12-30,A-,Visakhapatnam,Self Pay
P14194,Patient 4194,Male,1956-05-25,B-,Nagpur,Care Health
P14195,Patient 4195,Female,1946-02-18,O+,Nagpur,Self Pay
P14196,Patient 4196,Female,1953-03-31,B+,Bengaluru,Self Pay
P14197,Patient 4197,Female,1958-09-04,AB+,Pune,Self Pay
P14198,Patient 4198,Male,1985-09-07,O+,Nashik,Self Pay
P14199,Patient 4199,Female,1998-03-15,A+,Nagpur,Star Health
P14200,Patient 4200,Male,1965-07-14,A-,Bengaluru,Bajaj Allianz
P14201,Patient 4201,Female,1997-01-13,AB-,Bengaluru,ICICI Lombard
P14202,Patient 4202,Male,1954-01-18,A-,Hyderabad,Bajaj Allianz
P14203,Patient 4203,Male,1979-07-06,A-,Nagpur,Self Pay
P14204,Patient 4204,Male,1940-11-05,AB-,Hyderabad,Star Health
P14205,Patient 4205,Female,1957-01-31,AB+,Visakhapatnam,Care Health
P14206,Patient 4206,Female,1994-05-31,AB-,Visakhapatnam,Bajaj Allianz
P14207,Patient 4207,Female,1956-09-01,AB+,Bengaluru,ICICI Lombard
P14208,Patient 4208,Female,1953-03-12,AB-,Pune,ICICI Lombard
P14209,Patient 4209,Male,1978-09-24,A+,Pune,Star Health
P14210,Patient 4210,Female,1983-01-01,AB+,Hyderabad,Star Health
P14211,Patient 4211,Male,1992-05-06,A+,Bengaluru,Bajaj Allianz
P14212,Patient 4212,Female,1965-07-15,O+,Hyderabad,Care Health
P14213,Patient 4213,Female,1977-07-18,AB+,Nashik,Star Health
P14214,Patient 4214,Male,1995-11-05,AB+,Hyderabad,Self Pay
P14215,Patient 4215,Female,1987-02-26,AB-,Delhi,Bajaj Allianz
P14216,Patient 4216,Male,1952-05-07,AB+,Nagpur,Care Health
P14217,Patient 4217,Male,1958-07-26,A+,Visakhapatnam,ICICI Lombard
P14218,Patient 4218,Female,2004-09-26,O-,Mumbai,Bajaj Allianz
P14219,Patient 4219,Male,1974-05-06,O+,Bengaluru,HDFC ERGO
P14220,Patient 4220,Female,2000-05-19,O-,Pune,Bajaj Allianz
P14221,Patient 4221,Male,1942-10-22,AB-,Kolhapur,Bajaj Allianz
P14222,Patient 4222,Male,1986-04-23,B+,Nagpur,Star Health
P14223,Patient 4223,Female,1954-01-26,O+,Mumbai,Self Pay
P14224,Patient 4224,Female,1944-11-03,O-,Delhi,HDFC ERGO
P14225,Patient 4225,Female,2002-01-20,O+,Kolhapur,HDFC ERGO
P14226,Patient 4226,Female,1952-11-27,O-,Pune,Self Pay
P14227,Patient 4227,Female,1983-12-10,A+,Delhi,HDFC ERGO
P14228,Patient 4228,Male,1951-01-18,O-,Pune,Bajaj Allianz
P14229,Patient 4229,Male,1952-09-07,O+,Pune,Bajaj Allianz
P14230,Patient 4230,Male,1982-11-26,B+,Bengaluru,Star Health
P14231,Patient 4231,Female,2001-04-20,A-,Kolhapur,Self Pay
P14232,Patient 4232,Female,2006-04-17,AB-,Nashik,HDFC ERGO
P14233,Patient 4233,Male,1981-02-14,A-,Hyderabad,HDFC ERGO
P14234,Patient 4234,Female,1986-09-19,AB-,Hyderabad,Self Pay
P14235,Patient 4235,Female,1997-11-22,O+,Nagpur,Care Health
P14236,Patient 4236,Male,1953-02-04,AB-,Pune,Bajaj Allianz
P14237,Patient 4237,Male,1952-05-25,O-,Nagpur,Self Pay
P14238,Patient 4238,Female,1955-08-02,A+,Kolhapur,ICICI Lombard
P14239,Patient 4239,Female,1951-03-12,B+,Pune,Star Health
P14240,Patient 4240,Female,1972-06-30,AB-,Pune,Star Health
P14241,Patient 4241,Male,1985-04-08,B+,Mumbai,Self Pay
P14242,Patient 4242,Female,1994-06-11,AB-,Visakhapatnam,ICICI Lombard
P14243,Patient 4243,Male,1980-02-06,B+,Hyderabad,ICICI Lombard
P14244,Patient 4244,Male,1961-04-05,A-,Kolhapur,ICICI Lombard
P14245,Patient 4245,Female,1954-07-01,A+,Delhi,ICICI Lombard
P14246,Patient 4246,Male,2004-12-26,AB-,Delhi,Bajaj Allianz
P14247,Patient 4247,Female,1954-12-02,B-,Nashik,Self Pay
P14248,Patient 4248,Male,1957-03-28,B+,Chennai,ICICI Lombard
P14249,Patient 4249,Female,1965-10-20,B+,Kolhapur,HDFC ERGO
P14250,Patient 4250,Female,1940-04-22,O-,Chennai,Bajaj Allianz
P14251,Patient 4251,Male,1969-03-02,B-,Mumbai,HDFC ERGO
P14252,Patient 4252,Female,1953-01-10,A+,Delhi,Self Pay
P14253,Patient 4253,Male,1973-07-05,B+,Kolhapur,Care Health
P14254,Patient 4254,Female,1952-10-15,A+,Pune,HDFC ERGO
P14255,Patient 4255,Male,1982-09-02,B+,Visakhapatnam,Self Pay
P14256,Patient 4256,Male,1951-08-28,O+,Bengaluru,HDFC ERGO
P14257,Patient 4257,Male,1969-02-06,AB+,Visakhapatnam,ICICI Lombard
P14258,Patient 4258,Male,2002-10-10,O+,Nashik,Star Health
P14259,Patient 4259,Female,1948-01-16,B+,Delhi,Self Pay
P14260,Patient 4260,Male,1979-01-04,AB+,Nagpur,Bajaj Allianz
P14261,Patient 4261,Male,2003-02-28,AB-,Nagpur,HDFC ERGO
P14262,Patient 4262,Male,1955-07-18,A+,Bengaluru,Self Pay
P14263,Patient 4263,Male,1972-06-06,B+,Delhi,Care Health
P14264,Patient 4264,Female,1942-10-31,O-,Kolhapur,ICICI Lombard
P14265,Patient 4265,Female,2000-02-25,A-,Pune,Bajaj Allianz
P14266,Patient 4266,Male,1971-10-12,O-,Nashik,Bajaj Allianz
P14267,Patient 4267,Female,1961-05-07,A-,Nagpur,Care Health
P14268,Patient 4268,Female,1946-01-24,B-,Bengaluru,Star Health
P14269,Patient 4269,Male,1979-03-17,A-,Visakhapatnam,Star Health
P14270,Patient 4270,Female,1978-11-16,AB+,Pune,Bajaj Allianz
P14271,Patient 4271,Male,2004-11-29,A-,Nagpur,Self Pay
P14272,Patient 4272,Female,2006-02-05,A-,Visakhapatnam,Bajaj Allianz
P14273,Patient 4273,Female,1968-03-21,A-,Kolhapur,Self Pay
P14274,Patient 4274,Male,1942-09-14,B+,Visakhapatnam,Bajaj Allianz
P14275,Patient 4275,Female,1980-01-02,B-,Pune,Self Pay
P14276,Patient 4276,Female,1990-10-09,A+,Visakhapatnam,Star Health
P14277,Patient 4277,Male,1972-11-10,B-,Kolhapur,HDFC ERGO
P14278,Patient 4278,Female,1986-08-16,O-,Nashik,HDFC ERGO
P14279,Patient 4279,Male,1995-07-15,AB+,Pune,ICICI Lombard
P14280,Patient 4280,Female,2002-01-17,B+,Nashik,Bajaj Allianz
P14281,Patient 4281,Female,1977-10-24,AB-,Bengaluru,Self Pay
P14282,Patient 4282,Male,1983-03-12,B+,Delhi,HDFC ERGO
P14283,Patient 4283,Male,1985-05-10,O+,Visakhapatnam,Self Pay
P14284,Patient 4284,Female,1959-04-06,A-,Mumbai,Care Health
P14285,Patient 4285,Male,1966-09-13,O-,Nashik,Care Health
P14286,Patient 4286,Male,1999-04-22,A-,Kolhapur,Care Health
P14287,Patient 4287,Male,1951-05-04,AB+,Nagpur,ICICI Lombard
P14288,Patient 4288,Male,1989-09-05,AB-,Nashik,HDFC ERGO
P14289,Patient 4289,Male,1981-10-10,O-,Nagpur,Care Health
P14290,Patient 4290,Male,1961-06-22,O+,Visakhapatnam,Self Pay
P14291,Patient 4291,Male,1970-01-15,B+,Bengaluru,Care Health
P14292,Patient 4292,Female,1975-10-28,AB-,Hyderabad,ICICI Lombard
P14293,Patient 4293,Male,1950-08-23,A+,Pune,Star Health
P14294,Patient 4294,Male,1962-06-01,B-,Nagpur,Self Pay
P14295,Patient 4295,Male,1974-06-14,B+,Nagpur,HDFC ERGO
P14296,Patient 4296,Female,2001-04-03,AB-,Pune,Self Pay
P14297,Patient 4297,Male,1969-02-10,A+,Hyderabad,Care Health
P14298,Patient 4298,Male,1966-10-30,A+,Visakhapatnam,Care Health
P14299,Patient 4299,Male,1965-03-12,O+,Kolhapur,Bajaj Allianz
P14300,Patient 4300,Female,1976-05-26,O+,Delhi,ICICI Lombard
P14301,Patient 4301,Female,1974-04-06,B-,Nagpur,Bajaj Allianz
P14302,Patient 4302,Female,1968-12-10,A+,Hyderabad,Care Health
P14303,Patient 4303,Female,1965-07-06,O-,Hyderabad,Bajaj Allianz
P14304,Patient 4304,Female,1968-11-10,AB+,Bengaluru,Self Pay
P14305,Patient 4305,Male,1953-04-12,A+,Nagpur,ICICI Lombard
P14306,Patient 4306,Female,1978-07-06,AB-,Nashik,Care Health
P14307,Patient 4307,Male,1974-06-07,O+,Visakhapatnam,Star Health
P14308,Patient 4308,Female,1954-09-26,AB+,Kolhapur,Star Health
P14309,Patient 4309,Female,1962-05-13,O-,Hyderabad,Bajaj Allianz
P14310,Patient 4310,Male,1940-12-03,O+,Bengaluru,Star Health
P14311,Patient 4311,Male,1989-11-26,O-,Bengaluru,Care Health
P14312,Patient 4312,Male,1999-02-09,O+,Pune,ICICI Lombard
P14313,Patient 4313,Female,1987-09-17,O+,Nagpur,ICICI Lombard
P14314,Patient 4314,Female,1944-08-13,A+,Hyderabad,Star Health
P14315,Patient 4315,Female,1962-05-24,A-,Kolhapur,ICICI Lombard
P14316,Patient 4316,Male,1977-07-30,A+,Nashik,Self Pay
P14317,Patient 4317,Female,1961-07-26,O+,Mumbai,Care Health
P14318,Patient 4318,Female,1994-06-09,AB+,Mumbai,Self Pay
P14319,Patient 4319,Female,1996-04-21,A+,Nashik,Star Health
P14320,Patient 4320,Female,1941-04-05,O+,Hyderabad,Self Pay
P14321,Patient 4321,Male,1994-12-08,O+,Nagpur,Bajaj Allianz
P14322,Patient 4322,Female,1960-11-24,A+,Kolhapur,ICICI Lombard
P14323,Patient 4323,Female,1997-07-09,A+,Pune,Bajaj Allianz
P14324,Patient 4324,Female,1967-03-20,AB+,Nagpur,Bajaj Allianz
P14325,Patient 4325,Male,1993-02-07,O-,Delhi,HDFC ERGO
P14326,Patient 4326,Male,2004-03-26,A+,Nagpur,Bajaj Allianz
P14327,Patient 4327,Female,1981-01-01,B-,Nagpur,HDFC ERGO
P14328,Patient 4328,Female,1945-04-07,AB-,Visakhapatnam,ICICI Lombard
P14329,Patient 4329,Female,1969-11-19,B-,Hyderabad,HDFC ERGO
P14330,Patient 4330,Male,1954-07-07,AB+,Pune,Self Pay
P14331,Patient 4331,Male,1976-04-22,A-,Visakhapatnam,HDFC ERGO
P14332,Patient 4332,Female,1951-05-13,B-,Hyderabad,HDFC ERGO
P14333,Patient 4333,Female,1992-08-02,O-,Chennai,Care Health
P14334,Patient 4334,Male,1992-02-08,O+,Pune,Bajaj Allianz
P14335,Patient 4335,Male,1946-11-28,AB-,Hyderabad,Bajaj Allianz
P14336,Patient 4336,Female,1980-02-22,B+,Mumbai,Star Health
P14337,Patient 4337,Male,1974-06-21,AB-,Visakhapatnam,Bajaj Allianz
P14338,Patient 4338,Female,1972-01-23,B-,Chennai,HDFC ERGO
P14339,Patient 4339,Male,1954-08-23,B+,Pune,Care Health
P14340,Patient 4340,Female,1951-12-24,AB+,Delhi,Care Health
P14341,Patient 4341,Female,1973-03-22,O-,Kolhapur,Bajaj Allianz
P14342,Patient 4342,Female,1954-04-14,AB-,Delhi,Self Pay
P14343,Patient 4343,Male,1946-08-26,A-,Mumbai,Care Health
P14344,Patient 4344,Female,1958-02-03,B+,Mumbai,Care Health
P14345,Patient 4345,Male,2000-06-26,B+,Nashik,HDFC ERGO
P14346,Patient 4346,Male,1971-12-29,AB-,Nashik,Star Health
P14347,Patient 4347,Female,1944-11-12,B-,Delhi,Self Pay
P14348,Patient 4348,Female,1962-08-05,B+,Visakhapatnam,HDFC ERGO
P14349,Patient 4349,Female,1943-01-10,AB+,Nagpur,Care Health
P14350,Patient 4350,Male,1950-08-02,AB-,Hyderabad,Bajaj Allianz
P14351,Patient 4351,Male,1998-07-26,AB+,Kolhapur,Star Health
P14352,Patient 4352,Male,1988-04-05,AB-,Chennai,Self Pay
P14353,Patient 4353,Female,1952-09-20,AB+,Kolhapur,Self Pay
P14354,Patient 4354,Female,1975-09-01,B-,Mumbai,Bajaj Allianz
P14355,Patient 4355,Female,1993-12-08,AB-,Nashik,Star Health
P14356,Patient 4356,Female,2000-08-06,O-,Nagpur,Care Health
P14357,Patient 4357,Male,1957-09-14,O+,Bengaluru,Star Health
P14358,Patient 4358,Male,1966-09-14,A-,Pune,Care Health
P14359,Patient 4359,Male,1975-08-12,B-,Bengaluru,Bajaj Allianz
P14360,Patient 4360,Male,1974-05-25,AB+,Bengaluru,Star Health
P14361,Patient 4361,Male,1980-08-05,O-,Visakhapatnam,Bajaj Allianz
P14362,Patient 4362,Female,1999-01-19,AB-,Visakhapatnam,HDFC ERGO
P14363,Patient 4363,Male,1968-09-04,B-,Nashik,Self Pay
P14364,Patient 4364,Female,1995-08-03,AB+,Bengaluru,Care Health
P14365,Patient 4365,Male,1973-09-04,A+,Chennai,ICICI Lombard
P14366,Patient 4366,Female,1984-02-28,A+,Mumbai,ICICI Lombard
P14367,Patient 4367,Female,1982-11-29,B+,Bengaluru,Self Pay
P14368,Patient 4368,Female,1952-12-18,A-,Nagpur,HDFC ERGO
P14369,Patient 4369,Male,1998-04-16,A+,Pune,HDFC ERGO
P14370,Patient 4370,Female,1974-05-06,O+,Hyderabad,Star Health
P14371,Patient 4371,Female,1977-12-28,AB+,Nashik,HDFC ERGO
P14372,Patient 4372,Male,2000-04-04,B-,Nashik,Self Pay
P14373,Patient 4373,Male,1947-08-10,AB-,Delhi,Bajaj Allianz
P14374,Patient 4374,Male,1945-02-21,B-,Nagpur,ICICI Lombard
P14375,Patient 4375,Female,1971-04-07,B+,Visakhapatnam,HDFC ERGO
P14376,Patient 4376,Female,2007-08-06,O-,Mumbai,ICICI Lombard
P14377,Patient 4377,Female,1947-05-27,B-,Chennai,Self Pay
P14378,Patient 4378,Male,1977-06-20,A+,Nagpur,Care Health
P14379,Patient 4379,Male,1977-08-07,B-,Kolhapur,Bajaj Allianz
P14380,Patient 4380,Female,2000-05-06,A+,Hyderabad,Bajaj Allianz
P14381,Patient 4381,Male,1993-06-22,A+,Pune,Self Pay
P14382,Patient 4382,Female,1980-10-14,A-,Delhi,Self Pay
P14383,Patient 4383,Female,2000-11-12,B+,Nagpur,Star Health
P14384,Patient 4384,Male,1974-12-22,O+,Delhi,Self Pay
P14385,Patient 4385,Female,2004-12-27,O+,Hyderabad,Self Pay
P14386,Patient 4386,Male,1978-08-22,AB+,Bengaluru,HDFC ERGO
P14387,Patient 4387,Female,1943-01-01,O+,Delhi,Self Pay
P14388,Patient 4388,Male,1951-08-29,A+,Nashik,Bajaj Allianz
P14389,Patient 4389,Female,1952-08-08,AB-,Visakhapatnam,Self Pay
P14390,Patient 4390,Male,1988-02-16,B+,Bengaluru,ICICI Lombard
P14391,Patient 4391,Male,2002-10-09,AB+,Nagpur,Care Health
P14392,Patient 4392,Female,1942-12-28,O+,Pune,Star Health
P14393,Patient 4393,Male,1954-09-29,O+,Nashik,Self Pay
P14394,Patient 4394,Female,2006-11-25,AB-,Hyderabad,Self Pay
P14395,Patient 4395,Male,1970-07-14,B-,Bengaluru,Bajaj Allianz
P14396,Patient 4396,Female,2007-07-23,B+,Nashik,Care Health
P14397,Patient 4397,Male,2006-08-15,AB-,Visakhapatnam,Bajaj Allianz
P14398,Patient 4398,Female,1958-08-10,O+,Bengaluru,ICICI Lombard
P14399,Patient 4399,Male,1997-12-24,B+,Mumbai,Care Health
P14400,Patient 4400,Male,1953-08-08,B+,Mumbai,Bajaj Allianz
P14401,Patient 4401,Male,1972-04-13,O+,Bengaluru,Star Health
P14402,Patient 4402,Female,2006-02-24,B-,Bengaluru,Star Health
P14403,Patient 4403,Male,1956-03-30,B-,Mumbai,Bajaj Allianz
P14404,Patient 4404,Female,1957-05-08,O+,Nagpur,HDFC ERGO
P14405,Patient 4405,Female,1948-10-02,B+,Delhi,Self Pay
P14406,Patient 4406,Male,1996-01-31,AB-,Pune,ICICI Lombard
P14407,Patient 4407,Female,2004-04-12,A-,Nashik,Star Health
P14408,Patient 4408,Male,1981-12-09,A+,Nashik,Care Health
P14409,Patient 4409,Male,2001-09-26,B-,Hyderabad,Bajaj Allianz
P14410,Patient 4410,Female,2003-10-20,O+,Pune,Care Health
P14411,Patient 4411,Female,1998-09-06,O-,Chennai,Bajaj Allianz
P14412,Patient 4412,Female,1941-12-16,A-,Mumbai,Care Health
P14413,Patient 4413,Male,1984-01-19,B-,Chennai,Bajaj Allianz
P14414,Patient 4414,Male,1957-12-11,O-,Visakhapatnam,Star Health
P14415,Patient 4415,Male,2007-07-15,B+,Pune,HDFC ERGO
P14416,Patient 4416,Female,2001-11-27,O+,Kolhapur,ICICI Lombard
P14417,Patient 4417,Male,1996-04-10,A-,Hyderabad,Star Health
P14418,Patient 4418,Female,1951-10-07,O+,Bengaluru,ICICI Lombard
P14419,Patient 4419,Male,1974-11-07,AB-,Visakhapatnam,ICICI Lombard
P14420,Patient 4420,Male,1988-07-22,AB-,Delhi,Self Pay
P14421,Patient 4421,Male,1981-06-26,AB+,Kolhapur,ICICI Lombard
P14422,Patient 4422,Male,1975-01-12,A+,Pune,ICICI Lombard
P14423,Patient 4423,Male,1954-06-22,A+,Pune,Self Pay
P14424,Patient 4424,Female,1958-11-12,B-,Chennai,HDFC ERGO
P14425,Patient 4425,Female,2004-11-10,A+,Nagpur,HDFC ERGO
P14426,Patient 4426,Male,1987-02-25,O+,Chennai,HDFC ERGO
P14427,Patient 4427,Male,1991-06-30,O+,Nashik,HDFC ERGO
P14428,Patient 4428,Male,1984-07-29,AB+,Chennai,ICICI Lombard
P14429,Patient 4429,Female,1994-06-21,O-,Nagpur,ICICI Lombard
P14430,Patient 4430,Male,1940-08-11,AB-,Delhi,Self Pay
P14431,Patient 4431,Female,2002-10-16,O-,Visakhapatnam,Star Health
P14432,Patient 4432,Male,1998-06-16,O-,Mumbai,ICICI Lombard
P14433,Patient 4433,Male,1956-03-19,A-,Pune,Care Health
P14434,Patient 4434,Female,1996-08-02,A-,Bengaluru,HDFC ERGO
P14435,Patient 4435,Male,1977-09-19,AB-,Chennai,HDFC ERGO
P14436,Patient 4436,Female,1959-08-13,B+,Kolhapur,Self Pay
P14437,Patient 4437,Female,1994-12-15,AB-,Delhi,Self Pay
P14438,Patient 4438,Male,1994-11-18,A-,Hyderabad,Self Pay
P14439,Patient 4439,Male,1972-04-17,O-,Pune,ICICI Lombard
P14440,Patient 4440,Female,1969-02-07,B-,Nagpur,Self Pay
P14441,Patient 4441,Female,1944-05-05,AB+,Nashik,HDFC ERGO
P14442,Patient 4442,Male,1955-01-07,O-,Nagpur,Star Health
P14443,Patient 4443,Female,1952-06-01,AB-,Chennai,HDFC ERGO
P14444,Patient 4444,Male,1994-05-01,B+,Visakhapatnam,Bajaj Allianz
P14445,Patient 4445,Male,1943-11-26,O-,Nashik,Star Health
P14446,Patient 4446,Male,1960-06-09,B-,Kolhapur,Care Health
P14447,Patient 4447,Male,1985-10-20,AB-,Nagpur,Self Pay
P14448,Patient 4448,Male,1993-07-15,B-,Kolhapur,ICICI Lombard
P14449,Patient 4449,Female,1979-01-19,O-,Hyderabad,Bajaj Allianz
P14450,Patient 4450,Male,1957-01-08,AB-,Kolhapur,HDFC ERGO
P14451,Patient 4451,Male,1959-02-11,B-,Pune,HDFC ERGO
P14452,Patient 4452,Male,1990-06-02,O+,Delhi,ICICI Lombard
P14453,Patient 4453,Female,1976-04-03,A+,Nashik,Care Health
P14454,Patient 4454,Female,2006-12-12,B-,Pune,HDFC ERGO
P14455,Patient 4455,Male,2005-04-11,O+,Bengaluru,Self Pay
P14456,Patient 4456,Male,1972-12-07,O-,Nagpur,Self Pay
P14457,Patient 4457,Male,1965-04-21,A+,Nagpur,Self Pay
P14458,Patient 4458,Male,2002-12-07,A-,Bengaluru,Star Health
P14459,Patient 4459,Male,1985-10-07,A+,Kolhapur,Star Health
P14460,Patient 4460,Male,1970-03-31,B-,Pune,HDFC ERGO
P14461,Patient 4461,Male,2000-06-12,AB+,Nashik,Bajaj Allianz
P14462,Patient 4462,Male,1953-02-15,AB+,Nashik,Self Pay
P14463,Patient 4463,Male,1994-05-12,A-,Bengaluru,Bajaj Allianz
P14464,Patient 4464,Female,2003-12-16,B-,Nagpur,Care Health
P14465,Patient 4465,Female,1943-04-16,A+,Bengaluru,Star Health
P14466,Patient 4466,Female,1997-10-18,AB+,Hyderabad,Self Pay
P14467,Patient 4467,Male,1943-04-10,AB-,Hyderabad,Star Health
P14468,Patient 4468,Male,1961-12-02,B+,Hyderabad,Star Health
P14469,Patient 4469,Male,1954-09-08,B-,Mumbai,Self Pay
P14470,Patient 4470,Female,1960-09-27,O+,Delhi,Care Health
P14471,Patient 4471,Male,1951-02-01,O+,Visakhapatnam,Star Health
P14472,Patient 4472,Female,1952-01-07,AB-,Chennai,HDFC ERGO
P14473,Patient 4473,Female,1978-07-23,AB-,Mumbai,Star Health
P14474,Patient 4474,Male,1954-03-08,B-,Nashik,Care Health
P14475,Patient 4475,Female,1963-05-10,B+,Kolhapur,ICICI Lombard
P14476,Patient 4476,Male,1984-07-23,AB+,Nagpur,Self Pay
P14477,Patient 4477,Male,1975-06-18,B+,Kolhapur,HDFC ERGO
P14478,Patient 4478,Male,1941-05-21,A-,Bengaluru,HDFC ERGO
P14479,Patient 4479,Male,1977-03-14,A+,Nagpur,Star Health
P14480,Patient 4480,Female,1950-04-25,A+,Chennai,ICICI Lombard
P14481,Patient 4481,Male,1976-09-07,AB-,Chennai,Bajaj Allianz
P14482,Patient 4482,Male,1970-12-29,AB+,Pune,Bajaj Allianz
P14483,Patient 4483,Female,1950-07-29,B+,Kolhapur,ICICI Lombard
P14484,Patient 4484,Female,1995-07-13,AB-,Visakhapatnam,Care Health
P14485,Patient 4485,Male,1963-08-30,B-,Chennai,Self Pay
P14486,Patient 4486,Female,1988-01-19,AB-,Delhi,HDFC ERGO
P14487,Patient 4487,Female,1985-09-02,B-,Pune,Star Health
P14488,Patient 4488,Male,2007-09-15,B-,Visakhapatnam,HDFC ERGO
P14489,Patient 4489,Male,1949-02-08,A-,Nagpur,Care Health
P14490,Patient 4490,Male,1954-05-27,A-,Kolhapur,Star Health
P14491,Patient 4491,Female,1964-05-31,B-,Kolhapur,HDFC ERGO
P14492,Patient 4492,Female,1962-10-10,O-,Visakhapatnam,Care Health
P14493,Patient 4493,Female,2004-02-11,AB+,Visakhapatnam,Self Pay
P14494,Patient 4494,Male,1955-01-30,A-,Chennai,HDFC ERGO
P14495,Patient 4495,Male,1954-06-25,A-,Nagpur,Star Health
P14496,Patient 4496,Male,1978-06-03,A+,Pune,Care Health
P14497,Patient 4497,Male,1991-06-20,AB-,Delhi,ICICI Lombard
P14498,Patient 4498,Female,1988-11-16,A+,Nashik,ICICI Lombard
P14499,Patient 4499,Female,1943-05-06,AB+,Nashik,Care Health
P14500,Patient 4500,Male,1990-11-14,A-,Mumbai,Self Pay
P14501,Patient 4501,Male,2005-08-01,O+,Delhi,Self Pay
P14502,Patient 4502,Male,1954-08-28,O-,Nagpur,ICICI Lombard
P14503,Patient 4503,Male,1963-01-08,A-,Nagpur,Bajaj Allianz
P14504,Patient 4504,Male,1952-05-03,B+,Pune,ICICI Lombard
P14505,Patient 4505,Male,1953-05-29,AB+,Kolhapur,ICICI Lombard
P14506,Patient 4506,Male,1963-02-08,O+,Mumbai,Self Pay
P14507,Patient 4507,Male,1949-12-15,AB-,Pune,Self Pay
P14508,Patient 4508,Male,1945-10-18,AB-,Mumbai,Star Health
P14509,Patient 4509,Male,1941-02-03,O+,Kolhapur,Star Health
P14510,Patient 4510,Female,1974-06-19,AB-,Bengaluru,ICICI Lombard
P14511,Patient 4511,Male,1956-01-08,O-,Mumbai,Care Health
P14512,Patient 4512,Female,1986-07-13,O+,Pune,Self Pay
P14513,Patient 4513,Male,1990-05-27,AB+,Bengaluru,Star Health
P14514,Patient 4514,Male,1971-03-08,O+,Visakhapatnam,HDFC ERGO
P14515,Patient 4515,Male,1971-05-04,O+,Delhi,ICICI Lombard
P14516,Patient 4516,Male,1997-09-14,B+,Chennai,Star Health
P14517,Patient 4517,Female,1956-06-24,B+,Pune,Bajaj Allianz
P14518,Patient 4518,Male,1964-05-05,A+,Visakhapatnam,Self Pay
P14519,Patient 4519,Female,1973-10-13,AB+,Nashik,ICICI Lombard
P14520,Patient 4520,Female,1981-05-05,AB+,Nashik,Star Health
P14521,Patient 4521,Female,1945-09-30,B+,Nagpur,Star Health
P14522,Patient 4522,Female,1940-05-18,B-,Pune,HDFC ERGO
P14523,Patient 4523,Female,1991-09-30,B-,Hyderabad,ICICI Lombard
P14524,Patient 4524,Male,1942-03-24,A+,Chennai,Care Health
P14525,Patient 4525,Female,1994-09-20,O-,Hyderabad,HDFC ERGO
P14526,Patient 4526,Male,1945-03-25,B-,Delhi,ICICI Lombard
P14527,Patient 4527,Male,1943-06-15,B-,Nagpur,Bajaj Allianz
P14528,Patient 4528,Male,1946-12-21,B-,Chennai,Star Health
P14529,Patient 4529,Female,1945-05-30,O-,Bengaluru,Self Pay
P14530,Patient 4530,Female,1966-06-28,A-,Mumbai,Care Health
P14531,Patient 4531,Male,1955-08-06,A+,Chennai,Self Pay
P14532,Patient 4532,Female,1950-12-15,B+,Kolhapur,Star Health
P14533,Patient 4533,Male,1945-09-27,B-,Bengaluru,Bajaj Allianz
P14534,Patient 4534,Male,1947-07-27,AB-,Mumbai,Star Health
P14535,Patient 4535,Male,1992-03-01,O+,Delhi,Self Pay
P14536,Patient 4536,Male,2007-06-18,A-,Nashik,Bajaj Allianz
P14537,Patient 4537,Male,1946-04-16,O-,Mumbai,ICICI Lombard
P14538,Patient 4538,Male,1979-02-05,O-,Kolhapur,ICICI Lombard
P14539,Patient 4539,Female,1961-09-27,O-,Nagpur,Self Pay
P14540,Patient 4540,Male,1986-10-30,B-,Mumbai,Self Pay
P14541,Patient 4541,Male,2002-07-27,O+,Chennai,Self Pay
P14542,Patient 4542,Female,1965-09-26,O+,Chennai,Self Pay
P14543,Patient 4543,Female,1975-11-17,A-,Nagpur,Self Pay
P14544,Patient 4544,Male,1968-12-24,A+,Chennai,Care Health
P14545,Patient 4545,Male,1952-09-29,O-,Delhi,Star Health
P14546,Patient 4546,Female,1947-04-03,AB-,Kolhapur,Star Health
P14547,Patient 4547,Female,1988-05-27,AB-,Pune,Care Health
P14548,Patient 4548,Male,1972-03-29,AB-,Pune,HDFC ERGO
P14549,Patient 4549,Male,1946-01-25,O-,Nashik,Care Health
P14550,Patient 4550,Female,1969-05-15,B-,Visakhapatnam,ICICI Lombard
P14551,Patient 4551,Male,1985-01-06,A-,Delhi,Care Health
P14552,Patient 4552,Female,1992-08-03,O-,Visakhapatnam,ICICI Lombard
P14553,Patient 4553,Male,1992-04-03,AB-,Pune,HDFC ERGO
P14554,Patient 4554,Female,1978-05-17,O+,Mumbai,HDFC ERGO
P14555,Patient 4555,Male,1945-11-18,O-,Mumbai,Star Health
P14556,Patient 4556,Male,1996-09-27,O+,Mumbai,Self Pay
P14557,Patient 4557,Female,1940-04-22,AB+,Chennai,Care Health
P14558,Patient 4558,Male,2003-11-09,O-,Chennai,Self Pay
P14559,Patient 4559,Female,1946-04-13,AB+,Hyderabad,ICICI Lombard
P14560,Patient 4560,Male,1963-04-05,A-,Mumbai,Star Health
P14561,Patient 4561,Male,2000-11-22,O-,Mumbai,Star Health
P14562,Patient 4562,Male,1971-10-09,B-,Bengaluru,Star Health
P14563,Patient 4563,Female,1957-02-22,B-,Nagpur,Star Health
P14564,Patient 4564,Male,1998-04-13,A+,Pune,Star Health
P14565,Patient 4565,Male,1963-09-05,A+,Chennai,Self Pay
P14566,Patient 4566,Male,1955-05-10,AB-,Kolhapur,Self Pay
P14567,Patient 4567,Female,1966-04-02,B+,Chennai,Self Pay
P14568,Patient 4568,Female,1963-09-04,O+,Kolhapur,Self Pay
P14569,Patient 4569,Male,2003-03-30,A+,Hyderabad,HDFC ERGO
P14570,Patient 4570,Male,2004-06-08,B-,Kolhapur,Care Health
P14571,Patient 4571,Female,1997-06-22,O+,Chennai,Star Health
P14572,Patient 4572,Male,1974-03-04,B+,Nashik,Star Health
P14573,Patient 4573,Female,1973-01-20,A+,Chennai,Bajaj Allianz
P14574,Patient 4574,Female,1942-07-27,A-,Delhi,Self Pay
P14575,Patient 4575,Female,1972-05-01,AB+,Nashik,Bajaj Allianz
P14576,Patient 4576,Male,1996-07-11,A+,Mumbai,Self Pay
P14577,Patient 4577,Female,1948-12-23,O-,Pune,ICICI Lombard
P14578,Patient 4578,Female,1956-02-28,A+,Kolhapur,HDFC ERGO
P14579,Patient 4579,Female,1956-11-04,O-,Chennai,HDFC ERGO
P14580,Patient 4580,Male,1987-02-25,A-,Chennai,Self Pay
P14581,Patient 4581,Male,1982-08-09,B-,Kolhapur,Self Pay
P14582,Patient 4582,Male,2000-10-11,AB-,Visakhapatnam,Care Health
P14583,Patient 4583,Male,1982-05-12,A-,Pune,Star Health
P14584,Patient 4584,Female,1968-11-14,AB-,Bengaluru,ICICI Lombard
P14585,Patient 4585,Male,1945-08-10,A+,Nagpur,HDFC ERGO
P14586,Patient 4586,Male,1965-09-29,B-,Mumbai,Self Pay
P14587,Patient 4587,Male,1965-02-05,B+,Nashik,Star Health
P14588,Patient 4588,Female,1994-12-27,A+,Chennai,ICICI Lombard
P14589,Patient 4589,Female,1999-10-25,A-,Hyderabad,HDFC ERGO
P14590,Patient 4590,Male,1966-04-29,B+,Pune,Self Pay
P14591,Patient 4591,Male,2004-07-13,AB+,Kolhapur,Care Health
P14592,Patient 4592,Male,2003-01-18,B+,Chennai,Care Health
P14593,Patient 4593,Female,1956-06-01,A-,Nashik,HDFC ERGO
P14594,Patient 4594,Female,1951-11-16,O+,Hyderabad,ICICI Lombard
P14595,Patient 4595,Female,1946-05-22,B+,Nagpur,ICICI Lombard
P14596,Patient 4596,Male,1984-10-22,A-,Nagpur,Self Pay
P14597,Patient 4597,Female,1995-12-23,O+,Nashik,Self Pay
P14598,Patient 4598,Male,1982-08-06,A+,Pune,HDFC ERGO
P14599,Patient 4599,Female,1971-07-20,O+,Hyderabad,HDFC ERGO
P14600,Patient 4600,Male,1960-12-02,B-,Kolhapur,Self Pay
P14601,Patient 4601,Female,1943-02-27,AB+,Hyderabad,Bajaj Allianz
P14602,Patient 4602,Female,1943-01-31,O+,Delhi,Star Health
P14603,Patient 4603,Female,2007-10-15,B-,Kolhapur,HDFC ERGO
P14604,Patient 4604,Female,2002-10-03,B-,Mumbai,Bajaj Allianz
P14605,Patient 4605,Male,1986-08-11,B-,Bengaluru,Care Health
P14606,Patient 4606,Male,1976-01-10,O+,Mumbai,Self Pay
P14607,Patient 4607,Female,1976-12-22,A-,Bengaluru,Self Pay
P14608,Patient 4608,Male,1965-04-24,O-,Mumbai,Star Health
P14609,Patient 4609,Male,2002-04-13,A-,Hyderabad,Bajaj Allianz
P14610,Patient 4610,Male,1972-09-05,AB+,Pune,ICICI Lombard
P14611,Patient 4611,Female,1943-10-18,A-,Nashik,Bajaj Allianz
P14612,Patient 4612,Male,1941-05-05,AB-,Chennai,Care Health
P14613,Patient 4613,Male,1985-02-07,A-,Bengaluru,Care Health
P14614,Patient 4614,Male,1993-07-17,A-,Chennai,Self Pay
P14615,Patient 4615,Male,1978-03-07,A-,Delhi,Bajaj Allianz
P14616,Patient 4616,Female,1994-06-30,A+,Delhi,Self Pay
P14617,Patient 4617,Female,1962-02-22,AB+,Chennai,ICICI Lombard
P14618,Patient 4618,Female,1958-03-06,AB-,Delhi,HDFC ERGO
P14619,Patient 4619,Male,1957-05-27,A-,Kolhapur,Care Health
P14620,Patient 4620,Female,1972-06-25,O-,Chennai,Self Pay
P14621,Patient 4621,Male,1953-08-07,AB+,Delhi,HDFC ERGO
P14622,Patient 4622,Male,1958-04-14,B+,Bengaluru,Star Health
P14623,Patient 4623,Female,1987-01-01,A+,Pune,HDFC ERGO
P14624,Patient 4624,Female,1959-06-03,O+,Delhi,Care Health
P14625,Patient 4625,Female,1943-03-09,O-,Chennai,Self Pay
P14626,Patient 4626,Female,1997-12-12,A-,Bengaluru,Bajaj Allianz
P14627,Patient 4627,Male,2001-05-15,O-,Chennai,Self Pay
P14628,Patient 4628,Male,1940-07-12,AB-,Nagpur,Bajaj Allianz
P14629,Patient 4629,Female,1941-01-03,A+,Hyderabad,ICICI Lombard
P14630,Patient 4630,Male,1999-11-26,AB-,Hyderabad,Care Health
P14631,Patient 4631,Male,2005-08-29,O+,Hyderabad,Bajaj Allianz
P14632,Patient 4632,Female,1975-01-10,O+,Mumbai,Self Pay
P14633,Patient 4633,Female,1996-09-06,O-,Kolhapur,Star Health
P14634,Patient 4634,Male,2001-05-17,A+,Chennai,ICICI Lombard
P14635,Patient 4635,Female,1979-07-07,B+,Kolhapur,Star Health
P14636,Patient 4636,Female,1997-01-05,O-,Chennai,Care Health
P14637,Patient 4637,Female,1979-05-26,AB+,Nagpur,Star Health
P14638,Patient 4638,Male,1979-11-15,A+,Delhi,Bajaj Allianz
P14639,Patient 4639,Male,1977-11-27,B-,Mumbai,Self Pay
P14640,Patient 4640,Male,1940-04-25,O+,Pune,HDFC ERGO
P14641,Patient 4641,Male,2004-11-27,B+,Chennai,Care Health
P14642,Patient 4642,Male,1949-01-04,O-,Bengaluru,Self Pay
P14643,Patient 4643,Male,1993-12-30,O+,Delhi,Care Health
P14644,Patient 4644,Male,1992-06-03,B-,Nashik,ICICI Lombard
P14645,Patient 4645,Female,1946-05-10,B+,Nashik,HDFC ERGO
P14646,Patient 4646,Male,1948-02-20,O+,Pune,Care Health
P14647,Patient 4647,Female,1996-08-11,B-,Bengaluru,Star Health
P14648,Patient 4648,Female,1956-09-24,B-,Hyderabad,Care Health
P14649,Patient 4649,Male,1994-03-20,O+,Mumbai,Self Pay
P14650,Patient 4650,Female,1949-09-30,O-,Kolhapur,Bajaj Allianz
P14651,Patient 4651,Female,1967-12-15,O+,Visakhapatnam,HDFC ERGO
P14652,Patient 4652,Male,1979-06-04,AB-,Visakhapatnam,ICICI Lombard
P14653,Patient 4653,Female,1985-06-02,A+,Mumbai,Self Pay
P14654,Patient 4654,Male,1949-05-09,A+,Delhi,Self Pay
P14655,Patient 4655,Female,1952-06-22,B+,Nagpur,HDFC ERGO
P14656,Patient 4656,Male,1959-06-30,AB+,Delhi,HDFC ERGO
P14657,Patient 4657,Female,1959-11-30,O+,Nashik,Bajaj Allianz
P14658,Patient 4658,Male,1951-01-14,O-,Kolhapur,ICICI Lombard
P14659,Patient 4659,Female,2003-10-07,AB-,Nashik,Star Health
P14660,Patient 4660,Male,1973-06-12,A+,Chennai,ICICI Lombard
P14661,Patient 4661,Female,2003-07-21,A+,Nashik,HDFC ERGO
P14662,Patient 4662,Female,1958-12-23,O-,Visakhapatnam,ICICI Lombard
P14663,Patient 4663,Male,2004-04-14,AB-,Visakhapatnam,ICICI Lombard
P14664,Patient 4664,Female,1996-01-18,A-,Kolhapur,Star Health
P14665,Patient 4665,Male,1993-07-19,AB-,Nashik,Care Health
P14666,Patient 4666,Female,1987-03-06,O-,Mumbai,Care Health
P14667,Patient 4667,Male,1979-02-08,A+,Mumbai,ICICI Lombard
P14668,Patient 4668,Female,1967-02-25,AB+,Pune,Self Pay
P14669,Patient 4669,Female,1967-05-21,A-,Nagpur,HDFC ERGO
P14670,Patient 4670,Male,1975-04-19,O-,Kolhapur,Star Health
P14671,Patient 4671,Male,1978-12-02,O-,Nashik,ICICI Lombard
P14672,Patient 4672,Male,2002-07-22,B-,Kolhapur,Bajaj Allianz
P14673,Patient 4673,Female,2005-08-19,AB-,Delhi,ICICI Lombard
P14674,Patient 4674,Male,2005-03-27,B-,Hyderabad,Star Health
P14675,Patient 4675,Female,1980-05-08,A-,Bengaluru,Care Health
P14676,Patient 4676,Female,1961-07-04,A-,Delhi,Care Health
P14677,Patient 4677,Male,1975-02-14,A-,Delhi,Bajaj Allianz
P14678,Patient 4678,Female,2006-02-14,B+,Nashik,Bajaj Allianz
P14679,Patient 4679,Male,1961-10-25,AB-,Hyderabad,Self Pay
P14680,Patient 4680,Male,1944-05-12,O-,Mumbai,Star Health
P14681,Patient 4681,Female,1943-05-02,O+,Mumbai,Star Health
P14682,Patient 4682,Male,1978-08-02,AB+,Delhi,Self Pay
P14683,Patient 4683,Male,1941-11-02,AB+,Nagpur,Care Health
P14684,Patient 4684,Female,1986-01-16,O-,Mumbai,Bajaj Allianz
P14685,Patient 4685,Male,1962-05-08,B-,Chennai,Star Health
P14686,Patient 4686,Female,1992-12-26,O-,Delhi,Star Health
P14687,Patient 4687,Female,1952-02-17,B-,Bengaluru,Star Health
P14688,Patient 4688,Male,1977-10-19,O+,Hyderabad,HDFC ERGO
P14689,Patient 4689,Male,1955-03-08,B-,Pune,Star Health
P14690,Patient 4690,Female,1950-03-02,AB-,Visakhapatnam,HDFC ERGO
P14691,Patient 4691,Male,1958-01-10,A+,Kolhapur,Care Health
P14692,Patient 4692,Male,1972-10-25,B-,Delhi,Star Health
P14693,Patient 4693,Female,1954-03-27,A-,Mumbai,Star Health
P14694,Patient 4694,Male,2000-04-19,B-,Kolhapur,HDFC ERGO
P14695,Patient 4695,Female,1953-03-09,A-,Bengaluru,Star Health
P14696,Patient 4696,Male,1995-10-22,B+,Nashik,Star Health
P14697,Patient 4697,Male,1993-06-25,A+,Visakhapatnam,ICICI Lombard
P14698,Patient 4698,Male,1983-07-22,A+,Nagpur,HDFC ERGO
P14699,Patient 4699,Female,1957-07-26,O+,Pune,Bajaj Allianz
P14700,Patient 4700,Female,1961-04-18,AB-,Nashik,Star Health
P14701,Patient 4701,Female,1978-10-30,O-,Bengaluru,Bajaj Allianz
P14702,Patient 4702,Male,1992-04-20,AB-,Mumbai,Self Pay
P14703,Patient 4703,Male,1992-06-29,AB+,Chennai,Bajaj Allianz
P14704,Patient 4704,Male,1968-07-06,B+,Hyderabad,Star Health
P14705,Patient 4705,Male,1986-12-09,O+,Nashik,HDFC ERGO
P14706,Patient 4706,Female,1941-02-28,AB-,Nashik,Bajaj Allianz
P14707,Patient 4707,Female,1962-12-26,A-,Pune,Self Pay
P14708,Patient 4708,Male,1986-07-30,B+,Hyderabad,Self Pay
P14709,Patient 4709,Female,1978-07-30,A+,Bengaluru,HDFC ERGO
P14710,Patient 4710,Male,1971-03-10,O-,Kolhapur,Care Health
P14711,Patient 4711,Female,1987-11-19,O-,Kolhapur,Self Pay
P14712,Patient 4712,Male,1971-01-03,A-,Hyderabad,Self Pay
P14713,Patient 4713,Male,1944-03-22,O+,Nagpur,HDFC ERGO
P14714,Patient 4714,Male,1985-03-20,O+,Delhi,ICICI Lombard
P14715,Patient 4715,Male,1998-01-13,B+,Nagpur,Star Health
P14716,Patient 4716,Female,1949-07-19,A+,Nagpur,HDFC ERGO
P14717,Patient 4717,Male,1986-02-06,AB-,Nashik,Bajaj Allianz
P14718,Patient 4718,Male,1999-01-14,A-,Nashik,Self Pay
P14719,Patient 4719,Female,1988-01-14,A-,Visakhapatnam,Self Pay
P14720,Patient 4720,Female,1999-08-06,A+,Mumbai,ICICI Lombard
P14721,Patient 4721,Female,1971-09-15,A-,Bengaluru,Bajaj Allianz
P14722,Patient 4722,Male,1977-06-03,O-,Bengaluru,ICICI Lombard
P14723,Patient 4723,Female,1985-04-03,AB-,Visakhapatnam,Bajaj Allianz
P14724,Patient 4724,Female,1942-06-24,AB-,Nashik,Bajaj Allianz
P14725,Patient 4725,Male,2003-07-13,AB-,Pune,ICICI Lombard
P14726,Patient 4726,Male,1970-08-20,A+,Pune,ICICI Lombard
P14727,Patient 4727,Male,1994-01-15,B-,Mumbai,Star Health
P14728,Patient 4728,Male,1961-05-23,B-,Hyderabad,Star Health
P14729,Patient 4729,Male,2002-06-13,O+,Nashik,Self Pay
P14730,Patient 4730,Male,2000-06-14,O+,Kolhapur,Star Health
P14731,Patient 4731,Female,1966-05-30,O-,Kolhapur,Star Health
P14732,Patient 4732,Female,1957-06-29,A-,Nashik,ICICI Lombard
P14733,Patient 4733,Female,1962-06-30,AB-,Chennai,Self Pay
P14734,Patient 4734,Female,2000-09-15,A-,Hyderabad,ICICI Lombard
P14735,Patient 4735,Male,1967-12-08,A+,Kolhapur,ICICI Lombard
P14736,Patient 4736,Female,1964-05-01,A-,Delhi,Bajaj Allianz
P14737,Patient 4737,Female,1960-12-16,AB+,Nagpur,ICICI Lombard
P14738,Patient 4738,Male,1949-04-21,B-,Nashik,ICICI Lombard
P14739,Patient 4739,Female,1974-03-08,A-,Chennai,Bajaj Allianz
P14740,Patient 4740,Female,2007-06-24,A-,Delhi,ICICI Lombard
P14741,Patient 4741,Female,2002-01-09,B+,Nagpur,Self Pay
P14742,Patient 4742,Female,1975-12-17,O-,Nagpur,Care Health
P14743,Patient 4743,Male,2001-08-19,A-,Mumbai,Care Health
P14744,Patient 4744,Male,1949-11-25,AB+,Hyderabad,ICICI Lombard
P14745,Patient 4745,Male,1998-02-20,B-,Nashik,Self Pay
P14746,Patient 4746,Female,2007-11-06,B+,Chennai,Care Health
P14747,Patient 4747,Female,1968-08-15,O-,Visakhapatnam,Star Health
P14748,Patient 4748,Female,1997-04-05,A+,Mumbai,ICICI Lombard
P14749,Patient 4749,Male,1990-10-10,O+,Pune,HDFC ERGO
P14750,Patient 4750,Male,1970-09-19,A+,Delhi,Bajaj Allianz
P14751,Patient 4751,Female,1969-05-04,B-,Visakhapatnam,Self Pay
P14752,Patient 4752,Female,2000-12-01,O+,Delhi,Bajaj Allianz
P14753,Patient 4753,Male,1974-10-23,A+,Nashik,Care Health
P14754,Patient 4754,Male,1964-11-23,O-,Chennai,ICICI Lombard
P14755,Patient 4755,Female,1991-04-03,AB+,Chennai,Bajaj Allianz
P14756,Patient 4756,Female,2004-09-22,A-,Nagpur,Self Pay
P14757,Patient 4757,Male,1964-12-20,B-,Visakhapatnam,HDFC ERGO
P14758,Patient 4758,Male,1955-05-05,O+,Chennai,Star Health
P14759,Patient 4759,Female,1977-08-28,B+,Kolhapur,Star Health
P14760,Patient 4760,Female,1943-12-04,A-,Delhi,ICICI Lombard
P14761,Patient 4761,Male,1988-12-03,A+,Nagpur,Care Health
P14762,Patient 4762,Male,2007-08-22,A+,Nashik,Self Pay
P14763,Patient 4763,Female,1960-05-03,B+,Chennai,ICICI Lombard
P14764,Patient 4764,Male,1965-12-30,AB+,Bengaluru,ICICI Lombard
P14765,Patient 4765,Male,1956-01-20,O-,Nashik,HDFC ERGO
P14766,Patient 4766,Female,1943-06-05,O-,Visakhapatnam,Self Pay
P14767,Patient 4767,Male,2006-03-15,B+,Kolhapur,HDFC ERGO
P14768,Patient 4768,Female,2001-03-30,B-,Hyderabad,ICICI Lombard
P14769,Patient 4769,Male,2007-10-11,B+,Pune,Star Health
P14770,Patient 4770,Female,1978-09-15,A+,Bengaluru,HDFC ERGO
P14771,Patient 4771,Male,1990-12-26,AB+,Nagpur,Self Pay
P14772,Patient 4772,Male,1940-11-10,AB+,Delhi,ICICI Lombard
P14773,Patient 4773,Male,1963-04-29,AB-,Visakhapatnam,Care Health
P14774,Patient 4774,Female,1967-08-19,B+,Visakhapatnam,Care Health
P14775,Patient 4775,Female,1988-12-07,B-,Hyderabad,HDFC ERGO
P14776,Patient 4776,Male,1955-07-25,A+,Bengaluru,ICICI Lombard
P14777,Patient 4777,Female,1970-10-15,A-,Delhi,Self Pay
P14778,Patient 4778,Female,2003-05-11,O-,Pune,Care Health
P14779,Patient 4779,Female,2000-08-14,O-,Mumbai,Bajaj Allianz
P14780,Patient 4780,Male,1944-06-30,O-,Mumbai,Care Health
P14781,Patient 4781,Female,1975-08-25,AB+,Visakhapatnam,Self Pay
P14782,Patient 4782,Male,1958-08-24,O-,Bengaluru,HDFC ERGO
P14783,Patient 4783,Male,1946-08-16,B+,Hyderabad,HDFC ERGO
P14784,Patient 4784,Female,1949-01-06,AB-,Visakhapatnam,HDFC ERGO
P14785,Patient 4785,Female,1992-11-24,B-,Mumbai,HDFC ERGO
P14786,Patient 4786,Male,1976-07-01,B-,Visakhapatnam,ICICI Lombard
P14787,Patient 4787,Male,1997-12-01,O+,Mumbai,Self Pay
P14788,Patient 4788,Female,1961-07-10,O-,Bengaluru,Self Pay
P14789,Patient 4789,Female,1950-09-17,A+,Bengaluru,ICICI Lombard
P14790,Patient 4790,Male,1983-10-26,AB+,Hyderabad,ICICI Lombard
P14791,Patient 4791,Female,1967-01-25,A+,Nagpur,Star Health
P14792,Patient 4792,Male,1977-02-15,O-,Nagpur,Self Pay
P14793,Patient 4793,Male,1969-11-28,AB-,Visakhapatnam,HDFC ERGO
P14794,Patient 4794,Female,1994-12-27,A-,Visakhapatnam,Care Health
P14795,Patient 4795,Male,1972-04-18,O-,Visakhapatnam,Self Pay
P14796,Patient 4796,Male,1951-02-25,A-,Hyderabad,HDFC ERGO
P14797,Patient 4797,Female,1983-08-12,A-,Nashik,Self Pay
P14798,Patient 4798,Female,1995-01-20,B-,Visakhapatnam,HDFC ERGO
P14799,Patient 4799,Male,1988-08-16,AB+,Nagpur,Bajaj Allianz
P14800,Patient 4800,Female,1984-03-21,O-,Nagpur,HDFC ERGO
P14801,Patient 4801,Female,1943-09-02,A+,Delhi,HDFC ERGO
P14802,Patient 4802,Male,1950-03-17,A+,Bengaluru,Self Pay
P14803,Patient 4803,Female,2003-06-07,AB-,Nashik,Care Health
P14804,Patient 4804,Male,1968-10-23,A-,Mumbai,HDFC ERGO
P14805,Patient 4805,Male,1940-05-31,AB+,Nagpur,ICICI Lombard
P14806,Patient 4806,Female,1977-06-05,AB+,Pune,Star Health
P14807,Patient 4807,Female,1970-12-05,AB-,Pune,Bajaj Allianz
P14808,Patient 4808,Male,1975-09-12,B+,Nagpur,HDFC ERGO
P14809,Patient 4809,Male,1943-07-03,AB+,Pune,Self Pay
P14810,Patient 4810,Male,2001-09-24,AB+,Chennai,HDFC ERGO
P14811,Patient 4811,Male,1998-01-27,A+,Nashik,HDFC ERGO
P14812,Patient 4812,Male,1966-09-09,AB-,Bengaluru,Bajaj Allianz
P14813,Patient 4813,Male,1962-10-03,O-,Nagpur,HDFC ERGO
P14814,Patient 4814,Female,1968-06-10,AB+,Nagpur,Self Pay
P14815,Patient 4815,Male,1974-09-06,AB+,Mumbai,Care Health
P14816,Patient 4816,Male,1998-07-23,A+,Nashik,ICICI Lombard
P14817,Patient 4817,Female,1995-09-03,O-,Visakhapatnam,Care Health
P14818,Patient 4818,Female,1947-04-28,O-,Visakhapatnam,Star Health
P14819,Patient 4819,Male,1941-12-07,AB+,Kolhapur,ICICI Lombard
P14820,Patient 4820,Male,1978-12-26,A+,Delhi,ICICI Lombard
P14821,Patient 4821,Female,1992-08-08,B+,Chennai,Bajaj Allianz
P14822,Patient 4822,Male,1985-03-18,B-,Hyderabad,Star Health
P14823,Patient 4823,Male,1965-06-25,O+,Hyderabad,ICICI Lombard
P14824,Patient 4824,Female,1953-12-15,A+,Kolhapur,ICICI Lombard
P14825,Patient 4825,Male,1954-12-05,A+,Bengaluru,Star Health
P14826,Patient 4826,Male,1998-04-15,AB+,Hyderabad,Star Health
P14827,Patient 4827,Male,1963-02-08,A+,Visakhapatnam,ICICI Lombard
P14828,Patient 4828,Male,2001-11-15,AB-,Pune,ICICI Lombard
P14829,Patient 4829,Male,1967-11-11,A-,Delhi,Star Health
P14830,Patient 4830,Female,1945-11-09,A-,Nashik,Star Health
P14831,Patient 4831,Male,1994-01-21,B+,Visakhapatnam,Self Pay
P14832,Patient 4832,Male,1984-05-10,O-,Mumbai,Bajaj Allianz
P14833,Patient 4833,Male,2002-09-05,A+,Nashik,HDFC ERGO
P14834,Patient 4834,Female,1992-08-18,O-,Hyderabad,Self Pay
P14835,Patient 4835,Female,1996-05-31,AB-,Mumbai,Star Health
P14836,Patient 4836,Male,1944-04-05,AB+,Nashik,HDFC ERGO
P14837,Patient 4837,Female,2002-10-03,AB+,Nagpur,Self Pay
P14838,Patient 4838,Male,1977-06-07,O+,Chennai,Care Health
P14839,Patient 4839,Male,1996-07-18,B-,Visakhapatnam,Self Pay
P14840,Patient 4840,Male,1974-08-04,B+,Mumbai,Self Pay
P14841,Patient 4841,Male,2007-05-12,AB-,Kolhapur,Star Health
P14842,Patient 4842,Male,2007-06-15,O-,Chennai,Self Pay
P14843,Patient 4843,Female,1978-06-12,AB-,Nashik,Self Pay
P14844,Patient 4844,Male,1992-10-23,O+,Bengaluru,HDFC ERGO
P14845,Patient 4845,Female,1994-07-10,O+,Kolhapur,Self Pay
P14846,Patient 4846,Male,1977-06-12,AB+,Visakhapatnam,Star Health
P14847,Patient 4847,Male,1995-12-29,O-,Nagpur,Bajaj Allianz
P14848,Patient 4848,Male,1955-10-19,B-,Mumbai,ICICI Lombard
P14849,Patient 4849,Female,1949-08-07,AB+,Pune,Star Health
P14850,Patient 4850,Male,1965-03-10,B-,Mumbai,Care Health
P14851,Patient 4851,Female,1991-02-23,A-,Chennai,ICICI Lombard
P14852,Patient 4852,Male,1948-05-27,AB-,Mumbai,Bajaj Allianz
P14853,Patient 4853,Male,1964-09-22,O+,Chennai,Care Health
P14854,Patient 4854,Male,1993-12-23,A-,Kolhapur,HDFC ERGO
P14855,Patient 4855,Male,2005-10-11,O-,Mumbai,ICICI Lombard
P14856,Patient 4856,Male,1971-04-15,AB+,Kolhapur,Care Health
P14857,Patient 4857,Male,2007-06-27,B+,Nagpur,Self Pay
P14858,Patient 4858,Female,1958-04-17,A+,Nagpur,Care Health
P14859,Patient 4859,Male,1998-01-12,B+,Chennai,Care Health
P14860,Patient 4860,Female,1972-12-03,B+,Nashik,Care Health
P14861,Patient 4861,Male,1990-09-22,A+,Nagpur,HDFC ERGO
P14862,Patient 4862,Male,1958-04-05,AB-,Delhi,HDFC ERGO
P14863,Patient 4863,Female,1987-10-28,A-,Mumbai,Self Pay
P14864,Patient 4864,Male,1997-11-18,A-,Delhi,Bajaj Allianz
P14865,Patient 4865,Male,1978-11-03,AB-,Mumbai,HDFC ERGO
P14866,Patient 4866,Female,1966-08-04,A+,Hyderabad,HDFC ERGO
P14867,Patient 4867,Female,1982-05-22,B-,Kolhapur,HDFC ERGO
P14868,Patient 4868,Male,1997-05-09,B+,Chennai,Bajaj Allianz
P14869,Patient 4869,Male,1989-05-13,AB+,Visakhapatnam,HDFC ERGO
P14870,Patient 4870,Female,1982-08-01,A-,Visakhapatnam,Bajaj Allianz
P14871,Patient 4871,Male,1955-10-27,AB-,Bengaluru,ICICI Lombard
P14872,Patient 4872,Female,1952-06-19,AB+,Nashik,HDFC ERGO
P14873,Patient 4873,Male,1943-04-12,O+,Chennai,Self Pay
P14874,Patient 4874,Male,2006-08-19,A+,Nagpur,ICICI Lombard
P14875,Patient 4875,Female,1981-02-22,AB+,Pune,Self Pay
P14876,Patient 4876,Female,1967-11-05,O-,Nashik,Star Health
P14877,Patient 4877,Male,1978-08-12,AB+,Nashik,ICICI Lombard
P14878,Patient 4878,Male,1977-05-21,O-,Pune,HDFC ERGO
P14879,Patient 4879,Female,1989-06-20,B+,Kolhapur,Self Pay
P14880,Patient 4880,Female,1997-07-25,A+,Nashik,Bajaj Allianz
P14881,Patient 4881,Male,2006-01-18,AB+,Hyderabad,Star Health
P14882,Patient 4882,Female,1976-01-17,A-,Nashik,ICICI Lombard
P14883,Patient 4883,Female,1995-11-15,A+,Bengaluru,Care Health
P14884,Patient 4884,Female,1961-05-09,A-,Delhi,ICICI Lombard
P14885,Patient 4885,Female,1994-03-02,AB-,Visakhapatnam,HDFC ERGO
P14886,Patient 4886,Male,1952-03-07,AB-,Kolhapur,HDFC ERGO
P14887,Patient 4887,Female,1994-05-04,O+,Chennai,Care Health
P14888,Patient 4888,Female,1996-06-02,B-,Nagpur,ICICI Lombard
P14889,Patient 4889,Male,1997-09-15,AB-,Hyderabad,Star Health
P14890,Patient 4890,Male,1977-05-26,AB+,Kolhapur,HDFC ERGO
P14891,Patient 4891,Male,1995-04-26,A+,Delhi,Star Health
P14892,Patient 4892,Female,2002-04-02,AB-,Bengaluru,Care Health
P14893,Patient 4893,Male,1982-02-23,A-,Delhi,Self Pay
P14894,Patient 4894,Female,1944-07-14,AB+,Chennai,Star Health
P14895,Patient 4895,Female,1978-10-15,AB-,Pune,Star Health
P14896,Patient 4896,Female,1956-01-07,O-,Nagpur,Star Health
P14897,Patient 4897,Female,1985-01-20,O-,Pune,Self Pay
P14898,Patient 4898,Female,1975-02-28,B+,Mumbai,Star Health
P14899,Patient 4899,Male,1997-10-30,A-,Bengaluru,Self Pay
P14900,Patient 4900,Female,2000-12-11,O+,Nagpur,HDFC ERGO
P14901,Patient 4901,Male,1956-02-18,O+,Chennai,ICICI Lombard
P14902,Patient 4902,Female,2000-06-12,O+,Kolhapur,Star Health
P14903,Patient 4903,Male,1945-10-30,A-,Visakhapatnam,Care Health
P14904,Patient 4904,Female,1991-08-11,O+,Nagpur,Care Health
P14905,Patient 4905,Female,1979-03-07,B-,Kolhapur,HDFC ERGO
P14906,Patient 4906,Female,1953-10-30,B+,Kolhapur,ICICI Lombard
P14907,Patient 4907,Male,1977-09-20,B-,Mumbai,HDFC ERGO
P14908,Patient 4908,Male,1977-01-15,O-,Hyderabad,ICICI Lombard
P14909,Patient 4909,Female,1994-12-04,AB-,Bengaluru,HDFC ERGO
P14910,Patient 4910,Male,1996-07-29,B+,Bengaluru,HDFC ERGO
P14911,Patient 4911,Female,1966-06-25,A-,Mumbai,Bajaj Allianz
P14912,Patient 4912,Male,1990-04-13,B-,Pune,ICICI Lombard
P14913,Patient 4913,Female,1956-01-10,AB+,Pune,HDFC ERGO
P14914,Patient 4914,Male,1940-10-03,B+,Chennai,HDFC ERGO
P14915,Patient 4915,Female,2001-06-28,A-,Hyderabad,Star Health
P14916,Patient 4916,Female,1961-09-13,A+,Kolhapur,HDFC ERGO
P14917,Patient 4917,Male,1946-07-06,B+,Nashik,ICICI Lombard
P14918,Patient 4918,Male,1973-10-07,B+,Nashik,Star Health
P14919,Patient 4919,Male,2006-04-11,AB-,Pune,Self Pay
P14920,Patient 4920,Female,1975-03-03,AB+,Mumbai,ICICI Lombard
P14921,Patient 4921,Female,1969-03-28,AB-,Hyderabad,HDFC ERGO
P14922,Patient 4922,Female,1963-02-24,O+,Delhi,Self Pay
P14923,Patient 4923,Male,1969-09-01,B+,Visakhapatnam,Star Health
P14924,Patient 4924,Male,1985-01-08,O-,Hyderabad,Self Pay
P14925,Patient 4925,Male,1946-11-11,B+,Chennai,ICICI Lombard
P14926,Patient 4926,Male,1974-04-06,O+,Kolhapur,Care Health
P14927,Patient 4927,Male,1968-08-08,AB+,Kolhapur,Bajaj Allianz
P14928,Patient 4928,Female,1947-10-02,AB+,Bengaluru,Self Pay
P14929,Patient 4929,Female,1941-12-19,O-,Nagpur,Care Health
P14930,Patient 4930,Male,1946-09-20,O-,Nagpur,HDFC ERGO
P14931,Patient 4931,Female,2000-02-06,B-,Bengaluru,Care Health
P14932,Patient 4932,Female,1978-04-14,A-,Chennai,ICICI Lombard
P14933,Patient 4933,Male,1946-01-27,A-,Kolhapur,Bajaj Allianz
P14934,Patient 4934,Male,1986-01-14,B-,Nagpur,ICICI Lombard
P14935,Patient 4935,Male,1998-12-17,A-,Nagpur,Care Health
P14936,Patient 4936,Male,2005-07-22,B+,Visakhapatnam,Care Health
P14937,Patient 4937,Female,1982-08-12,B-,Nagpur,Self Pay
P14938,Patient 4938,Female,1982-01-30,B-,Kolhapur,HDFC ERGO
P14939,Patient 4939,Male,1967-03-25,A-,Chennai,Bajaj Allianz
P14940,Patient 4940,Male,1966-04-15,A+,Delhi,Star Health
P14941,Patient 4941,Female,1967-10-24,O-,Pune,Star Health
P14942,Patient 4942,Female,2006-03-06,A-,Hyderabad,Care Health
P14943,Patient 4943,Female,1943-03-12,AB-,Mumbai,Care Health
P14944,Patient 4944,Female,1959-01-13,A+,Nashik,Care Health
P14945,Patient 4945,Male,1945-06-20,B-,Hyderabad,Bajaj Allianz
P14946,Patient 4946,Female,1975-10-18,A+,Visakhapatnam,ICICI Lombard
P14947,Patient 4947,Female,1972-05-27,B+,Nagpur,Care Health
P14948,Patient 4948,Male,1949-01-03,AB+,Chennai,ICICI Lombard
P14949,Patient 4949,Female,1964-11-03,A+,Delhi,ICICI Lombard
P14950,Patient 4950,Male,1948-10-07,AB-,Nashik,Star Health
P14951,Patient 4951,Male,1962-06-22,AB+,Bengaluru,Bajaj Allianz
P14952,Patient 4952,Male,1945-06-23,B+,Delhi,Care Health
P14953,Patient 4953,Male,2002-10-31,AB-,Pune,ICICI Lombard
P14954,Patient 4954,Male,1998-08-06,O+,Nagpur,Care Health
P14955,Patient 4955,Male,2000-03-13,AB+,Mumbai,HDFC ERGO
P14956,Patient 4956,Male,1976-04-25,O+,Nashik,Self Pay
P14957,Patient 4957,Male,1975-10-22,B+,Nagpur,Care Health
P14958,Patient 4958,Male,1952-10-09,AB+,Nashik,Star Health
P14959,Patient 4959,Male,1976-03-15,AB+,Mumbai,Self Pay
P14960,Patient 4960,Female,1948-07-24,A-,Pune,Star Health
P14961,Patient 4961,Male,1941-08-09,AB-,Bengaluru,Bajaj Allianz
P14962,Patient 4962,Male,1985-06-19,O-,Kolhapur,HDFC ERGO
P14963,Patient 4963,Female,1953-04-07,AB-,Chennai,ICICI Lombard
P14964,Patient 4964,Female,2000-11-04,A+,Delhi,Bajaj Allianz
P14965,Patient 4965,Female,1950-05-07,O+,Hyderabad,Star Health
P14966,Patient 4966,Male,1999-05-09,O+,Bengaluru,Self Pay
P14967,Patient 4967,Male,1999-12-16,AB-,Bengaluru,ICICI Lombard
P14968,Patient 4968,Female,1940-02-16,AB-,Visakhapatnam,HDFC ERGO
P14969,Patient 4969,Male,2002-09-28,AB+,Nashik,Care Health
P14970,Patient 4970,Male,1999-11-16,O+,Nashik,Star Health
P14971,Patient 4971,Male,1975-12-19,B-,Visakhapatnam,HDFC ERGO
P14972,Patient 4972,Female,1978-11-18,O-,Delhi,Self Pay
P14973,Patient 4973,Male,1977-12-27,A-,Nashik,Bajaj Allianz
P14974,Patient 4974,Female,1960-06-11,O-,Kolhapur,HDFC ERGO
P14975,Patient 4975,Female,1977-07-08,A+,Chennai,Bajaj Allianz
P14976,Patient 4976,Male,1958-03-12,O-,Hyderabad,Self Pay
P14977,Patient 4977,Female,1964-05-20,A-,Hyderabad,ICICI Lombard
P14978,Patient 4978,Female,1972-01-09,A+,Mumbai,Care Health
P14979,Patient 4979,Female,2006-09-03,B+,Mumbai,ICICI Lombard
P14980,Patient 4980,Male,1975-11-06,AB+,Chennai,Self Pay
P14981,Patient 4981,Female,1947-01-25,AB-,Nagpur,Bajaj Allianz
P14982,Patient 4982,Male,1953-03-05,AB-,Nagpur,Self Pay
P14983,Patient 4983,Female,1943-10-08,B-,Bengaluru,Self Pay
P14984,Patient 4984,Male,1955-03-29,O-,Bengaluru,ICICI Lombard
P14985,Patient 4985,Male,1998-05-21,O+,Visakhapatnam,Star Health
P14986,Patient 4986,Female,1954-01-04,O+,Pune,ICICI Lombard
P14987,Patient 4987,Female,1990-06-18,A-,Mumbai,HDFC ERGO
P14988,Patient 4988,Female,2007-11-13,A-,Pune,Care Health
P14989,Patient 4989,Male,1956-02-08,A-,Nashik,Self Pay
P14990,Patient 4990,Male,1961-06-21,O+,Hyderabad,HDFC ERGO
P14991,Patient 4991,Female,1991-09-27,AB-,Bengaluru,HDFC ERGO
P14992,Patient 4992,Female,1987-09-28,O+,Nagpur,Bajaj Allianz
P14993,Patient 4993,Female,2005-05-26,A-,Chennai,ICICI Lombard
P14994,Patient 4994,Male,1978-12-03,AB+,Mumbai,ICICI Lombard
P14995,Patient 4995,Male,2003-07-21,A+,Hyderabad,Care Health
P14996,Patient 4996,Female,1977-12-20,AB-,Delhi,HDFC ERGO
P14997,Patient 4997,Female,1989-03-26,AB+,Chennai,Self Pay
P14998,Patient 4998,Male,1983-10-22,B+,Pune,HDFC ERGO
P14999,Patient 4999,Female,1979-02-27,O-,Kolhapur,Bajaj Allianz
P15000,Patient 5000,Female,1973-04-16,AB+,Pune,Care Health
