TreatmentID,AdmissionID,TreatmentType,TreatmentDate,TreatmentCost
T100001,A100001,Diagnostic Test,2025-07-22,1539.97
T100002,A100002,Consultation,2025-10-31,1279.84
T100003,A100003,Medication,2024-04-03,10555.43
T100004,A100004,Surgery,2024-12-05,31348.09
T100005,A100005,Surgery,2025-09-29,25244.3
T100006,A100006,Medication,2024-06-20,10282.84
T100007,A100007,Medication,2024-05-18,6713.97
T100008,A100008,Emergency Care,2025-06-01,18015.02
T100009,A100009,Medication,2025-08-01,9962.21
T100010,A100010,Medication,2025-09-17,4278.34
T100011,A100011,Surgery,2024-07-05,93762.35
T100012,A100012,Surgery,2024-06-19,81253.32
T100013,A100013,Emergency Care,2024-12-30,3545.91
T100014,A100014,Consultation,2024-09-02,2024.59
T100015,A100015,Consultation,2024-05-19,1385.29
T100016,A100016,Diagnostic Test,2024-01-30,1643.83
T100017,A100017,Chemotherapy,2025-06-04,58053.66
T100018,A100018,Emergency Care,2025-02-02,19930.12
T100019,A100019,Consultation,2024-11-30,841.64
T100020,A100020,Consultation,2024-11-15,2091.72
T100021,A100021,Chemotherapy,2025-07-17,52517.87
T100022,A100022,Diagnostic Test,2025-03-02,2459.7
T100023,A100023,Surgery,2024-05-15,49277.41
T100024,A100024,Consultation,2025-11-20,1520.26
T100025,A100025,Medication,2025-10-03,5754.84
T100026,A100026,Chemotherapy,2025-12-11,29029.43
T100027,A100027,Diagnostic Test,2024-09-25,3284.01
T100028,A100028,Chemotherapy,2024-04-17,58628.46
T100029,A100029,Diagnostic Test,2025-07-16,676.43
T100030,A100030,Physiotherapy,2024-05-19,7877.89
T100031,A100031,Diagnostic Test,2025-09-08,5171.87
T100032,A100032,Medication,2024-02-18,9628.9
T100033,A100033,Radiology,2025-10-28,5162.58
T100034,A100034,Radiology,2025-01-04,1860.66
T100035,A100035,Consultation,2024-01-06,1851.99
T100036,A100036,Emergency Care,2025-06-07,22673.57
T100037,A100037,Medication,2025-06-12,5273.03
T100038,A100038,Diagnostic Test,2025-10-18,881.18
T100039,A100039,Radiology,2024-09-30,1247.57
T100040,A100040,Medication,2024-03-09,1697.01
T100041,A100041,Medication,2025-02-26,7389.54
T100042,A100042,Radiology,2024-12-05,9919.96
T100043,A100043,Diagnostic Test,2025-05-12,4416.6
T100044,A100044,Medication,2025-04-16,2138.66
T100045,A100045,Emergency Care,2024-11-27,21978.68
T100046,A100046,Medication,2025-09-30,8025.08
T100047,A100047,Medication,2024-05-10,3828.23
T100048,A100048,Consultation,2025-06-15,1652.84
T100049,A100049,Consultation,2025-12-22,1485.11
T100050,A100050,Medication,2025-08-25,10493.19
T100051,A100051,Physiotherapy,2025-03-15,7673.2
T100052,A100052,Chemotherapy,2024-08-30,16184.36
T100053,A100053,Chemotherapy,2025-04-08,17371.87
T100054,A100054,Diagnostic Test,2024-12-15,953.52
T100055,A100055,Physiotherapy,2024-01-17,3660.22
T100056,A100056,Surgery,2025-04-11,116960.99
T100057,A100057,Surgery,2024-12-28,118667.47
T100058,A100058,Emergency Care,2024-07-29,16110.8
T100059,A100059,Physiotherapy,2025-09-04,4244.57
T100060,A100060,Emergency Care,2025-06-09,9652.34
T100061,A100061,Radiology,2025-12-02,1204.3
T100062,A100062,Physiotherapy,2025-02-25,2839.91
T100063,A100063,Surgery,2024-05-15,30361.84
T100064,A100064,Consultation,2024-01-14,803.37
T100065,A100065,Medication,2024-02-16,10783.13
T100066,A100066,Surgery,2025-01-11,23855.38
T100067,A100067,Medication,2024-10-24,8591.05
T100068,A100068,Diagnostic Test,2025-02-02,5584.89
T100069,A100069,Consultation,2024-04-16,1016.03
T100070,A100070,Diagnostic Test,2025-03-23,1822.7
T100071,A100071,Physiotherapy,2024-03-05,2645.27
T100072,A100072,Emergency Care,2025-07-21,4894.53
T100073,A100073,Emergency Care,2025-02-18,23013.84
T100074,A100074,Radiology,2025-09-24,8671.71
T100075,A100075,Emergency Care,2024-11-18,11376.71
T100076,A100076,Diagnostic Test,2024-05-12,4731.97
T100077,A100077,Consultation,2024-07-17,1666.0
T100078,A100078,Consultation,2024-02-07,1954.44
T100079,A100079,Medication,2024-08-04,8363.01
T100080,A100080,Chemotherapy,2025-08-11,48765.97
T100081,A100081,Emergency Care,2024-11-03,22781.97
T100082,A100082,Radiology,2025-07-21,8144.0
T100083,A100083,Radiology,2024-01-13,7417.47
T100084,A100084,Diagnostic Test,2024-03-23,3920.99
T100085,A100085,Consultation,2024-02-01,1155.45
T100086,A100086,Medication,2025-02-11,3612.7
T100087,A100087,Diagnostic Test,2024-03-29,914.47
T100088,A100088,Consultation,2025-02-16,1238.22
T100089,A100089,Surgery,2025-12-13,72113.89
T100090,A100090,Medication,2025-07-18,11458.07
T100091,A100091,Radiology,2024-09-15,2315.89
T100092,A100092,Radiology,2024-08-29,5096.59
T100093,A100093,Surgery,2025-12-19,93838.2
T100094,A100094,Emergency Care,2025-12-11,20460.4
T100095,A100095,Radiology,2025-03-28,2881.33
T100096,A100096,Surgery,2024-01-02,33722.47
T100097,A100097,Diagnostic Test,2025-08-23,3858.87
T100098,A100098,Diagnostic Test,2024-10-11,5527.26
T100099,A100099,Surgery,2025-10-12,99457.68
T100100,A100100,Diagnostic Test,2025-08-23,2614.26
T100101,A100101,Surgery,2025-05-31,84128.15
T100102,A100102,Medication,2025-11-10,3281.55
T100103,A100103,Consultation,2024-04-29,1601.96
T100104,A100104,Radiology,2025-05-21,5912.18
T100105,A100105,Consultation,2024-03-23,1884.16
T100106,A100106,Surgery,2025-09-16,57037.65
T100107,A100107,Consultation,2025-11-10,854.42
T100108,A100108,Diagnostic Test,2024-08-07,5604.31
T100109,A100109,Surgery,2025-05-31,115405.28
T100110,A100110,Physiotherapy,2025-12-29,5808.94
T100111,A100111,Medication,2025-12-09,3416.52
T100112,A100112,Diagnostic Test,2025-04-13,3771.08
T100113,A100113,Medication,2025-06-03,3530.42
T100114,A100114,Diagnostic Test,2025-05-16,4343.58
T100115,A100115,Radiology,2024-02-29,4370.51
T100116,A100116,Medication,2024-12-03,6822.13
T100117,A100117,Physiotherapy,2025-05-24,1412.62
T100118,A100118,Diagnostic Test,2025-09-06,5979.05
T100119,A100119,Physiotherapy,2025-03-03,5635.04
T100120,A100120,Emergency Care,2025-07-13,23680.94
T100121,A100121,Consultation,2025-01-06,2065.73
T100122,A100122,Medication,2025-02-17,6874.05
T100123,A100123,Medication,2025-11-06,8916.34
T100124,A100124,Medication,2025-03-09,5790.77
T100125,A100125,Consultation,2024-07-14,2430.8
T100126,A100126,Consultation,2025-01-13,2116.37
T100127,A100127,Consultation,2024-12-31,1005.77
T100128,A100128,Diagnostic Test,2025-10-05,5728.61
T100129,A100129,Radiology,2025-02-08,6266.75
T100130,A100130,Radiology,2025-05-06,5164.11
T100131,A100131,Emergency Care,2024-03-08,20428.19
T100132,A100132,Physiotherapy,2025-01-28,2600.78
T100133,A100133,Diagnostic Test,2024-03-24,5770.1
T100134,A100134,Emergency Care,2025-04-27,6659.38
T100135,A100135,Radiology,2024-08-19,3802.01
T100136,A100136,Physiotherapy,2025-12-31,7223.28
T100137,A100137,Medication,2024-08-12,7417.5
T100138,A100138,Physiotherapy,2024-04-24,6981.64
T100139,A100139,Emergency Care,2025-10-14,7385.36
T100140,A100140,Chemotherapy,2024-07-04,50189.18
T100141,A100141,Consultation,2025-05-29,1103.26
T100142,A100142,Consultation,2024-06-24,2063.47
T100143,A100143,Consultation,2025-06-06,1062.73
T100144,A100144,Physiotherapy,2025-11-02,3400.81
T100145,A100145,Diagnostic Test,2024-07-25,3119.15
T100146,A100146,Physiotherapy,2025-06-24,7431.83
T100147,A100147,Consultation,2024-11-17,2043.94
T100148,A100148,Surgery,2024-06-07,44584.66
T100149,A100149,Consultation,2024-10-07,1558.97
T100150,A100150,Consultation,2024-05-29,1395.07
T100151,A100151,Consultation,2024-03-23,2397.75
T100152,A100152,Radiology,2025-02-25,2736.73
T100153,A100153,Chemotherapy,2025-06-21,55784.32
T100154,A100154,Consultation,2025-08-07,2207.36
T100155,A100155,Medication,2025-07-02,1805.7
T100156,A100156,Consultation,2025-01-27,1264.34
T100157,A100157,Radiology,2024-05-15,7451.72
T100158,A100158,Radiology,2025-10-02,7424.13
T100159,A100159,Radiology,2025-09-18,3256.45
T100160,A100160,Diagnostic Test,2025-08-27,3984.83
T100161,A100161,Diagnostic Test,2024-08-29,4281.1
T100162,A100162,Diagnostic Test,2025-03-29,896.1
T100163,A100163,Consultation,2024-07-19,1447.62
T100164,A100164,Consultation,2025-12-20,2340.57
T100165,A100165,Emergency Care,2024-04-28,22810.98
T100166,A100166,Emergency Care,2024-08-07,17560.35
T100167,A100167,Consultation,2024-10-31,1909.58
T100168,A100168,Surgery,2024-09-01,104818.25
T100169,A100169,Emergency Care,2024-10-18,10527.4
T100170,A100170,Consultation,2024-10-27,884.42
T100171,A100171,Physiotherapy,2025-11-16,6924.65
T100172,A100172,Consultation,2025-01-25,1330.71
T100173,A100173,Diagnostic Test,2025-08-12,4200.17
T100174,A100174,Consultation,2024-07-27,1629.89
T100175,A100175,Medication,2024-11-09,1993.95
T100176,A100176,Physiotherapy,2025-09-09,3928.77
T100177,A100177,Consultation,2024-01-29,1246.27
T100178,A100178,Medication,2024-03-20,396.69
T100179,A100179,Diagnostic Test,2024-05-09,3381.55
T100180,A100180,Physiotherapy,2025-02-17,4948.42
T100181,A100181,Medication,2024-05-16,3879.5
T100182,A100182,Consultation,2024-11-30,1300.12
T100183,A100183,Diagnostic Test,2025-07-04,2958.35
T100184,A100184,Medication,2025-01-25,7527.22
T100185,A100185,Consultation,2025-07-24,2446.51
T100186,A100186,Chemotherapy,2024-08-18,33888.28
T100187,A100187,Chemotherapy,2025-02-24,56678.99
T100188,A100188,Consultation,2024-05-05,2457.43
T100189,A100189,Chemotherapy,2024-03-28,40413.52
T100190,A100190,Medication,2024-05-20,6859.34
T100191,A100191,Chemotherapy,2024-02-22,13012.75
T100192,A100192,Medication,2025-07-20,2911.52
T100193,A100193,Emergency Care,2025-02-10,24959.52
T100194,A100194,Surgery,2024-12-02,93339.91
T100195,A100195,Emergency Care,2025-10-23,17695.5
T100196,A100196,Radiology,2025-10-29,6186.6
T100197,A100197,Medication,2025-12-31,8288.85
T100198,A100198,Surgery,2026-01-02,86479.28
T100199,A100199,Medication,2025-01-01,2892.04
T100200,A100200,Physiotherapy,2024-09-15,6493.33
T100201,A100201,Diagnostic Test,2025-01-24,3059.03
T100202,A100202,Medication,2024-02-16,8508.29
T100203,A100203,Chemotherapy,2024-09-28,27376.03
T100204,A100204,Emergency Care,2024-11-06,15703.46
T100205,A100205,Medication,2025-11-04,8901.42
T100206,A100206,Consultation,2024-10-06,1840.02
T100207,A100207,Radiology,2025-04-19,6773.43
T100208,A100208,Diagnostic Test,2025-07-21,1518.77
T100209,A100209,Consultation,2024-05-24,1660.02
T100210,A100210,Diagnostic Test,2024-08-22,2008.81
T100211,A100211,Diagnostic Test,2025-11-22,2536.15
T100212,A100212,Medication,2025-12-21,9681.4
T100213,A100213,Consultation,2024-05-15,881.03
T100214,A100214,Physiotherapy,2025-03-22,2802.19
T100215,A100215,Surgery,2024-12-20,97863.43
T100216,A100216,Diagnostic Test,2025-01-31,5154.91
T100217,A100217,Diagnostic Test,2024-10-02,1671.34
T100218,A100218,Consultation,2025-01-18,1080.95
T100219,A100219,Diagnostic Test,2024-11-20,4895.97
T100220,A100220,Consultation,2024-07-01,2019.5
T100221,A100221,Surgery,2025-07-27,74135.93
T100222,A100222,Medication,2025-03-15,5658.68
T100223,A100223,Radiology,2024-03-04,8902.47
T100224,A100224,Medication,2025-12-30,3568.25
T100225,A100225,Medication,2025-10-15,7876.28
T100226,A100226,Consultation,2025-10-08,2381.01
T100227,A100227,Diagnostic Test,2024-02-06,1445.68
T100228,A100228,Radiology,2025-12-07,2900.26
T100229,A100229,Medication,2025-04-22,1689.43
T100230,A100230,Diagnostic Test,2024-03-28,1968.67
T100231,A100231,Surgery,2024-07-30,74729.48
T100232,A100232,Consultation,2025-04-08,1359.92
T100233,A100233,Consultation,2024-03-22,1750.85
T100234,A100234,Consultation,2024-11-20,1621.12
T100235,A100235,Diagnostic Test,2025-02-20,3420.15
T100236,A100236,Diagnostic Test,2024-07-08,5735.58
T100237,A100237,Physiotherapy,2024-08-20,2448.8
T100238,A100238,Consultation,2025-01-27,1940.14
T100239,A100239,Physiotherapy,2024-06-19,4324.07
T100240,A100240,Physiotherapy,2025-03-18,5756.82
T100241,A100241,Consultation,2024-06-18,1816.85
T100242,A100242,Physiotherapy,2024-08-18,6294.18
T100243,A100243,Diagnostic Test,2024-05-29,3435.65
T100244,A100244,Consultation,2025-10-26,1993.01
T100245,A100245,Medication,2025-07-05,8902.77
T100246,A100246,Radiology,2025-01-22,2767.2
T100247,A100247,Emergency Care,2025-01-16,23347.92
T100248,A100248,Medication,2024-10-03,8777.61
T100249,A100249,Medication,2025-09-10,1432.39
T100250,A100250,Surgery,2024-03-02,105391.99
T100251,A100251,Diagnostic Test,2025-04-11,1549.12
T100252,A100252,Consultation,2025-06-13,1796.83
T100253,A100253,Diagnostic Test,2024-05-31,2222.15
T100254,A100254,Diagnostic Test,2024-05-23,3666.69
T100255,A100255,Physiotherapy,2024-04-25,7217.0
T100256,A100256,Consultation,2024-03-05,2314.15
T100257,A100257,Consultation,2025-03-04,2136.29
T100258,A100258,Emergency Care,2024-11-06,20923.86
T100259,A100259,Consultation,2025-12-09,1663.11
T100260,A100260,Emergency Care,2025-03-06,22104.38
T100261,A100261,Consultation,2024-06-11,1594.02
T100262,A100262,Medication,2024-11-04,2737.5
T100263,A100263,Surgery,2024-12-29,109284.79
T100264,A100264,Surgery,2024-10-06,63252.9
T100265,A100265,Physiotherapy,2024-10-25,5205.49
T100266,A100266,Physiotherapy,2025-07-04,5385.49
T100267,A100267,Emergency Care,2024-06-19,4809.86
T100268,A100268,Physiotherapy,2025-04-04,3477.89
T100269,A100269,Medication,2025-08-05,4497.88
T100270,A100270,Consultation,2024-01-10,2018.43
T100271,A100271,Surgery,2025-08-22,86109.1
T100272,A100272,Medication,2025-12-14,11870.4
T100273,A100273,Medication,2024-05-12,8853.36
T100274,A100274,Diagnostic Test,2025-08-12,1724.99
T100275,A100275,Consultation,2024-12-15,1387.76
T100276,A100276,Chemotherapy,2025-12-21,18352.87
T100277,A100277,Consultation,2025-08-20,2265.41
T100278,A100278,Consultation,2024-09-12,2238.0
T100279,A100279,Surgery,2025-02-14,110926.74
T100280,A100280,Chemotherapy,2025-06-29,42987.74
T100281,A100281,Consultation,2024-12-22,1257.07
T100282,A100282,Physiotherapy,2025-12-14,7276.75
T100283,A100283,Diagnostic Test,2025-07-17,1999.89
T100284,A100284,Consultation,2025-01-02,1452.93
T100285,A100285,Chemotherapy,2025-08-09,11093.62
T100286,A100286,Emergency Care,2025-05-28,15716.04
T100287,A100287,Consultation,2025-06-19,1540.47
T100288,A100288,Chemotherapy,2025-06-14,42394.98
T100289,A100289,Physiotherapy,2025-06-11,7775.61
T100290,A100290,Diagnostic Test,2025-02-05,815.05
T100291,A100291,Physiotherapy,2024-06-26,1640.37
T100292,A100292,Radiology,2024-03-18,6164.25
T100293,A100293,Medication,2025-03-17,11975.36
T100294,A100294,Chemotherapy,2025-07-03,24399.77
T100295,A100295,Medication,2024-08-22,6576.46
T100296,A100296,Consultation,2025-02-03,1146.31
T100297,A100297,Physiotherapy,2024-07-31,4708.14
T100298,A100298,Physiotherapy,2024-07-12,2283.59
T100299,A100299,Physiotherapy,2025-07-27,2239.83
T100300,A100300,Chemotherapy,2025-12-02,26934.23
T100301,A100301,Medication,2024-09-26,11293.54
T100302,A100302,Physiotherapy,2024-05-08,5616.11
T100303,A100303,Emergency Care,2025-12-18,11176.8
T100304,A100304,Consultation,2025-01-18,1885.74
T100305,A100305,Surgery,2025-06-28,35947.28
T100306,A100306,Diagnostic Test,2025-05-18,4006.07
T100307,A100307,Diagnostic Test,2025-02-06,5561.38
T100308,A100308,Medication,2024-09-19,11262.22
T100309,A100309,Radiology,2025-01-23,6361.02
T100310,A100310,Surgery,2025-02-18,107357.78
T100311,A100311,Medication,2024-12-12,4831.52
T100312,A100312,Radiology,2024-04-03,8993.15
T100313,A100313,Emergency Care,2024-11-25,10351.71
T100314,A100314,Diagnostic Test,2024-04-10,4367.26
T100315,A100315,Consultation,2025-04-06,2362.15
T100316,A100316,Medication,2024-11-13,6910.63
T100317,A100317,Chemotherapy,2024-01-26,23729.19
T100318,A100318,Diagnostic Test,2025-05-09,4338.64
T100319,A100319,Medication,2024-12-18,1619.3
T100320,A100320,Medication,2024-04-27,4345.32
T100321,A100321,Emergency Care,2024-07-19,22709.35
T100322,A100322,Surgery,2024-10-05,92386.14
T100323,A100323,Medication,2025-08-05,939.35
T100324,A100324,Consultation,2024-03-22,1775.43
T100325,A100325,Surgery,2025-02-27,41062.2
T100326,A100326,Diagnostic Test,2024-12-19,574.4
T100327,A100327,Diagnostic Test,2025-06-10,1970.46
T100328,A100328,Medication,2025-06-27,9355.6
T100329,A100329,Radiology,2025-10-17,4740.88
T100330,A100330,Consultation,2025-04-22,1251.95
T100331,A100331,Consultation,2024-01-11,2498.17
T100332,A100332,Consultation,2025-07-14,1780.82
T100333,A100333,Radiology,2025-05-17,3153.27
T100334,A100334,Radiology,2024-09-16,2985.57
T100335,A100335,Chemotherapy,2025-06-07,15164.79
T100336,A100336,Emergency Care,2025-08-18,16457.79
T100337,A100337,Diagnostic Test,2024-01-07,5336.18
T100338,A100338,Diagnostic Test,2024-02-05,5229.63
T100339,A100339,Emergency Care,2024-06-25,23677.65
T100340,A100340,Consultation,2025-03-18,839.25
T100341,A100341,Consultation,2025-08-02,1754.23
T100342,A100342,Surgery,2024-05-29,111272.44
T100343,A100343,Consultation,2025-07-23,2330.51
T100344,A100344,Surgery,2024-07-11,43452.63
T100345,A100345,Surgery,2024-01-13,67704.31
T100346,A100346,Medication,2025-06-16,1422.43
T100347,A100347,Physiotherapy,2024-09-03,2919.36
T100348,A100348,Physiotherapy,2025-11-07,7943.87
T100349,A100349,Physiotherapy,2024-04-25,5095.69
T100350,A100350,Diagnostic Test,2024-08-23,5993.13
T100351,A100351,Surgery,2025-11-10,16737.44
T100352,A100352,Physiotherapy,2024-11-20,7799.5
T100353,A100353,Consultation,2025-06-23,1401.65
T100354,A100354,Physiotherapy,2024-05-08,1580.42
T100355,A100355,Emergency Care,2024-11-11,4970.53
T100356,A100356,Consultation,2025-05-25,1384.65
T100357,A100357,Surgery,2025-05-01,64736.52
T100358,A100358,Medication,2024-10-07,1297.69
T100359,A100359,Physiotherapy,2024-10-11,6960.8
T100360,A100360,Diagnostic Test,2025-10-14,3172.96
T100361,A100361,Medication,2025-09-05,4569.62
T100362,A100362,Emergency Care,2025-01-26,14473.35
T100363,A100363,Diagnostic Test,2025-06-09,3181.5
T100364,A100364,Medication,2025-01-17,1507.09
T100365,A100365,Medication,2024-08-06,886.47
T100366,A100366,Chemotherapy,2025-06-28,43930.1
T100367,A100367,Diagnostic Test,2025-08-30,3182.06
T100368,A100368,Chemotherapy,2024-04-27,11225.18
T100369,A100369,Physiotherapy,2025-05-24,5667.37
T100370,A100370,Physiotherapy,2025-05-15,5939.68
T100371,A100371,Consultation,2024-09-28,2449.03
T100372,A100372,Diagnostic Test,2025-03-17,3965.15
T100373,A100373,Consultation,2024-10-17,1267.54
T100374,A100374,Medication,2024-02-10,3092.91
T100375,A100375,Radiology,2024-01-27,5225.82
T100376,A100376,Surgery,2024-02-13,24698.86
T100377,A100377,Diagnostic Test,2024-06-20,3227.96
T100378,A100378,Diagnostic Test,2024-12-06,2303.17
T100379,A100379,Medication,2024-06-19,10009.52
T100380,A100380,Radiology,2025-06-21,7315.54
T100381,A100381,Physiotherapy,2025-11-25,2796.74
T100382,A100382,Emergency Care,2025-04-16,13527.39
T100383,A100383,Chemotherapy,2025-10-24,45843.63
T100384,A100384,Consultation,2025-10-09,1094.16
T100385,A100385,Physiotherapy,2024-05-22,7783.08
T100386,A100386,Surgery,2025-11-09,24630.05
T100387,A100387,Diagnostic Test,2024-04-13,5742.96
T100388,A100388,Surgery,2025-07-31,16752.6
T100389,A100389,Radiology,2025-08-29,5454.39
T100390,A100390,Surgery,2025-12-20,45256.74
T100391,A100391,Radiology,2025-04-19,9715.31
T100392,A100392,Surgery,2024-11-07,104830.88
T100393,A100393,Consultation,2025-08-09,2334.36
T100394,A100394,Medication,2024-03-03,6052.95
T100395,A100395,Radiology,2024-02-01,2131.06
T100396,A100396,Diagnostic Test,2025-06-17,1859.37
T100397,A100397,Diagnostic Test,2024-03-16,3420.03
T100398,A100398,Physiotherapy,2025-01-31,3722.8
T100399,A100399,Diagnostic Test,2025-01-29,2302.19
T100400,A100400,Chemotherapy,2025-04-27,25140.12
T100401,A100401,Radiology,2025-04-19,3260.68
T100402,A100402,Surgery,2024-11-09,71482.48
T100403,A100403,Emergency Care,2025-03-14,18140.92
T100404,A100404,Diagnostic Test,2024-11-20,4301.01
T100405,A100405,Surgery,2024-03-28,19690.83
T100406,A100406,Physiotherapy,2024-12-24,1188.64
T100407,A100407,Medication,2025-11-27,1320.64
T100408,A100408,Diagnostic Test,2024-07-17,597.59
T100409,A100409,Surgery,2025-01-20,61243.09
T100410,A100410,Chemotherapy,2024-04-27,12683.56
T100411,A100411,Consultation,2025-05-13,1540.57
T100412,A100412,Diagnostic Test,2025-04-08,2352.96
T100413,A100413,Consultation,2025-05-10,899.64
T100414,A100414,Medication,2025-08-19,1291.44
T100415,A100415,Consultation,2024-09-06,2112.55
T100416,A100416,Consultation,2024-08-24,2031.57
T100417,A100417,Radiology,2025-02-23,3717.96
T100418,A100418,Physiotherapy,2025-04-11,1909.14
T100419,A100419,Consultation,2025-04-27,1405.78
T100420,A100420,Surgery,2025-01-01,65819.13
T100421,A100421,Emergency Care,2024-06-01,14383.39
T100422,A100422,Chemotherapy,2024-10-01,11229.21
T100423,A100423,Physiotherapy,2025-01-26,5207.07
T100424,A100424,Diagnostic Test,2025-07-02,3965.75
T100425,A100425,Diagnostic Test,2025-12-25,4036.2
T100426,A100426,Physiotherapy,2025-12-26,5384.67
T100427,A100427,Medication,2025-03-05,11494.84
T100428,A100428,Medication,2025-10-13,8604.51
T100429,A100429,Surgery,2024-07-07,48275.66
T100430,A100430,Consultation,2024-09-08,2180.64
T100431,A100431,Consultation,2025-02-01,1533.9
T100432,A100432,Radiology,2025-10-26,1731.68
T100433,A100433,Chemotherapy,2024-08-08,42441.75
T100434,A100434,Chemotherapy,2025-08-18,29112.91
T100435,A100435,Surgery,2024-07-10,112684.74
T100436,A100436,Emergency Care,2024-08-24,10519.06
T100437,A100437,Radiology,2025-11-18,1596.15
T100438,A100438,Surgery,2024-08-19,114412.59
T100439,A100439,Diagnostic Test,2024-12-24,5078.12
T100440,A100440,Physiotherapy,2025-04-25,7855.43
T100441,A100441,Physiotherapy,2025-07-31,2267.07
T100442,A100442,Chemotherapy,2025-03-06,11060.79
T100443,A100443,Consultation,2024-08-25,2416.87
T100444,A100444,Diagnostic Test,2024-02-05,4582.78
T100445,A100445,Consultation,2024-08-02,2256.94
T100446,A100446,Diagnostic Test,2025-07-27,521.76
T100447,A100447,Surgery,2025-01-14,83988.31
T100448,A100448,Consultation,2024-01-04,2009.29
T100449,A100449,Radiology,2025-03-27,4222.48
T100450,A100450,Diagnostic Test,2025-07-25,3103.87
T100451,A100451,Surgery,2025-03-04,28949.82
T100452,A100452,Radiology,2025-10-11,1904.1
T100453,A100453,Consultation,2024-10-07,2177.88
T100454,A100454,Medication,2024-08-01,9919.5
T100455,A100455,Emergency Care,2024-10-14,8065.33
T100456,A100456,Surgery,2025-06-28,100769.11
T100457,A100457,Diagnostic Test,2025-12-20,2502.55
T100458,A100458,Emergency Care,2024-09-30,9357.28
T100459,A100459,Consultation,2024-01-12,2146.7
T100460,A100460,Diagnostic Test,2024-02-16,4386.71
T100461,A100461,Radiology,2025-05-29,6789.14
T100462,A100462,Consultation,2025-10-03,2152.38
T100463,A100463,Consultation,2025-03-16,2267.38
T100464,A100464,Surgery,2025-08-06,114605.93
T100465,A100465,Diagnostic Test,2025-11-02,3929.36
T100466,A100466,Radiology,2025-03-02,2000.31
T100467,A100467,Diagnostic Test,2025-03-08,2446.08
T100468,A100468,Physiotherapy,2024-05-11,1921.57
T100469,A100469,Medication,2024-01-22,1722.41
T100470,A100470,Medication,2025-01-25,11872.75
T100471,A100471,Medication,2024-05-17,2462.83
T100472,A100472,Consultation,2025-06-18,2054.44
T100473,A100473,Consultation,2024-08-09,2129.07
T100474,A100474,Medication,2024-11-29,6049.32
T100475,A100475,Physiotherapy,2024-05-11,1032.29
T100476,A100476,Physiotherapy,2024-02-01,6093.98
T100477,A100477,Physiotherapy,2025-08-25,7664.48
T100478,A100478,Physiotherapy,2025-02-28,6388.19
T100479,A100479,Consultation,2024-10-26,1698.58
T100480,A100480,Diagnostic Test,2025-05-20,3731.42
T100481,A100481,Physiotherapy,2025-11-15,2109.01
T100482,A100482,Consultation,2024-12-25,2301.92
T100483,A100483,Consultation,2025-04-01,1814.91
T100484,A100484,Physiotherapy,2025-02-04,2737.16
T100485,A100485,Radiology,2025-07-14,2083.85
T100486,A100486,Consultation,2025-12-09,1255.02
T100487,A100487,Medication,2025-04-01,9264.29
T100488,A100488,Consultation,2024-02-04,2423.84
T100489,A100489,Diagnostic Test,2024-09-05,1783.82
T100490,A100490,Medication,2024-02-14,3923.43
T100491,A100491,Physiotherapy,2024-05-04,6638.41
T100492,A100492,Medication,2024-01-27,8824.52
T100493,A100493,Consultation,2025-04-09,1010.02
T100494,A100494,Diagnostic Test,2025-07-24,5507.88
T100495,A100495,Emergency Care,2024-05-26,8149.09
T100496,A100496,Medication,2025-05-10,9285.79
T100497,A100497,Physiotherapy,2025-09-20,5558.09
T100498,A100498,Diagnostic Test,2025-05-02,3075.16
T100499,A100499,Emergency Care,2025-04-05,4922.86
T100500,A100500,Diagnostic Test,2025-12-13,5409.12
T100501,A100501,Diagnostic Test,2024-05-08,3417.04
T100502,A100502,Medication,2025-01-12,1624.79
T100503,A100503,Medication,2025-10-28,5878.77
T100504,A100504,Consultation,2024-03-25,976.48
T100505,A100505,Physiotherapy,2025-06-21,3615.7
T100506,A100506,Consultation,2025-06-07,1001.09
T100507,A100507,Consultation,2025-12-02,1245.68
T100508,A100508,Medication,2025-09-20,9793.13
T100509,A100509,Consultation,2025-11-07,1195.43
T100510,A100510,Diagnostic Test,2024-04-15,4008.85
T100511,A100511,Surgery,2025-06-04,39184.8
T100512,A100512,Medication,2024-12-29,7509.17
T100513,A100513,Radiology,2025-11-17,7748.89
T100514,A100514,Diagnostic Test,2024-09-12,1068.1
T100515,A100515,Surgery,2024-09-04,104014.96
T100516,A100516,Emergency Care,2024-07-11,23100.62
T100517,A100517,Surgery,2025-09-19,54097.91
T100518,A100518,Physiotherapy,2025-06-19,7142.81
T100519,A100519,Diagnostic Test,2024-11-11,1138.57
T100520,A100520,Medication,2024-10-02,5277.54
T100521,A100521,Radiology,2025-01-09,2617.84
T100522,A100522,Emergency Care,2025-03-21,24147.41
T100523,A100523,Emergency Care,2025-10-12,20034.54
T100524,A100524,Diagnostic Test,2024-07-13,3910.02
T100525,A100525,Diagnostic Test,2024-09-16,891.35
T100526,A100526,Radiology,2025-08-05,2658.97
T100527,A100527,Medication,2024-12-27,4401.22
T100528,A100528,Surgery,2025-07-04,38915.17
T100529,A100529,Consultation,2024-04-18,1328.89
T100530,A100530,Diagnostic Test,2024-01-24,5826.28
T100531,A100531,Consultation,2025-10-16,2162.77
T100532,A100532,Medication,2025-04-10,1118.91
T100533,A100533,Radiology,2024-01-24,1693.48
T100534,A100534,Diagnostic Test,2025-05-16,752.1
T100535,A100535,Diagnostic Test,2025-12-16,4457.22
T100536,A100536,Radiology,2025-05-18,5720.1
T100537,A100537,Surgery,2025-08-16,30538.71
T100538,A100538,Physiotherapy,2025-02-13,7577.54
T100539,A100539,Consultation,2024-11-28,1141.37
T100540,A100540,Diagnostic Test,2025-12-04,4470.32
T100541,A100541,Medication,2024-10-13,11982.42
T100542,A100542,Consultation,2024-05-26,2483.92
T100543,A100543,Consultation,2025-01-19,1852.87
T100544,A100544,Diagnostic Test,2024-01-13,1342.06
T100545,A100545,Consultation,2024-10-02,2487.78
T100546,A100546,Emergency Care,2025-07-24,18988.14
T100547,A100547,Diagnostic Test,2025-11-18,5048.08
T100548,A100548,Emergency Care,2024-10-31,24589.67
T100549,A100549,Radiology,2024-07-23,2988.18
T100550,A100550,Diagnostic Test,2024-12-11,2272.08
T100551,A100551,Medication,2024-09-23,3177.39
T100552,A100552,Diagnostic Test,2024-01-23,5950.25
T100553,A100553,Physiotherapy,2025-06-22,5581.25
T100554,A100554,Diagnostic Test,2025-12-06,2208.16
T100555,A100555,Surgery,2024-04-07,53885.9
T100556,A100556,Physiotherapy,2025-03-21,4178.49
T100557,A100557,Surgery,2024-09-22,61054.62
T100558,A100558,Physiotherapy,2025-08-07,2214.95
T100559,A100559,Diagnostic Test,2025-01-17,5210.68
T100560,A100560,Surgery,2025-07-06,96101.07
T100561,A100561,Diagnostic Test,2025-01-27,5524.94
T100562,A100562,Emergency Care,2025-08-26,14561.4
T100563,A100563,Medication,2025-06-23,8162.14
T100564,A100564,Diagnostic Test,2024-04-04,4646.89
T100565,A100565,Medication,2025-07-22,7253.24
T100566,A100566,Surgery,2024-06-09,88934.49
T100567,A100567,Radiology,2024-08-17,5899.59
T100568,A100568,Emergency Care,2025-04-20,11787.74
T100569,A100569,Consultation,2025-01-06,2470.91
T100570,A100570,Emergency Care,2025-01-12,13505.86
T100571,A100571,Consultation,2025-07-09,2224.44
T100572,A100572,Diagnostic Test,2024-02-07,3789.18
T100573,A100573,Radiology,2025-09-30,3596.73
T100574,A100574,Consultation,2025-11-21,991.93
T100575,A100575,Radiology,2024-02-08,9252.44
T100576,A100576,Physiotherapy,2024-04-12,3361.04
T100577,A100577,Radiology,2025-06-28,3798.95
T100578,A100578,Medication,2024-07-08,9042.41
T100579,A100579,Emergency Care,2025-05-29,17211.6
T100580,A100580,Medication,2025-10-21,8030.03
T100581,A100581,Surgery,2024-04-01,28831.79
T100582,A100582,Emergency Care,2024-01-09,8458.32
T100583,A100583,Consultation,2024-05-19,1642.92
T100584,A100584,Medication,2024-04-06,10464.81
T100585,A100585,Medication,2025-09-25,5277.13
T100586,A100586,Diagnostic Test,2025-09-24,1279.95
T100587,A100587,Consultation,2025-01-22,1480.54
T100588,A100588,Surgery,2024-05-04,45617.8
T100589,A100589,Radiology,2024-10-11,9952.4
T100590,A100590,Medication,2025-01-01,4697.64
T100591,A100591,Physiotherapy,2025-11-22,5309.09
T100592,A100592,Physiotherapy,2025-05-07,5023.14
T100593,A100593,Diagnostic Test,2024-11-22,1435.47
T100594,A100594,Diagnostic Test,2025-02-11,1215.72
T100595,A100595,Radiology,2025-06-02,1355.49
T100596,A100596,Consultation,2025-10-02,1033.6
T100597,A100597,Medication,2024-03-19,8802.11
T100598,A100598,Emergency Care,2024-08-22,16918.3
T100599,A100599,Medication,2025-08-11,3623.27
T100600,A100600,Radiology,2025-04-30,3093.92
T100601,A100601,Diagnostic Test,2025-04-08,672.78
T100602,A100602,Consultation,2024-09-29,1281.27
T100603,A100603,Diagnostic Test,2025-04-14,2349.81
T100604,A100604,Medication,2025-04-15,10421.65
T100605,A100605,Medication,2025-09-24,459.67
T100606,A100606,Medication,2025-07-02,3388.01
T100607,A100607,Surgery,2025-12-22,115057.64
T100608,A100608,Emergency Care,2024-09-28,21742.18
T100609,A100609,Physiotherapy,2025-08-29,7172.6
T100610,A100610,Emergency Care,2025-01-13,3062.67
T100611,A100611,Consultation,2024-06-25,1415.84
T100612,A100612,Emergency Care,2024-10-01,13581.11
T100613,A100613,Physiotherapy,2025-11-21,1754.2
T100614,A100614,Emergency Care,2025-10-04,4767.73
T100615,A100615,Medication,2025-09-29,4480.07
T100616,A100616,Consultation,2024-01-30,2365.33
T100617,A100617,Diagnostic Test,2025-07-29,2702.45
T100618,A100618,Consultation,2024-03-03,2086.42
T100619,A100619,Consultation,2026-01-01,1816.7
T100620,A100620,Emergency Care,2024-08-04,22523.16
T100621,A100621,Emergency Care,2025-11-11,10336.15
T100622,A100622,Chemotherapy,2025-10-22,16656.02
T100623,A100623,Consultation,2024-09-28,1032.68
T100624,A100624,Surgery,2024-04-26,34764.44
T100625,A100625,Radiology,2024-09-02,8316.75
T100626,A100626,Diagnostic Test,2025-10-22,3641.71
T100627,A100627,Surgery,2025-08-26,72294.8
T100628,A100628,Diagnostic Test,2024-03-25,1176.55
T100629,A100629,Physiotherapy,2025-08-22,2243.69
T100630,A100630,Physiotherapy,2025-09-26,2436.94
T100631,A100631,Diagnostic Test,2025-03-26,4639.88
T100632,A100632,Surgery,2025-06-22,88034.39
T100633,A100633,Surgery,2024-03-29,76270.67
T100634,A100634,Radiology,2025-07-03,2095.26
T100635,A100635,Physiotherapy,2025-05-22,2078.93
T100636,A100636,Consultation,2025-02-14,1237.39
T100637,A100637,Consultation,2024-09-27,2212.47
T100638,A100638,Radiology,2025-06-07,7556.31
T100639,A100639,Emergency Care,2025-05-08,23125.61
T100640,A100640,Medication,2025-08-31,698.63
T100641,A100641,Diagnostic Test,2025-03-26,5016.84
T100642,A100642,Diagnostic Test,2025-06-28,632.13
T100643,A100643,Physiotherapy,2024-12-17,5658.29
T100644,A100644,Medication,2024-11-24,7904.06
T100645,A100645,Chemotherapy,2024-10-13,23396.51
T100646,A100646,Chemotherapy,2024-02-06,47442.93
T100647,A100647,Diagnostic Test,2025-06-19,2822.57
T100648,A100648,Radiology,2025-09-15,6773.75
T100649,A100649,Diagnostic Test,2025-05-05,3966.29
T100650,A100650,Radiology,2025-05-02,8957.37
T100651,A100651,Consultation,2024-05-24,1946.06
T100652,A100652,Diagnostic Test,2025-06-09,4188.5
T100653,A100653,Consultation,2024-05-26,1813.95
T100654,A100654,Diagnostic Test,2025-05-17,1050.88
T100655,A100655,Diagnostic Test,2025-08-29,2155.55
T100656,A100656,Physiotherapy,2025-09-19,4215.86
T100657,A100657,Physiotherapy,2025-06-10,2752.26
T100658,A100658,Medication,2024-09-29,2237.26
T100659,A100659,Radiology,2025-06-17,5702.93
T100660,A100660,Surgery,2025-09-21,102692.77
T100661,A100661,Medication,2024-04-05,7718.79
T100662,A100662,Diagnostic Test,2025-03-25,4320.68
T100663,A100663,Medication,2025-02-19,1954.92
T100664,A100664,Consultation,2024-09-14,2155.8
T100665,A100665,Medication,2024-09-20,1598.67
T100666,A100666,Diagnostic Test,2024-03-29,2051.19
T100667,A100667,Surgery,2025-03-13,107079.59
T100668,A100668,Physiotherapy,2025-07-25,7452.58
T100669,A100669,Surgery,2024-04-20,24207.15
T100670,A100670,Diagnostic Test,2024-01-21,1391.66
T100671,A100671,Physiotherapy,2024-12-30,3508.93
T100672,A100672,Radiology,2025-10-17,7504.89
T100673,A100673,Medication,2025-01-15,2044.15
T100674,A100674,Medication,2024-06-09,2110.37
T100675,A100675,Surgery,2024-04-09,72272.67
T100676,A100676,Medication,2024-09-23,7204.84
T100677,A100677,Medication,2024-02-21,1329.04
T100678,A100678,Physiotherapy,2025-11-08,3835.57
T100679,A100679,Diagnostic Test,2025-02-21,4527.25
T100680,A100680,Medication,2024-03-01,4296.35
T100681,A100681,Diagnostic Test,2024-07-04,1832.12
T100682,A100682,Consultation,2025-10-22,994.38
T100683,A100683,Surgery,2025-03-23,63789.21
T100684,A100684,Emergency Care,2024-10-27,23682.22
T100685,A100685,Surgery,2025-09-01,79475.84
T100686,A100686,Medication,2025-07-08,1078.64
T100687,A100687,Physiotherapy,2024-12-19,2808.81
T100688,A100688,Emergency Care,2024-07-31,19295.62
T100689,A100689,Surgery,2024-07-07,94464.49
T100690,A100690,Medication,2025-10-07,4696.3
T100691,A100691,Emergency Care,2024-12-15,4473.23
T100692,A100692,Surgery,2024-05-18,71370.78
T100693,A100693,Radiology,2024-01-30,7646.44
T100694,A100694,Surgery,2024-05-28,49838.25
T100695,A100695,Diagnostic Test,2025-04-15,4837.68
T100696,A100696,Emergency Care,2025-09-11,10246.16
T100697,A100697,Physiotherapy,2025-05-17,2182.1
T100698,A100698,Chemotherapy,2024-07-10,49944.99
T100699,A100699,Consultation,2025-04-15,1027.23
T100700,A100700,Physiotherapy,2025-11-23,2709.95
T100701,A100701,Physiotherapy,2024-12-13,6973.78
T100702,A100702,Medication,2024-01-01,6417.71
T100703,A100703,Consultation,2024-04-22,1062.17
T100704,A100704,Surgery,2024-03-07,79641.11
T100705,A100705,Medication,2024-02-24,7155.57
T100706,A100706,Physiotherapy,2024-09-18,4858.8
T100707,A100707,Consultation,2025-06-13,1378.93
T100708,A100708,Surgery,2024-10-31,57699.92
T100709,A100709,Surgery,2024-08-22,94897.54
T100710,A100710,Radiology,2024-03-14,9351.17
T100711,A100711,Consultation,2024-12-25,1782.53
T100712,A100712,Radiology,2025-08-25,9405.43
T100713,A100713,Radiology,2025-04-29,2747.15
T100714,A100714,Physiotherapy,2024-01-09,3030.48
T100715,A100715,Chemotherapy,2025-12-12,51795.43
T100716,A100716,Surgery,2025-12-11,116138.69
T100717,A100717,Consultation,2024-05-16,2313.73
T100718,A100718,Diagnostic Test,2025-02-09,3202.78
T100719,A100719,Medication,2025-09-19,9786.94
T100720,A100720,Diagnostic Test,2025-07-08,1606.24
T100721,A100721,Medication,2025-07-25,4012.25
T100722,A100722,Consultation,2024-07-24,2497.56
T100723,A100723,Consultation,2025-02-16,1103.67
T100724,A100724,Consultation,2025-08-30,1212.39
T100725,A100725,Emergency Care,2024-02-06,18902.35
T100726,A100726,Diagnostic Test,2024-08-20,4179.95
T100727,A100727,Radiology,2024-08-16,7518.89
T100728,A100728,Chemotherapy,2025-11-25,57505.44
T100729,A100729,Consultation,2024-09-19,1003.61
T100730,A100730,Consultation,2024-05-13,1782.36
T100731,A100731,Surgery,2025-08-02,41995.95
T100732,A100732,Medication,2025-03-26,4912.92
T100733,A100733,Medication,2024-07-04,4093.74
T100734,A100734,Surgery,2025-09-20,112723.71
T100735,A100735,Medication,2024-07-07,11372.37
T100736,A100736,Physiotherapy,2024-10-02,4487.56
T100737,A100737,Physiotherapy,2025-10-25,6101.61
T100738,A100738,Consultation,2024-12-18,1159.47
T100739,A100739,Medication,2025-02-19,4254.52
T100740,A100740,Physiotherapy,2024-06-01,5607.57
T100741,A100741,Diagnostic Test,2025-01-19,4198.62
T100742,A100742,Medication,2024-02-05,10934.87
T100743,A100743,Consultation,2024-11-24,2082.57
T100744,A100744,Physiotherapy,2025-04-12,6898.73
T100745,A100745,Medication,2025-04-10,9933.42
T100746,A100746,Diagnostic Test,2024-04-05,1992.07
T100747,A100747,Chemotherapy,2024-05-16,50681.87
T100748,A100748,Radiology,2024-06-11,3015.81
T100749,A100749,Physiotherapy,2025-07-12,1088.21
T100750,A100750,Surgery,2024-10-28,79656.79
T100751,A100751,Diagnostic Test,2024-12-23,2504.07
T100752,A100752,Radiology,2024-08-27,7096.09
T100753,A100753,Diagnostic Test,2025-07-17,1722.64
T100754,A100754,Medication,2025-08-08,3231.17
T100755,A100755,Diagnostic Test,2024-06-17,5447.55
T100756,A100756,Diagnostic Test,2024-05-21,4156.42
T100757,A100757,Medication,2024-05-19,1343.86
T100758,A100758,Emergency Care,2024-08-25,10707.55
T100759,A100759,Surgery,2024-01-05,83276.73
T100760,A100760,Medication,2024-09-12,8683.22
T100761,A100761,Diagnostic Test,2025-01-05,3233.66
T100762,A100762,Diagnostic Test,2024-10-06,1885.73
T100763,A100763,Diagnostic Test,2025-06-02,4180.15
T100764,A100764,Chemotherapy,2024-07-30,14195.96
T100765,A100765,Emergency Care,2024-08-04,20425.98
T100766,A100766,Radiology,2024-09-26,7851.27
T100767,A100767,Consultation,2025-04-23,1289.07
T100768,A100768,Medication,2025-06-12,1010.7
T100769,A100769,Medication,2024-03-04,1345.07
T100770,A100770,Radiology,2025-04-06,4954.35
T100771,A100771,Radiology,2024-01-19,2816.05
T100772,A100772,Surgery,2025-07-18,60831.73
T100773,A100773,Diagnostic Test,2024-01-20,814.28
T100774,A100774,Consultation,2024-11-22,1553.13
T100775,A100775,Medication,2024-04-03,10861.66
T100776,A100776,Diagnostic Test,2024-01-17,4230.55
T100777,A100777,Emergency Care,2025-09-15,4425.97
T100778,A100778,Consultation,2025-05-03,943.39
T100779,A100779,Emergency Care,2024-04-03,14169.29
T100780,A100780,Medication,2024-01-11,3384.83
T100781,A100781,Medication,2025-12-25,5467.2
T100782,A100782,Medication,2025-06-13,9286.46
T100783,A100783,Physiotherapy,2025-05-03,3752.97
T100784,A100784,Consultation,2024-05-24,1310.88
T100785,A100785,Chemotherapy,2025-07-08,54765.77
T100786,A100786,Radiology,2025-05-29,7479.44
T100787,A100787,Radiology,2025-04-16,6783.0
T100788,A100788,Medication,2025-01-12,1141.0
T100789,A100789,Physiotherapy,2025-10-31,4506.16
T100790,A100790,Surgery,2025-05-08,108949.08
T100791,A100791,Consultation,2025-11-18,2198.04
T100792,A100792,Diagnostic Test,2025-04-28,854.08
T100793,A100793,Diagnostic Test,2025-03-30,4630.47
T100794,A100794,Consultation,2025-06-22,2285.49
T100795,A100795,Diagnostic Test,2024-03-15,1841.82
T100796,A100796,Medication,2024-02-11,6395.49
T100797,A100797,Surgery,2024-10-31,107987.98
T100798,A100798,Diagnostic Test,2025-07-07,5343.43
T100799,A100799,Chemotherapy,2024-03-03,30639.09
T100800,A100800,Radiology,2025-05-20,5663.07
T100801,A100801,Consultation,2024-09-03,980.51
T100802,A100802,Medication,2024-01-18,6551.83
T100803,A100803,Physiotherapy,2025-10-13,7027.49
T100804,A100804,Consultation,2025-02-01,1093.73
T100805,A100805,Consultation,2025-08-17,1579.08
T100806,A100806,Diagnostic Test,2024-07-10,4037.79
T100807,A100807,Medication,2025-09-11,868.25
T100808,A100808,Emergency Care,2024-04-14,3804.21
T100809,A100809,Medication,2025-10-07,10232.95
T100810,A100810,Emergency Care,2024-12-10,24231.25
T100811,A100811,Emergency Care,2025-01-06,19736.79
T100812,A100812,Medication,2024-02-04,11569.3
T100813,A100813,Surgery,2025-01-08,31110.31
T100814,A100814,Physiotherapy,2024-06-27,7091.28
T100815,A100815,Radiology,2024-01-13,9171.71
T100816,A100816,Emergency Care,2025-03-31,9383.01
T100817,A100817,Physiotherapy,2025-10-04,5537.19
T100818,A100818,Surgery,2024-09-05,47113.87
T100819,A100819,Medication,2025-03-26,1578.85
T100820,A100820,Consultation,2025-07-23,2182.21
T100821,A100821,Consultation,2024-01-06,2340.12
T100822,A100822,Diagnostic Test,2024-08-25,1105.39
T100823,A100823,Radiology,2024-06-22,6904.08
T100824,A100824,Diagnostic Test,2024-11-20,5840.71
T100825,A100825,Consultation,2025-01-06,1264.31
T100826,A100826,Diagnostic Test,2025-07-01,4630.47
T100827,A100827,Diagnostic Test,2024-10-25,2767.61
T100828,A100828,Emergency Care,2025-02-05,4401.58
T100829,A100829,Emergency Care,2024-02-29,18393.67
T100830,A100830,Physiotherapy,2025-06-15,2721.41
T100831,A100831,Radiology,2025-07-02,6448.47
T100832,A100832,Diagnostic Test,2025-02-14,888.82
T100833,A100833,Medication,2025-10-04,1706.63
T100834,A100834,Emergency Care,2025-05-30,3126.91
T100835,A100835,Diagnostic Test,2024-03-05,1698.14
T100836,A100836,Emergency Care,2025-07-27,5874.95
T100837,A100837,Consultation,2025-02-24,1299.23
T100838,A100838,Medication,2024-05-27,2688.12
T100839,A100839,Radiology,2024-09-28,3519.66
T100840,A100840,Medication,2024-01-20,1806.07
T100841,A100841,Diagnostic Test,2024-04-10,1476.77
T100842,A100842,Radiology,2025-03-28,3681.51
T100843,A100843,Diagnostic Test,2024-09-01,2899.52
T100844,A100844,Surgery,2025-04-24,42591.29
T100845,A100845,Diagnostic Test,2024-07-20,1530.92
T100846,A100846,Medication,2025-04-17,7747.44
T100847,A100847,Surgery,2024-06-29,53071.17
T100848,A100848,Consultation,2025-05-25,1825.71
T100849,A100849,Physiotherapy,2025-03-29,3796.49
T100850,A100850,Consultation,2024-09-26,1503.29
T100851,A100851,Medication,2024-08-23,4701.16
T100852,A100852,Radiology,2025-09-15,8702.34
T100853,A100853,Medication,2025-05-01,4789.66
T100854,A100854,Chemotherapy,2025-08-03,40071.43
T100855,A100855,Surgery,2024-12-03,64016.04
T100856,A100856,Emergency Care,2025-03-24,16032.85
T100857,A100857,Consultation,2025-08-09,1132.83
T100858,A100858,Radiology,2024-12-24,2245.35
T100859,A100859,Physiotherapy,2024-02-20,5133.88
T100860,A100860,Medication,2025-05-12,11802.84
T100861,A100861,Diagnostic Test,2024-12-13,1918.46
T100862,A100862,Medication,2025-12-05,317.94
T100863,A100863,Medication,2024-10-21,10980.38
T100864,A100864,Consultation,2025-11-19,1023.72
T100865,A100865,Chemotherapy,2025-11-05,53360.4
T100866,A100866,Medication,2024-05-29,6317.19
T100867,A100867,Consultation,2025-08-06,1103.99
T100868,A100868,Surgery,2025-06-28,35672.74
T100869,A100869,Diagnostic Test,2024-09-17,3399.47
T100870,A100870,Consultation,2024-11-18,2150.92
T100871,A100871,Emergency Care,2024-03-19,20834.5
T100872,A100872,Physiotherapy,2024-04-20,2666.17
T100873,A100873,Diagnostic Test,2025-10-14,4410.48
T100874,A100874,Physiotherapy,2025-06-30,4357.2
T100875,A100875,Radiology,2025-02-27,6659.32
T100876,A100876,Diagnostic Test,2025-01-31,1213.14
T100877,A100877,Emergency Care,2024-08-22,12555.67
T100878,A100878,Chemotherapy,2024-11-28,16162.67
T100879,A100879,Radiology,2025-12-13,5622.43
T100880,A100880,Physiotherapy,2024-11-21,1430.18
T100881,A100881,Consultation,2024-06-02,1027.14
T100882,A100882,Consultation,2025-07-01,1352.71
T100883,A100883,Consultation,2025-09-28,1668.97
T100884,A100884,Emergency Care,2024-02-03,5521.72
T100885,A100885,Diagnostic Test,2024-09-28,5334.75
T100886,A100886,Physiotherapy,2025-09-27,2962.26
T100887,A100887,Emergency Care,2025-01-05,15844.09
T100888,A100888,Emergency Care,2025-05-08,6124.24
T100889,A100889,Surgery,2024-11-11,92556.62
T100890,A100890,Physiotherapy,2025-08-15,4777.68
T100891,A100891,Physiotherapy,2025-08-12,7539.39
T100892,A100892,Medication,2025-07-26,8340.42
T100893,A100893,Medication,2025-08-19,11784.34
T100894,A100894,Diagnostic Test,2025-01-04,4968.38
T100895,A100895,Physiotherapy,2024-03-22,4710.25
T100896,A100896,Diagnostic Test,2024-06-21,1737.67
T100897,A100897,Diagnostic Test,2024-09-17,2372.27
T100898,A100898,Diagnostic Test,2024-10-05,2564.98
T100899,A100899,Consultation,2025-05-21,2352.36
T100900,A100900,Radiology,2025-07-12,3464.78
T100901,A100901,Chemotherapy,2025-05-05,46108.43
T100902,A100902,Physiotherapy,2025-08-10,5116.9
T100903,A100903,Emergency Care,2025-07-22,6780.51
T100904,A100904,Medication,2024-12-02,3439.06
T100905,A100905,Medication,2025-06-05,3622.28
T100906,A100906,Chemotherapy,2024-11-23,18959.76
T100907,A100907,Diagnostic Test,2024-06-23,4814.68
T100908,A100908,Surgery,2024-03-25,47890.65
T100909,A100909,Physiotherapy,2025-06-10,4736.41
T100910,A100910,Diagnostic Test,2025-04-26,4552.39
T100911,A100911,Diagnostic Test,2025-06-29,5827.96
T100912,A100912,Chemotherapy,2025-02-21,55508.66
T100913,A100913,Emergency Care,2024-12-04,7666.39
T100914,A100914,Surgery,2024-11-16,108879.95
T100915,A100915,Diagnostic Test,2024-10-31,5153.74
T100916,A100916,Surgery,2024-09-30,18141.3
T100917,A100917,Diagnostic Test,2025-11-21,5365.34
T100918,A100918,Radiology,2024-04-24,5903.13
T100919,A100919,Chemotherapy,2025-02-10,19578.81
T100920,A100920,Surgery,2024-01-27,119508.96
T100921,A100921,Medication,2024-08-27,3949.09
T100922,A100922,Consultation,2024-11-05,1119.02
T100923,A100923,Surgery,2025-11-15,33165.83
T100924,A100924,Consultation,2024-08-23,1694.76
T100925,A100925,Physiotherapy,2025-07-04,2223.48
T100926,A100926,Consultation,2024-09-22,1683.7
T100927,A100927,Chemotherapy,2024-01-14,46860.82
T100928,A100928,Medication,2025-05-12,11399.12
T100929,A100929,Emergency Care,2024-11-14,11087.18
T100930,A100930,Emergency Care,2025-09-12,24469.85
T100931,A100931,Consultation,2025-10-02,2481.15
T100932,A100932,Medication,2025-01-21,7179.93
T100933,A100933,Consultation,2025-10-05,1314.22
T100934,A100934,Surgery,2024-11-14,104571.09
T100935,A100935,Surgery,2024-09-14,20591.12
T100936,A100936,Physiotherapy,2025-03-19,4084.65
T100937,A100937,Emergency Care,2024-04-26,16943.14
T100938,A100938,Medication,2024-10-28,11781.37
T100939,A100939,Radiology,2024-05-05,7319.45
T100940,A100940,Surgery,2024-09-13,39268.97
T100941,A100941,Consultation,2025-10-15,2250.92
T100942,A100942,Medication,2025-12-21,7995.29
T100943,A100943,Chemotherapy,2024-02-18,53222.94
T100944,A100944,Diagnostic Test,2025-12-30,4327.29
T100945,A100945,Diagnostic Test,2025-04-08,2412.02
T100946,A100946,Consultation,2024-12-17,998.18
T100947,A100947,Emergency Care,2024-05-02,18218.56
T100948,A100948,Surgery,2024-02-03,36332.66
T100949,A100949,Diagnostic Test,2024-02-27,859.84
T100950,A100950,Emergency Care,2024-06-02,9440.35
T100951,A100951,Radiology,2025-04-03,3989.67
T100952,A100952,Chemotherapy,2024-10-12,59625.86
T100953,A100953,Emergency Care,2024-02-07,15396.0
T100954,A100954,Radiology,2024-09-14,9912.07
T100955,A100955,Emergency Care,2024-06-28,19993.72
T100956,A100956,Medication,2025-07-04,6085.24
T100957,A100957,Diagnostic Test,2024-09-11,2063.05
T100958,A100958,Consultation,2025-05-22,1181.13
T100959,A100959,Medication,2025-11-05,3041.34
T100960,A100960,Diagnostic Test,2024-01-23,5238.03
T100961,A100961,Consultation,2024-03-15,1473.85
T100962,A100962,Radiology,2025-12-22,5169.99
T100963,A100963,Diagnostic Test,2025-04-04,3894.57
T100964,A100964,Surgery,2024-06-29,20884.66
T100965,A100965,Medication,2025-01-18,5854.6
T100966,A100966,Surgery,2024-02-08,16678.51
T100967,A100967,Chemotherapy,2024-05-01,47242.62
T100968,A100968,Emergency Care,2025-09-22,3502.66
T100969,A100969,Surgery,2024-01-01,89033.77
T100970,A100970,Consultation,2025-12-21,1141.39
T100971,A100971,Diagnostic Test,2024-11-06,4968.98
T100972,A100972,Physiotherapy,2024-07-29,3215.05
T100973,A100973,Consultation,2024-06-03,2337.67
T100974,A100974,Physiotherapy,2025-11-14,6170.59
T100975,A100975,Medication,2024-11-11,2757.12
T100976,A100976,Consultation,2024-11-03,2303.95
T100977,A100977,Surgery,2025-05-19,17147.9
T100978,A100978,Diagnostic Test,2025-09-13,3914.26
T100979,A100979,Consultation,2025-10-16,2230.16
T100980,A100980,Emergency Care,2025-06-04,5849.13
T100981,A100981,Diagnostic Test,2025-08-30,748.78
T100982,A100982,Medication,2024-04-08,10698.73
T100983,A100983,Medication,2025-05-06,3768.01
T100984,A100984,Medication,2024-01-07,8083.1
T100985,A100985,Surgery,2024-01-14,102947.57
T100986,A100986,Diagnostic Test,2025-05-31,1106.56
T100987,A100987,Medication,2024-12-17,4716.13
T100988,A100988,Radiology,2024-01-07,7596.87
T100989,A100989,Chemotherapy,2025-05-17,13836.21
T100990,A100990,Medication,2025-04-22,9056.22
T100991,A100991,Medication,2025-06-10,10603.36
T100992,A100992,Emergency Care,2024-02-28,20486.07
T100993,A100993,Diagnostic Test,2025-08-13,1814.91
T100994,A100994,Consultation,2025-08-10,2225.64
T100995,A100995,Medication,2024-08-22,8374.23
T100996,A100996,Consultation,2024-02-02,2070.22
T100997,A100997,Consultation,2025-01-04,2070.85
T100998,A100998,Consultation,2025-09-01,1564.87
T100999,A100999,Medication,2024-02-25,10842.69
T101000,A101000,Medication,2024-01-10,1749.79
T101001,A101001,Diagnostic Test,2024-05-27,5772.94
T101002,A101002,Surgery,2024-12-31,15704.89
T101003,A101003,Surgery,2025-08-23,95668.59
T101004,A101004,Medication,2024-09-12,2477.75
T101005,A101005,Consultation,2025-12-02,909.79
T101006,A101006,Radiology,2024-09-11,5593.7
T101007,A101007,Diagnostic Test,2025-03-19,3325.73
T101008,A101008,Diagnostic Test,2024-12-06,4177.85
T101009,A101009,Physiotherapy,2025-05-31,5161.7
T101010,A101010,Emergency Care,2024-12-18,3687.52
T101011,A101011,Diagnostic Test,2025-09-15,1624.13
T101012,A101012,Diagnostic Test,2025-12-08,4438.04
T101013,A101013,Diagnostic Test,2025-10-15,5683.32
T101014,A101014,Medication,2024-11-18,9263.21
T101015,A101015,Radiology,2024-05-19,9873.38
T101016,A101016,Physiotherapy,2025-03-23,1870.03
T101017,A101017,Diagnostic Test,2024-04-05,5771.51
T101018,A101018,Physiotherapy,2025-07-06,3618.12
T101019,A101019,Consultation,2025-02-26,1752.68
T101020,A101020,Consultation,2025-05-28,2459.94
T101021,A101021,Surgery,2024-05-30,61992.4
T101022,A101022,Diagnostic Test,2025-07-07,2230.79
T101023,A101023,Chemotherapy,2024-12-17,49537.51
T101024,A101024,Emergency Care,2024-04-27,18504.15
T101025,A101025,Diagnostic Test,2025-09-24,620.11
T101026,A101026,Physiotherapy,2024-08-26,4395.99
T101027,A101027,Medication,2024-09-29,11101.26
T101028,A101028,Radiology,2024-10-20,6014.52
T101029,A101029,Physiotherapy,2025-03-09,5294.18
T101030,A101030,Diagnostic Test,2024-01-12,3183.02
T101031,A101031,Radiology,2025-09-23,6356.55
T101032,A101032,Surgery,2025-04-20,46054.46
T101033,A101033,Emergency Care,2025-06-08,7471.55
T101034,A101034,Medication,2025-06-20,4888.45
T101035,A101035,Diagnostic Test,2025-11-18,1777.64
T101036,A101036,Chemotherapy,2024-01-12,55531.94
T101037,A101037,Radiology,2025-09-04,2507.67
T101038,A101038,Emergency Care,2024-11-22,8280.59
T101039,A101039,Chemotherapy,2025-08-20,49467.49
T101040,A101040,Diagnostic Test,2024-10-02,1061.13
T101041,A101041,Radiology,2025-01-06,8212.3
T101042,A101042,Medication,2025-05-05,7065.91
T101043,A101043,Surgery,2024-12-12,63358.13
T101044,A101044,Consultation,2025-01-03,2280.01
T101045,A101045,Physiotherapy,2024-11-06,3790.82
T101046,A101046,Radiology,2026-01-03,3606.57
T101047,A101047,Medication,2025-08-25,6653.28
T101048,A101048,Diagnostic Test,2025-05-01,3567.7
T101049,A101049,Consultation,2024-01-17,1008.83
T101050,A101050,Physiotherapy,2025-11-18,6497.23
T101051,A101051,Surgery,2024-01-07,54291.54
T101052,A101052,Medication,2025-01-10,1775.1
T101053,A101053,Medication,2025-01-04,1463.35
T101054,A101054,Radiology,2025-04-10,6173.62
T101055,A101055,Medication,2025-06-19,4673.54
T101056,A101056,Medication,2025-12-21,4012.87
T101057,A101057,Medication,2024-05-16,5681.21
T101058,A101058,Surgery,2024-12-28,98193.25
T101059,A101059,Medication,2024-08-05,2294.94
T101060,A101060,Consultation,2025-01-05,1001.77
T101061,A101061,Physiotherapy,2024-04-26,7096.43
T101062,A101062,Diagnostic Test,2024-06-29,4962.63
T101063,A101063,Diagnostic Test,2024-09-04,1399.49
T101064,A101064,Medication,2024-05-09,6835.24
T101065,A101065,Diagnostic Test,2024-12-23,3490.44
T101066,A101066,Physiotherapy,2024-03-19,6419.03
T101067,A101067,Consultation,2024-10-22,1359.65
T101068,A101068,Physiotherapy,2024-03-25,1448.89
T101069,A101069,Physiotherapy,2024-12-10,2308.22
T101070,A101070,Physiotherapy,2024-12-05,2483.75
T101071,A101071,Radiology,2025-07-31,5292.82
T101072,A101072,Medication,2024-04-06,6191.15
T101073,A101073,Chemotherapy,2024-05-24,20259.47
T101074,A101074,Diagnostic Test,2025-08-02,2253.29
T101075,A101075,Surgery,2025-06-04,97335.81
T101076,A101076,Emergency Care,2025-02-01,3953.35
T101077,A101077,Radiology,2024-12-25,7741.11
T101078,A101078,Physiotherapy,2024-07-06,7844.39
T101079,A101079,Physiotherapy,2025-11-03,6330.67
T101080,A101080,Consultation,2025-06-28,2384.2
T101081,A101081,Emergency Care,2024-06-01,8791.45
T101082,A101082,Diagnostic Test,2024-11-15,3347.8
T101083,A101083,Consultation,2025-11-01,1504.87
T101084,A101084,Consultation,2024-02-29,1264.3
T101085,A101085,Surgery,2024-01-10,19261.24
T101086,A101086,Physiotherapy,2024-05-04,6315.48
T101087,A101087,Surgery,2024-12-24,91075.06
T101088,A101088,Radiology,2024-12-12,6180.51
T101089,A101089,Consultation,2024-08-27,2455.68
T101090,A101090,Consultation,2024-11-29,2274.15
T101091,A101091,Diagnostic Test,2024-01-19,3594.57
T101092,A101092,Consultation,2025-02-27,2364.95
T101093,A101093,Radiology,2024-11-19,6124.87
T101094,A101094,Consultation,2024-01-26,2223.84
T101095,A101095,Surgery,2025-04-06,67645.17
T101096,A101096,Surgery,2025-04-07,99671.61
T101097,A101097,Diagnostic Test,2025-06-05,2958.26
T101098,A101098,Chemotherapy,2025-12-19,38577.44
T101099,A101099,Physiotherapy,2025-07-10,2371.34
T101100,A101100,Consultation,2025-02-24,1851.07
T101101,A101101,Surgery,2025-02-06,98784.58
T101102,A101102,Consultation,2024-11-26,2223.98
T101103,A101103,Medication,2025-04-04,9297.29
T101104,A101104,Medication,2025-04-29,429.98
T101105,A101105,Radiology,2025-05-15,9406.34
T101106,A101106,Physiotherapy,2024-01-27,1408.48
T101107,A101107,Radiology,2025-02-01,7441.31
T101108,A101108,Chemotherapy,2024-07-09,51104.9
T101109,A101109,Consultation,2024-05-21,2104.04
T101110,A101110,Medication,2025-06-04,9331.44
T101111,A101111,Consultation,2024-04-02,1180.2
T101112,A101112,Diagnostic Test,2024-03-19,977.67
T101113,A101113,Diagnostic Test,2024-09-02,3103.82
T101114,A101114,Diagnostic Test,2025-10-30,3974.32
T101115,A101115,Radiology,2025-12-30,8454.62
T101116,A101116,Diagnostic Test,2025-10-24,2438.7
T101117,A101117,Physiotherapy,2024-03-31,6767.58
T101118,A101118,Consultation,2025-09-09,1652.67
T101119,A101119,Medication,2024-10-20,9498.02
T101120,A101120,Diagnostic Test,2024-04-05,1748.15
T101121,A101121,Physiotherapy,2024-09-09,6355.2
T101122,A101122,Emergency Care,2025-07-07,7680.18
T101123,A101123,Medication,2025-02-05,1247.7
T101124,A101124,Medication,2024-02-26,9495.16
T101125,A101125,Emergency Care,2024-09-02,20187.68
T101126,A101126,Diagnostic Test,2024-04-22,1106.06
T101127,A101127,Surgery,2025-09-15,59691.31
T101128,A101128,Physiotherapy,2025-11-17,1217.31
T101129,A101129,Medication,2025-12-03,8747.24
T101130,A101130,Radiology,2024-08-11,8054.58
T101131,A101131,Surgery,2025-07-19,85471.03
T101132,A101132,Physiotherapy,2024-06-13,4687.13
T101133,A101133,Radiology,2024-02-07,2397.11
T101134,A101134,Physiotherapy,2024-02-09,7912.13
T101135,A101135,Diagnostic Test,2025-09-16,1908.85
T101136,A101136,Medication,2025-01-04,10111.54
T101137,A101137,Emergency Care,2024-06-25,4680.56
T101138,A101138,Consultation,2025-06-07,1124.5
T101139,A101139,Physiotherapy,2024-10-04,5811.35
T101140,A101140,Radiology,2025-09-27,1569.26
T101141,A101141,Physiotherapy,2024-04-15,1050.11
T101142,A101142,Consultation,2024-06-04,1846.49
T101143,A101143,Consultation,2024-12-04,1945.65
T101144,A101144,Medication,2024-01-29,8597.47
T101145,A101145,Diagnostic Test,2024-10-25,5251.7
T101146,A101146,Surgery,2025-06-21,48284.63
T101147,A101147,Diagnostic Test,2024-12-23,976.88
T101148,A101148,Radiology,2024-03-11,4699.8
T101149,A101149,Radiology,2024-11-23,3437.9
T101150,A101150,Consultation,2024-06-01,2429.15
T101151,A101151,Radiology,2025-08-01,2967.24
T101152,A101152,Physiotherapy,2025-10-23,5899.25
T101153,A101153,Surgery,2024-11-15,111845.78
T101154,A101154,Consultation,2025-03-30,1938.01
T101155,A101155,Physiotherapy,2025-07-25,1464.76
T101156,A101156,Diagnostic Test,2025-10-31,5593.67
T101157,A101157,Medication,2024-04-24,2032.69
T101158,A101158,Diagnostic Test,2025-09-29,1598.78
T101159,A101159,Chemotherapy,2025-04-07,46440.79
T101160,A101160,Diagnostic Test,2024-12-30,3209.62
T101161,A101161,Physiotherapy,2024-07-24,6446.1
T101162,A101162,Medication,2025-05-02,2223.97
T101163,A101163,Emergency Care,2025-04-24,21846.52
T101164,A101164,Diagnostic Test,2024-01-06,2173.0
T101165,A101165,Emergency Care,2024-05-08,14469.63
T101166,A101166,Physiotherapy,2024-01-27,1794.83
T101167,A101167,Physiotherapy,2024-01-27,3457.51
T101168,A101168,Radiology,2024-02-13,4371.76
T101169,A101169,Physiotherapy,2025-08-07,7767.97
T101170,A101170,Consultation,2024-03-06,2212.73
T101171,A101171,Physiotherapy,2024-01-28,1404.57
T101172,A101172,Surgery,2024-03-14,44993.33
T101173,A101173,Medication,2025-04-29,2718.68
T101174,A101174,Surgery,2024-09-27,48484.77
T101175,A101175,Consultation,2024-04-07,822.3
T101176,A101176,Medication,2025-01-31,9450.67
T101177,A101177,Consultation,2024-12-30,1035.26
T101178,A101178,Consultation,2024-11-10,1144.63
T101179,A101179,Medication,2024-04-29,7976.14
T101180,A101180,Consultation,2024-06-12,1871.74
T101181,A101181,Medication,2025-08-02,9965.92
T101182,A101182,Consultation,2024-11-01,1033.04
T101183,A101183,Radiology,2024-07-21,3136.71
T101184,A101184,Consultation,2024-07-01,2289.57
T101185,A101185,Surgery,2024-12-26,84944.22
T101186,A101186,Surgery,2024-09-11,23289.57
T101187,A101187,Medication,2024-10-26,1399.63
T101188,A101188,Surgery,2025-03-08,71007.79
T101189,A101189,Physiotherapy,2024-01-05,6254.54
T101190,A101190,Radiology,2025-10-17,6861.5
T101191,A101191,Consultation,2025-11-11,1952.56
T101192,A101192,Consultation,2024-09-10,1772.38
T101193,A101193,Physiotherapy,2025-10-26,7169.5
T101194,A101194,Radiology,2025-08-02,9092.85
T101195,A101195,Surgery,2025-07-23,78585.31
T101196,A101196,Medication,2024-04-08,8856.08
T101197,A101197,Diagnostic Test,2024-06-15,3043.49
T101198,A101198,Chemotherapy,2024-11-29,23466.63
T101199,A101199,Radiology,2024-03-02,6798.99
T101200,A101200,Medication,2024-06-25,9837.02
T101201,A101201,Diagnostic Test,2024-09-11,1944.19
T101202,A101202,Surgery,2025-04-06,80722.38
T101203,A101203,Diagnostic Test,2025-09-18,3924.03
T101204,A101204,Surgery,2024-08-02,111475.59
T101205,A101205,Consultation,2024-08-27,2090.78
T101206,A101206,Consultation,2025-02-18,2179.22
T101207,A101207,Diagnostic Test,2025-11-05,3640.16
T101208,A101208,Chemotherapy,2024-05-07,46384.81
T101209,A101209,Surgery,2024-09-10,40705.28
T101210,A101210,Medication,2025-12-14,7082.09
T101211,A101211,Medication,2024-07-17,8048.92
T101212,A101212,Medication,2025-09-28,10055.48
T101213,A101213,Consultation,2025-02-18,1081.69
T101214,A101214,Diagnostic Test,2025-04-03,2297.16
T101215,A101215,Consultation,2024-02-23,2145.44
T101216,A101216,Consultation,2025-10-09,1538.2
T101217,A101217,Consultation,2024-12-04,1623.55
T101218,A101218,Chemotherapy,2024-12-25,40964.3
T101219,A101219,Diagnostic Test,2024-06-02,4499.65
T101220,A101220,Consultation,2024-04-11,1290.09
T101221,A101221,Consultation,2024-08-23,2268.66
T101222,A101222,Medication,2025-06-28,4560.88
T101223,A101223,Medication,2024-03-03,3352.2
T101224,A101224,Diagnostic Test,2024-07-14,4347.57
T101225,A101225,Diagnostic Test,2025-06-27,2479.24
T101226,A101226,Diagnostic Test,2024-04-17,3284.94
T101227,A101227,Diagnostic Test,2024-10-22,2316.65
T101228,A101228,Radiology,2025-10-07,8710.63
T101229,A101229,Emergency Care,2025-03-28,13992.52
T101230,A101230,Medication,2025-06-17,1065.37
T101231,A101231,Surgery,2024-06-04,20954.36
T101232,A101232,Diagnostic Test,2025-02-09,2506.57
T101233,A101233,Radiology,2025-12-27,4786.88
T101234,A101234,Consultation,2025-11-14,863.55
T101235,A101235,Surgery,2025-07-09,104506.21
T101236,A101236,Physiotherapy,2025-07-27,4546.1
T101237,A101237,Diagnostic Test,2025-01-10,3513.19
T101238,A101238,Consultation,2025-08-11,1908.07
T101239,A101239,Physiotherapy,2025-04-01,2523.08
T101240,A101240,Medication,2024-07-23,6418.27
T101241,A101241,Medication,2025-03-28,2907.46
T101242,A101242,Emergency Care,2024-07-08,12136.38
T101243,A101243,Diagnostic Test,2025-09-02,3947.61
T101244,A101244,Emergency Care,2025-12-24,8188.91
T101245,A101245,Consultation,2025-01-03,2302.08
T101246,A101246,Consultation,2024-12-06,1299.29
T101247,A101247,Radiology,2024-09-21,3872.97
T101248,A101248,Diagnostic Test,2025-08-11,5566.25
T101249,A101249,Diagnostic Test,2025-06-28,2640.58
T101250,A101250,Consultation,2025-07-07,1032.12
T101251,A101251,Consultation,2024-11-01,1526.85
T101252,A101252,Medication,2025-12-29,4266.86
T101253,A101253,Medication,2025-09-30,6093.1
T101254,A101254,Physiotherapy,2024-06-13,5288.7
T101255,A101255,Diagnostic Test,2025-09-12,2313.2
T101256,A101256,Radiology,2024-03-29,7458.71
T101257,A101257,Diagnostic Test,2024-07-20,2165.28
T101258,A101258,Surgery,2024-09-28,103059.08
T101259,A101259,Diagnostic Test,2024-02-21,5791.55
T101260,A101260,Radiology,2025-05-06,1320.38
T101261,A101261,Radiology,2024-07-16,2224.72
T101262,A101262,Surgery,2024-01-24,68556.26
T101263,A101263,Diagnostic Test,2025-10-26,3926.56
T101264,A101264,Radiology,2024-08-13,9213.12
T101265,A101265,Diagnostic Test,2024-08-08,3967.73
T101266,A101266,Emergency Care,2025-10-25,22014.52
T101267,A101267,Diagnostic Test,2024-09-25,3372.91
T101268,A101268,Surgery,2024-03-16,87411.62
T101269,A101269,Radiology,2024-03-20,9326.92
T101270,A101270,Radiology,2025-06-29,7161.75
T101271,A101271,Physiotherapy,2025-03-12,4378.62
T101272,A101272,Consultation,2024-03-05,1807.89
T101273,A101273,Diagnostic Test,2024-12-22,2866.61
T101274,A101274,Physiotherapy,2024-01-21,2050.35
T101275,A101275,Radiology,2025-11-06,7977.37
T101276,A101276,Consultation,2025-07-22,1504.57
T101277,A101277,Emergency Care,2025-07-30,5085.07
T101278,A101278,Medication,2025-03-14,8536.55
T101279,A101279,Radiology,2025-03-17,7923.61
T101280,A101280,Radiology,2024-01-12,2126.43
T101281,A101281,Consultation,2025-04-15,1574.98
T101282,A101282,Diagnostic Test,2025-09-25,3147.05
T101283,A101283,Surgery,2024-12-16,39623.56
T101284,A101284,Diagnostic Test,2025-08-26,4895.44
T101285,A101285,Physiotherapy,2025-01-07,4715.27
T101286,A101286,Medication,2024-06-26,6996.22
T101287,A101287,Emergency Care,2025-05-29,10875.45
T101288,A101288,Consultation,2024-05-11,1217.35
T101289,A101289,Medication,2025-07-20,9685.42
T101290,A101290,Chemotherapy,2024-10-21,36646.06
T101291,A101291,Consultation,2025-11-29,1209.51
T101292,A101292,Medication,2024-12-19,5285.4
T101293,A101293,Diagnostic Test,2024-08-14,3556.86
T101294,A101294,Emergency Care,2025-06-10,15213.46
T101295,A101295,Physiotherapy,2025-12-10,4904.13
T101296,A101296,Diagnostic Test,2025-05-23,1430.09
T101297,A101297,Emergency Care,2025-01-05,15206.99
T101298,A101298,Diagnostic Test,2025-10-27,2401.62
T101299,A101299,Diagnostic Test,2025-08-15,3618.98
T101300,A101300,Physiotherapy,2025-10-15,5665.42
T101301,A101301,Medication,2025-05-16,2996.45
T101302,A101302,Radiology,2024-04-01,2261.42
T101303,A101303,Physiotherapy,2025-10-20,5230.79
T101304,A101304,Medication,2024-03-12,8408.27
T101305,A101305,Diagnostic Test,2025-03-11,5262.6
T101306,A101306,Diagnostic Test,2025-11-21,1853.01
T101307,A101307,Consultation,2024-12-15,1010.7
T101308,A101308,Surgery,2024-09-20,117213.31
T101309,A101309,Radiology,2024-09-28,1552.11
T101310,A101310,Diagnostic Test,2025-05-23,2788.99
T101311,A101311,Chemotherapy,2025-05-22,34669.9
T101312,A101312,Radiology,2025-09-09,7454.57
T101313,A101313,Emergency Care,2025-02-23,20847.85
T101314,A101314,Physiotherapy,2024-03-14,4903.3
T101315,A101315,Consultation,2024-03-16,849.08
T101316,A101316,Medication,2025-10-16,11978.33
T101317,A101317,Diagnostic Test,2025-05-19,4018.83
T101318,A101318,Emergency Care,2025-07-28,21294.72
T101319,A101319,Physiotherapy,2024-05-27,3901.97
T101320,A101320,Radiology,2024-02-16,1659.62
T101321,A101321,Medication,2024-04-15,1267.33
T101322,A101322,Emergency Care,2024-04-18,19964.07
T101323,A101323,Consultation,2024-11-13,1161.29
T101324,A101324,Surgery,2024-05-02,104914.02
T101325,A101325,Medication,2025-05-16,3252.85
T101326,A101326,Medication,2024-02-13,3332.48
T101327,A101327,Radiology,2024-04-09,2061.19
T101328,A101328,Physiotherapy,2025-12-09,1983.17
T101329,A101329,Consultation,2024-11-08,1016.2
T101330,A101330,Physiotherapy,2024-08-04,1295.23
T101331,A101331,Diagnostic Test,2025-04-08,1802.44
T101332,A101332,Surgery,2025-03-01,17361.01
T101333,A101333,Surgery,2025-01-24,88869.0
T101334,A101334,Physiotherapy,2025-11-29,5313.84
T101335,A101335,Physiotherapy,2024-04-21,2205.3
T101336,A101336,Diagnostic Test,2024-10-01,5241.89
T101337,A101337,Radiology,2024-04-14,3713.9
T101338,A101338,Consultation,2024-07-31,1710.65
T101339,A101339,Diagnostic Test,2024-01-22,4960.62
T101340,A101340,Surgery,2024-06-09,53762.94
T101341,A101341,Diagnostic Test,2024-12-10,1880.73
T101342,A101342,Emergency Care,2025-02-03,21934.77
T101343,A101343,Emergency Care,2025-03-31,4629.26
T101344,A101344,Consultation,2025-11-30,1905.74
T101345,A101345,Surgery,2024-05-23,103059.53
T101346,A101346,Emergency Care,2025-02-01,18624.03
T101347,A101347,Consultation,2025-06-21,1436.22
T101348,A101348,Consultation,2024-05-20,2416.38
T101349,A101349,Radiology,2024-08-30,2395.46
T101350,A101350,Surgery,2024-10-21,89710.64
T101351,A101351,Physiotherapy,2024-03-22,6026.57
T101352,A101352,Medication,2025-07-16,7464.46
T101353,A101353,Physiotherapy,2024-06-22,4399.34
T101354,A101354,Consultation,2025-08-02,2418.93
T101355,A101355,Medication,2025-06-10,5756.33
T101356,A101356,Physiotherapy,2025-06-25,3331.67
T101357,A101357,Medication,2024-04-19,6324.51
T101358,A101358,Emergency Care,2024-08-01,20620.53
T101359,A101359,Consultation,2025-03-16,1077.12
T101360,A101360,Diagnostic Test,2024-11-19,2537.77
T101361,A101361,Consultation,2025-12-15,1761.63
T101362,A101362,Emergency Care,2024-03-26,21547.06
T101363,A101363,Diagnostic Test,2025-01-12,2701.83
T101364,A101364,Physiotherapy,2024-02-23,4853.39
T101365,A101365,Consultation,2025-05-12,1008.22
T101366,A101366,Consultation,2024-09-15,959.99
T101367,A101367,Consultation,2025-08-09,1162.79
T101368,A101368,Diagnostic Test,2024-08-09,4271.01
T101369,A101369,Surgery,2025-10-19,37272.78
T101370,A101370,Consultation,2024-04-12,2291.47
T101371,A101371,Medication,2024-05-09,10815.34
T101372,A101372,Physiotherapy,2024-08-06,2858.26
T101373,A101373,Diagnostic Test,2025-04-24,1078.95
T101374,A101374,Diagnostic Test,2025-04-02,2762.11
T101375,A101375,Consultation,2024-01-22,2149.28
T101376,A101376,Diagnostic Test,2025-11-20,1093.17
T101377,A101377,Physiotherapy,2025-07-13,1694.68
T101378,A101378,Medication,2025-09-22,3163.39
T101379,A101379,Emergency Care,2024-11-26,18239.24
T101380,A101380,Radiology,2025-11-22,4494.15
T101381,A101381,Medication,2025-04-26,8919.5
T101382,A101382,Consultation,2024-12-04,1488.16
T101383,A101383,Diagnostic Test,2024-06-27,934.71
T101384,A101384,Surgery,2025-02-26,119849.0
T101385,A101385,Surgery,2025-04-28,86510.84
T101386,A101386,Consultation,2024-02-18,1873.15
T101387,A101387,Diagnostic Test,2024-02-01,3214.5
T101388,A101388,Consultation,2024-03-25,941.33
T101389,A101389,Medication,2025-05-19,11826.69
T101390,A101390,Emergency Care,2025-07-02,13246.88
T101391,A101391,Consultation,2024-11-24,870.29
T101392,A101392,Chemotherapy,2025-09-02,27163.07
T101393,A101393,Diagnostic Test,2025-03-09,681.02
T101394,A101394,Physiotherapy,2025-08-11,4547.46
T101395,A101395,Medication,2025-11-20,9122.96
T101396,A101396,Diagnostic Test,2024-09-07,5764.89
T101397,A101397,Diagnostic Test,2024-05-14,5138.64
T101398,A101398,Medication,2025-11-22,3472.49
T101399,A101399,Emergency Care,2025-01-01,10634.86
T101400,A101400,Consultation,2025-07-31,1683.57
T101401,A101401,Diagnostic Test,2025-03-01,4267.62
T101402,A101402,Emergency Care,2025-02-20,19199.78
T101403,A101403,Radiology,2025-10-20,8676.16
T101404,A101404,Surgery,2025-05-28,38588.5
T101405,A101405,Consultation,2025-01-19,989.93
T101406,A101406,Medication,2025-01-22,2377.54
T101407,A101407,Medication,2025-03-24,11337.69
T101408,A101408,Diagnostic Test,2025-07-19,1228.01
T101409,A101409,Physiotherapy,2024-10-30,3232.54
T101410,A101410,Medication,2024-04-09,2590.55
T101411,A101411,Diagnostic Test,2024-11-03,1109.0
T101412,A101412,Diagnostic Test,2025-07-11,3397.18
T101413,A101413,Diagnostic Test,2024-02-14,2586.7
T101414,A101414,Radiology,2025-04-15,7594.1
T101415,A101415,Medication,2025-03-17,4892.29
T101416,A101416,Diagnostic Test,2024-11-22,3555.84
T101417,A101417,Radiology,2025-07-24,8421.66
T101418,A101418,Consultation,2024-02-05,1696.75
T101419,A101419,Emergency Care,2025-02-16,12622.16
T101420,A101420,Chemotherapy,2025-09-18,16607.56
T101421,A101421,Physiotherapy,2024-04-23,4915.68
T101422,A101422,Diagnostic Test,2025-05-25,1045.07
T101423,A101423,Chemotherapy,2024-02-26,15244.53
T101424,A101424,Radiology,2025-07-11,5170.4
T101425,A101425,Radiology,2025-12-27,5770.72
T101426,A101426,Consultation,2024-12-18,2069.1
T101427,A101427,Medication,2024-11-24,5641.37
T101428,A101428,Chemotherapy,2025-07-01,41070.76
T101429,A101429,Medication,2024-09-28,11061.83
T101430,A101430,Medication,2024-07-16,11298.18
T101431,A101431,Surgery,2025-02-16,42710.67
T101432,A101432,Physiotherapy,2025-09-29,4192.95
T101433,A101433,Chemotherapy,2024-03-20,36556.85
T101434,A101434,Medication,2025-10-18,5529.6
T101435,A101435,Emergency Care,2024-03-25,24194.45
T101436,A101436,Surgery,2024-05-19,45484.68
T101437,A101437,Consultation,2025-06-25,1682.71
T101438,A101438,Consultation,2025-11-19,1013.73
T101439,A101439,Medication,2025-12-22,7669.32
T101440,A101440,Radiology,2024-11-04,4087.89
T101441,A101441,Radiology,2024-11-07,8288.87
T101442,A101442,Emergency Care,2025-01-22,5868.22
T101443,A101443,Medication,2025-12-25,10593.53
T101444,A101444,Diagnostic Test,2025-07-03,2865.5
T101445,A101445,Physiotherapy,2025-05-21,3851.23
T101446,A101446,Chemotherapy,2025-01-24,48170.87
T101447,A101447,Consultation,2024-10-19,1313.75
T101448,A101448,Diagnostic Test,2024-06-30,5215.98
T101449,A101449,Radiology,2025-11-05,3640.82
T101450,A101450,Diagnostic Test,2025-03-06,4523.51
T101451,A101451,Chemotherapy,2025-06-10,12793.0
T101452,A101452,Radiology,2025-11-13,7368.6
T101453,A101453,Medication,2024-11-10,3372.78
T101454,A101454,Emergency Care,2024-03-21,18994.32
T101455,A101455,Diagnostic Test,2024-01-15,5047.7
T101456,A101456,Emergency Care,2024-02-23,6750.01
T101457,A101457,Diagnostic Test,2025-03-25,1418.65
T101458,A101458,Physiotherapy,2024-03-07,6215.39
T101459,A101459,Physiotherapy,2025-01-06,2189.38
T101460,A101460,Physiotherapy,2025-05-18,1136.89
T101461,A101461,Medication,2025-07-23,1021.17
T101462,A101462,Physiotherapy,2024-04-07,1182.64
T101463,A101463,Consultation,2025-06-19,2342.67
T101464,A101464,Chemotherapy,2024-09-17,53256.09
T101465,A101465,Medication,2025-08-07,6798.25
T101466,A101466,Medication,2024-09-04,6294.28
T101467,A101467,Medication,2024-05-07,3153.37
T101468,A101468,Medication,2025-05-15,6142.47
T101469,A101469,Physiotherapy,2024-02-16,7518.8
T101470,A101470,Consultation,2024-09-25,1769.35
T101471,A101471,Emergency Care,2025-10-02,4250.18
T101472,A101472,Emergency Care,2025-06-27,3814.1
T101473,A101473,Consultation,2024-04-04,2281.35
T101474,A101474,Medication,2024-11-13,2838.57
T101475,A101475,Physiotherapy,2025-09-04,1033.45
T101476,A101476,Diagnostic Test,2024-03-14,4590.71
T101477,A101477,Medication,2025-08-18,9885.68
T101478,A101478,Physiotherapy,2025-03-27,3004.11
T101479,A101479,Diagnostic Test,2025-01-01,5074.05
T101480,A101480,Diagnostic Test,2025-09-14,4924.54
T101481,A101481,Physiotherapy,2025-09-08,4407.54
T101482,A101482,Physiotherapy,2025-02-15,7569.72
T101483,A101483,Chemotherapy,2024-04-03,52233.02
T101484,A101484,Chemotherapy,2025-05-24,11477.19
T101485,A101485,Consultation,2025-06-13,2329.62
T101486,A101486,Radiology,2024-04-22,5962.41
T101487,A101487,Physiotherapy,2025-11-05,4280.78
T101488,A101488,Physiotherapy,2024-03-31,7701.16
T101489,A101489,Diagnostic Test,2025-08-29,2066.39
T101490,A101490,Radiology,2024-09-28,5062.14
T101491,A101491,Emergency Care,2024-09-05,7039.88
T101492,A101492,Consultation,2024-12-26,2282.26
T101493,A101493,Physiotherapy,2025-01-15,1473.77
T101494,A101494,Diagnostic Test,2024-07-24,585.6
T101495,A101495,Consultation,2024-12-12,1058.03
T101496,A101496,Consultation,2025-03-30,1876.7
T101497,A101497,Diagnostic Test,2024-03-09,1146.08
T101498,A101498,Radiology,2025-07-12,9301.75
T101499,A101499,Medication,2024-02-14,8238.01
T101500,A101500,Chemotherapy,2024-08-17,44144.29
T101501,A101501,Chemotherapy,2025-03-20,58630.71
T101502,A101502,Consultation,2024-08-22,897.62
T101503,A101503,Medication,2024-07-20,7938.72
T101504,A101504,Consultation,2025-05-11,2328.5
T101505,A101505,Diagnostic Test,2024-02-04,3892.37
T101506,A101506,Consultation,2024-09-22,1582.35
T101507,A101507,Radiology,2024-04-24,1402.69
T101508,A101508,Diagnostic Test,2025-04-03,1441.66
T101509,A101509,Emergency Care,2024-10-05,23258.27
T101510,A101510,Consultation,2024-05-27,2463.64
T101511,A101511,Diagnostic Test,2024-12-25,3207.59
T101512,A101512,Physiotherapy,2024-01-08,7289.53
T101513,A101513,Emergency Care,2024-12-07,13523.89
T101514,A101514,Physiotherapy,2025-05-11,2114.23
T101515,A101515,Consultation,2024-04-17,945.26
T101516,A101516,Surgery,2024-03-13,102446.54
T101517,A101517,Emergency Care,2024-12-05,23634.37
T101518,A101518,Consultation,2025-11-07,1496.57
T101519,A101519,Diagnostic Test,2024-04-10,1197.86
T101520,A101520,Consultation,2024-11-25,2239.67
T101521,A101521,Radiology,2024-02-05,4218.8
T101522,A101522,Radiology,2024-05-22,5487.69
T101523,A101523,Diagnostic Test,2024-09-02,5962.61
T101524,A101524,Diagnostic Test,2025-12-26,4229.09
T101525,A101525,Radiology,2025-09-24,7550.97
T101526,A101526,Consultation,2025-11-12,1278.23
T101527,A101527,Radiology,2024-08-06,3461.57
T101528,A101528,Consultation,2025-03-10,1299.35
T101529,A101529,Diagnostic Test,2025-12-29,3789.33
T101530,A101530,Medication,2024-02-24,11268.22
T101531,A101531,Consultation,2025-12-22,1965.05
T101532,A101532,Consultation,2025-08-15,1288.49
T101533,A101533,Diagnostic Test,2024-06-01,4030.19
T101534,A101534,Medication,2024-02-26,1925.6
T101535,A101535,Radiology,2025-06-01,4957.12
T101536,A101536,Physiotherapy,2025-03-24,7220.59
T101537,A101537,Medication,2024-02-07,3212.46
T101538,A101538,Physiotherapy,2024-04-29,4906.79
T101539,A101539,Medication,2024-07-15,1200.65
T101540,A101540,Medication,2025-07-21,1324.57
T101541,A101541,Consultation,2025-05-31,917.18
T101542,A101542,Surgery,2025-08-19,37038.21
T101543,A101543,Medication,2025-02-28,5631.48
T101544,A101544,Medication,2025-06-02,11003.85
T101545,A101545,Medication,2025-11-18,4375.03
T101546,A101546,Physiotherapy,2024-05-19,5420.98
T101547,A101547,Diagnostic Test,2025-12-07,3557.81
T101548,A101548,Consultation,2025-10-12,1047.05
T101549,A101549,Consultation,2025-09-20,1607.47
T101550,A101550,Medication,2024-02-13,1937.51
T101551,A101551,Medication,2024-08-08,3916.96
T101552,A101552,Diagnostic Test,2025-07-21,1054.29
T101553,A101553,Diagnostic Test,2024-09-17,1691.04
T101554,A101554,Medication,2025-05-28,4651.09
T101555,A101555,Consultation,2025-01-13,1861.69
T101556,A101556,Consultation,2024-10-17,1034.23
T101557,A101557,Diagnostic Test,2025-04-16,3771.2
T101558,A101558,Chemotherapy,2024-04-14,22128.23
T101559,A101559,Physiotherapy,2024-05-29,1463.66
T101560,A101560,Medication,2024-03-26,11038.64
T101561,A101561,Diagnostic Test,2024-01-28,778.17
T101562,A101562,Surgery,2024-06-25,103415.25
T101563,A101563,Consultation,2025-10-02,2022.83
T101564,A101564,Radiology,2025-02-27,3758.45
T101565,A101565,Consultation,2025-10-15,2020.34
T101566,A101566,Radiology,2024-12-11,3512.63
T101567,A101567,Diagnostic Test,2024-10-31,4866.69
T101568,A101568,Physiotherapy,2024-10-27,1703.64
T101569,A101569,Diagnostic Test,2024-05-16,677.12
T101570,A101570,Emergency Care,2024-02-27,6041.4
T101571,A101571,Emergency Care,2024-02-28,18816.51
T101572,A101572,Chemotherapy,2025-01-09,58379.69
T101573,A101573,Consultation,2025-08-11,1909.96
T101574,A101574,Consultation,2024-12-06,2290.56
T101575,A101575,Emergency Care,2025-04-02,3588.06
T101576,A101576,Surgery,2024-12-23,58106.97
T101577,A101577,Chemotherapy,2024-05-13,38782.48
T101578,A101578,Medication,2025-05-09,5041.63
T101579,A101579,Physiotherapy,2025-07-09,6001.35
T101580,A101580,Physiotherapy,2024-04-20,2551.09
T101581,A101581,Medication,2025-08-07,3372.55
T101582,A101582,Emergency Care,2024-05-06,14157.05
T101583,A101583,Consultation,2024-10-24,1929.46
T101584,A101584,Radiology,2024-06-29,2347.91
T101585,A101585,Physiotherapy,2024-07-16,3101.77
T101586,A101586,Diagnostic Test,2024-04-13,2045.01
T101587,A101587,Surgery,2025-07-28,65848.45
T101588,A101588,Surgery,2024-07-01,116249.27
T101589,A101589,Consultation,2024-01-09,1464.75
T101590,A101590,Medication,2025-02-19,10347.71
T101591,A101591,Consultation,2025-12-21,1481.15
T101592,A101592,Medication,2025-07-20,4085.93
T101593,A101593,Diagnostic Test,2025-11-22,1003.91
T101594,A101594,Radiology,2024-04-14,7448.67
T101595,A101595,Consultation,2024-05-05,1290.67
T101596,A101596,Diagnostic Test,2025-06-30,4355.12
T101597,A101597,Surgery,2025-11-07,53377.52
T101598,A101598,Medication,2024-09-27,484.31
T101599,A101599,Emergency Care,2025-04-13,6476.4
T101600,A101600,Consultation,2024-04-27,2121.72
T101601,A101601,Diagnostic Test,2024-04-03,1692.07
T101602,A101602,Physiotherapy,2025-09-04,2611.08
T101603,A101603,Diagnostic Test,2025-05-01,2333.44
T101604,A101604,Diagnostic Test,2024-03-28,1515.54
T101605,A101605,Radiology,2024-08-24,5939.09
T101606,A101606,Consultation,2024-05-04,1673.97
T101607,A101607,Diagnostic Test,2024-07-22,3974.08
T101608,A101608,Diagnostic Test,2024-02-03,5817.87
T101609,A101609,Emergency Care,2024-12-23,5629.1
T101610,A101610,Radiology,2025-04-10,4583.32
T101611,A101611,Surgery,2025-07-05,67447.75
T101612,A101612,Radiology,2024-04-06,9154.48
T101613,A101613,Physiotherapy,2025-06-08,5427.88
T101614,A101614,Diagnostic Test,2025-12-28,2820.41
T101615,A101615,Diagnostic Test,2025-02-14,783.52
T101616,A101616,Diagnostic Test,2024-04-09,4667.9
T101617,A101617,Medication,2024-09-02,6825.27
T101618,A101618,Consultation,2024-02-28,1949.69
T101619,A101619,Diagnostic Test,2024-12-24,2245.7
T101620,A101620,Physiotherapy,2025-05-08,2799.16
T101621,A101621,Physiotherapy,2024-11-17,5437.65
T101622,A101622,Surgery,2024-01-19,59463.95
T101623,A101623,Emergency Care,2024-12-24,10720.2
T101624,A101624,Diagnostic Test,2024-04-26,1665.31
T101625,A101625,Emergency Care,2024-05-17,11947.45
T101626,A101626,Diagnostic Test,2024-10-22,5636.86
T101627,A101627,Physiotherapy,2025-06-08,1765.9
T101628,A101628,Emergency Care,2024-04-12,6575.38
T101629,A101629,Radiology,2025-01-16,6527.78
T101630,A101630,Surgery,2024-06-04,40259.51
T101631,A101631,Consultation,2025-08-16,2281.67
T101632,A101632,Emergency Care,2025-08-24,21711.79
T101633,A101633,Physiotherapy,2024-04-15,3939.05
T101634,A101634,Radiology,2025-10-05,7186.93
T101635,A101635,Medication,2025-06-12,9381.4
T101636,A101636,Surgery,2024-05-07,49706.83
T101637,A101637,Consultation,2025-02-05,1341.08
T101638,A101638,Consultation,2025-07-27,804.63
T101639,A101639,Medication,2025-06-13,3048.81
T101640,A101640,Consultation,2025-07-12,1958.26
T101641,A101641,Physiotherapy,2025-07-05,4099.38
T101642,A101642,Emergency Care,2024-05-03,16875.75
T101643,A101643,Diagnostic Test,2024-12-28,1742.03
T101644,A101644,Physiotherapy,2024-03-07,5265.4
T101645,A101645,Emergency Care,2025-09-16,8381.32
T101646,A101646,Radiology,2024-04-13,7413.66
T101647,A101647,Consultation,2025-07-16,1066.05
T101648,A101648,Physiotherapy,2024-10-04,3026.4
T101649,A101649,Diagnostic Test,2024-08-15,1635.22
T101650,A101650,Chemotherapy,2024-01-24,11265.31
T101651,A101651,Consultation,2025-11-28,2350.54
T101652,A101652,Diagnostic Test,2024-03-04,915.65
T101653,A101653,Medication,2024-06-05,5158.54
T101654,A101654,Diagnostic Test,2025-01-27,2448.34
T101655,A101655,Diagnostic Test,2024-05-31,1503.27
T101656,A101656,Surgery,2024-12-28,61654.97
T101657,A101657,Consultation,2025-11-12,1656.5
T101658,A101658,Consultation,2025-04-11,1252.82
T101659,A101659,Consultation,2025-10-06,1694.48
T101660,A101660,Medication,2025-02-04,7813.37
T101661,A101661,Surgery,2025-02-08,69633.06
T101662,A101662,Physiotherapy,2024-05-13,7286.44
T101663,A101663,Physiotherapy,2024-07-18,1960.54
T101664,A101664,Medication,2025-10-10,10116.57
T101665,A101665,Diagnostic Test,2024-02-04,1300.68
T101666,A101666,Medication,2025-02-25,5332.04
T101667,A101667,Medication,2025-01-13,2089.43
T101668,A101668,Medication,2025-02-02,7373.02
T101669,A101669,Diagnostic Test,2024-08-10,2400.79
T101670,A101670,Emergency Care,2025-11-30,12944.08
T101671,A101671,Emergency Care,2025-06-03,6608.55
T101672,A101672,Chemotherapy,2025-08-07,33667.98
T101673,A101673,Diagnostic Test,2024-12-07,4549.53
T101674,A101674,Physiotherapy,2025-02-22,7541.29
T101675,A101675,Consultation,2025-04-01,1283.0
T101676,A101676,Emergency Care,2024-10-24,12547.01
T101677,A101677,Diagnostic Test,2024-11-28,4805.61
T101678,A101678,Surgery,2025-12-07,73567.96
T101679,A101679,Physiotherapy,2025-11-12,6178.31
T101680,A101680,Diagnostic Test,2024-12-04,4817.31
T101681,A101681,Diagnostic Test,2024-10-27,4535.06
T101682,A101682,Radiology,2025-11-08,9577.68
T101683,A101683,Radiology,2024-11-08,7638.17
T101684,A101684,Surgery,2025-08-06,27514.03
T101685,A101685,Diagnostic Test,2024-02-25,4906.39
T101686,A101686,Physiotherapy,2025-11-26,1623.86
T101687,A101687,Chemotherapy,2025-06-18,29851.53
T101688,A101688,Radiology,2024-04-15,4289.79
T101689,A101689,Medication,2024-06-25,2133.37
T101690,A101690,Consultation,2024-10-22,982.63
T101691,A101691,Emergency Care,2025-07-04,9366.08
T101692,A101692,Chemotherapy,2025-01-12,44320.05
T101693,A101693,Diagnostic Test,2025-03-28,1632.26
T101694,A101694,Physiotherapy,2025-03-22,7790.88
T101695,A101695,Diagnostic Test,2024-03-01,528.06
T101696,A101696,Diagnostic Test,2025-01-27,3629.58
T101697,A101697,Consultation,2025-01-25,1750.0
T101698,A101698,Diagnostic Test,2024-07-30,2008.64
T101699,A101699,Diagnostic Test,2025-10-28,3775.18
T101700,A101700,Consultation,2025-11-15,1753.9
T101701,A101701,Medication,2025-06-21,8348.1
T101702,A101702,Diagnostic Test,2024-08-29,5302.6
T101703,A101703,Medication,2025-05-05,1475.73
T101704,A101704,Surgery,2025-12-22,102704.35
T101705,A101705,Diagnostic Test,2024-05-04,612.59
T101706,A101706,Diagnostic Test,2024-09-09,838.95
T101707,A101707,Medication,2024-05-21,10918.4
T101708,A101708,Radiology,2025-03-30,7409.6
T101709,A101709,Physiotherapy,2024-06-01,5498.94
T101710,A101710,Consultation,2025-12-29,1680.31
T101711,A101711,Medication,2024-11-06,9426.76
T101712,A101712,Radiology,2025-07-15,7614.24
T101713,A101713,Diagnostic Test,2024-11-14,2391.59
T101714,A101714,Medication,2025-06-13,6095.19
T101715,A101715,Consultation,2024-10-23,1619.97
T101716,A101716,Emergency Care,2024-12-10,12543.3
T101717,A101717,Diagnostic Test,2025-08-04,4249.9
T101718,A101718,Chemotherapy,2025-08-22,50555.32
T101719,A101719,Diagnostic Test,2024-10-09,5754.1
T101720,A101720,Chemotherapy,2024-07-29,30650.65
T101721,A101721,Medication,2025-07-06,8472.7
T101722,A101722,Consultation,2024-04-06,1757.21
T101723,A101723,Diagnostic Test,2025-03-28,1495.16
T101724,A101724,Radiology,2025-01-08,3888.6
T101725,A101725,Emergency Care,2025-10-11,21681.63
T101726,A101726,Chemotherapy,2024-03-13,50388.86
T101727,A101727,Chemotherapy,2025-11-13,52575.46
T101728,A101728,Consultation,2024-11-29,872.31
T101729,A101729,Surgery,2025-01-30,118949.22
T101730,A101730,Radiology,2025-12-11,6103.47
T101731,A101731,Consultation,2024-04-16,1660.32
T101732,A101732,Physiotherapy,2024-04-11,6140.86
T101733,A101733,Medication,2024-12-24,1840.64
T101734,A101734,Radiology,2024-11-24,3211.39
T101735,A101735,Diagnostic Test,2025-09-10,5681.26
T101736,A101736,Chemotherapy,2025-02-01,20340.49
T101737,A101737,Diagnostic Test,2024-02-04,2351.21
T101738,A101738,Emergency Care,2024-06-07,8416.08
T101739,A101739,Physiotherapy,2024-09-29,4383.71
T101740,A101740,Consultation,2025-01-31,2166.73
T101741,A101741,Radiology,2024-07-28,8570.61
T101742,A101742,Medication,2025-08-30,4102.23
T101743,A101743,Surgery,2025-09-13,22793.47
T101744,A101744,Surgery,2024-11-04,26816.69
T101745,A101745,Surgery,2025-09-18,100743.91
T101746,A101746,Physiotherapy,2025-06-22,4001.26
T101747,A101747,Diagnostic Test,2025-04-09,5016.83
T101748,A101748,Medication,2024-09-10,465.45
T101749,A101749,Physiotherapy,2024-09-24,1244.49
T101750,A101750,Consultation,2024-07-30,1336.32
T101751,A101751,Diagnostic Test,2025-07-21,1622.9
T101752,A101752,Diagnostic Test,2025-06-24,4048.59
T101753,A101753,Medication,2025-05-19,7148.21
T101754,A101754,Surgery,2025-05-31,108901.77
T101755,A101755,Diagnostic Test,2025-08-04,4836.54
T101756,A101756,Diagnostic Test,2024-05-29,1054.43
T101757,A101757,Surgery,2025-10-03,108145.55
T101758,A101758,Surgery,2024-03-26,27602.13
T101759,A101759,Physiotherapy,2024-02-14,2377.09
T101760,A101760,Physiotherapy,2024-06-04,4537.17
T101761,A101761,Consultation,2025-10-30,989.69
T101762,A101762,Physiotherapy,2025-03-30,2587.71
T101763,A101763,Diagnostic Test,2025-09-12,2962.41
T101764,A101764,Surgery,2024-10-13,41084.62
T101765,A101765,Diagnostic Test,2024-07-08,5706.33
T101766,A101766,Consultation,2025-09-09,1075.41
T101767,A101767,Medication,2025-09-16,7006.3
T101768,A101768,Emergency Care,2025-04-21,13952.5
T101769,A101769,Diagnostic Test,2025-05-22,2988.8
T101770,A101770,Physiotherapy,2024-05-12,2636.57
T101771,A101771,Surgery,2024-09-30,35028.65
T101772,A101772,Consultation,2025-09-14,1316.35
T101773,A101773,Emergency Care,2024-03-15,16035.92
T101774,A101774,Surgery,2025-03-11,75992.04
T101775,A101775,Consultation,2024-10-21,2113.32
T101776,A101776,Surgery,2025-10-16,46862.29
T101777,A101777,Consultation,2025-03-15,2006.33
T101778,A101778,Radiology,2025-10-29,8963.01
T101779,A101779,Diagnostic Test,2025-10-25,5218.42
T101780,A101780,Medication,2024-03-02,5749.19
T101781,A101781,Radiology,2025-08-22,7019.69
T101782,A101782,Consultation,2025-12-04,2213.7
T101783,A101783,Medication,2024-11-22,2115.9
T101784,A101784,Medication,2024-07-03,11500.72
T101785,A101785,Surgery,2025-03-10,78229.59
T101786,A101786,Diagnostic Test,2025-06-04,2053.42
T101787,A101787,Surgery,2025-10-02,70029.0
T101788,A101788,Surgery,2024-03-26,92347.06
T101789,A101789,Medication,2024-01-28,9907.84
T101790,A101790,Surgery,2024-09-25,47357.72
T101791,A101791,Consultation,2024-10-09,1381.81
T101792,A101792,Consultation,2025-02-01,2190.35
T101793,A101793,Consultation,2025-12-02,2227.01
T101794,A101794,Consultation,2025-01-20,1968.48
T101795,A101795,Diagnostic Test,2025-08-06,4259.0
T101796,A101796,Consultation,2024-11-17,1227.26
T101797,A101797,Medication,2025-09-03,11486.56
T101798,A101798,Surgery,2024-07-14,104272.68
T101799,A101799,Diagnostic Test,2024-08-15,5294.57
T101800,A101800,Consultation,2025-03-28,1132.46
T101801,A101801,Consultation,2024-07-02,2472.47
T101802,A101802,Physiotherapy,2024-11-23,4118.83
T101803,A101803,Diagnostic Test,2025-08-29,4250.29
T101804,A101804,Diagnostic Test,2025-10-19,5442.77
T101805,A101805,Consultation,2024-07-21,971.46
T101806,A101806,Medication,2025-02-07,4023.86
T101807,A101807,Radiology,2025-10-08,4440.23
T101808,A101808,Diagnostic Test,2025-04-19,4756.99
T101809,A101809,Consultation,2025-10-09,1302.46
T101810,A101810,Emergency Care,2024-06-30,11596.78
T101811,A101811,Medication,2025-11-28,4740.67
T101812,A101812,Consultation,2024-01-18,2350.36
T101813,A101813,Medication,2025-04-07,339.8
T101814,A101814,Consultation,2025-09-01,1038.65
T101815,A101815,Consultation,2025-07-02,2378.15
T101816,A101816,Diagnostic Test,2025-02-08,3853.35
T101817,A101817,Physiotherapy,2025-01-30,1634.93
T101818,A101818,Physiotherapy,2024-10-26,4319.15
T101819,A101819,Chemotherapy,2024-12-16,56844.42
T101820,A101820,Consultation,2024-07-05,2084.99
T101821,A101821,Surgery,2024-12-15,41876.23
T101822,A101822,Surgery,2025-09-17,60625.98
T101823,A101823,Surgery,2025-02-15,66525.97
T101824,A101824,Radiology,2024-03-12,7929.99
T101825,A101825,Radiology,2024-11-22,8048.43
T101826,A101826,Medication,2024-08-01,3736.71
T101827,A101827,Radiology,2024-11-04,7589.67
T101828,A101828,Consultation,2024-04-17,2455.35
T101829,A101829,Medication,2024-06-26,1149.1
T101830,A101830,Consultation,2025-03-02,2185.98
T101831,A101831,Chemotherapy,2025-06-14,39672.62
T101832,A101832,Medication,2025-02-22,4753.85
T101833,A101833,Consultation,2024-09-05,2142.53
T101834,A101834,Medication,2024-07-30,4112.74
T101835,A101835,Physiotherapy,2024-08-04,3345.77
T101836,A101836,Consultation,2025-12-15,1650.78
T101837,A101837,Diagnostic Test,2025-03-13,3017.37
T101838,A101838,Surgery,2025-09-12,28967.53
T101839,A101839,Surgery,2024-11-08,17650.43
T101840,A101840,Medication,2025-01-17,7701.72
T101841,A101841,Consultation,2024-09-28,1369.38
T101842,A101842,Physiotherapy,2024-05-03,4663.44
T101843,A101843,Diagnostic Test,2025-02-12,1630.16
T101844,A101844,Physiotherapy,2024-09-02,4974.09
T101845,A101845,Radiology,2024-03-09,4113.28
T101846,A101846,Physiotherapy,2024-08-16,5275.26
T101847,A101847,Physiotherapy,2024-05-17,5738.08
T101848,A101848,Medication,2024-07-15,335.4
T101849,A101849,Consultation,2025-12-09,1533.01
T101850,A101850,Chemotherapy,2025-10-20,46298.26
T101851,A101851,Radiology,2025-10-21,7710.06
T101852,A101852,Consultation,2025-05-05,1447.33
T101853,A101853,Consultation,2025-08-07,2195.63
T101854,A101854,Consultation,2024-12-20,1905.49
T101855,A101855,Diagnostic Test,2025-12-05,5940.56
T101856,A101856,Emergency Care,2025-07-09,14275.49
T101857,A101857,Consultation,2024-06-05,1438.33
T101858,A101858,Medication,2025-04-22,11056.07
T101859,A101859,Diagnostic Test,2024-01-19,2719.06
T101860,A101860,Chemotherapy,2024-03-19,42018.24
T101861,A101861,Medication,2024-02-24,9961.61
T101862,A101862,Radiology,2025-05-29,5253.49
T101863,A101863,Emergency Care,2025-05-20,12720.14
T101864,A101864,Medication,2024-03-04,3675.94
T101865,A101865,Diagnostic Test,2024-05-13,5791.74
T101866,A101866,Surgery,2025-01-19,114118.34
T101867,A101867,Medication,2025-07-17,5750.41
T101868,A101868,Physiotherapy,2025-11-25,3290.57
T101869,A101869,Consultation,2025-06-26,1017.22
T101870,A101870,Diagnostic Test,2025-02-15,3127.65
T101871,A101871,Medication,2024-06-04,10759.95
T101872,A101872,Diagnostic Test,2025-09-27,5280.51
T101873,A101873,Medication,2024-02-21,1659.74
T101874,A101874,Consultation,2024-04-05,1626.01
T101875,A101875,Consultation,2025-11-21,2186.53
T101876,A101876,Diagnostic Test,2025-06-07,5092.55
T101877,A101877,Medication,2025-06-10,11231.58
T101878,A101878,Consultation,2024-12-20,1145.34
T101879,A101879,Medication,2024-02-15,5153.56
T101880,A101880,Diagnostic Test,2024-07-25,5749.32
T101881,A101881,Emergency Care,2026-01-01,8960.73
T101882,A101882,Radiology,2025-03-06,4146.48
T101883,A101883,Diagnostic Test,2024-09-13,1741.12
T101884,A101884,Emergency Care,2024-09-05,14851.45
T101885,A101885,Diagnostic Test,2025-06-16,3413.56
T101886,A101886,Consultation,2024-02-10,2189.16
T101887,A101887,Consultation,2025-04-03,1501.79
T101888,A101888,Radiology,2024-10-06,3401.97
T101889,A101889,Diagnostic Test,2024-07-16,5069.1
T101890,A101890,Emergency Care,2024-03-12,17289.25
T101891,A101891,Medication,2024-09-28,2128.2
T101892,A101892,Consultation,2024-12-02,1769.3
T101893,A101893,Diagnostic Test,2025-08-10,3029.28
T101894,A101894,Medication,2024-11-03,10195.57
T101895,A101895,Physiotherapy,2025-03-04,5211.55
T101896,A101896,Medication,2024-07-17,9556.44
T101897,A101897,Diagnostic Test,2024-03-18,3049.43
T101898,A101898,Surgery,2025-10-20,117942.56
T101899,A101899,Diagnostic Test,2025-06-10,4898.85
T101900,A101900,Diagnostic Test,2025-10-05,3792.31
T101901,A101901,Diagnostic Test,2024-08-20,4970.52
T101902,A101902,Chemotherapy,2024-03-27,26017.08
T101903,A101903,Radiology,2024-06-11,9801.51
T101904,A101904,Medication,2025-02-03,5155.36
T101905,A101905,Consultation,2025-01-07,1429.66
T101906,A101906,Medication,2025-07-16,9514.52
T101907,A101907,Diagnostic Test,2024-08-02,3968.22
T101908,A101908,Consultation,2024-01-03,2106.11
T101909,A101909,Physiotherapy,2025-01-11,6456.85
T101910,A101910,Diagnostic Test,2025-02-15,4001.08
T101911,A101911,Diagnostic Test,2025-09-27,5144.83
T101912,A101912,Physiotherapy,2024-07-21,6084.97
T101913,A101913,Chemotherapy,2024-07-04,38873.49
T101914,A101914,Diagnostic Test,2025-02-14,4686.33
T101915,A101915,Radiology,2025-02-04,5580.9
T101916,A101916,Chemotherapy,2024-08-03,34262.87
T101917,A101917,Diagnostic Test,2024-12-16,2368.09
T101918,A101918,Emergency Care,2025-08-03,21637.5
T101919,A101919,Diagnostic Test,2025-08-19,2146.26
T101920,A101920,Diagnostic Test,2025-10-17,1882.52
T101921,A101921,Diagnostic Test,2024-02-13,1707.68
T101922,A101922,Diagnostic Test,2024-01-04,4132.73
T101923,A101923,Medication,2024-04-03,2633.98
T101924,A101924,Surgery,2024-03-02,106093.84
T101925,A101925,Physiotherapy,2025-02-11,5886.49
T101926,A101926,Physiotherapy,2024-01-20,6528.76
T101927,A101927,Consultation,2025-05-11,1039.4
T101928,A101928,Consultation,2025-05-25,825.46
T101929,A101929,Radiology,2025-08-08,1915.17
T101930,A101930,Consultation,2024-11-28,1951.11
T101931,A101931,Physiotherapy,2024-06-17,1723.18
T101932,A101932,Physiotherapy,2025-11-04,4305.32
T101933,A101933,Physiotherapy,2025-11-13,6621.07
T101934,A101934,Diagnostic Test,2024-07-27,2467.12
T101935,A101935,Consultation,2025-06-06,879.97
T101936,A101936,Surgery,2025-05-19,107757.55
T101937,A101937,Consultation,2024-12-14,2004.04
T101938,A101938,Radiology,2024-10-30,1509.81
T101939,A101939,Physiotherapy,2024-04-25,3271.45
T101940,A101940,Chemotherapy,2025-10-27,28616.21
T101941,A101941,Consultation,2024-03-27,2276.75
T101942,A101942,Emergency Care,2024-04-07,4888.75
T101943,A101943,Physiotherapy,2025-03-03,6389.67
T101944,A101944,Consultation,2025-12-01,2456.05
T101945,A101945,Consultation,2025-03-28,1455.5
T101946,A101946,Chemotherapy,2025-09-17,11188.11
T101947,A101947,Surgery,2025-06-25,40215.61
T101948,A101948,Emergency Care,2025-12-16,5787.75
T101949,A101949,Medication,2024-01-04,9531.55
T101950,A101950,Physiotherapy,2024-03-20,3459.73
T101951,A101951,Surgery,2024-11-19,109324.23
T101952,A101952,Surgery,2024-04-09,110961.52
T101953,A101953,Radiology,2025-09-20,4444.92
T101954,A101954,Surgery,2024-04-19,78496.18
T101955,A101955,Medication,2025-11-09,11346.8
T101956,A101956,Surgery,2025-04-03,24058.18
T101957,A101957,Consultation,2025-05-05,2113.99
T101958,A101958,Radiology,2025-01-05,1631.26
T101959,A101959,Diagnostic Test,2024-12-02,2940.08
T101960,A101960,Diagnostic Test,2025-08-22,3318.52
T101961,A101961,Medication,2024-01-23,6727.84
T101962,A101962,Diagnostic Test,2025-12-22,5169.69
T101963,A101963,Diagnostic Test,2024-11-02,1635.78
T101964,A101964,Consultation,2024-09-30,1549.77
T101965,A101965,Radiology,2025-05-05,3614.23
T101966,A101966,Medication,2025-03-22,7207.2
T101967,A101967,Consultation,2024-10-04,1748.85
T101968,A101968,Physiotherapy,2025-10-14,6512.79
T101969,A101969,Physiotherapy,2025-01-12,2242.47
T101970,A101970,Diagnostic Test,2024-08-21,4988.47
T101971,A101971,Medication,2025-08-17,4377.63
T101972,A101972,Physiotherapy,2025-03-02,4980.99
T101973,A101973,Consultation,2024-02-26,1188.28
T101974,A101974,Surgery,2025-03-17,65137.65
T101975,A101975,Medication,2024-02-06,2248.5
T101976,A101976,Physiotherapy,2024-11-24,5796.78
T101977,A101977,Surgery,2025-03-31,19768.84
T101978,A101978,Consultation,2025-01-24,1821.85
T101979,A101979,Consultation,2025-03-08,2076.86
T101980,A101980,Radiology,2025-04-22,8959.05
T101981,A101981,Surgery,2024-05-06,100854.31
T101982,A101982,Diagnostic Test,2025-06-06,5419.77
T101983,A101983,Radiology,2025-04-28,6607.27
T101984,A101984,Radiology,2024-11-14,1656.34
T101985,A101985,Physiotherapy,2024-05-02,7794.02
T101986,A101986,Consultation,2025-07-01,2122.7
T101987,A101987,Diagnostic Test,2025-08-06,3762.23
T101988,A101988,Chemotherapy,2024-11-10,32973.93
T101989,A101989,Consultation,2025-05-01,965.81
T101990,A101990,Physiotherapy,2025-10-15,1073.27
T101991,A101991,Diagnostic Test,2024-01-12,2893.5
T101992,A101992,Consultation,2024-05-06,2454.79
T101993,A101993,Physiotherapy,2025-10-23,4680.18
T101994,A101994,Diagnostic Test,2024-03-18,2657.57
T101995,A101995,Physiotherapy,2025-08-03,4186.76
T101996,A101996,Diagnostic Test,2025-12-19,2141.41
T101997,A101997,Diagnostic Test,2024-08-23,5872.07
T101998,A101998,Chemotherapy,2025-07-26,16661.64
T101999,A101999,Diagnostic Test,2024-09-10,4323.43
T102000,A102000,Emergency Care,2025-02-09,12932.36
T102001,A102001,Emergency Care,2024-08-31,6356.3
T102002,A102002,Surgery,2025-04-05,76715.52
T102003,A102003,Physiotherapy,2024-10-06,5163.18
T102004,A102004,Surgery,2025-04-16,33873.96
T102005,A102005,Physiotherapy,2024-08-07,4226.84
T102006,A102006,Radiology,2024-08-15,9108.08
T102007,A102007,Medication,2024-04-12,1634.73
T102008,A102008,Diagnostic Test,2025-09-26,5865.41
T102009,A102009,Diagnostic Test,2025-12-30,545.24
T102010,A102010,Chemotherapy,2025-05-23,41140.74
T102011,A102011,Medication,2025-08-09,6870.45
T102012,A102012,Chemotherapy,2024-11-28,10570.19
T102013,A102013,Surgery,2024-08-25,80138.68
T102014,A102014,Diagnostic Test,2024-12-06,4882.44
T102015,A102015,Medication,2025-05-20,983.95
T102016,A102016,Chemotherapy,2024-06-15,35087.64
T102017,A102017,Medication,2025-10-30,8841.9
T102018,A102018,Diagnostic Test,2025-12-23,4861.53
T102019,A102019,Diagnostic Test,2025-12-31,5025.42
T102020,A102020,Surgery,2024-08-08,23565.85
T102021,A102021,Radiology,2025-01-12,7038.85
T102022,A102022,Diagnostic Test,2024-01-15,4463.55
T102023,A102023,Medication,2025-03-10,3514.62
T102024,A102024,Consultation,2024-03-23,2457.83
T102025,A102025,Physiotherapy,2025-03-07,6028.2
T102026,A102026,Surgery,2025-09-19,111292.32
T102027,A102027,Diagnostic Test,2025-04-24,4317.4
T102028,A102028,Physiotherapy,2025-12-07,1910.49
T102029,A102029,Physiotherapy,2025-01-05,2813.78
T102030,A102030,Consultation,2025-10-15,1519.62
T102031,A102031,Surgery,2025-09-30,60009.9
T102032,A102032,Medication,2024-05-22,7853.6
T102033,A102033,Diagnostic Test,2025-12-22,3685.76
T102034,A102034,Consultation,2025-09-18,945.81
T102035,A102035,Diagnostic Test,2025-12-20,5123.03
T102036,A102036,Chemotherapy,2025-04-03,52667.53
T102037,A102037,Diagnostic Test,2025-05-18,5181.76
T102038,A102038,Radiology,2025-02-06,3134.74
T102039,A102039,Physiotherapy,2024-10-17,3232.24
T102040,A102040,Emergency Care,2024-12-23,19189.88
T102041,A102041,Chemotherapy,2024-12-09,30277.82
T102042,A102042,Emergency Care,2024-05-30,12844.15
T102043,A102043,Consultation,2024-07-29,1814.64
T102044,A102044,Diagnostic Test,2024-04-22,682.63
T102045,A102045,Chemotherapy,2025-10-15,11532.46
T102046,A102046,Diagnostic Test,2025-06-21,830.06
T102047,A102047,Consultation,2024-02-18,1178.72
T102048,A102048,Emergency Care,2024-11-27,24590.78
T102049,A102049,Surgery,2024-12-30,25311.27
T102050,A102050,Consultation,2024-01-13,2302.7
T102051,A102051,Diagnostic Test,2024-07-06,1159.68
T102052,A102052,Radiology,2025-05-24,7683.86
T102053,A102053,Radiology,2025-08-03,6802.39
T102054,A102054,Emergency Care,2025-03-22,19017.9
T102055,A102055,Surgery,2024-04-01,24099.83
T102056,A102056,Diagnostic Test,2025-09-14,4635.02
T102057,A102057,Consultation,2025-11-07,1355.44
T102058,A102058,Diagnostic Test,2025-03-25,1884.98
T102059,A102059,Consultation,2025-12-18,1861.75
T102060,A102060,Physiotherapy,2024-02-03,1704.97
T102061,A102061,Radiology,2024-11-22,3323.5
T102062,A102062,Radiology,2024-03-14,6064.53
T102063,A102063,Physiotherapy,2024-09-09,6457.99
T102064,A102064,Medication,2025-03-27,10466.27
T102065,A102065,Surgery,2024-12-22,59778.45
T102066,A102066,Consultation,2025-06-16,2459.24
T102067,A102067,Medication,2024-10-22,9351.82
T102068,A102068,Surgery,2024-10-26,57260.24
T102069,A102069,Diagnostic Test,2024-11-23,2653.25
T102070,A102070,Radiology,2024-10-28,5070.45
T102071,A102071,Physiotherapy,2025-05-26,6230.37
T102072,A102072,Medication,2024-12-05,4041.72
T102073,A102073,Diagnostic Test,2025-08-08,1062.37
T102074,A102074,Medication,2025-01-11,6885.19
T102075,A102075,Diagnostic Test,2025-07-08,3892.72
T102076,A102076,Physiotherapy,2024-04-03,7582.3
T102077,A102077,Consultation,2024-05-11,1028.82
T102078,A102078,Physiotherapy,2025-09-02,4733.93
T102079,A102079,Medication,2024-02-24,2830.97
T102080,A102080,Emergency Care,2025-05-10,19637.37
T102081,A102081,Surgery,2024-08-19,52150.62
T102082,A102082,Diagnostic Test,2025-10-04,4008.7
T102083,A102083,Radiology,2024-07-30,2717.15
T102084,A102084,Medication,2025-05-19,7098.82
T102085,A102085,Medication,2025-05-10,478.65
T102086,A102086,Consultation,2025-11-01,2229.27
T102087,A102087,Surgery,2024-08-23,76994.08
T102088,A102088,Consultation,2024-03-13,1174.87
T102089,A102089,Diagnostic Test,2025-12-17,2340.04
T102090,A102090,Medication,2024-07-07,2054.72
T102091,A102091,Surgery,2025-10-24,85666.14
T102092,A102092,Medication,2024-01-09,4683.69
T102093,A102093,Chemotherapy,2024-11-29,57716.14
T102094,A102094,Diagnostic Test,2025-09-05,5420.8
T102095,A102095,Physiotherapy,2024-01-17,6699.05
T102096,A102096,Medication,2025-10-28,3399.36
T102097,A102097,Radiology,2025-10-31,3764.47
T102098,A102098,Diagnostic Test,2024-04-03,2748.7
T102099,A102099,Emergency Care,2024-09-19,23202.14
T102100,A102100,Physiotherapy,2025-07-04,4315.75
T102101,A102101,Consultation,2024-06-11,962.87
T102102,A102102,Consultation,2024-12-17,1196.64
T102103,A102103,Chemotherapy,2024-06-25,12380.45
T102104,A102104,Diagnostic Test,2024-11-13,816.2
T102105,A102105,Diagnostic Test,2024-01-21,5575.86
T102106,A102106,Medication,2025-05-02,7518.75
T102107,A102107,Consultation,2025-01-03,972.23
T102108,A102108,Diagnostic Test,2024-12-18,3710.32
T102109,A102109,Medication,2025-06-12,11664.9
T102110,A102110,Emergency Care,2025-03-12,3334.16
T102111,A102111,Consultation,2024-09-28,2066.57
T102112,A102112,Consultation,2024-03-09,1099.81
T102113,A102113,Physiotherapy,2024-01-31,3639.67
T102114,A102114,Medication,2024-11-14,1634.93
T102115,A102115,Diagnostic Test,2024-06-13,535.52
T102116,A102116,Diagnostic Test,2024-11-15,1052.37
T102117,A102117,Chemotherapy,2024-01-16,38639.13
T102118,A102118,Diagnostic Test,2024-10-05,5456.02
T102119,A102119,Medication,2025-03-07,552.0
T102120,A102120,Surgery,2025-10-30,21599.25
T102121,A102121,Medication,2025-09-28,2205.72
T102122,A102122,Chemotherapy,2024-09-21,58654.18
T102123,A102123,Surgery,2025-11-15,32873.26
T102124,A102124,Radiology,2025-06-07,5331.02
T102125,A102125,Medication,2024-06-21,789.79
T102126,A102126,Diagnostic Test,2024-12-25,5178.76
T102127,A102127,Consultation,2024-01-16,2410.82
T102128,A102128,Physiotherapy,2025-12-25,6293.58
T102129,A102129,Physiotherapy,2025-11-05,4942.88
T102130,A102130,Emergency Care,2024-08-21,8474.97
T102131,A102131,Physiotherapy,2025-04-21,2252.19
T102132,A102132,Radiology,2025-04-15,5737.29
T102133,A102133,Consultation,2024-06-08,1293.98
T102134,A102134,Radiology,2025-10-01,7099.93
T102135,A102135,Diagnostic Test,2025-07-14,1958.01
T102136,A102136,Emergency Care,2024-09-19,6744.86
T102137,A102137,Surgery,2025-07-27,76062.64
T102138,A102138,Surgery,2025-09-27,94888.16
T102139,A102139,Medication,2025-08-27,1163.04
T102140,A102140,Diagnostic Test,2024-12-26,3905.17
T102141,A102141,Diagnostic Test,2024-09-12,4985.25
T102142,A102142,Surgery,2025-08-25,15665.47
T102143,A102143,Medication,2025-05-31,2919.99
T102144,A102144,Consultation,2024-10-09,1307.58
T102145,A102145,Medication,2024-04-26,464.33
T102146,A102146,Medication,2025-09-04,8232.45
T102147,A102147,Emergency Care,2024-06-10,12226.48
T102148,A102148,Chemotherapy,2024-10-26,42368.87
T102149,A102149,Surgery,2024-10-24,57517.64
T102150,A102150,Physiotherapy,2025-08-16,2217.55
T102151,A102151,Physiotherapy,2024-12-26,4610.35
T102152,A102152,Diagnostic Test,2025-10-22,4477.88
T102153,A102153,Diagnostic Test,2025-06-02,1350.85
T102154,A102154,Consultation,2025-01-13,1401.37
T102155,A102155,Consultation,2025-11-27,2048.57
T102156,A102156,Diagnostic Test,2025-03-01,4110.15
T102157,A102157,Radiology,2025-06-23,9995.98
T102158,A102158,Physiotherapy,2025-07-07,2214.37
T102159,A102159,Emergency Care,2024-06-19,10569.88
T102160,A102160,Diagnostic Test,2025-05-30,1589.5
T102161,A102161,Diagnostic Test,2025-01-01,1842.85
T102162,A102162,Consultation,2025-11-14,1132.71
T102163,A102163,Radiology,2025-03-07,9904.03
T102164,A102164,Consultation,2025-07-22,1898.8
T102165,A102165,Emergency Care,2024-03-25,4862.13
T102166,A102166,Diagnostic Test,2024-11-27,3363.1
T102167,A102167,Physiotherapy,2025-11-23,1579.74
T102168,A102168,Surgery,2024-05-13,56005.63
T102169,A102169,Diagnostic Test,2025-08-20,4020.78
T102170,A102170,Surgery,2025-04-01,19982.69
T102171,A102171,Diagnostic Test,2024-12-20,755.07
T102172,A102172,Medication,2024-12-09,3232.0
T102173,A102173,Medication,2024-04-05,8011.13
T102174,A102174,Consultation,2025-01-18,2371.77
T102175,A102175,Consultation,2024-10-22,1262.06
T102176,A102176,Emergency Care,2024-07-19,24042.48
T102177,A102177,Diagnostic Test,2024-03-19,3515.71
T102178,A102178,Consultation,2025-11-10,1654.72
T102179,A102179,Consultation,2025-07-04,975.45
T102180,A102180,Consultation,2024-08-04,2424.29
T102181,A102181,Diagnostic Test,2025-10-04,4853.08
T102182,A102182,Consultation,2025-10-30,805.51
T102183,A102183,Consultation,2024-06-09,2147.98
T102184,A102184,Emergency Care,2025-07-11,15173.5
T102185,A102185,Medication,2024-07-21,1467.0
T102186,A102186,Diagnostic Test,2024-01-23,4356.96
T102187,A102187,Radiology,2024-12-04,7061.45
T102188,A102188,Chemotherapy,2024-09-01,44100.24
T102189,A102189,Consultation,2024-08-25,2288.57
T102190,A102190,Diagnostic Test,2024-05-31,4680.48
T102191,A102191,Radiology,2025-08-04,9216.66
T102192,A102192,Medication,2024-01-07,4770.74
T102193,A102193,Physiotherapy,2024-08-20,4935.24
T102194,A102194,Medication,2025-08-02,11833.89
T102195,A102195,Consultation,2024-03-19,1803.24
T102196,A102196,Radiology,2025-05-04,4917.12
T102197,A102197,Diagnostic Test,2024-03-29,3069.47
T102198,A102198,Consultation,2024-08-12,2055.85
T102199,A102199,Diagnostic Test,2025-02-16,2508.39
T102200,A102200,Physiotherapy,2025-08-06,1336.77
T102201,A102201,Chemotherapy,2024-07-22,55731.01
T102202,A102202,Physiotherapy,2025-07-27,4373.31
T102203,A102203,Diagnostic Test,2024-10-05,3353.26
T102204,A102204,Physiotherapy,2024-08-11,3533.67
T102205,A102205,Radiology,2024-06-05,9297.01
T102206,A102206,Emergency Care,2024-06-30,7061.01
T102207,A102207,Consultation,2025-12-28,1464.23
T102208,A102208,Consultation,2024-05-10,1444.83
T102209,A102209,Surgery,2024-09-02,67803.29
T102210,A102210,Diagnostic Test,2024-06-22,5830.16
T102211,A102211,Radiology,2025-05-19,2961.9
T102212,A102212,Medication,2025-04-25,7729.66
T102213,A102213,Consultation,2024-09-28,1748.38
T102214,A102214,Medication,2025-02-26,3369.7
T102215,A102215,Diagnostic Test,2024-06-11,2773.5
T102216,A102216,Surgery,2024-01-26,59339.24
T102217,A102217,Consultation,2025-05-14,1193.77
T102218,A102218,Consultation,2024-07-12,1623.63
T102219,A102219,Emergency Care,2025-01-25,7086.73
T102220,A102220,Physiotherapy,2025-05-11,2445.32
T102221,A102221,Physiotherapy,2024-05-09,6943.09
T102222,A102222,Physiotherapy,2025-07-06,7536.72
T102223,A102223,Medication,2025-06-26,4858.83
T102224,A102224,Diagnostic Test,2024-02-06,557.47
T102225,A102225,Medication,2025-04-03,10716.19
T102226,A102226,Emergency Care,2024-12-29,20407.35
T102227,A102227,Diagnostic Test,2024-08-03,2787.87
T102228,A102228,Consultation,2024-10-14,1853.06
T102229,A102229,Consultation,2025-01-04,2353.94
T102230,A102230,Diagnostic Test,2025-04-13,5931.66
T102231,A102231,Consultation,2024-07-04,1592.16
T102232,A102232,Physiotherapy,2025-04-19,4283.97
T102233,A102233,Diagnostic Test,2024-03-02,5291.25
T102234,A102234,Diagnostic Test,2024-09-18,4601.89
T102235,A102235,Consultation,2024-04-21,2153.41
T102236,A102236,Surgery,2024-05-21,79994.05
T102237,A102237,Emergency Care,2025-06-18,11028.09
T102238,A102238,Surgery,2024-03-22,35034.64
T102239,A102239,Physiotherapy,2025-05-09,7669.97
T102240,A102240,Medication,2024-01-31,2079.17
T102241,A102241,Diagnostic Test,2025-06-01,2962.02
T102242,A102242,Emergency Care,2025-05-25,13511.41
T102243,A102243,Medication,2025-09-24,10719.56
T102244,A102244,Radiology,2024-03-09,7448.86
T102245,A102245,Consultation,2025-05-24,1208.87
T102246,A102246,Diagnostic Test,2025-01-08,1602.35
T102247,A102247,Surgery,2024-10-14,114449.06
T102248,A102248,Radiology,2024-06-26,1583.87
T102249,A102249,Radiology,2024-05-03,9074.71
T102250,A102250,Emergency Care,2024-08-19,7796.62
T102251,A102251,Emergency Care,2025-07-09,4979.63
T102252,A102252,Surgery,2024-01-04,44815.41
T102253,A102253,Medication,2025-12-04,6760.82
T102254,A102254,Consultation,2025-02-17,2263.11
T102255,A102255,Medication,2024-09-07,8216.12
T102256,A102256,Consultation,2025-10-18,2114.35
T102257,A102257,Consultation,2025-05-01,2353.45
T102258,A102258,Medication,2024-12-12,364.33
T102259,A102259,Chemotherapy,2024-11-30,42554.57
T102260,A102260,Emergency Care,2025-03-28,11479.98
T102261,A102261,Physiotherapy,2024-06-07,5290.26
T102262,A102262,Physiotherapy,2025-08-01,1370.04
T102263,A102263,Surgery,2024-09-27,30790.35
T102264,A102264,Medication,2025-08-12,8700.06
T102265,A102265,Medication,2025-02-24,10613.07
T102266,A102266,Consultation,2025-03-16,1645.92
T102267,A102267,Consultation,2024-01-31,1129.49
T102268,A102268,Consultation,2024-12-02,2052.54
T102269,A102269,Radiology,2024-08-28,1652.57
T102270,A102270,Medication,2024-06-03,8828.76
T102271,A102271,Medication,2025-08-30,9761.73
T102272,A102272,Diagnostic Test,2024-04-27,835.4
T102273,A102273,Chemotherapy,2026-01-02,30169.16
T102274,A102274,Emergency Care,2025-02-03,5693.03
T102275,A102275,Diagnostic Test,2024-02-03,5012.71
T102276,A102276,Diagnostic Test,2025-06-15,5012.63
T102277,A102277,Diagnostic Test,2024-02-22,5572.78
T102278,A102278,Emergency Care,2025-12-18,5910.47
T102279,A102279,Medication,2026-01-03,8723.11
T102280,A102280,Medication,2024-07-15,10702.25
T102281,A102281,Diagnostic Test,2024-10-31,2922.21
T102282,A102282,Chemotherapy,2025-12-10,26413.56
T102283,A102283,Consultation,2024-12-13,2014.63
T102284,A102284,Surgery,2024-03-23,57682.54
T102285,A102285,Diagnostic Test,2024-01-04,2949.73
T102286,A102286,Medication,2024-06-18,8747.98
T102287,A102287,Medication,2024-11-15,5594.58
T102288,A102288,Consultation,2024-07-03,2201.24
T102289,A102289,Radiology,2024-09-30,7405.14
T102290,A102290,Consultation,2025-11-02,2409.68
T102291,A102291,Consultation,2025-01-07,1716.26
T102292,A102292,Diagnostic Test,2024-12-27,4121.46
T102293,A102293,Radiology,2024-07-19,1721.25
T102294,A102294,Diagnostic Test,2024-07-12,4750.83
T102295,A102295,Diagnostic Test,2024-12-09,3921.67
T102296,A102296,Physiotherapy,2024-10-28,4366.15
T102297,A102297,Radiology,2025-05-21,9753.13
T102298,A102298,Physiotherapy,2025-08-13,3768.35
T102299,A102299,Medication,2024-05-21,1884.32
T102300,A102300,Physiotherapy,2024-11-03,2954.37
T102301,A102301,Medication,2024-07-15,10955.54
T102302,A102302,Diagnostic Test,2024-03-03,1652.99
T102303,A102303,Physiotherapy,2024-12-25,7760.3
T102304,A102304,Physiotherapy,2024-11-02,5756.33
T102305,A102305,Medication,2025-04-24,2661.49
T102306,A102306,Medication,2024-12-01,1076.78
T102307,A102307,Diagnostic Test,2024-03-26,3100.01
T102308,A102308,Emergency Care,2024-12-01,14058.63
T102309,A102309,Emergency Care,2025-06-03,10674.08
T102310,A102310,Medication,2026-01-02,830.2
T102311,A102311,Diagnostic Test,2025-04-18,5585.78
T102312,A102312,Diagnostic Test,2025-01-31,3792.48
T102313,A102313,Physiotherapy,2025-08-24,4391.12
T102314,A102314,Diagnostic Test,2025-12-24,2461.9
T102315,A102315,Medication,2025-11-25,8219.45
T102316,A102316,Consultation,2025-12-20,1697.85
T102317,A102317,Emergency Care,2025-08-02,21652.45
T102318,A102318,Radiology,2025-01-14,6099.06
T102319,A102319,Radiology,2024-01-23,5792.08
T102320,A102320,Radiology,2024-06-26,2946.12
T102321,A102321,Consultation,2024-12-29,925.41
T102322,A102322,Consultation,2024-01-22,1158.91
T102323,A102323,Medication,2025-07-01,2187.84
T102324,A102324,Radiology,2024-09-08,7569.31
T102325,A102325,Physiotherapy,2025-10-24,2789.97
T102326,A102326,Medication,2024-03-15,8206.59
T102327,A102327,Medication,2024-03-31,7103.57
T102328,A102328,Consultation,2024-06-27,1226.3
T102329,A102329,Emergency Care,2024-05-05,16467.78
T102330,A102330,Diagnostic Test,2024-07-24,4326.45
T102331,A102331,Diagnostic Test,2024-09-03,600.98
T102332,A102332,Medication,2025-09-03,6834.11
T102333,A102333,Consultation,2024-09-28,2112.71
T102334,A102334,Emergency Care,2024-02-16,5507.07
T102335,A102335,Diagnostic Test,2025-08-31,2655.74
T102336,A102336,Diagnostic Test,2025-07-03,2126.07
T102337,A102337,Consultation,2024-06-17,1884.72
T102338,A102338,Medication,2025-03-12,9211.43
T102339,A102339,Surgery,2024-01-31,116276.11
T102340,A102340,Diagnostic Test,2025-08-22,3237.12
T102341,A102341,Consultation,2024-12-24,2021.29
T102342,A102342,Diagnostic Test,2025-05-06,3381.06
T102343,A102343,Radiology,2025-09-24,4355.43
T102344,A102344,Radiology,2024-09-04,2999.76
T102345,A102345,Medication,2025-11-26,10688.47
T102346,A102346,Physiotherapy,2024-09-10,5090.42
T102347,A102347,Medication,2025-12-21,7794.58
T102348,A102348,Consultation,2025-01-19,1848.87
T102349,A102349,Emergency Care,2025-06-21,8219.25
T102350,A102350,Medication,2025-09-28,4078.06
T102351,A102351,Physiotherapy,2025-02-22,6913.38
T102352,A102352,Chemotherapy,2024-05-02,32453.61
T102353,A102353,Chemotherapy,2024-10-20,10730.05
T102354,A102354,Emergency Care,2025-11-17,12603.95
T102355,A102355,Physiotherapy,2024-05-25,2628.92
T102356,A102356,Medication,2025-05-25,10386.36
T102357,A102357,Diagnostic Test,2025-11-13,3316.85
T102358,A102358,Diagnostic Test,2024-02-27,5967.71
T102359,A102359,Medication,2024-02-14,680.81
T102360,A102360,Diagnostic Test,2025-09-23,3535.9
T102361,A102361,Diagnostic Test,2024-05-02,788.88
T102362,A102362,Consultation,2024-12-08,1282.94
T102363,A102363,Physiotherapy,2024-11-28,2608.67
T102364,A102364,Medication,2025-04-03,3601.87
T102365,A102365,Physiotherapy,2025-03-14,7865.37
T102366,A102366,Surgery,2024-12-08,44232.79
T102367,A102367,Physiotherapy,2024-12-07,2151.06
T102368,A102368,Surgery,2025-02-22,114891.1
T102369,A102369,Medication,2024-07-03,7615.01
T102370,A102370,Consultation,2025-11-10,1287.16
T102371,A102371,Consultation,2024-09-23,1920.65
T102372,A102372,Physiotherapy,2024-07-29,6520.88
T102373,A102373,Chemotherapy,2025-06-08,10841.75
T102374,A102374,Diagnostic Test,2024-07-02,1792.38
T102375,A102375,Radiology,2025-03-22,6223.82
T102376,A102376,Diagnostic Test,2024-09-07,3309.91
T102377,A102377,Physiotherapy,2024-05-17,3948.95
T102378,A102378,Medication,2024-08-08,660.8
T102379,A102379,Consultation,2025-03-30,2416.84
T102380,A102380,Diagnostic Test,2024-03-28,4432.93
T102381,A102381,Medication,2024-10-20,11944.76
T102382,A102382,Diagnostic Test,2024-04-01,5311.2
T102383,A102383,Medication,2024-07-28,7011.82
T102384,A102384,Physiotherapy,2024-07-24,3465.8
T102385,A102385,Diagnostic Test,2024-07-07,1401.84
T102386,A102386,Physiotherapy,2024-03-26,2479.33
T102387,A102387,Physiotherapy,2025-10-27,7076.04
T102388,A102388,Emergency Care,2024-06-04,21945.25
T102389,A102389,Medication,2024-10-22,10369.44
T102390,A102390,Diagnostic Test,2025-06-18,5233.98
T102391,A102391,Diagnostic Test,2024-06-12,1525.18
T102392,A102392,Physiotherapy,2025-01-23,6975.87
T102393,A102393,Consultation,2025-04-29,1013.04
T102394,A102394,Diagnostic Test,2025-05-17,2779.59
T102395,A102395,Consultation,2024-06-04,2487.56
T102396,A102396,Medication,2024-05-22,8464.21
T102397,A102397,Radiology,2025-09-10,6891.66
T102398,A102398,Medication,2024-10-13,2955.13
T102399,A102399,Diagnostic Test,2025-07-18,4551.68
T102400,A102400,Radiology,2024-02-04,6018.72
T102401,A102401,Medication,2024-08-12,5933.2
T102402,A102402,Physiotherapy,2025-10-29,2637.96
T102403,A102403,Emergency Care,2025-01-30,5744.79
T102404,A102404,Radiology,2025-02-14,3212.55
T102405,A102405,Radiology,2025-12-05,5645.6
T102406,A102406,Consultation,2025-01-24,2439.82
T102407,A102407,Medication,2025-11-29,3255.23
T102408,A102408,Emergency Care,2024-10-24,17905.82
T102409,A102409,Diagnostic Test,2024-11-21,1465.18
T102410,A102410,Consultation,2025-05-05,1492.93
T102411,A102411,Consultation,2025-07-24,1270.1
T102412,A102412,Emergency Care,2024-02-08,10599.36
T102413,A102413,Surgery,2025-05-21,38363.73
T102414,A102414,Diagnostic Test,2025-05-17,5852.47
T102415,A102415,Medication,2025-06-23,4185.17
T102416,A102416,Medication,2024-11-11,10506.11
T102417,A102417,Chemotherapy,2025-05-13,26855.14
T102418,A102418,Surgery,2024-04-26,68821.48
T102419,A102419,Radiology,2024-12-08,9245.31
T102420,A102420,Diagnostic Test,2024-08-27,1701.76
T102421,A102421,Medication,2025-11-17,5693.07
T102422,A102422,Radiology,2025-03-23,9543.3
T102423,A102423,Surgery,2025-05-02,104390.11
T102424,A102424,Diagnostic Test,2025-02-16,3471.71
T102425,A102425,Radiology,2025-09-16,3320.1
T102426,A102426,Radiology,2024-10-27,6004.33
T102427,A102427,Diagnostic Test,2024-02-22,5096.49
T102428,A102428,Medication,2024-10-30,8266.22
T102429,A102429,Diagnostic Test,2024-10-14,3299.31
T102430,A102430,Chemotherapy,2025-10-27,22245.72
T102431,A102431,Consultation,2024-04-27,1882.84
T102432,A102432,Surgery,2025-02-27,46242.45
T102433,A102433,Physiotherapy,2025-10-08,1086.51
T102434,A102434,Chemotherapy,2024-07-28,28986.24
T102435,A102435,Radiology,2024-05-06,2975.9
T102436,A102436,Physiotherapy,2024-10-19,7256.63
T102437,A102437,Emergency Care,2025-06-03,5656.7
T102438,A102438,Consultation,2024-08-12,1376.6
T102439,A102439,Emergency Care,2024-03-20,7725.43
T102440,A102440,Diagnostic Test,2024-12-06,1428.45
T102441,A102441,Physiotherapy,2024-10-03,4466.83
T102442,A102442,Diagnostic Test,2024-04-27,5896.1
T102443,A102443,Surgery,2024-10-19,55109.16
T102444,A102444,Chemotherapy,2024-09-30,34420.76
T102445,A102445,Surgery,2025-03-23,81826.61
T102446,A102446,Chemotherapy,2024-06-05,44646.2
T102447,A102447,Medication,2025-07-27,5576.42
T102448,A102448,Diagnostic Test,2024-07-05,940.71
T102449,A102449,Medication,2025-02-27,10117.7
T102450,A102450,Consultation,2025-10-20,1738.69
T102451,A102451,Surgery,2025-11-04,64165.01
T102452,A102452,Radiology,2025-08-23,8603.58
T102453,A102453,Consultation,2024-01-19,1817.07
T102454,A102454,Diagnostic Test,2024-04-09,1668.29
T102455,A102455,Surgery,2025-09-09,59456.9
T102456,A102456,Physiotherapy,2024-10-27,5817.87
T102457,A102457,Physiotherapy,2025-02-26,7899.5
T102458,A102458,Chemotherapy,2024-11-02,40614.89
T102459,A102459,Consultation,2024-09-30,1130.5
T102460,A102460,Consultation,2024-09-18,829.45
T102461,A102461,Physiotherapy,2024-08-27,3125.01
T102462,A102462,Consultation,2024-11-28,1527.36
T102463,A102463,Surgery,2024-04-26,80386.31
T102464,A102464,Medication,2024-09-25,2578.12
T102465,A102465,Diagnostic Test,2024-01-14,961.22
T102466,A102466,Physiotherapy,2024-03-13,2565.68
T102467,A102467,Radiology,2025-02-10,5902.96
T102468,A102468,Consultation,2024-06-27,1021.41
T102469,A102469,Diagnostic Test,2024-09-18,1344.17
T102470,A102470,Physiotherapy,2025-02-05,7272.76
T102471,A102471,Diagnostic Test,2024-09-27,991.57
T102472,A102472,Medication,2025-09-24,8478.16
T102473,A102473,Physiotherapy,2025-11-14,1172.8
T102474,A102474,Diagnostic Test,2025-05-02,3728.45
T102475,A102475,Radiology,2025-08-02,8459.02
T102476,A102476,Radiology,2024-03-01,5902.36
T102477,A102477,Emergency Care,2025-10-05,8619.74
T102478,A102478,Surgery,2024-09-25,17133.0
T102479,A102479,Surgery,2024-03-15,16046.1
T102480,A102480,Radiology,2024-04-02,8426.87
T102481,A102481,Chemotherapy,2025-05-20,41395.53
T102482,A102482,Medication,2024-12-25,5624.13
T102483,A102483,Consultation,2024-06-05,1660.59
T102484,A102484,Surgery,2024-08-05,70725.94
T102485,A102485,Diagnostic Test,2025-05-03,2471.89
T102486,A102486,Consultation,2025-06-24,2211.77
T102487,A102487,Diagnostic Test,2024-05-10,5965.03
T102488,A102488,Surgery,2024-03-07,68692.05
T102489,A102489,Emergency Care,2024-05-23,13857.26
T102490,A102490,Surgery,2025-01-15,112301.61
T102491,A102491,Emergency Care,2024-11-09,17572.23
T102492,A102492,Physiotherapy,2025-02-11,5470.12
T102493,A102493,Diagnostic Test,2025-02-13,839.93
T102494,A102494,Physiotherapy,2024-10-05,4426.67
T102495,A102495,Surgery,2025-09-09,78155.8
T102496,A102496,Medication,2025-02-12,9873.89
T102497,A102497,Medication,2024-11-12,8881.6
T102498,A102498,Emergency Care,2025-07-04,24789.87
T102499,A102499,Consultation,2024-09-08,933.12
T102500,A102500,Surgery,2025-04-06,72421.88
T102501,A102501,Consultation,2025-02-04,988.71
T102502,A102502,Diagnostic Test,2025-10-31,4921.06
T102503,A102503,Consultation,2025-03-29,1777.65
T102504,A102504,Emergency Care,2025-04-18,9027.98
T102505,A102505,Diagnostic Test,2025-10-08,2921.51
T102506,A102506,Radiology,2025-07-13,9393.88
T102507,A102507,Physiotherapy,2025-03-10,6456.87
T102508,A102508,Consultation,2025-03-23,1704.06
T102509,A102509,Consultation,2025-12-09,2161.81
T102510,A102510,Diagnostic Test,2024-04-13,668.32
T102511,A102511,Medication,2024-11-25,10795.52
T102512,A102512,Surgery,2025-11-14,93958.0
T102513,A102513,Radiology,2025-08-23,8209.37
T102514,A102514,Medication,2024-09-02,6575.71
T102515,A102515,Chemotherapy,2024-02-29,44746.45
T102516,A102516,Medication,2024-04-14,7810.24
T102517,A102517,Medication,2025-11-22,9813.52
T102518,A102518,Physiotherapy,2024-03-12,5932.18
T102519,A102519,Medication,2024-10-31,6182.5
T102520,A102520,Medication,2024-06-02,1295.24
T102521,A102521,Surgery,2025-06-21,119375.97
T102522,A102522,Consultation,2024-02-05,1398.73
T102523,A102523,Diagnostic Test,2024-01-17,4682.34
T102524,A102524,Radiology,2024-04-15,6578.07
T102525,A102525,Consultation,2025-12-31,2462.21
T102526,A102526,Physiotherapy,2024-03-16,7746.86
T102527,A102527,Emergency Care,2024-10-12,12559.44
T102528,A102528,Surgery,2025-07-05,104481.66
T102529,A102529,Diagnostic Test,2024-07-16,1162.08
T102530,A102530,Consultation,2024-10-06,1159.43
T102531,A102531,Radiology,2025-11-19,6245.3
T102532,A102532,Consultation,2025-07-09,1160.41
T102533,A102533,Consultation,2025-10-30,1002.15
T102534,A102534,Medication,2024-06-04,2673.83
T102535,A102535,Surgery,2024-10-17,49900.45
T102536,A102536,Emergency Care,2024-05-24,24616.01
T102537,A102537,Surgery,2024-11-07,24232.03
T102538,A102538,Radiology,2025-10-10,1951.73
T102539,A102539,Emergency Care,2024-02-01,3964.54
T102540,A102540,Consultation,2024-01-27,1206.81
T102541,A102541,Diagnostic Test,2024-09-14,1114.68
T102542,A102542,Emergency Care,2024-02-27,3971.07
T102543,A102543,Medication,2024-10-20,5507.6
T102544,A102544,Diagnostic Test,2025-09-29,4925.38
T102545,A102545,Medication,2024-08-17,1465.09
T102546,A102546,Physiotherapy,2024-02-25,1741.01
T102547,A102547,Medication,2024-04-13,9793.65
T102548,A102548,Emergency Care,2025-04-13,10206.06
T102549,A102549,Emergency Care,2024-09-23,14005.0
T102550,A102550,Physiotherapy,2024-01-02,6466.46
T102551,A102551,Physiotherapy,2024-01-22,3861.7
T102552,A102552,Consultation,2025-08-03,833.66
T102553,A102553,Radiology,2024-07-31,4862.2
T102554,A102554,Medication,2024-08-24,10671.87
T102555,A102555,Chemotherapy,2025-06-14,16123.66
T102556,A102556,Emergency Care,2025-01-23,17876.44
T102557,A102557,Diagnostic Test,2024-01-14,3234.93
T102558,A102558,Chemotherapy,2025-06-04,36597.43
T102559,A102559,Physiotherapy,2024-08-11,6810.37
T102560,A102560,Surgery,2025-09-09,97514.65
T102561,A102561,Consultation,2025-02-06,2474.43
T102562,A102562,Physiotherapy,2025-05-27,2177.33
T102563,A102563,Chemotherapy,2024-10-15,22686.52
T102564,A102564,Medication,2025-01-20,9035.82
T102565,A102565,Surgery,2024-09-06,103117.1
T102566,A102566,Surgery,2024-04-01,101310.27
T102567,A102567,Physiotherapy,2024-11-07,4196.04
T102568,A102568,Consultation,2025-03-13,983.59
T102569,A102569,Diagnostic Test,2025-12-29,2517.7
T102570,A102570,Diagnostic Test,2024-02-12,2042.39
T102571,A102571,Consultation,2024-03-14,1668.35
T102572,A102572,Physiotherapy,2025-07-16,2151.29
T102573,A102573,Surgery,2024-11-11,82105.06
T102574,A102574,Chemotherapy,2024-05-25,58268.91
T102575,A102575,Physiotherapy,2024-11-26,6147.55
T102576,A102576,Physiotherapy,2024-07-28,7889.26
T102577,A102577,Physiotherapy,2024-04-10,5981.33
T102578,A102578,Surgery,2025-12-03,92863.77
T102579,A102579,Emergency Care,2024-04-25,14700.56
T102580,A102580,Emergency Care,2024-06-24,23856.48
T102581,A102581,Medication,2024-09-30,4507.18
T102582,A102582,Radiology,2024-03-03,7924.51
T102583,A102583,Emergency Care,2025-02-07,3035.12
T102584,A102584,Diagnostic Test,2024-08-15,4950.32
T102585,A102585,Medication,2024-06-09,3742.66
T102586,A102586,Medication,2024-02-07,1282.42
T102587,A102587,Medication,2025-01-15,8766.22
T102588,A102588,Emergency Care,2025-10-15,14488.52
T102589,A102589,Consultation,2024-11-13,1286.91
T102590,A102590,Medication,2025-12-11,9123.08
T102591,A102591,Consultation,2025-10-27,1523.83
T102592,A102592,Diagnostic Test,2025-04-03,4075.87
T102593,A102593,Physiotherapy,2024-09-28,7985.88
T102594,A102594,Radiology,2024-12-12,1235.13
T102595,A102595,Radiology,2024-02-12,8662.0
T102596,A102596,Consultation,2025-02-20,1749.83
T102597,A102597,Consultation,2025-01-17,1432.79
T102598,A102598,Surgery,2024-08-11,114887.92
T102599,A102599,Surgery,2024-10-08,113596.49
T102600,A102600,Diagnostic Test,2024-08-13,832.99
T102601,A102601,Emergency Care,2025-04-04,18314.68
T102602,A102602,Medication,2024-06-04,7355.25
T102603,A102603,Physiotherapy,2024-10-08,5744.35
T102604,A102604,Physiotherapy,2024-12-18,7638.94
T102605,A102605,Medication,2024-02-11,11888.12
T102606,A102606,Radiology,2025-12-31,3358.05
T102607,A102607,Emergency Care,2025-09-14,9463.15
T102608,A102608,Surgery,2025-07-29,92155.43
T102609,A102609,Physiotherapy,2025-05-06,5916.02
T102610,A102610,Diagnostic Test,2024-07-17,1301.68
T102611,A102611,Consultation,2024-10-02,2412.06
T102612,A102612,Consultation,2024-06-20,2170.09
T102613,A102613,Diagnostic Test,2025-05-23,2322.9
T102614,A102614,Consultation,2025-02-09,1786.76
T102615,A102615,Physiotherapy,2024-09-28,6067.12
T102616,A102616,Surgery,2025-07-07,107657.28
T102617,A102617,Medication,2025-12-03,11874.56
T102618,A102618,Consultation,2025-10-28,2001.68
T102619,A102619,Consultation,2024-05-13,1795.01
T102620,A102620,Surgery,2025-09-17,115458.74
T102621,A102621,Diagnostic Test,2025-01-19,3337.61
T102622,A102622,Medication,2025-02-03,2967.2
T102623,A102623,Medication,2025-07-22,1404.98
T102624,A102624,Radiology,2024-10-22,2595.94
T102625,A102625,Radiology,2025-01-19,6409.63
T102626,A102626,Medication,2025-05-27,8166.44
T102627,A102627,Chemotherapy,2025-01-30,48697.87
T102628,A102628,Emergency Care,2025-07-10,9658.97
T102629,A102629,Diagnostic Test,2025-08-29,2537.69
T102630,A102630,Emergency Care,2024-09-16,20529.16
T102631,A102631,Emergency Care,2024-10-07,6205.47
T102632,A102632,Consultation,2024-12-23,2263.43
T102633,A102633,Consultation,2025-02-23,1280.27
T102634,A102634,Consultation,2024-07-10,1582.11
T102635,A102635,Diagnostic Test,2025-10-01,1748.74
T102636,A102636,Radiology,2025-03-04,2474.87
T102637,A102637,Medication,2024-12-14,9139.89
T102638,A102638,Diagnostic Test,2025-03-07,4866.12
T102639,A102639,Consultation,2025-01-29,1352.69
T102640,A102640,Surgery,2024-12-09,109672.29
T102641,A102641,Consultation,2025-07-03,1953.85
T102642,A102642,Consultation,2025-02-08,1690.15
T102643,A102643,Chemotherapy,2024-02-17,52430.4
T102644,A102644,Radiology,2025-10-26,8924.01
T102645,A102645,Emergency Care,2025-03-01,16187.58
T102646,A102646,Chemotherapy,2025-06-01,39213.45
T102647,A102647,Radiology,2025-09-30,7225.24
T102648,A102648,Consultation,2024-11-23,1767.64
T102649,A102649,Physiotherapy,2024-03-30,5054.16
T102650,A102650,Medication,2025-05-31,7299.07
T102651,A102651,Emergency Care,2024-06-13,10084.85
T102652,A102652,Radiology,2024-08-12,7832.61
T102653,A102653,Radiology,2024-10-26,4352.26
T102654,A102654,Diagnostic Test,2025-03-28,4062.19
T102655,A102655,Consultation,2024-12-10,2035.0
T102656,A102656,Diagnostic Test,2024-12-07,3562.95
T102657,A102657,Diagnostic Test,2025-04-08,1780.83
T102658,A102658,Physiotherapy,2025-01-29,5050.0
T102659,A102659,Surgery,2025-06-21,100800.27
T102660,A102660,Diagnostic Test,2025-07-05,941.22
T102661,A102661,Physiotherapy,2025-02-24,5609.16
T102662,A102662,Consultation,2025-01-18,984.18
T102663,A102663,Emergency Care,2025-09-10,17249.42
T102664,A102664,Medication,2024-01-07,3563.17
T102665,A102665,Surgery,2025-10-09,108526.02
T102666,A102666,Diagnostic Test,2024-01-07,2677.11
T102667,A102667,Medication,2025-11-11,4801.86
T102668,A102668,Diagnostic Test,2024-11-12,5194.56
T102669,A102669,Surgery,2024-03-20,116129.73
T102670,A102670,Chemotherapy,2025-06-16,11437.25
T102671,A102671,Consultation,2025-12-18,1634.21
T102672,A102672,Diagnostic Test,2024-12-21,3613.25
T102673,A102673,Physiotherapy,2024-02-03,7484.06
T102674,A102674,Physiotherapy,2025-10-23,5159.8
T102675,A102675,Consultation,2025-12-07,1781.63
T102676,A102676,Emergency Care,2024-05-18,19270.28
T102677,A102677,Consultation,2024-09-30,2144.76
T102678,A102678,Consultation,2024-07-15,1596.65
T102679,A102679,Radiology,2024-05-06,2617.51
T102680,A102680,Radiology,2024-12-16,8730.07
T102681,A102681,Physiotherapy,2024-02-15,2154.91
T102682,A102682,Medication,2025-12-28,11765.83
T102683,A102683,Diagnostic Test,2024-09-02,2495.49
T102684,A102684,Radiology,2024-01-09,9573.13
T102685,A102685,Physiotherapy,2025-12-12,5912.05
T102686,A102686,Emergency Care,2024-03-20,22034.2
T102687,A102687,Surgery,2024-07-11,113969.82
T102688,A102688,Surgery,2024-03-27,85293.63
T102689,A102689,Radiology,2025-04-30,8066.88
T102690,A102690,Emergency Care,2024-09-28,7468.5
T102691,A102691,Chemotherapy,2025-05-27,29099.57
T102692,A102692,Diagnostic Test,2024-01-20,2703.09
T102693,A102693,Emergency Care,2025-05-04,6757.72
T102694,A102694,Consultation,2024-05-09,1752.96
T102695,A102695,Surgery,2025-10-05,93311.18
T102696,A102696,Chemotherapy,2024-01-09,22603.09
T102697,A102697,Diagnostic Test,2025-12-05,4495.13
T102698,A102698,Diagnostic Test,2024-11-07,5039.01
T102699,A102699,Emergency Care,2025-09-21,3333.68
T102700,A102700,Surgery,2025-04-19,103195.95
T102701,A102701,Emergency Care,2024-04-11,7770.62
T102702,A102702,Diagnostic Test,2024-12-04,593.17
T102703,A102703,Medication,2024-11-16,9677.04
T102704,A102704,Surgery,2025-05-28,97830.16
T102705,A102705,Medication,2024-01-27,462.79
T102706,A102706,Chemotherapy,2025-12-21,13580.9
T102707,A102707,Emergency Care,2025-03-05,23272.47
T102708,A102708,Medication,2024-05-22,10891.11
T102709,A102709,Consultation,2025-12-12,1687.78
T102710,A102710,Consultation,2025-10-20,2252.02
T102711,A102711,Consultation,2024-05-29,1306.81
T102712,A102712,Physiotherapy,2025-11-23,2083.32
T102713,A102713,Medication,2024-02-26,11719.85
T102714,A102714,Physiotherapy,2025-04-16,5046.18
T102715,A102715,Emergency Care,2024-12-31,9518.26
T102716,A102716,Physiotherapy,2025-10-13,4621.46
T102717,A102717,Radiology,2024-07-28,6490.16
T102718,A102718,Surgery,2024-07-05,49778.18
T102719,A102719,Medication,2024-03-07,9273.92
T102720,A102720,Radiology,2025-07-04,1551.39
T102721,A102721,Medication,2024-04-21,3124.6
T102722,A102722,Medication,2024-09-21,3951.91
T102723,A102723,Diagnostic Test,2024-03-18,4479.42
T102724,A102724,Medication,2024-10-23,9618.67
T102725,A102725,Diagnostic Test,2024-06-28,3937.89
T102726,A102726,Medication,2024-01-04,4179.25
T102727,A102727,Surgery,2024-05-27,42464.92
T102728,A102728,Consultation,2025-11-01,1474.88
T102729,A102729,Radiology,2025-10-25,5065.77
T102730,A102730,Medication,2024-05-10,7255.04
T102731,A102731,Chemotherapy,2025-09-30,43883.7
T102732,A102732,Emergency Care,2025-05-30,11318.14
T102733,A102733,Medication,2025-09-22,1704.69
T102734,A102734,Physiotherapy,2025-05-16,4076.32
T102735,A102735,Chemotherapy,2024-05-28,28078.95
T102736,A102736,Physiotherapy,2024-09-27,1418.17
T102737,A102737,Diagnostic Test,2025-12-02,1629.9
T102738,A102738,Diagnostic Test,2025-10-16,2782.33
T102739,A102739,Surgery,2024-04-16,73077.9
T102740,A102740,Consultation,2025-04-11,1725.87
T102741,A102741,Diagnostic Test,2024-10-09,1667.48
T102742,A102742,Consultation,2025-02-13,1192.42
T102743,A102743,Radiology,2025-09-05,7456.05
T102744,A102744,Radiology,2024-12-24,4203.44
T102745,A102745,Consultation,2025-11-08,1121.87
T102746,A102746,Diagnostic Test,2024-07-21,2992.68
T102747,A102747,Medication,2025-09-06,6070.84
T102748,A102748,Diagnostic Test,2024-10-09,1596.33
T102749,A102749,Consultation,2024-09-15,1594.3
T102750,A102750,Radiology,2024-04-06,7784.56
T102751,A102751,Consultation,2024-11-20,1090.23
T102752,A102752,Physiotherapy,2024-12-27,3510.46
T102753,A102753,Consultation,2025-10-23,972.28
T102754,A102754,Consultation,2024-12-19,1165.72
T102755,A102755,Medication,2024-03-05,5356.87
T102756,A102756,Diagnostic Test,2025-10-02,5859.45
T102757,A102757,Consultation,2024-07-07,1988.28
T102758,A102758,Physiotherapy,2025-08-05,7520.81
T102759,A102759,Physiotherapy,2025-06-27,1732.71
T102760,A102760,Surgery,2024-11-01,113903.83
T102761,A102761,Consultation,2025-10-01,1668.8
T102762,A102762,Surgery,2025-03-14,44644.42
T102763,A102763,Consultation,2024-08-01,2236.12
T102764,A102764,Emergency Care,2025-02-11,16229.74
T102765,A102765,Diagnostic Test,2024-05-15,999.09
T102766,A102766,Consultation,2024-08-07,1710.01
T102767,A102767,Diagnostic Test,2025-02-24,4030.33
T102768,A102768,Medication,2024-11-15,507.86
T102769,A102769,Emergency Care,2024-06-05,15092.17
T102770,A102770,Medication,2024-07-06,4549.38
T102771,A102771,Surgery,2025-04-23,62969.8
T102772,A102772,Emergency Care,2024-06-11,5396.86
T102773,A102773,Consultation,2024-05-10,1654.89
T102774,A102774,Consultation,2024-10-31,2474.03
T102775,A102775,Surgery,2024-03-30,92501.89
T102776,A102776,Physiotherapy,2024-06-10,7494.99
T102777,A102777,Diagnostic Test,2024-02-07,2026.22
T102778,A102778,Surgery,2024-08-16,55160.58
T102779,A102779,Emergency Care,2024-05-31,17278.32
T102780,A102780,Chemotherapy,2025-08-16,46981.46
T102781,A102781,Emergency Care,2024-02-18,9689.95
T102782,A102782,Consultation,2025-12-18,1390.91
T102783,A102783,Medication,2025-10-22,1841.12
T102784,A102784,Physiotherapy,2024-08-21,5750.95
T102785,A102785,Physiotherapy,2025-06-24,3439.62
T102786,A102786,Medication,2025-12-04,1922.76
T102787,A102787,Radiology,2024-06-13,6779.08
T102788,A102788,Consultation,2025-12-26,821.2
T102789,A102789,Consultation,2025-08-09,2415.13
T102790,A102790,Diagnostic Test,2025-08-27,4025.68
T102791,A102791,Physiotherapy,2025-07-30,5254.94
T102792,A102792,Chemotherapy,2024-03-06,42356.23
T102793,A102793,Medication,2024-03-23,4003.56
T102794,A102794,Physiotherapy,2024-05-21,2632.5
T102795,A102795,Medication,2025-02-03,6580.63
T102796,A102796,Emergency Care,2024-05-12,23769.31
T102797,A102797,Chemotherapy,2025-03-23,24053.28
T102798,A102798,Radiology,2024-02-01,7504.33
T102799,A102799,Diagnostic Test,2024-07-20,5852.94
T102800,A102800,Diagnostic Test,2024-08-26,3521.6
T102801,A102801,Surgery,2025-08-22,63153.17
T102802,A102802,Consultation,2025-08-31,2071.74
T102803,A102803,Diagnostic Test,2024-12-07,1277.62
T102804,A102804,Physiotherapy,2025-02-04,1231.64
T102805,A102805,Medication,2025-03-17,4416.76
T102806,A102806,Emergency Care,2024-10-15,21419.13
T102807,A102807,Consultation,2024-09-09,931.78
T102808,A102808,Diagnostic Test,2025-11-22,3750.99
T102809,A102809,Physiotherapy,2024-04-11,1360.61
T102810,A102810,Consultation,2025-08-07,1651.65
T102811,A102811,Medication,2025-02-26,1821.81
T102812,A102812,Consultation,2025-10-06,1832.88
T102813,A102813,Consultation,2025-11-27,1327.3
T102814,A102814,Emergency Care,2025-12-08,11154.84
T102815,A102815,Medication,2024-01-18,1036.63
T102816,A102816,Physiotherapy,2025-04-17,6432.31
T102817,A102817,Consultation,2025-09-29,1824.51
T102818,A102818,Diagnostic Test,2025-12-23,3698.65
T102819,A102819,Consultation,2024-01-07,1918.75
T102820,A102820,Diagnostic Test,2025-02-22,4150.62
T102821,A102821,Diagnostic Test,2025-01-15,2437.6
T102822,A102822,Medication,2025-05-23,3511.44
T102823,A102823,Physiotherapy,2024-04-23,3082.61
T102824,A102824,Medication,2025-05-25,9792.97
T102825,A102825,Diagnostic Test,2025-08-19,1432.23
T102826,A102826,Physiotherapy,2025-09-06,4407.35
T102827,A102827,Medication,2025-04-16,7620.19
T102828,A102828,Medication,2024-04-03,6340.09
T102829,A102829,Diagnostic Test,2025-05-07,3543.4
T102830,A102830,Emergency Care,2024-04-11,21459.01
T102831,A102831,Diagnostic Test,2025-05-09,2311.69
T102832,A102832,Diagnostic Test,2025-06-20,2402.2
T102833,A102833,Medication,2025-04-29,2240.55
T102834,A102834,Consultation,2025-04-25,2075.52
T102835,A102835,Consultation,2024-06-16,1152.4
T102836,A102836,Radiology,2024-05-20,5773.94
T102837,A102837,Radiology,2024-04-04,8716.59
T102838,A102838,Consultation,2024-07-02,966.85
T102839,A102839,Medication,2025-08-01,2271.7
T102840,A102840,Consultation,2024-01-04,1111.93
T102841,A102841,Consultation,2025-08-28,1028.44
T102842,A102842,Radiology,2025-01-25,9514.97
T102843,A102843,Surgery,2024-09-30,92695.02
T102844,A102844,Emergency Care,2024-05-14,13009.34
T102845,A102845,Surgery,2025-08-06,46252.42
T102846,A102846,Radiology,2025-08-15,2213.67
T102847,A102847,Medication,2025-05-27,577.0
T102848,A102848,Surgery,2025-11-19,83243.3
T102849,A102849,Medication,2024-02-22,6209.27
T102850,A102850,Emergency Care,2024-10-19,16033.5
T102851,A102851,Consultation,2025-03-22,1084.71
T102852,A102852,Medication,2024-08-27,7188.19
T102853,A102853,Consultation,2025-05-06,1147.53
T102854,A102854,Medication,2024-10-07,780.04
T102855,A102855,Medication,2024-02-14,10504.21
T102856,A102856,Radiology,2024-12-27,8480.72
T102857,A102857,Radiology,2025-10-08,6381.76
T102858,A102858,Consultation,2025-07-24,2355.2
T102859,A102859,Consultation,2025-06-10,2112.81
T102860,A102860,Physiotherapy,2025-11-21,2921.54
T102861,A102861,Consultation,2025-04-07,2354.98
T102862,A102862,Medication,2024-04-11,4841.06
T102863,A102863,Diagnostic Test,2025-11-22,5908.4
T102864,A102864,Radiology,2025-04-06,7339.41
T102865,A102865,Physiotherapy,2024-09-26,2458.41
T102866,A102866,Surgery,2024-12-29,56535.15
T102867,A102867,Diagnostic Test,2025-02-11,4159.34
T102868,A102868,Physiotherapy,2024-02-06,6518.76
T102869,A102869,Diagnostic Test,2025-04-12,3670.47
T102870,A102870,Medication,2025-12-19,8962.16
T102871,A102871,Physiotherapy,2024-09-17,4371.36
T102872,A102872,Consultation,2025-05-23,1284.82
T102873,A102873,Consultation,2025-10-28,1998.09
T102874,A102874,Medication,2024-11-05,9948.45
T102875,A102875,Consultation,2025-09-05,1340.23
T102876,A102876,Consultation,2024-10-01,1526.84
T102877,A102877,Consultation,2025-09-16,1374.29
T102878,A102878,Physiotherapy,2024-04-19,2018.81
T102879,A102879,Chemotherapy,2025-10-18,48329.97
T102880,A102880,Emergency Care,2025-11-10,14222.49
T102881,A102881,Emergency Care,2024-09-17,6564.2
T102882,A102882,Physiotherapy,2025-10-20,3423.92
T102883,A102883,Emergency Care,2024-09-24,19296.41
T102884,A102884,Consultation,2024-02-01,1443.45
T102885,A102885,Medication,2026-01-02,1139.67
T102886,A102886,Physiotherapy,2024-06-27,1738.16
T102887,A102887,Emergency Care,2024-04-13,24958.43
T102888,A102888,Diagnostic Test,2024-08-25,2853.78
T102889,A102889,Medication,2024-04-04,7742.63
T102890,A102890,Surgery,2024-07-21,80028.83
T102891,A102891,Medication,2025-08-21,2243.41
T102892,A102892,Medication,2024-02-04,4968.26
T102893,A102893,Radiology,2024-04-26,7486.92
T102894,A102894,Radiology,2025-11-21,4937.8
T102895,A102895,Surgery,2025-04-02,76873.97
T102896,A102896,Diagnostic Test,2025-04-18,2539.86
T102897,A102897,Radiology,2025-02-03,3532.71
T102898,A102898,Emergency Care,2025-08-19,3412.1
T102899,A102899,Consultation,2024-04-28,1521.28
T102900,A102900,Medication,2024-12-28,4939.4
T102901,A102901,Radiology,2024-07-23,5252.48
T102902,A102902,Emergency Care,2024-05-26,3143.59
T102903,A102903,Medication,2025-03-22,6353.13
T102904,A102904,Physiotherapy,2025-12-29,1826.82
T102905,A102905,Emergency Care,2025-09-10,13916.97
T102906,A102906,Diagnostic Test,2024-10-24,2381.41
T102907,A102907,Chemotherapy,2025-08-04,12188.64
T102908,A102908,Diagnostic Test,2025-05-02,1410.76
T102909,A102909,Physiotherapy,2024-08-19,2806.15
T102910,A102910,Emergency Care,2024-07-23,8133.64
T102911,A102911,Physiotherapy,2024-12-30,5224.69
T102912,A102912,Diagnostic Test,2025-01-29,742.78
T102913,A102913,Consultation,2024-09-05,1554.45
T102914,A102914,Diagnostic Test,2025-03-16,4990.35
T102915,A102915,Physiotherapy,2025-01-31,2998.36
T102916,A102916,Emergency Care,2025-10-18,16305.86
T102917,A102917,Radiology,2024-12-24,9316.83
T102918,A102918,Radiology,2025-02-07,8139.05
T102919,A102919,Consultation,2024-08-30,2213.36
T102920,A102920,Physiotherapy,2024-12-06,4065.75
T102921,A102921,Radiology,2024-08-17,1936.27
T102922,A102922,Diagnostic Test,2025-06-29,3176.94
T102923,A102923,Emergency Care,2025-09-12,4603.56
T102924,A102924,Consultation,2025-06-23,1645.39
T102925,A102925,Surgery,2025-11-02,67198.3
T102926,A102926,Diagnostic Test,2025-06-12,4994.37
T102927,A102927,Emergency Care,2024-09-23,15022.06
T102928,A102928,Physiotherapy,2024-05-10,1704.81
T102929,A102929,Surgery,2024-08-08,62983.44
T102930,A102930,Emergency Care,2024-03-25,19110.32
T102931,A102931,Consultation,2025-07-14,977.4
T102932,A102932,Diagnostic Test,2025-07-07,3195.24
T102933,A102933,Surgery,2024-01-21,68008.01
T102934,A102934,Consultation,2024-11-25,2382.8
T102935,A102935,Emergency Care,2024-02-09,20098.0
T102936,A102936,Medication,2025-01-18,3159.97
T102937,A102937,Consultation,2024-02-10,2173.21
T102938,A102938,Diagnostic Test,2024-04-20,2857.99
T102939,A102939,Surgery,2025-03-04,67359.57
T102940,A102940,Physiotherapy,2024-03-07,3590.69
T102941,A102941,Diagnostic Test,2024-06-25,999.08
T102942,A102942,Diagnostic Test,2024-02-01,5945.28
T102943,A102943,Medication,2025-12-22,1312.29
T102944,A102944,Consultation,2025-06-15,941.89
T102945,A102945,Physiotherapy,2024-04-18,1837.47
T102946,A102946,Medication,2025-04-28,3539.36
T102947,A102947,Surgery,2024-07-25,72232.67
T102948,A102948,Surgery,2024-09-03,96309.79
T102949,A102949,Diagnostic Test,2025-11-12,4700.73
T102950,A102950,Diagnostic Test,2024-03-29,3260.89
T102951,A102951,Medication,2024-11-13,10195.25
T102952,A102952,Consultation,2024-01-13,835.85
T102953,A102953,Medication,2024-02-21,770.82
T102954,A102954,Physiotherapy,2025-07-29,5520.81
T102955,A102955,Surgery,2024-06-21,63810.78
T102956,A102956,Consultation,2024-05-24,1657.97
T102957,A102957,Emergency Care,2024-07-28,7798.26
T102958,A102958,Radiology,2025-04-09,8567.72
T102959,A102959,Emergency Care,2025-05-24,14069.81
T102960,A102960,Diagnostic Test,2024-07-21,1659.51
T102961,A102961,Consultation,2024-01-06,1035.27
T102962,A102962,Surgery,2024-07-31,119512.03
T102963,A102963,Surgery,2024-02-01,91379.15
T102964,A102964,Physiotherapy,2024-07-09,4728.58
T102965,A102965,Physiotherapy,2024-07-08,4965.41
T102966,A102966,Surgery,2024-05-30,26578.99
T102967,A102967,Emergency Care,2025-06-11,18873.28
T102968,A102968,Consultation,2025-01-02,2362.72
T102969,A102969,Chemotherapy,2024-06-07,54859.97
T102970,A102970,Radiology,2024-03-23,8133.38
T102971,A102971,Medication,2024-09-29,7936.76
T102972,A102972,Radiology,2025-10-21,3551.48
T102973,A102973,Physiotherapy,2025-12-19,3412.96
T102974,A102974,Consultation,2025-09-20,2214.06
T102975,A102975,Medication,2025-06-02,8685.52
T102976,A102976,Surgery,2024-08-21,118991.18
T102977,A102977,Medication,2025-10-12,1296.45
T102978,A102978,Consultation,2024-06-10,1391.32
T102979,A102979,Surgery,2024-12-11,107364.66
T102980,A102980,Medication,2024-10-15,603.28
T102981,A102981,Physiotherapy,2024-07-25,3351.75
T102982,A102982,Surgery,2024-10-31,117293.06
T102983,A102983,Physiotherapy,2024-12-28,4826.61
T102984,A102984,Medication,2025-11-03,3906.66
T102985,A102985,Radiology,2025-02-06,9385.18
T102986,A102986,Surgery,2025-03-25,51440.5
T102987,A102987,Chemotherapy,2024-04-16,16673.88
T102988,A102988,Consultation,2024-03-22,1784.65
T102989,A102989,Chemotherapy,2024-12-08,45716.23
T102990,A102990,Emergency Care,2025-02-26,4745.32
T102991,A102991,Surgery,2024-02-19,80319.62
T102992,A102992,Emergency Care,2024-07-25,11180.55
T102993,A102993,Chemotherapy,2024-08-05,16230.08
T102994,A102994,Consultation,2025-11-09,1880.77
T102995,A102995,Physiotherapy,2025-03-12,2883.61
T102996,A102996,Emergency Care,2024-11-19,6733.7
T102997,A102997,Diagnostic Test,2024-08-20,1015.58
T102998,A102998,Emergency Care,2025-12-11,11829.83
T102999,A102999,Diagnostic Test,2025-05-01,3913.93
T103000,A103000,Medication,2025-03-07,11713.11
T103001,A103001,Surgery,2025-12-28,50494.04
T103002,A103002,Medication,2024-10-11,7466.2
T103003,A103003,Diagnostic Test,2025-05-01,1146.78
T103004,A103004,Surgery,2024-10-02,113290.85
T103005,A103005,Medication,2025-03-10,8965.57
T103006,A103006,Medication,2024-07-05,8625.29
T103007,A103007,Emergency Care,2025-12-24,15049.18
T103008,A103008,Radiology,2025-09-26,6157.88
T103009,A103009,Consultation,2024-08-04,1559.51
T103010,A103010,Emergency Care,2024-04-07,4004.25
T103011,A103011,Medication,2024-05-01,1124.84
T103012,A103012,Medication,2025-01-02,2545.18
T103013,A103013,Diagnostic Test,2025-02-06,1534.89
T103014,A103014,Diagnostic Test,2025-09-09,814.6
T103015,A103015,Consultation,2025-01-31,1644.34
T103016,A103016,Radiology,2025-04-04,5678.3
T103017,A103017,Medication,2024-11-13,7312.98
T103018,A103018,Consultation,2025-01-16,2138.31
T103019,A103019,Surgery,2024-05-22,113283.84
T103020,A103020,Diagnostic Test,2025-04-03,5714.32
T103021,A103021,Physiotherapy,2025-05-15,7297.96
T103022,A103022,Consultation,2024-11-18,2060.71
T103023,A103023,Emergency Care,2024-09-27,17749.0
T103024,A103024,Radiology,2025-05-03,2234.38
T103025,A103025,Surgery,2025-11-09,83920.76
T103026,A103026,Consultation,2024-06-09,1066.7
T103027,A103027,Radiology,2024-01-17,7761.01
T103028,A103028,Consultation,2025-12-08,1075.42
T103029,A103029,Consultation,2024-06-03,1958.55
T103030,A103030,Physiotherapy,2024-04-11,1505.73
T103031,A103031,Diagnostic Test,2025-07-28,2223.87
T103032,A103032,Physiotherapy,2024-02-13,3619.27
T103033,A103033,Diagnostic Test,2024-07-13,2225.17
T103034,A103034,Consultation,2024-11-08,1328.31
T103035,A103035,Medication,2025-09-14,6529.52
T103036,A103036,Physiotherapy,2025-08-27,6765.19
T103037,A103037,Medication,2025-12-30,10518.04
T103038,A103038,Diagnostic Test,2025-04-12,904.12
T103039,A103039,Emergency Care,2024-06-14,7232.2
T103040,A103040,Physiotherapy,2024-12-17,3165.09
T103041,A103041,Medication,2024-08-21,8300.07
T103042,A103042,Medication,2025-02-09,5008.51
T103043,A103043,Radiology,2024-12-19,5395.67
T103044,A103044,Emergency Care,2024-06-16,20257.53
T103045,A103045,Medication,2024-05-28,7810.36
T103046,A103046,Consultation,2024-01-30,1798.68
T103047,A103047,Medication,2024-09-18,7085.71
T103048,A103048,Physiotherapy,2025-08-21,2395.58
T103049,A103049,Radiology,2025-09-12,2174.27
T103050,A103050,Diagnostic Test,2025-03-20,2296.53
T103051,A103051,Physiotherapy,2025-09-22,6379.03
T103052,A103052,Consultation,2025-06-11,2250.52
T103053,A103053,Diagnostic Test,2024-07-29,4885.82
T103054,A103054,Diagnostic Test,2025-06-29,1367.93
T103055,A103055,Consultation,2025-03-21,2362.12
T103056,A103056,Physiotherapy,2025-03-29,3713.04
T103057,A103057,Diagnostic Test,2025-11-28,5107.13
T103058,A103058,Diagnostic Test,2025-02-09,3943.77
T103059,A103059,Consultation,2024-03-09,2148.77
T103060,A103060,Chemotherapy,2025-02-09,11514.7
T103061,A103061,Consultation,2025-07-29,1539.0
T103062,A103062,Chemotherapy,2025-03-13,40318.53
T103063,A103063,Medication,2024-08-16,4627.2
T103064,A103064,Consultation,2025-04-21,2141.97
T103065,A103065,Emergency Care,2025-04-14,18919.6
T103066,A103066,Medication,2024-04-12,4860.88
T103067,A103067,Diagnostic Test,2025-02-27,2914.19
T103068,A103068,Diagnostic Test,2024-12-22,3202.77
T103069,A103069,Diagnostic Test,2024-05-19,3498.16
T103070,A103070,Diagnostic Test,2025-09-25,2140.62
T103071,A103071,Diagnostic Test,2025-07-24,1759.92
T103072,A103072,Diagnostic Test,2024-05-11,1120.04
T103073,A103073,Medication,2025-07-02,1941.82
T103074,A103074,Physiotherapy,2025-04-14,4273.32
T103075,A103075,Diagnostic Test,2025-04-26,4154.48
T103076,A103076,Consultation,2024-04-23,1932.03
T103077,A103077,Consultation,2024-06-02,1576.04
T103078,A103078,Diagnostic Test,2024-08-30,3903.35
T103079,A103079,Radiology,2025-12-23,9639.2
T103080,A103080,Diagnostic Test,2025-11-13,5902.56
T103081,A103081,Diagnostic Test,2024-10-08,5146.47
T103082,A103082,Emergency Care,2024-12-28,23116.26
T103083,A103083,Physiotherapy,2025-09-19,1951.73
T103084,A103084,Emergency Care,2025-02-14,9133.01
T103085,A103085,Medication,2024-06-26,11461.61
T103086,A103086,Medication,2025-08-24,1824.17
T103087,A103087,Emergency Care,2024-05-16,22241.4
T103088,A103088,Medication,2025-05-22,5438.77
T103089,A103089,Medication,2024-10-21,11707.22
T103090,A103090,Diagnostic Test,2025-05-11,4440.98
T103091,A103091,Surgery,2025-02-25,50389.11
T103092,A103092,Medication,2024-07-24,1681.4
T103093,A103093,Medication,2024-11-13,3094.91
T103094,A103094,Surgery,2024-03-13,88943.18
T103095,A103095,Physiotherapy,2024-09-16,3247.52
T103096,A103096,Consultation,2024-12-25,2413.47
T103097,A103097,Chemotherapy,2024-05-29,36740.4
T103098,A103098,Physiotherapy,2024-08-14,4672.75
T103099,A103099,Radiology,2024-04-16,8302.92
T103100,A103100,Consultation,2025-07-10,2155.32
T103101,A103101,Radiology,2024-12-23,7245.89
T103102,A103102,Physiotherapy,2025-06-24,7664.62
T103103,A103103,Consultation,2024-09-18,1785.62
T103104,A103104,Surgery,2025-07-27,109551.26
T103105,A103105,Diagnostic Test,2025-07-28,3087.35
T103106,A103106,Diagnostic Test,2024-03-10,4690.82
T103107,A103107,Consultation,2025-03-23,1197.95
T103108,A103108,Diagnostic Test,2025-03-23,5177.62
T103109,A103109,Radiology,2024-09-15,4304.49
T103110,A103110,Chemotherapy,2025-10-01,46298.58
T103111,A103111,Diagnostic Test,2025-06-17,2273.14
T103112,A103112,Diagnostic Test,2024-04-30,5742.78
T103113,A103113,Diagnostic Test,2024-03-09,1548.87
T103114,A103114,Medication,2024-09-03,6466.75
T103115,A103115,Consultation,2024-02-29,1470.75
T103116,A103116,Medication,2024-02-13,6557.21
T103117,A103117,Emergency Care,2025-06-10,8075.71
T103118,A103118,Medication,2025-02-27,6193.04
T103119,A103119,Surgery,2025-06-20,28844.27
T103120,A103120,Consultation,2025-01-30,1192.85
T103121,A103121,Medication,2025-03-26,8161.67
T103122,A103122,Consultation,2024-09-16,1597.02
T103123,A103123,Surgery,2024-12-29,67175.12
T103124,A103124,Diagnostic Test,2025-08-28,5624.19
T103125,A103125,Diagnostic Test,2025-01-15,1682.73
T103126,A103126,Emergency Care,2025-03-19,15138.64
T103127,A103127,Radiology,2025-06-18,5877.41
T103128,A103128,Consultation,2025-04-20,1556.8
T103129,A103129,Diagnostic Test,2024-06-08,5065.1
T103130,A103130,Physiotherapy,2024-04-01,4968.06
T103131,A103131,Radiology,2024-07-20,8419.7
T103132,A103132,Medication,2025-04-09,10362.31
T103133,A103133,Chemotherapy,2025-04-28,13561.64
T103134,A103134,Diagnostic Test,2025-12-10,5658.08
T103135,A103135,Consultation,2025-07-13,2097.32
T103136,A103136,Emergency Care,2025-03-30,13655.25
T103137,A103137,Surgery,2025-04-14,101094.57
T103138,A103138,Consultation,2025-01-17,1190.8
T103139,A103139,Physiotherapy,2025-02-06,6735.88
T103140,A103140,Diagnostic Test,2024-03-20,3559.64
T103141,A103141,Consultation,2025-07-06,1555.19
T103142,A103142,Radiology,2025-01-21,6223.99
T103143,A103143,Diagnostic Test,2025-10-31,4440.9
T103144,A103144,Medication,2025-10-23,3545.04
T103145,A103145,Medication,2024-12-09,1440.57
T103146,A103146,Emergency Care,2025-03-22,22949.74
T103147,A103147,Surgery,2024-02-21,114804.91
T103148,A103148,Medication,2024-09-07,7608.81
T103149,A103149,Diagnostic Test,2025-10-22,3308.58
T103150,A103150,Surgery,2024-11-25,20661.25
T103151,A103151,Consultation,2025-05-10,1506.75
T103152,A103152,Radiology,2024-12-15,4194.57
T103153,A103153,Consultation,2025-04-03,1451.76
T103154,A103154,Diagnostic Test,2025-05-12,4456.45
T103155,A103155,Physiotherapy,2024-05-05,3528.75
T103156,A103156,Physiotherapy,2024-07-22,6537.83
T103157,A103157,Physiotherapy,2025-10-07,7935.38
T103158,A103158,Medication,2024-01-23,6691.85
T103159,A103159,Emergency Care,2025-08-13,9107.14
T103160,A103160,Emergency Care,2025-07-16,24072.85
T103161,A103161,Physiotherapy,2024-12-27,6122.56
T103162,A103162,Diagnostic Test,2024-12-27,1736.49
T103163,A103163,Consultation,2024-04-25,2490.44
T103164,A103164,Medication,2024-02-25,419.91
T103165,A103165,Consultation,2024-10-19,1779.19
T103166,A103166,Radiology,2024-02-20,7223.42
T103167,A103167,Medication,2024-09-11,2434.36
T103168,A103168,Medication,2025-05-07,900.48
T103169,A103169,Consultation,2025-07-28,812.57
T103170,A103170,Medication,2024-08-12,11134.91
T103171,A103171,Consultation,2025-04-16,1790.74
T103172,A103172,Surgery,2024-04-12,32965.64
T103173,A103173,Diagnostic Test,2024-02-18,3886.16
T103174,A103174,Diagnostic Test,2024-12-07,513.83
T103175,A103175,Surgery,2024-08-22,54236.71
T103176,A103176,Radiology,2025-08-06,7957.84
T103177,A103177,Diagnostic Test,2025-07-14,1048.28
T103178,A103178,Medication,2024-08-17,7363.75
T103179,A103179,Diagnostic Test,2025-06-05,2236.45
T103180,A103180,Physiotherapy,2025-11-28,1689.92
T103181,A103181,Medication,2025-08-15,9948.29
T103182,A103182,Physiotherapy,2024-01-15,4837.95
T103183,A103183,Emergency Care,2025-05-15,20406.88
T103184,A103184,Medication,2025-03-22,11631.24
T103185,A103185,Consultation,2024-12-05,1112.06
T103186,A103186,Consultation,2024-11-20,1032.79
T103187,A103187,Consultation,2025-08-21,2467.45
T103188,A103188,Diagnostic Test,2025-08-21,1783.16
T103189,A103189,Physiotherapy,2024-06-08,3988.44
T103190,A103190,Radiology,2025-10-18,8559.66
T103191,A103191,Medication,2025-07-28,2995.22
T103192,A103192,Surgery,2025-03-08,89705.41
T103193,A103193,Radiology,2025-07-10,8124.42
T103194,A103194,Consultation,2025-02-12,1643.87
T103195,A103195,Diagnostic Test,2024-06-07,3180.86
T103196,A103196,Consultation,2024-07-03,1188.8
T103197,A103197,Emergency Care,2025-05-05,16770.59
T103198,A103198,Consultation,2025-06-19,1141.5
T103199,A103199,Emergency Care,2024-12-23,8778.82
T103200,A103200,Physiotherapy,2025-12-19,5174.47
T103201,A103201,Medication,2024-12-28,3546.77
T103202,A103202,Diagnostic Test,2024-08-11,3051.02
T103203,A103203,Medication,2025-09-07,11419.19
T103204,A103204,Physiotherapy,2024-07-22,5163.07
T103205,A103205,Medication,2024-01-10,9085.29
T103206,A103206,Emergency Care,2025-04-19,18465.27
T103207,A103207,Consultation,2024-06-22,2419.69
T103208,A103208,Consultation,2025-12-21,981.63
T103209,A103209,Radiology,2024-04-05,2816.62
T103210,A103210,Medication,2025-11-05,8323.49
T103211,A103211,Surgery,2025-08-30,103865.41
T103212,A103212,Radiology,2024-11-01,7769.34
T103213,A103213,Emergency Care,2025-10-18,6248.41
T103214,A103214,Medication,2024-09-15,8253.74
T103215,A103215,Medication,2025-04-18,7649.7
T103216,A103216,Consultation,2024-10-29,1712.79
T103217,A103217,Medication,2025-04-11,6899.81
T103218,A103218,Consultation,2025-09-07,1832.15
T103219,A103219,Surgery,2025-11-22,34006.15
T103220,A103220,Emergency Care,2024-11-24,10314.27
T103221,A103221,Radiology,2024-04-19,6588.96
T103222,A103222,Physiotherapy,2025-12-12,1556.04
T103223,A103223,Radiology,2024-05-10,7449.27
T103224,A103224,Radiology,2024-05-16,7760.46
T103225,A103225,Consultation,2025-06-25,1044.49
T103226,A103226,Chemotherapy,2025-10-10,24203.84
T103227,A103227,Radiology,2024-06-14,3233.6
T103228,A103228,Physiotherapy,2024-12-16,2469.45
T103229,A103229,Surgery,2025-04-09,53500.74
T103230,A103230,Diagnostic Test,2025-10-07,4650.24
T103231,A103231,Consultation,2025-05-20,1491.43
T103232,A103232,Diagnostic Test,2024-05-30,3441.54
T103233,A103233,Chemotherapy,2024-09-03,16132.97
T103234,A103234,Consultation,2024-04-19,1844.57
T103235,A103235,Physiotherapy,2025-08-08,7993.87
T103236,A103236,Consultation,2024-10-01,2039.46
T103237,A103237,Consultation,2024-03-07,1624.36
T103238,A103238,Consultation,2024-02-20,1601.26
T103239,A103239,Physiotherapy,2025-05-31,7457.58
T103240,A103240,Radiology,2024-08-15,4789.1
T103241,A103241,Consultation,2025-07-31,2034.8
T103242,A103242,Diagnostic Test,2025-05-21,3854.84
T103243,A103243,Medication,2024-06-06,7632.95
T103244,A103244,Surgery,2025-04-26,23792.03
T103245,A103245,Medication,2024-04-20,8089.67
T103246,A103246,Consultation,2025-04-30,1891.44
T103247,A103247,Surgery,2024-09-30,92876.49
T103248,A103248,Diagnostic Test,2024-06-03,4226.06
T103249,A103249,Surgery,2025-10-14,107382.59
T103250,A103250,Diagnostic Test,2024-06-18,5985.86
T103251,A103251,Consultation,2024-01-19,1124.68
T103252,A103252,Physiotherapy,2024-12-10,7219.35
T103253,A103253,Physiotherapy,2025-07-24,3044.76
T103254,A103254,Diagnostic Test,2024-10-23,1940.95
T103255,A103255,Medication,2025-10-09,2926.86
T103256,A103256,Emergency Care,2025-04-09,15016.36
T103257,A103257,Medication,2024-12-04,6465.16
T103258,A103258,Diagnostic Test,2025-03-27,5177.87
T103259,A103259,Diagnostic Test,2024-12-12,2914.69
T103260,A103260,Radiology,2025-12-20,8094.92
T103261,A103261,Medication,2025-09-25,11699.24
T103262,A103262,Diagnostic Test,2024-03-25,1568.72
T103263,A103263,Medication,2025-11-27,1278.94
T103264,A103264,Chemotherapy,2025-10-22,27490.01
T103265,A103265,Physiotherapy,2025-01-25,7707.55
T103266,A103266,Consultation,2024-08-17,2130.84
T103267,A103267,Diagnostic Test,2024-10-13,2998.36
T103268,A103268,Radiology,2024-10-12,2019.1
T103269,A103269,Surgery,2025-11-26,46112.03
T103270,A103270,Emergency Care,2024-04-21,22510.86
T103271,A103271,Diagnostic Test,2024-05-14,1346.96
T103272,A103272,Chemotherapy,2024-10-18,42714.48
T103273,A103273,Surgery,2025-09-09,79374.19
T103274,A103274,Emergency Care,2025-12-13,9832.62
T103275,A103275,Surgery,2025-05-24,76999.41
T103276,A103276,Surgery,2025-09-20,92411.61
T103277,A103277,Medication,2024-01-31,990.44
T103278,A103278,Consultation,2025-01-30,2155.13
T103279,A103279,Consultation,2024-01-27,1582.47
T103280,A103280,Radiology,2025-04-12,3154.51
T103281,A103281,Diagnostic Test,2024-01-16,3465.96
T103282,A103282,Medication,2025-07-07,989.99
T103283,A103283,Diagnostic Test,2025-03-23,5129.11
T103284,A103284,Diagnostic Test,2024-08-12,5956.98
T103285,A103285,Medication,2025-04-09,8228.14
T103286,A103286,Diagnostic Test,2024-01-21,2249.66
T103287,A103287,Physiotherapy,2025-01-21,7249.33
T103288,A103288,Medication,2025-10-10,3949.27
T103289,A103289,Physiotherapy,2024-11-22,3530.42
T103290,A103290,Diagnostic Test,2025-04-13,5572.3
T103291,A103291,Physiotherapy,2025-10-19,5343.8
T103292,A103292,Diagnostic Test,2025-06-06,2591.05
T103293,A103293,Diagnostic Test,2024-08-15,2931.35
T103294,A103294,Consultation,2025-10-15,1956.23
T103295,A103295,Consultation,2025-04-22,1909.79
T103296,A103296,Chemotherapy,2025-09-12,28180.75
T103297,A103297,Emergency Care,2025-12-06,5627.62
T103298,A103298,Surgery,2025-04-03,59205.88
T103299,A103299,Radiology,2025-10-04,7095.7
T103300,A103300,Radiology,2024-08-02,3539.51
T103301,A103301,Consultation,2025-10-25,2303.3
T103302,A103302,Emergency Care,2025-04-25,10465.64
T103303,A103303,Radiology,2024-07-01,3001.3
T103304,A103304,Radiology,2025-06-22,4898.13
T103305,A103305,Emergency Care,2025-06-11,8228.59
T103306,A103306,Diagnostic Test,2024-01-23,3000.94
T103307,A103307,Chemotherapy,2024-12-11,14435.94
T103308,A103308,Emergency Care,2025-08-01,12623.92
T103309,A103309,Diagnostic Test,2024-01-24,4562.12
T103310,A103310,Consultation,2025-02-13,1279.92
T103311,A103311,Consultation,2025-05-03,2473.17
T103312,A103312,Diagnostic Test,2025-06-12,1515.88
T103313,A103313,Radiology,2025-02-22,4221.21
T103314,A103314,Physiotherapy,2024-10-01,4443.86
T103315,A103315,Consultation,2024-07-24,2233.82
T103316,A103316,Medication,2024-10-25,5386.71
T103317,A103317,Diagnostic Test,2025-11-04,4546.01
T103318,A103318,Radiology,2025-07-07,1332.13
T103319,A103319,Radiology,2024-04-18,1425.15
T103320,A103320,Radiology,2025-09-30,1533.94
T103321,A103321,Medication,2024-06-01,570.9
T103322,A103322,Radiology,2024-01-15,2999.38
T103323,A103323,Physiotherapy,2025-12-18,5171.49
T103324,A103324,Medication,2024-03-22,9547.61
T103325,A103325,Radiology,2025-07-08,6195.15
T103326,A103326,Diagnostic Test,2024-06-19,947.17
T103327,A103327,Radiology,2024-09-08,7391.87
T103328,A103328,Medication,2024-05-02,6769.62
T103329,A103329,Chemotherapy,2025-01-22,25809.52
T103330,A103330,Chemotherapy,2025-03-15,18840.24
T103331,A103331,Surgery,2024-10-01,23505.52
T103332,A103332,Diagnostic Test,2024-10-29,3221.01
T103333,A103333,Diagnostic Test,2025-12-22,5126.53
T103334,A103334,Diagnostic Test,2025-04-17,1053.78
T103335,A103335,Consultation,2024-06-08,980.35
T103336,A103336,Emergency Care,2025-09-27,9038.57
T103337,A103337,Consultation,2024-08-17,1446.04
T103338,A103338,Chemotherapy,2025-02-26,59649.04
T103339,A103339,Medication,2024-01-26,6610.49
T103340,A103340,Chemotherapy,2025-06-23,51402.7
T103341,A103341,Emergency Care,2025-07-23,7960.27
T103342,A103342,Radiology,2025-10-01,9207.97
T103343,A103343,Surgery,2025-06-23,93101.63
T103344,A103344,Surgery,2024-05-09,50101.5
T103345,A103345,Emergency Care,2024-04-03,19596.32
T103346,A103346,Diagnostic Test,2025-12-05,5375.84
T103347,A103347,Surgery,2025-02-24,52746.25
T103348,A103348,Diagnostic Test,2024-09-30,5073.88
T103349,A103349,Medication,2025-04-28,5508.25
T103350,A103350,Medication,2024-01-05,9020.96
T103351,A103351,Physiotherapy,2024-06-06,3060.64
T103352,A103352,Consultation,2024-02-24,1974.39
T103353,A103353,Diagnostic Test,2024-09-01,5318.59
T103354,A103354,Emergency Care,2025-10-25,13551.96
T103355,A103355,Consultation,2025-02-23,2123.48
T103356,A103356,Diagnostic Test,2025-03-03,3562.64
T103357,A103357,Diagnostic Test,2024-03-21,5170.16
T103358,A103358,Diagnostic Test,2025-11-26,1804.24
T103359,A103359,Surgery,2024-12-19,17456.47
T103360,A103360,Emergency Care,2025-09-11,17744.98
T103361,A103361,Radiology,2025-10-28,8038.42
T103362,A103362,Diagnostic Test,2024-10-20,931.95
T103363,A103363,Consultation,2025-12-18,1919.71
T103364,A103364,Medication,2024-04-25,2761.65
T103365,A103365,Chemotherapy,2025-06-12,59490.06
T103366,A103366,Diagnostic Test,2025-04-25,4805.66
T103367,A103367,Consultation,2024-10-16,1062.83
T103368,A103368,Physiotherapy,2025-10-31,4325.13
T103369,A103369,Diagnostic Test,2025-04-22,4832.12
T103370,A103370,Consultation,2024-01-25,1686.99
T103371,A103371,Diagnostic Test,2025-03-09,5882.79
T103372,A103372,Diagnostic Test,2024-10-07,2879.43
T103373,A103373,Diagnostic Test,2024-11-13,5377.86
T103374,A103374,Radiology,2025-10-02,2012.7
T103375,A103375,Physiotherapy,2024-12-23,4843.12
T103376,A103376,Diagnostic Test,2024-10-04,5974.02
T103377,A103377,Surgery,2025-11-23,86251.67
T103378,A103378,Diagnostic Test,2024-12-10,1346.04
T103379,A103379,Medication,2025-03-07,8029.24
T103380,A103380,Diagnostic Test,2025-07-12,2839.45
T103381,A103381,Emergency Care,2025-12-15,18491.65
T103382,A103382,Diagnostic Test,2025-07-16,2432.87
T103383,A103383,Physiotherapy,2025-03-16,4460.71
T103384,A103384,Surgery,2025-04-08,37802.13
T103385,A103385,Chemotherapy,2024-09-27,18048.83
T103386,A103386,Diagnostic Test,2025-12-10,2142.07
T103387,A103387,Consultation,2025-03-09,2118.89
T103388,A103388,Consultation,2024-01-24,2148.76
T103389,A103389,Consultation,2024-05-22,1724.01
T103390,A103390,Diagnostic Test,2024-12-20,1527.28
T103391,A103391,Physiotherapy,2025-04-11,6663.88
T103392,A103392,Medication,2025-04-13,10443.22
T103393,A103393,Diagnostic Test,2025-05-30,1062.89
T103394,A103394,Emergency Care,2025-04-11,12113.6
T103395,A103395,Consultation,2025-01-30,1736.64
T103396,A103396,Medication,2024-02-27,9729.2
T103397,A103397,Radiology,2024-05-05,6762.8
T103398,A103398,Emergency Care,2025-04-05,12065.13
T103399,A103399,Diagnostic Test,2024-02-23,3049.84
T103400,A103400,Medication,2024-09-28,5319.54
T103401,A103401,Diagnostic Test,2024-04-08,1197.78
T103402,A103402,Consultation,2024-09-29,2136.3
T103403,A103403,Medication,2024-11-19,1050.42
T103404,A103404,Medication,2025-07-28,8326.84
T103405,A103405,Diagnostic Test,2025-11-25,1341.98
T103406,A103406,Diagnostic Test,2024-05-15,2805.75
T103407,A103407,Diagnostic Test,2024-03-29,1166.21
T103408,A103408,Medication,2025-11-18,7218.09
T103409,A103409,Physiotherapy,2024-01-08,7309.15
T103410,A103410,Physiotherapy,2024-12-24,5261.61
T103411,A103411,Diagnostic Test,2024-12-09,2661.89
T103412,A103412,Radiology,2024-07-23,9453.76
T103413,A103413,Medication,2025-11-07,3769.05
T103414,A103414,Medication,2025-07-28,3294.99
T103415,A103415,Diagnostic Test,2025-04-18,4434.11
T103416,A103416,Surgery,2025-04-10,115471.06
T103417,A103417,Consultation,2025-05-13,2123.28
T103418,A103418,Medication,2025-12-04,4814.96
T103419,A103419,Physiotherapy,2024-03-05,2926.86
T103420,A103420,Medication,2025-07-10,5723.15
T103421,A103421,Diagnostic Test,2024-08-29,4574.1
T103422,A103422,Radiology,2025-06-26,3668.22
T103423,A103423,Consultation,2024-07-17,2226.79
T103424,A103424,Diagnostic Test,2025-11-14,4000.26
T103425,A103425,Consultation,2024-02-01,1621.23
T103426,A103426,Surgery,2025-10-28,24485.47
T103427,A103427,Diagnostic Test,2024-07-28,2812.6
T103428,A103428,Physiotherapy,2024-03-05,2677.19
T103429,A103429,Consultation,2024-02-26,1665.44
T103430,A103430,Consultation,2025-12-21,1911.65
T103431,A103431,Medication,2025-03-10,4021.78
T103432,A103432,Physiotherapy,2024-11-05,6690.19
T103433,A103433,Surgery,2025-07-31,106062.34
T103434,A103434,Diagnostic Test,2025-04-11,1797.74
T103435,A103435,Medication,2025-10-17,625.65
T103436,A103436,Diagnostic Test,2025-08-30,1443.18
T103437,A103437,Diagnostic Test,2024-04-19,2994.69
T103438,A103438,Surgery,2025-08-22,85622.67
T103439,A103439,Medication,2024-10-30,7280.8
T103440,A103440,Medication,2025-09-12,7118.13
T103441,A103441,Consultation,2024-02-17,1193.04
T103442,A103442,Diagnostic Test,2024-03-19,1382.5
T103443,A103443,Consultation,2025-12-31,860.61
T103444,A103444,Surgery,2024-06-19,60246.93
T103445,A103445,Radiology,2024-05-10,3851.4
T103446,A103446,Surgery,2025-12-15,72570.54
T103447,A103447,Emergency Care,2025-12-11,16250.44
T103448,A103448,Physiotherapy,2024-09-26,3016.04
T103449,A103449,Diagnostic Test,2025-08-23,3542.42
T103450,A103450,Emergency Care,2025-08-10,16389.76
T103451,A103451,Physiotherapy,2025-02-25,7159.98
T103452,A103452,Emergency Care,2024-06-09,6220.74
T103453,A103453,Consultation,2024-03-01,1452.81
T103454,A103454,Medication,2025-01-18,4018.57
T103455,A103455,Chemotherapy,2025-05-24,22741.48
T103456,A103456,Physiotherapy,2025-03-07,3977.6
T103457,A103457,Emergency Care,2024-12-05,23735.32
T103458,A103458,Emergency Care,2025-08-02,21549.34
T103459,A103459,Radiology,2024-01-29,5796.87
T103460,A103460,Diagnostic Test,2025-08-12,2695.9
T103461,A103461,Radiology,2025-01-07,5000.55
T103462,A103462,Physiotherapy,2024-02-07,2768.37
T103463,A103463,Consultation,2025-06-14,1918.11
T103464,A103464,Surgery,2024-09-25,42737.45
T103465,A103465,Chemotherapy,2025-03-09,15562.99
T103466,A103466,Physiotherapy,2024-01-22,3246.61
T103467,A103467,Surgery,2024-12-06,66144.29
T103468,A103468,Medication,2024-05-20,8821.79
T103469,A103469,Emergency Care,2024-03-10,13720.86
T103470,A103470,Medication,2025-06-16,706.96
T103471,A103471,Diagnostic Test,2025-01-03,4374.06
T103472,A103472,Physiotherapy,2024-09-20,6418.54
T103473,A103473,Diagnostic Test,2025-09-16,1067.12
T103474,A103474,Medication,2025-09-18,8738.02
T103475,A103475,Physiotherapy,2025-11-09,5597.5
T103476,A103476,Diagnostic Test,2025-08-03,2646.35
T103477,A103477,Physiotherapy,2025-08-04,6574.45
T103478,A103478,Diagnostic Test,2024-07-24,4408.13
T103479,A103479,Consultation,2025-10-03,1767.66
T103480,A103480,Diagnostic Test,2025-02-14,4694.48
T103481,A103481,Chemotherapy,2024-03-21,31799.26
T103482,A103482,Medication,2025-11-18,7423.18
T103483,A103483,Radiology,2024-04-23,1559.56
T103484,A103484,Consultation,2025-09-16,1566.97
T103485,A103485,Consultation,2024-05-17,1828.62
T103486,A103486,Consultation,2025-10-09,806.59
T103487,A103487,Radiology,2024-07-09,4692.89
T103488,A103488,Medication,2024-10-03,6549.88
T103489,A103489,Diagnostic Test,2024-04-12,2537.72
T103490,A103490,Radiology,2024-04-18,4388.84
T103491,A103491,Surgery,2025-07-31,105135.79
T103492,A103492,Medication,2024-06-21,11584.11
T103493,A103493,Radiology,2024-11-26,2049.96
T103494,A103494,Surgery,2025-12-23,110624.55
T103495,A103495,Physiotherapy,2024-07-12,3651.02
T103496,A103496,Medication,2025-11-01,3082.74
T103497,A103497,Chemotherapy,2024-08-14,17482.53
T103498,A103498,Surgery,2025-11-17,93489.17
T103499,A103499,Diagnostic Test,2024-11-18,4479.33
T103500,A103500,Diagnostic Test,2025-05-23,1020.95
T103501,A103501,Consultation,2025-07-03,2431.12
T103502,A103502,Diagnostic Test,2024-05-16,898.7
T103503,A103503,Surgery,2024-02-06,67177.9
T103504,A103504,Consultation,2024-04-03,1897.04
T103505,A103505,Physiotherapy,2024-03-17,7217.48
T103506,A103506,Emergency Care,2024-07-01,8931.11
T103507,A103507,Surgery,2025-12-20,43093.31
T103508,A103508,Emergency Care,2025-04-05,20187.92
T103509,A103509,Surgery,2025-11-29,58153.65
T103510,A103510,Diagnostic Test,2025-11-10,1631.42
T103511,A103511,Radiology,2025-09-19,1387.72
T103512,A103512,Chemotherapy,2025-02-14,47291.22
T103513,A103513,Medication,2024-07-25,475.75
T103514,A103514,Emergency Care,2024-09-01,17026.45
T103515,A103515,Diagnostic Test,2024-12-01,2858.75
T103516,A103516,Diagnostic Test,2025-11-06,3989.59
T103517,A103517,Radiology,2025-06-11,7888.79
T103518,A103518,Diagnostic Test,2024-10-22,4062.01
T103519,A103519,Chemotherapy,2024-09-30,33285.8
T103520,A103520,Diagnostic Test,2025-01-16,5491.23
T103521,A103521,Physiotherapy,2025-09-17,1025.15
T103522,A103522,Radiology,2025-10-27,1619.98
T103523,A103523,Chemotherapy,2024-01-28,34325.7
T103524,A103524,Emergency Care,2025-11-12,8439.37
T103525,A103525,Diagnostic Test,2025-06-28,2867.23
T103526,A103526,Medication,2025-12-21,3660.01
T103527,A103527,Emergency Care,2025-09-03,8087.44
T103528,A103528,Consultation,2024-04-02,2369.15
T103529,A103529,Medication,2025-04-21,2834.76
T103530,A103530,Consultation,2025-12-28,955.5
T103531,A103531,Surgery,2024-07-06,38701.17
T103532,A103532,Consultation,2025-07-24,1526.27
T103533,A103533,Diagnostic Test,2025-09-12,1728.23
T103534,A103534,Physiotherapy,2024-07-13,1684.06
T103535,A103535,Radiology,2025-06-19,3564.25
T103536,A103536,Medication,2025-11-30,10905.6
T103537,A103537,Surgery,2024-03-25,94033.84
T103538,A103538,Diagnostic Test,2025-08-16,1783.15
T103539,A103539,Chemotherapy,2024-03-17,40357.98
T103540,A103540,Consultation,2024-11-27,2255.35
T103541,A103541,Physiotherapy,2025-01-17,7796.77
T103542,A103542,Consultation,2025-03-11,926.27
T103543,A103543,Chemotherapy,2025-01-11,20189.88
T103544,A103544,Diagnostic Test,2024-12-08,5689.05
T103545,A103545,Diagnostic Test,2024-06-26,5366.47
T103546,A103546,Consultation,2025-03-04,1308.42
T103547,A103547,Emergency Care,2025-02-27,7349.39
T103548,A103548,Chemotherapy,2024-06-22,50769.73
T103549,A103549,Surgery,2025-02-09,26048.1
T103550,A103550,Consultation,2024-03-24,1853.74
T103551,A103551,Chemotherapy,2024-01-23,55380.81
T103552,A103552,Emergency Care,2025-11-23,6961.12
T103553,A103553,Consultation,2025-02-01,1012.79
T103554,A103554,Medication,2024-11-26,7826.5
T103555,A103555,Emergency Care,2024-08-15,16512.35
T103556,A103556,Physiotherapy,2025-02-07,1470.94
T103557,A103557,Medication,2025-03-16,4526.5
T103558,A103558,Diagnostic Test,2024-09-29,5597.97
T103559,A103559,Physiotherapy,2024-10-08,2608.6
T103560,A103560,Emergency Care,2024-08-10,14632.64
T103561,A103561,Medication,2025-08-11,4424.51
T103562,A103562,Medication,2025-10-24,10882.43
T103563,A103563,Consultation,2025-05-24,1685.14
T103564,A103564,Chemotherapy,2024-12-09,32521.21
T103565,A103565,Surgery,2025-09-11,108613.0
T103566,A103566,Radiology,2024-02-14,6868.93
T103567,A103567,Diagnostic Test,2024-06-26,2464.33
T103568,A103568,Consultation,2024-09-03,2488.31
T103569,A103569,Physiotherapy,2024-09-11,7410.67
T103570,A103570,Medication,2024-10-03,3395.77
T103571,A103571,Consultation,2024-12-02,857.59
T103572,A103572,Radiology,2025-08-26,2263.25
T103573,A103573,Diagnostic Test,2024-01-14,1350.57
T103574,A103574,Surgery,2024-06-01,92165.37
T103575,A103575,Medication,2024-07-10,4700.24
T103576,A103576,Diagnostic Test,2025-11-08,2365.62
T103577,A103577,Medication,2025-10-02,6837.84
T103578,A103578,Consultation,2024-08-01,1030.41
T103579,A103579,Consultation,2024-04-09,1268.97
T103580,A103580,Diagnostic Test,2024-12-05,3167.19
T103581,A103581,Diagnostic Test,2024-02-17,3076.83
T103582,A103582,Diagnostic Test,2024-02-27,3864.05
T103583,A103583,Surgery,2024-03-16,47540.12
T103584,A103584,Physiotherapy,2024-09-13,3676.1
T103585,A103585,Diagnostic Test,2025-10-26,848.57
T103586,A103586,Consultation,2025-07-26,1903.36
T103587,A103587,Medication,2025-08-22,6141.98
T103588,A103588,Chemotherapy,2024-06-20,12090.37
T103589,A103589,Consultation,2024-05-28,1658.08
T103590,A103590,Consultation,2024-02-03,1244.05
T103591,A103591,Consultation,2025-06-01,1049.41
T103592,A103592,Diagnostic Test,2024-09-14,528.06
T103593,A103593,Diagnostic Test,2024-05-05,5898.33
T103594,A103594,Surgery,2024-04-22,114533.57
T103595,A103595,Physiotherapy,2024-12-10,6774.25
T103596,A103596,Surgery,2024-02-18,37693.04
T103597,A103597,Diagnostic Test,2024-12-29,5278.6
T103598,A103598,Physiotherapy,2025-02-02,7280.36
T103599,A103599,Physiotherapy,2024-07-13,1571.33
T103600,A103600,Surgery,2025-12-25,69757.41
T103601,A103601,Diagnostic Test,2024-11-16,1087.93
T103602,A103602,Diagnostic Test,2024-05-17,3432.1
T103603,A103603,Surgery,2024-12-21,103653.44
T103604,A103604,Consultation,2024-03-10,1865.3
T103605,A103605,Consultation,2025-08-05,907.01
T103606,A103606,Physiotherapy,2025-04-27,1068.82
T103607,A103607,Emergency Care,2025-12-20,5074.35
T103608,A103608,Consultation,2025-12-12,2344.85
T103609,A103609,Consultation,2024-02-29,2474.93
T103610,A103610,Consultation,2025-01-25,1621.79
T103611,A103611,Diagnostic Test,2024-12-17,2463.95
T103612,A103612,Radiology,2024-12-07,4230.0
T103613,A103613,Radiology,2025-11-10,4939.8
T103614,A103614,Chemotherapy,2025-08-20,29763.85
T103615,A103615,Radiology,2025-03-14,7951.68
T103616,A103616,Surgery,2025-03-27,70466.06
T103617,A103617,Medication,2025-01-12,1310.86
T103618,A103618,Physiotherapy,2025-01-28,1615.13
T103619,A103619,Diagnostic Test,2025-04-25,1111.15
T103620,A103620,Medication,2024-04-23,4853.39
T103621,A103621,Medication,2024-06-21,3449.6
T103622,A103622,Radiology,2024-01-20,4457.71
T103623,A103623,Diagnostic Test,2024-08-23,1015.17
T103624,A103624,Emergency Care,2024-11-05,22949.93
T103625,A103625,Surgery,2025-11-01,101966.18
T103626,A103626,Medication,2025-12-26,6845.36
T103627,A103627,Diagnostic Test,2024-10-09,3641.37
T103628,A103628,Consultation,2024-07-16,1657.02
T103629,A103629,Consultation,2024-04-25,1188.04
T103630,A103630,Emergency Care,2025-02-01,17395.94
T103631,A103631,Diagnostic Test,2025-11-04,1004.4
T103632,A103632,Consultation,2025-10-28,1793.62
T103633,A103633,Surgery,2025-07-19,61218.35
T103634,A103634,Consultation,2025-02-24,898.25
T103635,A103635,Medication,2024-10-12,5360.32
T103636,A103636,Consultation,2025-08-07,1805.27
T103637,A103637,Medication,2024-11-24,1231.28
T103638,A103638,Physiotherapy,2024-12-07,3088.91
T103639,A103639,Consultation,2025-09-13,1144.2
T103640,A103640,Consultation,2024-08-08,840.43
T103641,A103641,Radiology,2024-01-10,1919.41
T103642,A103642,Surgery,2024-03-23,34853.03
T103643,A103643,Consultation,2024-10-21,1819.83
T103644,A103644,Chemotherapy,2025-01-10,57161.39
T103645,A103645,Physiotherapy,2025-06-20,5598.27
T103646,A103646,Consultation,2025-02-18,2466.75
T103647,A103647,Diagnostic Test,2024-04-10,5822.81
T103648,A103648,Medication,2025-11-13,6390.81
T103649,A103649,Consultation,2025-12-02,1177.26
T103650,A103650,Medication,2025-09-10,10982.99
T103651,A103651,Diagnostic Test,2025-01-18,3444.48
T103652,A103652,Emergency Care,2025-05-21,6340.9
T103653,A103653,Diagnostic Test,2025-03-22,2582.12
T103654,A103654,Surgery,2025-11-11,50052.29
T103655,A103655,Consultation,2024-12-11,1412.31
T103656,A103656,Consultation,2025-02-28,968.81
T103657,A103657,Diagnostic Test,2025-09-19,3038.3
T103658,A103658,Radiology,2024-11-01,5829.19
T103659,A103659,Diagnostic Test,2024-05-29,5320.51
T103660,A103660,Consultation,2025-04-01,909.24
T103661,A103661,Consultation,2024-02-05,2178.3
T103662,A103662,Medication,2025-05-17,7651.98
T103663,A103663,Medication,2024-11-15,11609.54
T103664,A103664,Diagnostic Test,2025-11-30,5056.02
T103665,A103665,Diagnostic Test,2024-07-12,2979.93
T103666,A103666,Diagnostic Test,2024-06-30,4786.09
T103667,A103667,Physiotherapy,2025-06-04,7458.89
T103668,A103668,Diagnostic Test,2025-01-27,3227.83
T103669,A103669,Surgery,2025-06-05,42954.58
T103670,A103670,Emergency Care,2024-12-25,11902.42
T103671,A103671,Chemotherapy,2025-07-28,31143.16
T103672,A103672,Physiotherapy,2025-04-11,5210.96
T103673,A103673,Medication,2025-11-05,5287.01
T103674,A103674,Diagnostic Test,2024-04-10,3800.95
T103675,A103675,Emergency Care,2024-05-29,3729.44
T103676,A103676,Emergency Care,2025-07-25,11286.29
T103677,A103677,Consultation,2025-12-28,1936.01
T103678,A103678,Diagnostic Test,2024-11-11,1112.32
T103679,A103679,Surgery,2024-06-30,37567.01
T103680,A103680,Surgery,2025-07-02,91748.08
T103681,A103681,Medication,2024-10-30,8035.18
T103682,A103682,Consultation,2025-07-12,1387.76
T103683,A103683,Consultation,2025-08-23,2487.04
T103684,A103684,Surgery,2024-01-06,47632.91
T103685,A103685,Emergency Care,2024-04-17,8438.03
T103686,A103686,Physiotherapy,2024-03-16,3387.74
T103687,A103687,Medication,2024-02-12,9085.89
T103688,A103688,Consultation,2025-09-30,957.05
T103689,A103689,Consultation,2025-11-27,1288.98
T103690,A103690,Medication,2024-04-29,7412.78
T103691,A103691,Consultation,2024-03-14,2270.25
T103692,A103692,Medication,2025-07-05,5404.97
T103693,A103693,Surgery,2024-07-22,54956.59
T103694,A103694,Consultation,2024-04-08,1396.35
T103695,A103695,Surgery,2024-10-07,20568.94
T103696,A103696,Chemotherapy,2024-05-22,56909.61
T103697,A103697,Diagnostic Test,2024-04-26,743.33
T103698,A103698,Emergency Care,2025-04-20,15361.64
T103699,A103699,Diagnostic Test,2024-05-14,4864.18
T103700,A103700,Surgery,2024-06-19,104954.43
T103701,A103701,Physiotherapy,2024-09-03,2292.58
T103702,A103702,Radiology,2024-10-05,1486.43
T103703,A103703,Diagnostic Test,2024-09-16,4726.19
T103704,A103704,Consultation,2024-02-17,904.38
T103705,A103705,Medication,2024-12-12,5413.44
T103706,A103706,Diagnostic Test,2024-08-24,2452.19
T103707,A103707,Medication,2024-02-23,1870.55
T103708,A103708,Consultation,2024-05-28,1703.06
T103709,A103709,Surgery,2025-11-30,30870.15
T103710,A103710,Medication,2025-06-16,8072.43
T103711,A103711,Consultation,2024-04-01,2154.59
T103712,A103712,Surgery,2024-08-22,39280.34
T103713,A103713,Surgery,2025-12-27,92714.64
T103714,A103714,Diagnostic Test,2024-02-22,4055.52
T103715,A103715,Emergency Care,2025-10-28,8934.67
T103716,A103716,Emergency Care,2025-09-22,7293.34
T103717,A103717,Medication,2025-01-30,10531.43
T103718,A103718,Consultation,2024-08-04,1142.54
T103719,A103719,Surgery,2025-03-28,23250.48
T103720,A103720,Radiology,2024-12-04,3999.4
T103721,A103721,Diagnostic Test,2024-12-18,5474.98
T103722,A103722,Diagnostic Test,2025-10-12,3722.25
T103723,A103723,Radiology,2024-10-14,7520.41
T103724,A103724,Medication,2025-08-06,2860.2
T103725,A103725,Surgery,2024-09-02,66856.34
T103726,A103726,Medication,2025-07-05,9554.74
T103727,A103727,Medication,2025-12-29,4626.8
T103728,A103728,Consultation,2025-10-03,2017.52
T103729,A103729,Surgery,2025-08-08,76239.69
T103730,A103730,Medication,2024-08-15,4223.45
T103731,A103731,Emergency Care,2025-03-17,12099.67
T103732,A103732,Diagnostic Test,2025-04-21,4549.72
T103733,A103733,Diagnostic Test,2025-03-21,4618.13
T103734,A103734,Radiology,2025-02-16,9044.78
T103735,A103735,Diagnostic Test,2024-09-02,3464.07
T103736,A103736,Consultation,2025-08-06,1554.51
T103737,A103737,Emergency Care,2025-12-10,20182.12
T103738,A103738,Consultation,2025-05-14,1456.11
T103739,A103739,Emergency Care,2025-07-04,16050.39
T103740,A103740,Radiology,2024-04-26,7891.04
T103741,A103741,Medication,2024-12-31,11122.24
T103742,A103742,Chemotherapy,2024-07-24,54438.58
T103743,A103743,Consultation,2024-12-17,1923.11
T103744,A103744,Consultation,2024-11-17,834.91
T103745,A103745,Surgery,2024-12-27,92541.91
T103746,A103746,Emergency Care,2025-06-03,10286.89
T103747,A103747,Consultation,2025-05-05,2216.92
T103748,A103748,Consultation,2025-10-31,845.55
T103749,A103749,Physiotherapy,2024-04-18,1792.84
T103750,A103750,Diagnostic Test,2025-10-17,4293.85
T103751,A103751,Medication,2024-06-22,3410.51
T103752,A103752,Physiotherapy,2025-10-21,3224.98
T103753,A103753,Radiology,2025-06-03,4722.19
T103754,A103754,Medication,2025-06-14,2524.73
T103755,A103755,Consultation,2024-11-18,2261.09
T103756,A103756,Physiotherapy,2024-02-09,1617.92
T103757,A103757,Medication,2025-05-15,2290.51
T103758,A103758,Physiotherapy,2025-10-27,3669.39
T103759,A103759,Consultation,2024-09-21,1438.88
T103760,A103760,Consultation,2025-11-27,888.18
T103761,A103761,Chemotherapy,2025-11-01,26922.6
T103762,A103762,Medication,2025-10-12,9242.81
T103763,A103763,Consultation,2025-02-08,2313.92
T103764,A103764,Physiotherapy,2025-08-24,1867.47
T103765,A103765,Physiotherapy,2024-08-06,5560.58
T103766,A103766,Emergency Care,2024-11-26,23385.02
T103767,A103767,Radiology,2024-07-07,3839.26
T103768,A103768,Radiology,2025-01-16,8913.66
T103769,A103769,Radiology,2024-07-28,2577.12
T103770,A103770,Diagnostic Test,2025-07-18,5235.37
T103771,A103771,Medication,2024-10-14,5292.87
T103772,A103772,Consultation,2024-03-28,2203.12
T103773,A103773,Consultation,2024-05-15,1157.93
T103774,A103774,Chemotherapy,2024-06-06,13446.98
T103775,A103775,Consultation,2024-06-03,1812.89
T103776,A103776,Medication,2025-04-10,3416.34
T103777,A103777,Emergency Care,2024-08-09,20744.81
T103778,A103778,Diagnostic Test,2025-04-05,5036.28
T103779,A103779,Surgery,2024-06-16,90959.95
T103780,A103780,Physiotherapy,2024-11-20,4483.9
T103781,A103781,Medication,2025-11-23,11100.92
T103782,A103782,Diagnostic Test,2025-07-18,3720.28
T103783,A103783,Radiology,2025-05-27,2784.58
T103784,A103784,Surgery,2024-03-29,76106.85
T103785,A103785,Surgery,2025-07-01,75469.43
T103786,A103786,Consultation,2024-10-03,1888.21
T103787,A103787,Chemotherapy,2024-05-20,14964.91
T103788,A103788,Emergency Care,2025-12-21,18151.1
T103789,A103789,Physiotherapy,2025-09-19,3823.12
T103790,A103790,Emergency Care,2024-12-19,16429.92
T103791,A103791,Medication,2024-01-08,11073.3
T103792,A103792,Medication,2025-01-17,4262.05
T103793,A103793,Chemotherapy,2025-12-25,37590.08
T103794,A103794,Medication,2024-12-02,9313.05
T103795,A103795,Consultation,2025-04-20,1006.04
T103796,A103796,Physiotherapy,2024-02-02,3479.85
T103797,A103797,Consultation,2024-12-13,1031.28
T103798,A103798,Diagnostic Test,2025-08-18,5118.48
T103799,A103799,Radiology,2025-05-07,7993.09
T103800,A103800,Diagnostic Test,2025-05-11,2241.79
T103801,A103801,Emergency Care,2025-01-24,3644.36
T103802,A103802,Radiology,2024-09-11,4804.36
T103803,A103803,Emergency Care,2025-09-21,3382.05
T103804,A103804,Consultation,2024-02-02,1296.68
T103805,A103805,Diagnostic Test,2025-09-15,1656.42
T103806,A103806,Radiology,2025-12-14,3254.31
T103807,A103807,Physiotherapy,2024-12-10,5827.52
T103808,A103808,Radiology,2024-10-16,7436.67
T103809,A103809,Chemotherapy,2025-01-31,45315.43
T103810,A103810,Diagnostic Test,2025-05-24,5010.84
T103811,A103811,Emergency Care,2024-09-01,20454.69
T103812,A103812,Physiotherapy,2024-08-08,5390.3
T103813,A103813,Emergency Care,2024-06-04,7992.99
T103814,A103814,Consultation,2025-01-20,1401.15
T103815,A103815,Medication,2024-11-16,5117.37
T103816,A103816,Radiology,2025-01-09,7421.14
T103817,A103817,Consultation,2025-06-15,1711.88
T103818,A103818,Medication,2024-08-02,8985.83
T103819,A103819,Radiology,2025-01-01,2598.11
T103820,A103820,Consultation,2024-04-25,1194.97
T103821,A103821,Physiotherapy,2024-07-20,1400.64
T103822,A103822,Emergency Care,2024-01-26,15872.95
T103823,A103823,Consultation,2024-05-01,2440.82
T103824,A103824,Emergency Care,2025-09-03,14956.17
T103825,A103825,Surgery,2024-01-06,38147.6
T103826,A103826,Consultation,2025-03-21,1847.85
T103827,A103827,Diagnostic Test,2024-09-11,4239.99
T103828,A103828,Diagnostic Test,2024-01-21,3678.2
T103829,A103829,Diagnostic Test,2024-07-24,2546.41
T103830,A103830,Radiology,2024-12-23,8501.75
T103831,A103831,Surgery,2024-05-09,66616.55
T103832,A103832,Diagnostic Test,2024-12-23,5940.1
T103833,A103833,Diagnostic Test,2024-10-21,1838.47
T103834,A103834,Emergency Care,2024-06-24,7911.53
T103835,A103835,Medication,2024-12-21,1179.85
T103836,A103836,Consultation,2024-02-08,1478.17
T103837,A103837,Chemotherapy,2024-11-06,22422.71
T103838,A103838,Physiotherapy,2025-10-25,6832.61
T103839,A103839,Diagnostic Test,2025-08-29,3359.75
T103840,A103840,Consultation,2025-08-06,902.2
T103841,A103841,Diagnostic Test,2024-03-27,2465.99
T103842,A103842,Diagnostic Test,2025-05-27,4325.88
T103843,A103843,Physiotherapy,2025-03-21,4401.01
T103844,A103844,Consultation,2025-02-26,1398.04
T103845,A103845,Medication,2024-07-24,2115.7
T103846,A103846,Medication,2025-05-04,8086.93
T103847,A103847,Physiotherapy,2024-03-31,2244.31
T103848,A103848,Radiology,2024-09-09,8858.26
T103849,A103849,Medication,2025-12-26,11875.16
T103850,A103850,Diagnostic Test,2024-02-01,3539.81
T103851,A103851,Diagnostic Test,2025-02-24,1144.16
T103852,A103852,Diagnostic Test,2024-03-02,4270.49
T103853,A103853,Physiotherapy,2025-08-01,1930.26
T103854,A103854,Medication,2024-08-13,10852.2
T103855,A103855,Medication,2024-12-02,7155.81
T103856,A103856,Surgery,2025-08-01,99036.77
T103857,A103857,Consultation,2025-10-01,1862.33
T103858,A103858,Physiotherapy,2024-04-21,4681.99
T103859,A103859,Radiology,2025-05-08,5822.0
T103860,A103860,Chemotherapy,2024-10-01,46970.76
T103861,A103861,Consultation,2024-02-03,2334.36
T103862,A103862,Chemotherapy,2024-08-01,20946.56
T103863,A103863,Chemotherapy,2024-10-28,15693.83
T103864,A103864,Physiotherapy,2025-01-10,1394.71
T103865,A103865,Diagnostic Test,2024-05-07,5267.02
T103866,A103866,Chemotherapy,2024-04-14,16119.41
T103867,A103867,Diagnostic Test,2025-12-20,3957.86
T103868,A103868,Medication,2024-05-01,3965.06
T103869,A103869,Surgery,2025-11-12,74144.38
T103870,A103870,Chemotherapy,2025-06-30,14247.09
T103871,A103871,Diagnostic Test,2024-11-27,3691.75
T103872,A103872,Diagnostic Test,2024-11-06,5328.69
T103873,A103873,Surgery,2025-07-25,42923.78
T103874,A103874,Radiology,2025-02-15,4031.33
T103875,A103875,Diagnostic Test,2025-02-05,1699.62
T103876,A103876,Diagnostic Test,2024-11-04,1214.1
T103877,A103877,Radiology,2025-10-14,1837.08
T103878,A103878,Surgery,2025-09-15,85376.0
T103879,A103879,Physiotherapy,2024-06-14,3425.24
T103880,A103880,Chemotherapy,2025-09-16,32904.05
T103881,A103881,Diagnostic Test,2025-10-27,2269.49
T103882,A103882,Surgery,2024-03-05,93154.44
T103883,A103883,Medication,2025-09-10,8287.52
T103884,A103884,Medication,2024-08-06,8088.96
T103885,A103885,Emergency Care,2025-08-28,19849.81
T103886,A103886,Emergency Care,2024-01-29,15825.32
T103887,A103887,Radiology,2025-10-31,2055.79
T103888,A103888,Consultation,2025-08-09,1518.78
T103889,A103889,Consultation,2024-02-15,1338.54
T103890,A103890,Consultation,2024-03-31,1382.13
T103891,A103891,Medication,2024-05-12,2593.2
T103892,A103892,Consultation,2024-06-10,1073.72
T103893,A103893,Medication,2025-01-17,5756.38
T103894,A103894,Physiotherapy,2024-09-19,7798.71
T103895,A103895,Diagnostic Test,2025-01-20,622.61
T103896,A103896,Surgery,2025-01-03,44662.94
T103897,A103897,Consultation,2024-04-21,2441.64
T103898,A103898,Consultation,2025-11-08,1406.26
T103899,A103899,Medication,2024-03-19,7958.01
T103900,A103900,Consultation,2024-07-27,1254.9
T103901,A103901,Physiotherapy,2024-01-16,4794.47
T103902,A103902,Consultation,2025-07-24,1095.0
T103903,A103903,Chemotherapy,2025-07-04,36934.31
T103904,A103904,Radiology,2024-01-25,5417.52
T103905,A103905,Diagnostic Test,2025-06-30,5091.53
T103906,A103906,Diagnostic Test,2024-05-19,4922.2
T103907,A103907,Consultation,2024-10-01,1110.0
T103908,A103908,Emergency Care,2025-01-07,23686.1
T103909,A103909,Consultation,2024-08-09,1462.04
T103910,A103910,Surgery,2024-02-07,20312.11
T103911,A103911,Radiology,2024-05-10,1873.55
T103912,A103912,Consultation,2024-11-12,1511.72
T103913,A103913,Radiology,2024-11-19,9009.46
T103914,A103914,Consultation,2025-03-08,1065.74
T103915,A103915,Diagnostic Test,2024-08-08,3143.68
T103916,A103916,Diagnostic Test,2024-09-05,3463.52
T103917,A103917,Consultation,2024-04-22,2315.09
T103918,A103918,Consultation,2025-12-09,821.1
T103919,A103919,Physiotherapy,2024-05-26,7231.69
T103920,A103920,Consultation,2024-12-09,1259.16
T103921,A103921,Emergency Care,2025-05-23,22172.73
T103922,A103922,Diagnostic Test,2025-05-19,2832.12
T103923,A103923,Consultation,2025-07-08,1356.54
T103924,A103924,Diagnostic Test,2024-05-14,5944.74
T103925,A103925,Diagnostic Test,2025-04-09,4803.61
T103926,A103926,Consultation,2024-07-10,1624.82
T103927,A103927,Physiotherapy,2024-06-12,3615.2
T103928,A103928,Radiology,2025-04-01,4011.1
T103929,A103929,Consultation,2024-03-03,1975.83
T103930,A103930,Medication,2024-01-05,5175.16
T103931,A103931,Physiotherapy,2024-02-09,5549.06
T103932,A103932,Emergency Care,2025-04-05,12141.26
T103933,A103933,Physiotherapy,2024-08-05,3600.33
T103934,A103934,Diagnostic Test,2025-12-30,2324.61
T103935,A103935,Physiotherapy,2024-05-21,7432.56
T103936,A103936,Diagnostic Test,2025-09-11,4715.0
T103937,A103937,Consultation,2024-04-08,1913.7
T103938,A103938,Physiotherapy,2025-11-13,5657.81
T103939,A103939,Medication,2024-09-22,2431.73
T103940,A103940,Emergency Care,2025-08-21,23582.62
T103941,A103941,Consultation,2025-08-20,979.54
T103942,A103942,Surgery,2024-08-13,38525.38
T103943,A103943,Diagnostic Test,2024-01-14,633.0
T103944,A103944,Medication,2024-11-24,4617.7
T103945,A103945,Consultation,2025-12-01,1322.68
T103946,A103946,Consultation,2024-12-16,2231.62
T103947,A103947,Medication,2025-01-15,8102.34
T103948,A103948,Diagnostic Test,2024-08-19,4861.44
T103949,A103949,Consultation,2024-05-20,1052.8
T103950,A103950,Medication,2025-09-11,6979.88
T103951,A103951,Surgery,2024-02-19,66428.75
T103952,A103952,Emergency Care,2025-03-26,12381.27
T103953,A103953,Radiology,2025-05-05,9940.94
T103954,A103954,Physiotherapy,2024-07-26,4125.82
T103955,A103955,Surgery,2025-02-13,26223.1
T103956,A103956,Medication,2025-02-10,687.74
T103957,A103957,Emergency Care,2024-02-21,20556.34
T103958,A103958,Physiotherapy,2024-06-25,1067.57
T103959,A103959,Consultation,2024-09-20,2360.51
T103960,A103960,Surgery,2025-04-24,36895.06
T103961,A103961,Surgery,2024-08-13,107560.9
T103962,A103962,Consultation,2024-09-26,2150.15
T103963,A103963,Radiology,2024-11-14,3050.21
T103964,A103964,Diagnostic Test,2025-01-19,5099.67
T103965,A103965,Diagnostic Test,2025-08-11,2266.47
T103966,A103966,Emergency Care,2025-09-18,7587.12
T103967,A103967,Physiotherapy,2024-08-08,2500.97
T103968,A103968,Radiology,2024-02-25,8888.64
T103969,A103969,Consultation,2024-07-19,824.83
T103970,A103970,Medication,2025-10-05,8955.9
T103971,A103971,Physiotherapy,2024-12-04,6617.6
T103972,A103972,Radiology,2025-12-06,4460.87
T103973,A103973,Chemotherapy,2025-11-23,45298.23
T103974,A103974,Consultation,2024-11-01,2338.63
T103975,A103975,Physiotherapy,2024-09-02,4803.93
T103976,A103976,Consultation,2025-09-21,1910.5
T103977,A103977,Surgery,2024-07-27,88536.08
T103978,A103978,Surgery,2025-12-27,115972.57
T103979,A103979,Diagnostic Test,2025-05-28,2809.68
T103980,A103980,Chemotherapy,2024-09-15,37960.71
T103981,A103981,Medication,2025-01-15,5765.7
T103982,A103982,Consultation,2024-06-14,1336.68
T103983,A103983,Diagnostic Test,2024-12-07,5687.03
T103984,A103984,Consultation,2025-07-31,1632.07
T103985,A103985,Medication,2025-06-14,11189.73
T103986,A103986,Diagnostic Test,2024-02-05,5950.69
T103987,A103987,Diagnostic Test,2024-11-19,5214.71
T103988,A103988,Radiology,2024-06-29,2653.61
T103989,A103989,Radiology,2024-12-14,1538.04
T103990,A103990,Physiotherapy,2025-12-07,4789.98
T103991,A103991,Emergency Care,2024-07-11,14839.36
T103992,A103992,Physiotherapy,2025-08-02,5233.83
T103993,A103993,Medication,2025-12-22,966.94
T103994,A103994,Consultation,2025-11-11,1292.23
T103995,A103995,Consultation,2024-09-03,1645.09
T103996,A103996,Diagnostic Test,2024-09-04,3328.93
T103997,A103997,Radiology,2025-11-09,9529.89
T103998,A103998,Emergency Care,2025-12-26,24241.18
T103999,A103999,Diagnostic Test,2024-05-15,5392.73
T104000,A104000,Consultation,2024-07-16,1225.56
T104001,A104001,Radiology,2024-12-14,6840.18
T104002,A104002,Diagnostic Test,2024-02-18,2007.58
T104003,A104003,Emergency Care,2024-03-04,23914.19
T104004,A104004,Emergency Care,2025-09-18,14134.33
T104005,A104005,Diagnostic Test,2025-11-30,5056.01
T104006,A104006,Medication,2024-04-14,4898.15
T104007,A104007,Physiotherapy,2024-08-01,3670.3
T104008,A104008,Medication,2025-05-31,694.32
T104009,A104009,Emergency Care,2024-04-28,13108.61
T104010,A104010,Diagnostic Test,2025-11-09,4039.93
T104011,A104011,Physiotherapy,2024-09-01,1909.06
T104012,A104012,Medication,2024-10-09,2462.71
T104013,A104013,Medication,2025-02-27,11668.14
T104014,A104014,Consultation,2024-12-30,2043.72
T104015,A104015,Physiotherapy,2024-11-02,7359.79
T104016,A104016,Surgery,2025-12-17,64995.64
T104017,A104017,Consultation,2025-05-02,1104.6
T104018,A104018,Consultation,2024-11-11,1082.83
T104019,A104019,Consultation,2025-05-29,1720.8
T104020,A104020,Physiotherapy,2025-11-13,6007.72
T104021,A104021,Physiotherapy,2024-06-18,7411.22
T104022,A104022,Consultation,2025-01-30,1492.17
T104023,A104023,Consultation,2024-03-04,1353.33
T104024,A104024,Emergency Care,2024-09-29,23569.16
T104025,A104025,Surgery,2024-02-08,62629.29
T104026,A104026,Chemotherapy,2024-01-16,36025.18
T104027,A104027,Surgery,2024-12-11,62169.63
T104028,A104028,Medication,2024-12-11,9288.38
T104029,A104029,Chemotherapy,2025-06-25,13558.5
T104030,A104030,Emergency Care,2025-09-14,21400.78
T104031,A104031,Consultation,2024-08-21,1466.29
T104032,A104032,Medication,2025-07-31,11601.19
T104033,A104033,Surgery,2025-09-03,46550.06
T104034,A104034,Medication,2025-02-20,5802.42
T104035,A104035,Diagnostic Test,2024-09-24,2823.17
T104036,A104036,Chemotherapy,2024-11-24,50071.24
T104037,A104037,Diagnostic Test,2025-03-20,4193.62
T104038,A104038,Consultation,2025-07-13,1899.66
T104039,A104039,Physiotherapy,2025-12-22,6000.27
T104040,A104040,Emergency Care,2024-03-17,24099.62
T104041,A104041,Diagnostic Test,2024-09-06,3128.76
T104042,A104042,Surgery,2025-08-02,83426.95
T104043,A104043,Consultation,2024-11-11,1962.62
T104044,A104044,Diagnostic Test,2025-08-01,5213.94
T104045,A104045,Radiology,2025-11-24,3736.28
T104046,A104046,Chemotherapy,2025-08-17,50316.76
T104047,A104047,Diagnostic Test,2024-12-11,3245.92
T104048,A104048,Medication,2025-12-18,489.07
T104049,A104049,Radiology,2024-07-01,2547.05
T104050,A104050,Consultation,2025-12-29,2226.91
T104051,A104051,Diagnostic Test,2025-09-25,1975.56
T104052,A104052,Consultation,2025-02-05,1304.89
T104053,A104053,Consultation,2024-08-28,2049.76
T104054,A104054,Consultation,2025-12-17,1966.05
T104055,A104055,Consultation,2024-10-19,1565.56
T104056,A104056,Surgery,2024-02-26,91656.78
T104057,A104057,Surgery,2024-05-26,79092.67
T104058,A104058,Diagnostic Test,2024-12-21,1506.62
T104059,A104059,Diagnostic Test,2025-08-20,2022.41
T104060,A104060,Medication,2025-04-23,1051.21
T104061,A104061,Radiology,2024-01-25,7021.44
T104062,A104062,Emergency Care,2024-11-29,4219.55
T104063,A104063,Radiology,2024-10-18,7735.95
T104064,A104064,Surgery,2024-08-26,70944.54
T104065,A104065,Chemotherapy,2024-01-31,31938.53
T104066,A104066,Radiology,2025-11-27,6452.05
T104067,A104067,Emergency Care,2024-06-10,16630.23
T104068,A104068,Consultation,2025-06-14,1793.55
T104069,A104069,Diagnostic Test,2025-07-04,4422.82
T104070,A104070,Consultation,2024-04-11,1881.31
T104071,A104071,Diagnostic Test,2024-10-18,3156.95
T104072,A104072,Diagnostic Test,2025-01-11,5062.46
T104073,A104073,Emergency Care,2024-06-24,24420.77
T104074,A104074,Emergency Care,2024-12-10,16476.98
T104075,A104075,Physiotherapy,2025-08-02,5984.7
T104076,A104076,Diagnostic Test,2024-07-11,3296.47
T104077,A104077,Consultation,2025-03-16,1481.5
T104078,A104078,Physiotherapy,2025-07-11,7025.65
T104079,A104079,Medication,2025-09-28,2577.63
T104080,A104080,Diagnostic Test,2024-12-10,4296.64
T104081,A104081,Consultation,2025-12-10,1033.28
T104082,A104082,Medication,2024-05-06,9269.4
T104083,A104083,Consultation,2025-09-01,1198.9
T104084,A104084,Medication,2025-11-02,7402.09
T104085,A104085,Emergency Care,2025-07-07,6065.08
T104086,A104086,Radiology,2024-12-25,1205.28
T104087,A104087,Emergency Care,2025-05-18,19311.62
T104088,A104088,Diagnostic Test,2024-06-21,5313.69
T104089,A104089,Emergency Care,2025-01-30,20589.66
T104090,A104090,Surgery,2025-04-06,28950.0
T104091,A104091,Medication,2025-11-16,3045.76
T104092,A104092,Diagnostic Test,2024-04-29,5034.34
T104093,A104093,Emergency Care,2024-09-30,3369.83
T104094,A104094,Surgery,2024-12-26,70484.46
T104095,A104095,Consultation,2025-01-22,2220.82
T104096,A104096,Medication,2024-11-15,2584.1
T104097,A104097,Diagnostic Test,2024-09-20,1292.57
T104098,A104098,Surgery,2024-10-10,34079.77
T104099,A104099,Diagnostic Test,2024-11-24,4655.9
T104100,A104100,Surgery,2024-05-06,116347.02
T104101,A104101,Consultation,2025-04-20,1158.87
T104102,A104102,Diagnostic Test,2024-10-04,1097.47
T104103,A104103,Diagnostic Test,2024-04-02,1989.56
T104104,A104104,Emergency Care,2025-07-02,5438.89
T104105,A104105,Medication,2024-05-10,359.55
T104106,A104106,Consultation,2025-06-15,1564.67
T104107,A104107,Emergency Care,2024-06-17,19530.39
T104108,A104108,Physiotherapy,2024-08-24,3177.99
T104109,A104109,Diagnostic Test,2024-02-01,2320.58
T104110,A104110,Diagnostic Test,2024-08-19,1753.17
T104111,A104111,Consultation,2024-07-11,1023.8
T104112,A104112,Emergency Care,2025-10-18,4469.01
T104113,A104113,Chemotherapy,2025-09-07,38511.15
T104114,A104114,Consultation,2025-08-13,2098.93
T104115,A104115,Physiotherapy,2025-05-22,4525.69
T104116,A104116,Surgery,2025-04-03,103645.46
T104117,A104117,Radiology,2025-11-02,5263.43
T104118,A104118,Medication,2024-09-11,1133.32
T104119,A104119,Surgery,2024-10-05,78424.0
T104120,A104120,Surgery,2025-12-03,90085.42
T104121,A104121,Physiotherapy,2025-12-23,1863.9
T104122,A104122,Physiotherapy,2024-02-27,4664.97
T104123,A104123,Medication,2025-10-10,3777.18
T104124,A104124,Chemotherapy,2024-04-17,58127.06
T104125,A104125,Radiology,2025-08-05,3064.46
T104126,A104126,Consultation,2025-12-02,1960.46
T104127,A104127,Chemotherapy,2024-07-10,25430.46
T104128,A104128,Diagnostic Test,2024-10-04,2789.92
T104129,A104129,Emergency Care,2025-06-28,21195.3
T104130,A104130,Radiology,2024-06-25,9975.18
T104131,A104131,Chemotherapy,2025-09-28,16051.1
T104132,A104132,Physiotherapy,2024-03-25,4216.53
T104133,A104133,Physiotherapy,2025-12-29,5341.88
T104134,A104134,Diagnostic Test,2024-08-06,2660.63
T104135,A104135,Medication,2024-01-15,1842.55
T104136,A104136,Surgery,2024-02-06,17506.93
T104137,A104137,Consultation,2024-01-28,853.21
T104138,A104138,Diagnostic Test,2025-10-28,3236.28
T104139,A104139,Physiotherapy,2025-07-30,3877.79
T104140,A104140,Chemotherapy,2024-03-10,58963.92
T104141,A104141,Surgery,2024-06-05,110767.21
T104142,A104142,Diagnostic Test,2025-03-14,3861.81
T104143,A104143,Consultation,2024-09-29,1606.91
T104144,A104144,Surgery,2025-06-26,75196.12
T104145,A104145,Diagnostic Test,2024-03-16,3054.19
T104146,A104146,Surgery,2025-07-27,51403.97
T104147,A104147,Consultation,2024-05-31,1837.63
T104148,A104148,Physiotherapy,2025-05-23,7512.52
T104149,A104149,Consultation,2024-01-13,1898.18
T104150,A104150,Physiotherapy,2025-10-06,2242.04
T104151,A104151,Diagnostic Test,2025-05-16,3117.32
T104152,A104152,Diagnostic Test,2024-03-02,1449.16
T104153,A104153,Consultation,2025-01-25,1003.04
T104154,A104154,Emergency Care,2026-01-01,10252.43
T104155,A104155,Consultation,2024-08-20,1138.6
T104156,A104156,Diagnostic Test,2025-08-07,5644.3
T104157,A104157,Consultation,2025-06-13,894.98
T104158,A104158,Medication,2025-07-06,11580.43
T104159,A104159,Medication,2025-11-19,10137.41
T104160,A104160,Consultation,2025-03-21,1244.17
T104161,A104161,Physiotherapy,2024-11-18,1648.02
T104162,A104162,Medication,2024-03-23,6933.88
T104163,A104163,Radiology,2025-03-10,3367.09
T104164,A104164,Chemotherapy,2024-01-19,22527.5
T104165,A104165,Physiotherapy,2025-01-04,5017.72
T104166,A104166,Medication,2025-11-01,5654.64
T104167,A104167,Medication,2025-11-15,6230.89
T104168,A104168,Consultation,2025-08-07,1342.45
T104169,A104169,Chemotherapy,2025-08-05,26211.23
T104170,A104170,Diagnostic Test,2024-09-11,5996.8
T104171,A104171,Physiotherapy,2025-04-03,3752.5
T104172,A104172,Surgery,2025-10-07,38411.94
T104173,A104173,Chemotherapy,2025-07-15,45223.4
T104174,A104174,Surgery,2025-06-16,97295.85
T104175,A104175,Medication,2025-01-28,3052.15
T104176,A104176,Consultation,2024-11-18,985.87
T104177,A104177,Medication,2024-08-07,3740.36
T104178,A104178,Diagnostic Test,2025-12-01,3388.91
T104179,A104179,Radiology,2025-02-19,4550.91
T104180,A104180,Diagnostic Test,2024-02-02,1350.19
T104181,A104181,Surgery,2025-12-18,17580.59
T104182,A104182,Physiotherapy,2024-01-16,4539.87
T104183,A104183,Consultation,2025-02-12,2279.99
T104184,A104184,Diagnostic Test,2024-06-23,3774.9
T104185,A104185,Emergency Care,2025-10-10,22108.74
T104186,A104186,Chemotherapy,2024-06-29,48308.56
T104187,A104187,Diagnostic Test,2025-07-27,2387.35
T104188,A104188,Medication,2025-05-11,5134.23
T104189,A104189,Medication,2024-04-14,10389.43
T104190,A104190,Diagnostic Test,2024-11-13,4379.69
T104191,A104191,Diagnostic Test,2025-12-09,3576.71
T104192,A104192,Emergency Care,2025-08-13,23842.17
T104193,A104193,Consultation,2024-06-29,879.34
T104194,A104194,Emergency Care,2024-05-11,21850.94
T104195,A104195,Diagnostic Test,2025-10-24,2252.66
T104196,A104196,Diagnostic Test,2024-06-05,4070.11
T104197,A104197,Diagnostic Test,2024-12-25,5532.67
T104198,A104198,Diagnostic Test,2024-08-24,2447.25
T104199,A104199,Diagnostic Test,2024-06-14,3223.03
T104200,A104200,Diagnostic Test,2025-12-19,2274.55
T104201,A104201,Radiology,2025-03-02,7397.37
T104202,A104202,Diagnostic Test,2025-11-09,1217.36
T104203,A104203,Chemotherapy,2025-05-05,47649.55
T104204,A104204,Emergency Care,2024-08-02,20175.02
T104205,A104205,Diagnostic Test,2024-06-08,863.14
T104206,A104206,Medication,2025-11-20,4976.92
T104207,A104207,Surgery,2024-03-17,88165.16
T104208,A104208,Radiology,2025-03-12,2030.12
T104209,A104209,Diagnostic Test,2024-06-26,4863.8
T104210,A104210,Radiology,2025-10-06,6853.91
T104211,A104211,Surgery,2025-10-01,63630.49
T104212,A104212,Medication,2024-11-08,1410.56
T104213,A104213,Medication,2024-05-07,1134.72
T104214,A104214,Consultation,2025-01-13,1216.86
T104215,A104215,Medication,2024-12-10,9545.92
T104216,A104216,Radiology,2024-08-14,9032.12
T104217,A104217,Diagnostic Test,2024-01-17,1862.36
T104218,A104218,Surgery,2025-05-12,46964.45
T104219,A104219,Diagnostic Test,2025-04-18,1435.9
T104220,A104220,Diagnostic Test,2024-11-06,4272.29
T104221,A104221,Diagnostic Test,2024-05-18,652.33
T104222,A104222,Physiotherapy,2025-04-20,7516.1
T104223,A104223,Medication,2024-08-07,3517.71
T104224,A104224,Physiotherapy,2024-07-15,6393.03
T104225,A104225,Emergency Care,2024-07-22,24220.6
T104226,A104226,Physiotherapy,2024-12-31,2028.11
T104227,A104227,Diagnostic Test,2025-12-21,1183.89
T104228,A104228,Medication,2025-06-11,3527.38
T104229,A104229,Diagnostic Test,2025-02-04,3742.67
T104230,A104230,Consultation,2025-06-10,802.29
T104231,A104231,Physiotherapy,2025-08-14,5241.5
T104232,A104232,Physiotherapy,2024-08-01,5038.36
T104233,A104233,Radiology,2024-12-06,1603.81
T104234,A104234,Consultation,2024-11-25,1689.18
T104235,A104235,Chemotherapy,2024-05-01,51720.61
T104236,A104236,Radiology,2025-02-28,3835.21
T104237,A104237,Consultation,2025-11-25,2190.85
T104238,A104238,Emergency Care,2025-01-10,12732.31
T104239,A104239,Consultation,2025-10-10,2231.44
T104240,A104240,Radiology,2024-06-27,5344.59
T104241,A104241,Surgery,2025-03-07,109586.37
T104242,A104242,Chemotherapy,2025-12-23,55692.17
T104243,A104243,Physiotherapy,2025-02-05,1045.28
T104244,A104244,Consultation,2025-01-29,1455.84
T104245,A104245,Diagnostic Test,2025-07-19,5380.29
T104246,A104246,Emergency Care,2024-03-21,3306.75
T104247,A104247,Consultation,2025-02-27,973.54
T104248,A104248,Consultation,2024-04-29,1532.59
T104249,A104249,Consultation,2025-01-05,2466.59
T104250,A104250,Physiotherapy,2024-04-15,7491.62
T104251,A104251,Consultation,2024-04-14,1794.6
T104252,A104252,Surgery,2024-11-01,41523.0
T104253,A104253,Consultation,2025-09-22,1890.95
T104254,A104254,Physiotherapy,2024-05-30,3260.13
T104255,A104255,Diagnostic Test,2024-06-01,4093.75
T104256,A104256,Physiotherapy,2024-09-14,2185.78
T104257,A104257,Consultation,2024-03-22,1823.06
T104258,A104258,Surgery,2024-01-16,87622.41
T104259,A104259,Emergency Care,2024-07-13,18719.07
T104260,A104260,Surgery,2025-12-25,117594.21
T104261,A104261,Consultation,2024-03-14,844.64
T104262,A104262,Diagnostic Test,2024-10-04,925.5
T104263,A104263,Surgery,2024-03-02,78540.16
T104264,A104264,Surgery,2025-06-21,65665.92
T104265,A104265,Physiotherapy,2025-06-18,5402.47
T104266,A104266,Consultation,2024-12-09,1979.26
T104267,A104267,Surgery,2025-01-30,18608.75
T104268,A104268,Diagnostic Test,2024-09-14,3153.66
T104269,A104269,Surgery,2024-07-19,67189.44
T104270,A104270,Consultation,2024-02-25,1856.11
T104271,A104271,Diagnostic Test,2025-10-13,2471.36
T104272,A104272,Medication,2024-09-30,1096.19
T104273,A104273,Diagnostic Test,2024-07-22,2275.53
T104274,A104274,Consultation,2025-01-31,1170.2
T104275,A104275,Medication,2025-01-12,9500.07
T104276,A104276,Radiology,2025-11-06,8941.25
T104277,A104277,Radiology,2025-08-27,2729.14
T104278,A104278,Radiology,2025-06-19,6561.72
T104279,A104279,Consultation,2024-03-30,1141.62
T104280,A104280,Physiotherapy,2025-02-04,6823.88
T104281,A104281,Emergency Care,2024-07-01,19977.77
T104282,A104282,Physiotherapy,2024-10-12,5073.11
T104283,A104283,Diagnostic Test,2025-06-17,2245.56
T104284,A104284,Medication,2025-07-17,11802.12
T104285,A104285,Surgery,2024-07-08,82874.36
T104286,A104286,Surgery,2024-07-23,92568.39
T104287,A104287,Physiotherapy,2024-02-14,7163.22
T104288,A104288,Consultation,2024-10-29,2200.34
T104289,A104289,Consultation,2025-10-02,2195.52
T104290,A104290,Medication,2025-12-04,3272.78
T104291,A104291,Emergency Care,2025-11-13,9950.43
T104292,A104292,Consultation,2024-10-06,1467.32
T104293,A104293,Diagnostic Test,2025-12-15,5542.22
T104294,A104294,Medication,2025-01-21,969.64
T104295,A104295,Consultation,2025-09-30,1240.58
T104296,A104296,Diagnostic Test,2024-11-08,2935.82
T104297,A104297,Consultation,2025-06-13,2015.69
T104298,A104298,Physiotherapy,2024-10-02,2135.16
T104299,A104299,Surgery,2025-04-29,68286.27
T104300,A104300,Medication,2025-03-28,4220.53
T104301,A104301,Medication,2025-06-15,2830.95
T104302,A104302,Diagnostic Test,2025-06-15,838.6
T104303,A104303,Consultation,2025-06-08,2197.48
T104304,A104304,Diagnostic Test,2024-01-19,4265.18
T104305,A104305,Medication,2025-12-21,3586.83
T104306,A104306,Diagnostic Test,2024-01-31,2640.48
T104307,A104307,Emergency Care,2025-04-16,15058.04
T104308,A104308,Surgery,2024-10-31,48729.44
T104309,A104309,Diagnostic Test,2025-07-09,1530.34
T104310,A104310,Consultation,2024-04-02,1158.12
T104311,A104311,Diagnostic Test,2025-08-03,5178.67
T104312,A104312,Medication,2025-09-23,5970.59
T104313,A104313,Radiology,2025-08-09,5349.2
T104314,A104314,Radiology,2024-06-10,4610.9
T104315,A104315,Physiotherapy,2024-11-25,6058.87
T104316,A104316,Emergency Care,2025-12-30,21252.2
T104317,A104317,Diagnostic Test,2024-09-13,4463.11
T104318,A104318,Diagnostic Test,2025-03-17,3165.55
T104319,A104319,Consultation,2025-07-27,1140.86
T104320,A104320,Physiotherapy,2025-06-28,4792.81
T104321,A104321,Radiology,2024-04-30,7591.71
T104322,A104322,Diagnostic Test,2025-05-31,2772.97
T104323,A104323,Radiology,2025-09-22,9919.33
T104324,A104324,Physiotherapy,2025-07-02,7545.56
T104325,A104325,Medication,2024-04-09,11212.38
T104326,A104326,Medication,2025-01-06,7244.8
T104327,A104327,Physiotherapy,2025-02-23,4869.44
T104328,A104328,Emergency Care,2024-09-15,14744.3
T104329,A104329,Diagnostic Test,2024-05-10,3081.16
T104330,A104330,Consultation,2024-12-27,1073.8
T104331,A104331,Physiotherapy,2024-06-07,7137.52
T104332,A104332,Consultation,2025-10-19,2190.06
T104333,A104333,Chemotherapy,2024-02-29,47140.71
T104334,A104334,Emergency Care,2025-08-06,18177.99
T104335,A104335,Physiotherapy,2025-07-12,4265.4
T104336,A104336,Diagnostic Test,2025-12-25,5975.57
T104337,A104337,Diagnostic Test,2025-11-17,2924.44
T104338,A104338,Consultation,2025-10-15,1246.5
T104339,A104339,Consultation,2024-03-17,1367.06
T104340,A104340,Surgery,2024-06-08,90094.79
T104341,A104341,Physiotherapy,2024-03-28,3107.88
T104342,A104342,Diagnostic Test,2024-11-17,4177.47
T104343,A104343,Surgery,2024-11-04,89628.37
T104344,A104344,Physiotherapy,2025-06-13,7334.17
T104345,A104345,Surgery,2024-10-11,63273.81
T104346,A104346,Radiology,2024-02-13,5508.84
T104347,A104347,Physiotherapy,2024-05-13,1482.67
T104348,A104348,Physiotherapy,2025-09-06,2228.72
T104349,A104349,Medication,2025-10-11,3254.12
T104350,A104350,Consultation,2025-02-09,2384.62
T104351,A104351,Physiotherapy,2025-05-08,5486.3
T104352,A104352,Medication,2024-08-12,10855.88
T104353,A104353,Medication,2024-08-17,3953.11
T104354,A104354,Medication,2025-03-29,4158.04
T104355,A104355,Emergency Care,2024-11-02,13971.05
T104356,A104356,Surgery,2024-04-29,84260.72
T104357,A104357,Consultation,2025-09-03,1050.07
T104358,A104358,Medication,2024-11-19,2325.43
T104359,A104359,Consultation,2024-06-10,2164.65
T104360,A104360,Radiology,2024-08-26,8790.41
T104361,A104361,Diagnostic Test,2025-01-31,537.92
T104362,A104362,Emergency Care,2024-11-16,18612.0
T104363,A104363,Consultation,2024-07-08,1409.31
T104364,A104364,Diagnostic Test,2024-11-06,2388.16
T104365,A104365,Consultation,2024-09-08,1747.32
T104366,A104366,Surgery,2025-06-21,94249.86
T104367,A104367,Medication,2025-12-04,11157.62
T104368,A104368,Physiotherapy,2025-05-21,1073.63
T104369,A104369,Consultation,2025-01-30,1252.75
T104370,A104370,Diagnostic Test,2025-10-16,2631.82
T104371,A104371,Diagnostic Test,2025-02-11,930.65
T104372,A104372,Medication,2024-07-02,715.42
T104373,A104373,Diagnostic Test,2024-01-22,5964.4
T104374,A104374,Medication,2025-11-05,7856.27
T104375,A104375,Medication,2025-08-07,3440.62
T104376,A104376,Radiology,2025-08-19,4505.54
T104377,A104377,Chemotherapy,2024-06-04,45358.1
T104378,A104378,Emergency Care,2025-07-13,6194.5
T104379,A104379,Radiology,2024-07-12,4939.2
T104380,A104380,Chemotherapy,2024-08-14,53168.47
T104381,A104381,Emergency Care,2025-02-02,8968.02
T104382,A104382,Radiology,2024-10-09,2720.26
T104383,A104383,Diagnostic Test,2024-01-11,5367.32
T104384,A104384,Radiology,2025-01-12,9560.22
T104385,A104385,Physiotherapy,2025-04-19,7161.92
T104386,A104386,Medication,2024-05-31,11091.33
T104387,A104387,Consultation,2025-09-08,1493.03
T104388,A104388,Consultation,2024-05-03,1596.18
T104389,A104389,Diagnostic Test,2025-11-29,3913.5
T104390,A104390,Chemotherapy,2025-07-06,12934.41
T104391,A104391,Diagnostic Test,2025-03-01,4249.83
T104392,A104392,Surgery,2025-06-08,71964.69
T104393,A104393,Emergency Care,2025-12-31,23623.95
T104394,A104394,Medication,2025-05-28,6666.15
T104395,A104395,Radiology,2024-06-21,9920.91
T104396,A104396,Radiology,2025-07-19,9731.06
T104397,A104397,Chemotherapy,2024-05-06,30076.07
T104398,A104398,Diagnostic Test,2024-06-24,689.48
T104399,A104399,Consultation,2025-05-20,2172.9
T104400,A104400,Chemotherapy,2025-01-21,52629.67
T104401,A104401,Medication,2025-12-12,6769.59
T104402,A104402,Medication,2025-11-17,8872.15
T104403,A104403,Medication,2025-07-25,5881.82
T104404,A104404,Consultation,2024-04-16,1875.84
T104405,A104405,Diagnostic Test,2025-09-28,3316.91
T104406,A104406,Physiotherapy,2025-06-12,4358.96
T104407,A104407,Consultation,2024-02-09,2194.36
T104408,A104408,Medication,2025-02-01,2399.79
T104409,A104409,Consultation,2025-04-22,1521.8
T104410,A104410,Consultation,2025-04-13,1946.22
T104411,A104411,Chemotherapy,2025-12-23,59280.29
T104412,A104412,Emergency Care,2025-05-21,15577.87
T104413,A104413,Diagnostic Test,2024-11-12,3526.09
T104414,A104414,Chemotherapy,2024-10-14,35401.13
T104415,A104415,Consultation,2025-04-08,888.21
T104416,A104416,Surgery,2025-11-13,83341.87
T104417,A104417,Surgery,2024-09-23,116205.06
T104418,A104418,Surgery,2025-09-01,90862.79
T104419,A104419,Diagnostic Test,2025-10-09,2257.67
T104420,A104420,Medication,2025-03-06,7986.12
T104421,A104421,Physiotherapy,2025-01-01,4527.41
T104422,A104422,Emergency Care,2024-06-30,17665.3
T104423,A104423,Consultation,2025-10-23,2495.76
T104424,A104424,Chemotherapy,2024-09-01,40486.22
T104425,A104425,Radiology,2024-11-11,1369.42
T104426,A104426,Diagnostic Test,2024-03-18,1894.72
T104427,A104427,Diagnostic Test,2024-09-20,2828.8
T104428,A104428,Consultation,2024-08-19,918.6
T104429,A104429,Surgery,2025-12-06,63588.09
T104430,A104430,Medication,2025-01-17,5587.48
T104431,A104431,Medication,2025-10-07,10562.55
T104432,A104432,Surgery,2024-11-07,45305.04
T104433,A104433,Physiotherapy,2025-01-22,3854.83
T104434,A104434,Physiotherapy,2024-11-23,2652.61
T104435,A104435,Medication,2025-03-31,9656.3
T104436,A104436,Medication,2025-05-29,9556.91
T104437,A104437,Consultation,2024-12-08,2406.11
T104438,A104438,Medication,2025-05-30,10031.52
T104439,A104439,Consultation,2025-03-20,2171.18
T104440,A104440,Medication,2025-07-02,3062.28
T104441,A104441,Physiotherapy,2025-08-08,5784.69
T104442,A104442,Emergency Care,2024-09-18,3921.44
T104443,A104443,Surgery,2025-04-07,17326.84
T104444,A104444,Medication,2025-11-21,3855.98
T104445,A104445,Surgery,2025-09-01,106268.18
T104446,A104446,Diagnostic Test,2024-08-15,2014.89
T104447,A104447,Consultation,2025-06-08,2379.29
T104448,A104448,Physiotherapy,2024-07-10,2543.59
T104449,A104449,Consultation,2024-07-29,880.59
T104450,A104450,Surgery,2024-01-15,77362.9
T104451,A104451,Consultation,2024-06-10,2189.55
T104452,A104452,Emergency Care,2025-07-27,15541.4
T104453,A104453,Physiotherapy,2025-05-10,4536.94
T104454,A104454,Diagnostic Test,2025-03-13,2914.19
T104455,A104455,Diagnostic Test,2024-01-06,4437.85
T104456,A104456,Diagnostic Test,2024-07-22,5811.12
T104457,A104457,Medication,2025-02-22,3975.73
T104458,A104458,Medication,2024-01-15,4310.49
T104459,A104459,Consultation,2025-02-01,913.72
T104460,A104460,Physiotherapy,2024-12-07,2156.61
T104461,A104461,Consultation,2025-01-08,1694.31
T104462,A104462,Emergency Care,2025-01-12,9939.24
T104463,A104463,Medication,2024-08-12,9890.79
T104464,A104464,Emergency Care,2024-06-30,16687.48
T104465,A104465,Physiotherapy,2024-10-24,6119.16
T104466,A104466,Surgery,2024-11-05,61377.35
T104467,A104467,Radiology,2025-03-07,2076.53
T104468,A104468,Consultation,2025-11-21,1756.01
T104469,A104469,Medication,2024-04-30,3332.45
T104470,A104470,Diagnostic Test,2024-12-18,3372.77
T104471,A104471,Radiology,2025-08-11,2181.85
T104472,A104472,Chemotherapy,2024-02-16,48960.36
T104473,A104473,Medication,2024-08-15,4972.84
T104474,A104474,Diagnostic Test,2024-12-21,4158.42
T104475,A104475,Surgery,2024-10-23,66701.99
T104476,A104476,Medication,2024-08-29,5761.17
T104477,A104477,Surgery,2024-12-14,55097.82
T104478,A104478,Radiology,2024-05-20,5448.61
T104479,A104479,Diagnostic Test,2024-07-22,3869.88
T104480,A104480,Medication,2025-10-26,2922.13
T104481,A104481,Consultation,2025-10-06,2014.57
T104482,A104482,Physiotherapy,2024-09-26,4399.35
T104483,A104483,Chemotherapy,2024-11-08,40839.04
T104484,A104484,Diagnostic Test,2025-02-22,3099.3
T104485,A104485,Emergency Care,2024-05-19,6601.38
T104486,A104486,Consultation,2025-09-21,1357.21
T104487,A104487,Diagnostic Test,2024-12-16,2373.3
T104488,A104488,Surgery,2024-06-09,57544.03
T104489,A104489,Surgery,2025-10-30,48499.37
T104490,A104490,Radiology,2024-06-23,7137.62
T104491,A104491,Chemotherapy,2024-05-11,59710.64
T104492,A104492,Diagnostic Test,2024-03-22,4384.24
T104493,A104493,Medication,2025-07-25,11519.15
T104494,A104494,Medication,2024-02-26,8938.01
T104495,A104495,Consultation,2025-02-06,1797.29
T104496,A104496,Diagnostic Test,2024-12-30,4381.14
T104497,A104497,Consultation,2024-12-03,2188.44
T104498,A104498,Diagnostic Test,2024-05-14,5085.13
T104499,A104499,Consultation,2024-01-15,1017.99
T104500,A104500,Chemotherapy,2024-10-09,41274.65
T104501,A104501,Chemotherapy,2025-10-21,17997.9
T104502,A104502,Physiotherapy,2025-02-27,6110.19
T104503,A104503,Emergency Care,2024-05-08,3121.68
T104504,A104504,Medication,2024-08-06,7802.93
T104505,A104505,Diagnostic Test,2025-11-13,769.21
T104506,A104506,Chemotherapy,2025-10-18,55054.41
T104507,A104507,Diagnostic Test,2025-05-03,4592.66
T104508,A104508,Diagnostic Test,2024-09-18,5564.46
T104509,A104509,Physiotherapy,2024-08-06,4395.37
T104510,A104510,Consultation,2025-10-21,804.77
T104511,A104511,Medication,2025-05-03,11232.26
T104512,A104512,Diagnostic Test,2025-03-20,1976.88
T104513,A104513,Medication,2024-04-11,4214.14
T104514,A104514,Radiology,2024-07-01,6069.74
T104515,A104515,Surgery,2024-06-17,37788.91
T104516,A104516,Diagnostic Test,2024-08-21,5779.17
T104517,A104517,Diagnostic Test,2024-04-05,1213.12
T104518,A104518,Diagnostic Test,2025-09-21,2337.18
T104519,A104519,Radiology,2025-04-17,9664.44
T104520,A104520,Surgery,2025-06-01,119093.86
T104521,A104521,Physiotherapy,2024-03-26,5490.91
T104522,A104522,Physiotherapy,2025-11-12,6492.47
T104523,A104523,Medication,2025-06-05,7049.68
T104524,A104524,Surgery,2025-01-18,63745.91
T104525,A104525,Diagnostic Test,2025-02-10,2400.58
T104526,A104526,Physiotherapy,2024-08-19,2647.06
T104527,A104527,Medication,2024-09-10,3412.78
T104528,A104528,Diagnostic Test,2024-03-26,3179.5
T104529,A104529,Medication,2024-11-16,11336.36
T104530,A104530,Physiotherapy,2024-07-13,7090.16
T104531,A104531,Medication,2025-09-26,4130.05
T104532,A104532,Consultation,2025-08-25,2418.55
T104533,A104533,Emergency Care,2025-09-01,6466.47
T104534,A104534,Physiotherapy,2024-10-26,4802.04
T104535,A104535,Diagnostic Test,2024-12-24,4292.13
T104536,A104536,Radiology,2025-07-11,9487.98
T104537,A104537,Radiology,2025-03-30,3271.11
T104538,A104538,Medication,2025-07-16,3903.51
T104539,A104539,Medication,2025-05-20,1668.61
T104540,A104540,Consultation,2024-03-05,1371.58
T104541,A104541,Diagnostic Test,2025-07-19,5107.12
T104542,A104542,Medication,2024-08-11,5166.69
T104543,A104543,Consultation,2025-04-10,2480.9
T104544,A104544,Emergency Care,2024-03-15,11726.24
T104545,A104545,Consultation,2025-04-18,2020.13
T104546,A104546,Surgery,2025-11-10,56969.98
T104547,A104547,Emergency Care,2025-11-28,8243.71
T104548,A104548,Consultation,2025-10-17,1102.96
T104549,A104549,Physiotherapy,2024-01-20,2216.11
T104550,A104550,Surgery,2025-06-05,82827.4
T104551,A104551,Physiotherapy,2025-11-16,1514.92
T104552,A104552,Physiotherapy,2025-02-19,5468.83
T104553,A104553,Medication,2024-12-31,5160.74
T104554,A104554,Chemotherapy,2025-06-11,43152.16
T104555,A104555,Consultation,2024-03-23,837.7
T104556,A104556,Consultation,2024-07-11,1034.04
T104557,A104557,Radiology,2024-05-29,8878.03
T104558,A104558,Medication,2025-11-07,11998.97
T104559,A104559,Emergency Care,2025-03-21,21526.57
T104560,A104560,Surgery,2024-09-22,28199.59
T104561,A104561,Medication,2025-10-12,2654.31
T104562,A104562,Medication,2025-05-26,2362.74
T104563,A104563,Consultation,2024-10-28,2275.21
T104564,A104564,Consultation,2025-04-10,2206.02
T104565,A104565,Diagnostic Test,2025-01-01,2763.12
T104566,A104566,Surgery,2025-02-04,28018.36
T104567,A104567,Medication,2025-05-08,10696.26
T104568,A104568,Surgery,2025-06-26,76116.2
T104569,A104569,Radiology,2025-04-24,9798.48
T104570,A104570,Consultation,2024-06-16,1279.72
T104571,A104571,Diagnostic Test,2025-08-28,705.69
T104572,A104572,Emergency Care,2024-04-01,24610.91
T104573,A104573,Radiology,2025-12-24,4306.6
T104574,A104574,Surgery,2024-10-27,62061.37
T104575,A104575,Medication,2024-06-24,1319.25
T104576,A104576,Surgery,2025-10-07,77268.1
T104577,A104577,Surgery,2025-01-09,42309.33
T104578,A104578,Consultation,2024-01-25,1958.22
T104579,A104579,Consultation,2024-07-22,2092.09
T104580,A104580,Diagnostic Test,2025-12-31,2082.42
T104581,A104581,Diagnostic Test,2024-01-08,2928.19
T104582,A104582,Diagnostic Test,2024-01-08,2397.58
T104583,A104583,Medication,2025-09-21,11754.98
T104584,A104584,Medication,2024-06-09,10223.69
T104585,A104585,Consultation,2025-08-20,1516.29
T104586,A104586,Physiotherapy,2024-09-07,4595.87
T104587,A104587,Surgery,2024-06-15,118322.41
T104588,A104588,Medication,2025-03-05,3483.27
T104589,A104589,Chemotherapy,2024-05-26,54261.83
T104590,A104590,Consultation,2025-05-27,2400.68
T104591,A104591,Surgery,2025-06-29,63297.75
T104592,A104592,Medication,2025-05-23,3197.0
T104593,A104593,Medication,2024-08-08,2117.01
T104594,A104594,Physiotherapy,2025-10-06,1509.54
T104595,A104595,Consultation,2025-07-29,1108.83
T104596,A104596,Physiotherapy,2024-03-16,3356.88
T104597,A104597,Diagnostic Test,2025-10-04,4754.18
T104598,A104598,Emergency Care,2024-11-17,11543.97
T104599,A104599,Consultation,2024-02-09,1417.65
T104600,A104600,Emergency Care,2025-07-21,21578.09
T104601,A104601,Emergency Care,2025-10-06,16079.5
T104602,A104602,Chemotherapy,2026-01-02,33007.29
T104603,A104603,Consultation,2025-05-29,1870.21
T104604,A104604,Diagnostic Test,2024-09-05,3581.46
T104605,A104605,Medication,2024-05-20,5499.65
T104606,A104606,Physiotherapy,2024-09-15,3797.38
T104607,A104607,Physiotherapy,2025-09-11,7194.88
T104608,A104608,Consultation,2025-01-17,1113.46
T104609,A104609,Physiotherapy,2025-04-25,2104.41
T104610,A104610,Medication,2024-07-03,9668.75
T104611,A104611,Diagnostic Test,2024-10-29,1163.25
T104612,A104612,Physiotherapy,2025-05-08,7788.64
T104613,A104613,Diagnostic Test,2024-06-13,2034.38
T104614,A104614,Physiotherapy,2025-10-06,6972.93
T104615,A104615,Medication,2024-07-21,7871.72
T104616,A104616,Medication,2025-02-11,9766.79
T104617,A104617,Medication,2024-07-31,4976.83
T104618,A104618,Diagnostic Test,2024-04-13,1617.36
T104619,A104619,Diagnostic Test,2025-03-24,5714.65
T104620,A104620,Surgery,2025-07-17,97617.49
T104621,A104621,Emergency Care,2025-01-03,6301.09
T104622,A104622,Radiology,2024-08-28,5095.34
T104623,A104623,Surgery,2025-12-30,49693.33
T104624,A104624,Physiotherapy,2024-10-18,2082.56
T104625,A104625,Diagnostic Test,2025-01-07,3758.37
T104626,A104626,Diagnostic Test,2025-03-09,4569.11
T104627,A104627,Medication,2024-10-06,3032.86
T104628,A104628,Diagnostic Test,2025-04-11,3524.22
T104629,A104629,Medication,2024-11-11,2649.76
T104630,A104630,Consultation,2024-03-18,1923.69
T104631,A104631,Radiology,2024-05-30,7350.76
T104632,A104632,Surgery,2025-01-31,67760.03
T104633,A104633,Consultation,2025-05-12,1929.87
T104634,A104634,Emergency Care,2024-10-26,18373.97
T104635,A104635,Medication,2025-10-31,10973.98
T104636,A104636,Emergency Care,2025-12-10,21368.78
T104637,A104637,Consultation,2025-02-13,2197.6
T104638,A104638,Diagnostic Test,2024-10-13,619.51
T104639,A104639,Surgery,2025-05-09,42595.92
T104640,A104640,Consultation,2025-06-19,1128.33
T104641,A104641,Surgery,2025-04-03,119353.32
T104642,A104642,Diagnostic Test,2025-05-06,3601.57
T104643,A104643,Consultation,2024-01-11,1095.97
T104644,A104644,Consultation,2024-05-14,1769.77
T104645,A104645,Diagnostic Test,2024-03-19,4318.11
T104646,A104646,Emergency Care,2024-05-13,21112.73
T104647,A104647,Diagnostic Test,2025-02-16,2034.14
T104648,A104648,Radiology,2024-04-02,6108.41
T104649,A104649,Surgery,2025-05-12,46690.77
T104650,A104650,Diagnostic Test,2025-09-23,2975.88
T104651,A104651,Radiology,2025-09-13,4782.23
T104652,A104652,Physiotherapy,2024-12-22,2497.79
T104653,A104653,Medication,2024-09-29,3731.26
T104654,A104654,Diagnostic Test,2025-01-26,1913.69
T104655,A104655,Radiology,2025-03-07,8340.96
T104656,A104656,Consultation,2025-04-16,1047.33
T104657,A104657,Diagnostic Test,2024-11-03,5846.14
T104658,A104658,Chemotherapy,2025-05-23,30089.67
T104659,A104659,Diagnostic Test,2024-02-26,1741.22
T104660,A104660,Medication,2024-02-06,9223.54
T104661,A104661,Surgery,2024-02-27,24666.22
T104662,A104662,Surgery,2025-06-07,100605.2
T104663,A104663,Physiotherapy,2025-04-07,3175.6
T104664,A104664,Consultation,2025-11-29,1092.04
T104665,A104665,Medication,2025-04-24,10184.1
T104666,A104666,Surgery,2025-12-16,77508.52
T104667,A104667,Physiotherapy,2024-07-30,4769.44
T104668,A104668,Surgery,2024-08-14,46373.88
T104669,A104669,Chemotherapy,2024-01-10,35030.27
T104670,A104670,Emergency Care,2025-06-26,20183.19
T104671,A104671,Chemotherapy,2024-08-02,33853.33
T104672,A104672,Radiology,2024-07-10,6752.13
T104673,A104673,Physiotherapy,2024-03-16,1271.9
T104674,A104674,Medication,2024-04-24,7237.4
T104675,A104675,Radiology,2025-11-11,3231.68
T104676,A104676,Medication,2025-09-11,8902.5
T104677,A104677,Emergency Care,2024-06-02,9898.49
T104678,A104678,Chemotherapy,2025-03-11,24712.59
T104679,A104679,Medication,2024-03-26,5150.49
T104680,A104680,Surgery,2024-07-31,27357.6
T104681,A104681,Consultation,2025-04-05,2081.07
T104682,A104682,Diagnostic Test,2024-06-27,3954.42
T104683,A104683,Diagnostic Test,2024-11-07,2043.5
T104684,A104684,Chemotherapy,2025-11-26,48622.58
T104685,A104685,Emergency Care,2024-06-10,24153.36
T104686,A104686,Diagnostic Test,2025-12-04,5213.86
T104687,A104687,Physiotherapy,2024-07-04,3899.76
T104688,A104688,Consultation,2025-04-16,1300.54
T104689,A104689,Medication,2024-11-05,394.98
T104690,A104690,Diagnostic Test,2024-09-05,1923.31
T104691,A104691,Emergency Care,2025-01-21,5548.42
T104692,A104692,Consultation,2024-02-12,2207.81
T104693,A104693,Consultation,2024-10-14,2121.61
T104694,A104694,Radiology,2024-10-28,5342.47
T104695,A104695,Diagnostic Test,2025-03-14,1143.74
T104696,A104696,Diagnostic Test,2025-01-03,3357.55
T104697,A104697,Diagnostic Test,2025-05-03,3417.89
T104698,A104698,Diagnostic Test,2025-03-14,3971.42
T104699,A104699,Emergency Care,2025-03-04,14565.83
T104700,A104700,Surgery,2024-06-30,25452.69
T104701,A104701,Diagnostic Test,2025-11-24,4014.6
T104702,A104702,Consultation,2024-12-06,2483.93
T104703,A104703,Consultation,2025-05-05,1876.9
T104704,A104704,Physiotherapy,2025-05-11,3540.39
T104705,A104705,Diagnostic Test,2025-12-31,3920.11
T104706,A104706,Medication,2024-06-11,6837.89
T104707,A104707,Medication,2025-07-14,1411.59
T104708,A104708,Diagnostic Test,2025-03-31,3987.7
T104709,A104709,Physiotherapy,2024-04-01,5570.45
T104710,A104710,Consultation,2024-04-17,1394.85
T104711,A104711,Surgery,2025-12-20,46588.05
T104712,A104712,Surgery,2025-03-17,67213.32
T104713,A104713,Consultation,2025-05-14,1046.29
T104714,A104714,Consultation,2024-11-23,956.3
T104715,A104715,Medication,2025-10-15,9131.17
T104716,A104716,Diagnostic Test,2025-06-26,1505.97
T104717,A104717,Emergency Care,2025-05-25,8465.46
T104718,A104718,Physiotherapy,2024-09-08,3668.07
T104719,A104719,Consultation,2024-07-11,2022.16
T104720,A104720,Physiotherapy,2024-02-16,4965.63
T104721,A104721,Chemotherapy,2024-09-09,32879.17
T104722,A104722,Emergency Care,2024-03-06,24652.43
T104723,A104723,Diagnostic Test,2024-11-18,3090.08
T104724,A104724,Surgery,2025-06-08,76644.35
T104725,A104725,Physiotherapy,2024-10-20,1578.81
T104726,A104726,Chemotherapy,2024-01-29,23590.48
T104727,A104727,Physiotherapy,2025-10-12,3049.99
T104728,A104728,Surgery,2025-03-12,38464.6
T104729,A104729,Consultation,2025-08-20,1303.73
T104730,A104730,Consultation,2025-08-09,1622.19
T104731,A104731,Medication,2024-02-16,10318.5
T104732,A104732,Diagnostic Test,2025-02-22,4046.28
T104733,A104733,Surgery,2025-08-16,98796.42
T104734,A104734,Surgery,2025-03-28,66222.14
T104735,A104735,Medication,2025-09-26,6944.89
T104736,A104736,Diagnostic Test,2025-07-11,880.94
T104737,A104737,Surgery,2025-10-22,29850.12
T104738,A104738,Medication,2024-03-15,10024.66
T104739,A104739,Medication,2024-02-24,11915.59
T104740,A104740,Surgery,2024-08-22,97198.98
T104741,A104741,Physiotherapy,2024-07-18,2377.31
T104742,A104742,Surgery,2025-11-06,17574.47
T104743,A104743,Radiology,2025-07-04,1547.54
T104744,A104744,Emergency Care,2024-04-07,8903.79
T104745,A104745,Physiotherapy,2024-02-19,7166.67
T104746,A104746,Radiology,2025-06-07,3076.57
T104747,A104747,Chemotherapy,2024-02-11,42134.76
T104748,A104748,Consultation,2024-06-04,1035.14
T104749,A104749,Medication,2024-04-16,8566.51
T104750,A104750,Physiotherapy,2025-07-08,2029.53
T104751,A104751,Emergency Care,2025-11-06,11457.96
T104752,A104752,Radiology,2024-08-01,3013.35
T104753,A104753,Surgery,2024-07-22,44049.23
T104754,A104754,Diagnostic Test,2025-03-11,4404.36
T104755,A104755,Diagnostic Test,2025-12-09,3589.07
T104756,A104756,Diagnostic Test,2025-07-20,1054.41
T104757,A104757,Diagnostic Test,2024-05-29,5089.57
T104758,A104758,Physiotherapy,2025-05-15,5224.68
T104759,A104759,Consultation,2024-10-09,1279.98
T104760,A104760,Physiotherapy,2024-11-08,3793.28
T104761,A104761,Consultation,2024-02-22,2299.42
T104762,A104762,Medication,2025-05-12,4109.64
T104763,A104763,Medication,2025-02-12,3569.61
T104764,A104764,Medication,2025-09-19,2763.61
T104765,A104765,Diagnostic Test,2024-09-29,4833.8
T104766,A104766,Consultation,2025-04-05,1233.99
T104767,A104767,Radiology,2024-04-30,5372.88
T104768,A104768,Diagnostic Test,2025-12-01,554.99
T104769,A104769,Consultation,2024-02-16,2430.47
T104770,A104770,Consultation,2024-08-31,2216.44
T104771,A104771,Consultation,2024-11-07,1909.68
T104772,A104772,Physiotherapy,2025-07-15,3148.71
T104773,A104773,Physiotherapy,2024-11-29,2313.13
T104774,A104774,Diagnostic Test,2024-01-14,2909.19
T104775,A104775,Radiology,2025-03-02,3168.12
T104776,A104776,Radiology,2024-02-17,9445.59
T104777,A104777,Surgery,2025-01-11,92020.43
T104778,A104778,Radiology,2025-07-22,7268.02
T104779,A104779,Medication,2024-01-10,8241.14
T104780,A104780,Radiology,2025-06-09,7933.52
T104781,A104781,Surgery,2025-12-27,19585.77
T104782,A104782,Consultation,2025-01-04,1239.13
T104783,A104783,Diagnostic Test,2025-03-17,3665.89
T104784,A104784,Diagnostic Test,2025-07-20,1701.21
T104785,A104785,Surgery,2025-05-01,77988.76
T104786,A104786,Surgery,2024-10-01,115650.96
T104787,A104787,Emergency Care,2024-05-13,10308.32
T104788,A104788,Surgery,2025-06-07,94524.6
T104789,A104789,Diagnostic Test,2025-12-26,2884.17
T104790,A104790,Diagnostic Test,2025-09-28,4442.32
T104791,A104791,Chemotherapy,2024-04-25,13168.24
T104792,A104792,Surgery,2025-06-16,53288.2
T104793,A104793,Radiology,2025-05-13,7585.64
T104794,A104794,Diagnostic Test,2024-12-04,5152.92
T104795,A104795,Surgery,2024-01-21,58757.93
T104796,A104796,Medication,2025-12-23,6748.48
T104797,A104797,Medication,2024-02-05,11601.94
T104798,A104798,Medication,2024-05-13,5623.03
T104799,A104799,Physiotherapy,2025-12-05,2650.41
T104800,A104800,Medication,2024-01-27,541.56
T104801,A104801,Consultation,2024-12-30,2367.19
T104802,A104802,Medication,2025-08-25,935.87
T104803,A104803,Diagnostic Test,2024-04-04,1812.55
T104804,A104804,Diagnostic Test,2025-06-29,5211.17
T104805,A104805,Consultation,2024-08-28,2396.85
T104806,A104806,Chemotherapy,2024-01-20,43276.39
T104807,A104807,Consultation,2024-10-01,1239.79
T104808,A104808,Consultation,2024-10-18,1255.9
T104809,A104809,Physiotherapy,2024-01-28,4538.0
T104810,A104810,Physiotherapy,2025-03-12,7538.89
T104811,A104811,Diagnostic Test,2024-04-18,5707.48
T104812,A104812,Physiotherapy,2024-11-21,4014.14
T104813,A104813,Medication,2025-06-15,4057.5
T104814,A104814,Physiotherapy,2024-04-13,3709.26
T104815,A104815,Medication,2024-11-27,3033.05
T104816,A104816,Physiotherapy,2024-12-30,2204.4
T104817,A104817,Radiology,2024-10-18,7218.24
T104818,A104818,Diagnostic Test,2025-03-21,1929.15
T104819,A104819,Surgery,2024-02-08,102163.07
T104820,A104820,Medication,2024-12-16,3193.39
T104821,A104821,Consultation,2024-02-13,1735.25
T104822,A104822,Emergency Care,2024-05-08,18623.92
T104823,A104823,Emergency Care,2024-01-09,17358.63
T104824,A104824,Radiology,2025-06-09,2197.63
T104825,A104825,Consultation,2024-05-10,1267.26
T104826,A104826,Surgery,2024-11-23,16736.15
T104827,A104827,Emergency Care,2024-07-03,15987.14
T104828,A104828,Medication,2024-10-08,7509.31
T104829,A104829,Surgery,2024-02-25,64947.12
T104830,A104830,Consultation,2025-07-09,1877.95
T104831,A104831,Consultation,2025-06-19,2247.18
T104832,A104832,Physiotherapy,2025-01-11,2781.42
T104833,A104833,Diagnostic Test,2024-10-21,3460.38
T104834,A104834,Medication,2024-07-26,1881.88
T104835,A104835,Physiotherapy,2025-10-25,2643.17
T104836,A104836,Consultation,2025-04-22,1318.25
T104837,A104837,Consultation,2024-03-11,2010.21
T104838,A104838,Diagnostic Test,2025-03-13,1308.38
T104839,A104839,Consultation,2024-10-28,1983.73
T104840,A104840,Medication,2024-01-27,1395.69
T104841,A104841,Medication,2025-09-21,8252.32
T104842,A104842,Consultation,2025-10-16,2131.03
T104843,A104843,Radiology,2025-07-08,9137.35
T104844,A104844,Consultation,2024-04-18,2211.01
T104845,A104845,Diagnostic Test,2025-08-09,4017.17
T104846,A104846,Consultation,2025-07-26,2139.0
T104847,A104847,Physiotherapy,2025-09-26,6031.81
T104848,A104848,Chemotherapy,2025-12-15,33664.64
T104849,A104849,Diagnostic Test,2024-01-12,4827.82
T104850,A104850,Diagnostic Test,2025-10-20,529.35
T104851,A104851,Physiotherapy,2024-08-04,6630.03
T104852,A104852,Chemotherapy,2024-11-18,56204.38
T104853,A104853,Chemotherapy,2025-04-04,55683.87
T104854,A104854,Medication,2025-06-10,11983.15
T104855,A104855,Medication,2025-08-04,3562.04
T104856,A104856,Medication,2025-11-23,1900.65
T104857,A104857,Medication,2024-06-09,6062.83
T104858,A104858,Medication,2025-04-10,4307.37
T104859,A104859,Consultation,2025-06-08,1577.36
T104860,A104860,Emergency Care,2025-09-28,10982.9
T104861,A104861,Consultation,2024-10-01,2253.58
T104862,A104862,Medication,2024-08-31,6649.24
T104863,A104863,Radiology,2025-10-17,8177.53
T104864,A104864,Medication,2024-06-17,3787.73
T104865,A104865,Consultation,2025-07-22,1470.98
T104866,A104866,Medication,2025-10-13,3650.65
T104867,A104867,Chemotherapy,2024-11-23,58572.94
T104868,A104868,Medication,2025-06-12,5511.41
T104869,A104869,Radiology,2024-09-30,4805.67
T104870,A104870,Surgery,2025-01-12,103184.54
T104871,A104871,Diagnostic Test,2025-01-09,4663.96
T104872,A104872,Diagnostic Test,2024-11-30,5561.9
T104873,A104873,Radiology,2024-01-06,7838.2
T104874,A104874,Physiotherapy,2024-09-01,3429.37
T104875,A104875,Consultation,2025-09-13,1313.08
T104876,A104876,Medication,2024-02-23,8309.44
T104877,A104877,Physiotherapy,2024-12-17,1907.52
T104878,A104878,Medication,2024-06-22,1339.2
T104879,A104879,Emergency Care,2024-04-28,20477.9
T104880,A104880,Consultation,2025-11-26,1881.04
T104881,A104881,Physiotherapy,2024-12-27,2532.07
T104882,A104882,Medication,2024-12-23,8133.14
T104883,A104883,Emergency Care,2025-10-28,9808.4
T104884,A104884,Chemotherapy,2024-03-16,24207.37
T104885,A104885,Physiotherapy,2024-03-22,2913.95
T104886,A104886,Surgery,2024-08-17,68210.8
T104887,A104887,Consultation,2024-03-13,2400.3
T104888,A104888,Radiology,2025-02-09,9546.15
T104889,A104889,Radiology,2024-08-07,6008.2
T104890,A104890,Diagnostic Test,2025-03-28,5276.91
T104891,A104891,Diagnostic Test,2025-01-04,3278.75
T104892,A104892,Emergency Care,2025-08-14,13825.39
T104893,A104893,Surgery,2025-11-03,19008.54
T104894,A104894,Physiotherapy,2025-07-15,6215.69
T104895,A104895,Medication,2024-11-10,7755.64
T104896,A104896,Physiotherapy,2024-10-26,3570.03
T104897,A104897,Consultation,2024-01-27,1049.86
T104898,A104898,Medication,2024-04-21,11887.48
T104899,A104899,Medication,2024-02-22,9855.61
T104900,A104900,Physiotherapy,2024-10-17,5390.83
T104901,A104901,Emergency Care,2025-03-21,3365.78
T104902,A104902,Radiology,2025-04-12,8854.01
T104903,A104903,Surgery,2024-09-17,79029.45
T104904,A104904,Medication,2024-11-19,2148.68
T104905,A104905,Diagnostic Test,2025-10-13,4977.66
T104906,A104906,Consultation,2024-12-05,1826.08
T104907,A104907,Consultation,2025-07-09,1702.39
T104908,A104908,Consultation,2025-02-26,1037.92
T104909,A104909,Physiotherapy,2024-09-18,2783.07
T104910,A104910,Consultation,2025-09-17,1973.8
T104911,A104911,Consultation,2024-03-08,1395.24
T104912,A104912,Diagnostic Test,2024-06-14,2406.02
T104913,A104913,Emergency Care,2024-06-12,6965.87
T104914,A104914,Diagnostic Test,2025-11-09,1632.01
T104915,A104915,Physiotherapy,2024-02-11,5719.96
T104916,A104916,Radiology,2025-10-26,9312.22
T104917,A104917,Radiology,2024-11-16,1677.93
T104918,A104918,Emergency Care,2024-12-25,13832.41
T104919,A104919,Diagnostic Test,2024-09-28,5758.87
T104920,A104920,Medication,2024-11-22,6562.41
T104921,A104921,Diagnostic Test,2024-11-22,2828.34
T104922,A104922,Consultation,2025-08-11,1293.64
T104923,A104923,Emergency Care,2024-09-14,19598.45
T104924,A104924,Chemotherapy,2024-07-21,54761.8
T104925,A104925,Diagnostic Test,2025-03-13,5944.15
T104926,A104926,Radiology,2025-09-04,3917.68
T104927,A104927,Radiology,2024-04-13,2319.57
T104928,A104928,Diagnostic Test,2025-01-08,4480.01
T104929,A104929,Emergency Care,2024-06-12,21278.47
T104930,A104930,Diagnostic Test,2024-04-24,5300.86
T104931,A104931,Medication,2025-09-06,7369.01
T104932,A104932,Radiology,2025-07-03,9650.93
T104933,A104933,Medication,2024-04-16,1611.47
T104934,A104934,Diagnostic Test,2025-12-02,2193.82
T104935,A104935,Emergency Care,2025-01-01,9593.37
T104936,A104936,Consultation,2024-01-24,1477.97
T104937,A104937,Medication,2025-10-24,9085.32
T104938,A104938,Consultation,2024-05-08,834.39
T104939,A104939,Physiotherapy,2025-04-29,1121.52
T104940,A104940,Consultation,2025-11-29,1033.33
T104941,A104941,Consultation,2024-07-18,1115.78
T104942,A104942,Medication,2025-09-14,11873.18
T104943,A104943,Physiotherapy,2025-06-04,2805.58
T104944,A104944,Surgery,2025-02-24,63034.98
T104945,A104945,Emergency Care,2024-08-16,3637.94
T104946,A104946,Emergency Care,2024-07-28,23470.64
T104947,A104947,Surgery,2024-09-02,19945.93
T104948,A104948,Medication,2024-10-17,10857.16
T104949,A104949,Emergency Care,2024-03-06,7406.53
T104950,A104950,Radiology,2024-06-04,9198.43
T104951,A104951,Consultation,2025-05-05,1362.13
T104952,A104952,Consultation,2025-03-11,1610.55
T104953,A104953,Medication,2025-12-04,8618.18
T104954,A104954,Radiology,2024-08-05,7739.85
T104955,A104955,Physiotherapy,2025-03-04,1238.21
T104956,A104956,Medication,2025-05-18,527.61
T104957,A104957,Radiology,2025-10-27,4030.7
T104958,A104958,Consultation,2025-08-18,1669.69
T104959,A104959,Surgery,2024-08-11,106704.89
T104960,A104960,Radiology,2025-03-12,2792.39
T104961,A104961,Consultation,2024-10-06,1433.55
T104962,A104962,Diagnostic Test,2025-09-15,2894.69
T104963,A104963,Surgery,2024-04-01,66209.51
T104964,A104964,Consultation,2025-06-09,1998.24
T104965,A104965,Consultation,2024-05-20,2346.84
T104966,A104966,Medication,2025-10-30,1810.26
T104967,A104967,Chemotherapy,2024-01-24,33510.18
T104968,A104968,Consultation,2025-02-20,2474.21
T104969,A104969,Consultation,2024-12-13,1818.55
T104970,A104970,Consultation,2024-08-25,2242.61
T104971,A104971,Diagnostic Test,2024-07-02,5393.51
T104972,A104972,Surgery,2025-05-23,22459.16
T104973,A104973,Emergency Care,2024-07-17,13580.45
T104974,A104974,Radiology,2025-11-15,9664.4
T104975,A104975,Diagnostic Test,2024-05-02,1320.92
T104976,A104976,Surgery,2025-06-30,34785.59
T104977,A104977,Surgery,2025-01-18,68136.02
T104978,A104978,Medication,2025-05-29,1858.09
T104979,A104979,Chemotherapy,2024-01-07,52995.06
T104980,A104980,Diagnostic Test,2024-10-31,4695.31
T104981,A104981,Diagnostic Test,2025-09-08,5172.64
T104982,A104982,Emergency Care,2024-07-11,11914.9
T104983,A104983,Medication,2025-01-10,7869.09
T104984,A104984,Physiotherapy,2025-06-11,3289.46
T104985,A104985,Radiology,2024-02-07,1755.86
T104986,A104986,Medication,2024-03-11,9365.55
T104987,A104987,Consultation,2024-10-15,2451.85
T104988,A104988,Physiotherapy,2024-04-17,3001.67
T104989,A104989,Medication,2025-12-16,3665.31
T104990,A104990,Chemotherapy,2024-11-10,20327.11
T104991,A104991,Radiology,2024-02-26,4953.97
T104992,A104992,Surgery,2024-04-17,54450.2
T104993,A104993,Consultation,2025-10-16,2304.29
T104994,A104994,Medication,2024-11-05,9546.22
T104995,A104995,Emergency Care,2024-02-07,22372.37
T104996,A104996,Consultation,2024-05-15,2363.11
T104997,A104997,Medication,2024-01-26,8247.12
T104998,A104998,Consultation,2024-02-06,1893.67
T104999,A104999,Emergency Care,2024-01-19,13255.11
T105000,A105000,Radiology,2024-02-06,1929.71
T105001,A105001,Medication,2024-12-31,5521.45
T105002,A105002,Medication,2025-02-23,4542.18
T105003,A105003,Physiotherapy,2025-03-07,3649.0
T105004,A105004,Emergency Care,2025-06-02,14031.47
T105005,A105005,Emergency Care,2025-04-14,14600.57
T105006,A105006,Physiotherapy,2024-07-17,2512.02
T105007,A105007,Diagnostic Test,2025-06-29,2011.5
T105008,A105008,Medication,2025-07-21,2677.37
T105009,A105009,Medication,2024-07-30,8915.82
T105010,A105010,Radiology,2025-09-02,9686.58
T105011,A105011,Chemotherapy,2025-05-15,22237.08
T105012,A105012,Medication,2024-08-30,10404.85
T105013,A105013,Medication,2024-06-19,8843.82
T105014,A105014,Radiology,2024-10-22,3894.56
T105015,A105015,Surgery,2024-11-11,70116.93
T105016,A105016,Surgery,2024-05-08,79047.56
T105017,A105017,Consultation,2025-04-13,2111.44
T105018,A105018,Consultation,2025-01-03,1725.41
T105019,A105019,Surgery,2024-01-21,83852.65
T105020,A105020,Consultation,2024-11-11,1344.88
T105021,A105021,Diagnostic Test,2024-03-31,1178.16
T105022,A105022,Physiotherapy,2025-02-09,1420.63
T105023,A105023,Medication,2025-06-02,3714.4
T105024,A105024,Medication,2025-03-26,8112.99
T105025,A105025,Radiology,2025-09-02,1984.15
T105026,A105026,Diagnostic Test,2024-05-30,4563.8
T105027,A105027,Physiotherapy,2025-03-21,3850.71
T105028,A105028,Physiotherapy,2024-03-20,4276.81
T105029,A105029,Physiotherapy,2024-01-20,2491.17
T105030,A105030,Physiotherapy,2024-05-20,5881.01
T105031,A105031,Radiology,2025-10-13,9740.25
T105032,A105032,Medication,2025-05-25,4992.68
T105033,A105033,Chemotherapy,2025-07-06,15777.87
T105034,A105034,Surgery,2025-11-13,16800.05
T105035,A105035,Emergency Care,2024-03-16,22055.81
T105036,A105036,Consultation,2024-03-15,1999.03
T105037,A105037,Consultation,2024-02-22,2238.87
T105038,A105038,Consultation,2024-01-13,1467.54
T105039,A105039,Surgery,2024-04-14,81496.19
T105040,A105040,Medication,2025-01-23,4837.87
T105041,A105041,Surgery,2025-01-20,49508.1
T105042,A105042,Diagnostic Test,2024-10-26,3746.79
T105043,A105043,Diagnostic Test,2024-12-06,1701.56
T105044,A105044,Radiology,2025-01-26,7615.04
T105045,A105045,Consultation,2025-04-19,1877.3
T105046,A105046,Emergency Care,2025-09-09,11942.48
T105047,A105047,Physiotherapy,2024-05-23,2996.93
T105048,A105048,Emergency Care,2024-06-18,10914.5
T105049,A105049,Consultation,2024-01-15,1329.44
T105050,A105050,Medication,2025-10-30,4527.49
T105051,A105051,Medication,2025-03-24,486.33
T105052,A105052,Medication,2024-06-22,4282.08
T105053,A105053,Radiology,2025-11-07,5959.19
T105054,A105054,Physiotherapy,2024-05-12,4376.86
T105055,A105055,Surgery,2025-06-26,29824.89
T105056,A105056,Chemotherapy,2025-08-20,57347.67
T105057,A105057,Consultation,2024-09-27,1113.53
T105058,A105058,Diagnostic Test,2024-09-10,3678.62
T105059,A105059,Medication,2025-01-04,4644.68
T105060,A105060,Radiology,2025-09-12,7125.25
T105061,A105061,Surgery,2025-06-11,60752.49
T105062,A105062,Radiology,2025-08-15,1560.9
T105063,A105063,Diagnostic Test,2025-05-20,3985.93
T105064,A105064,Emergency Care,2025-11-02,23364.89
T105065,A105065,Consultation,2024-06-26,2278.2
T105066,A105066,Consultation,2025-10-31,1358.1
T105067,A105067,Consultation,2025-06-30,1352.73
T105068,A105068,Consultation,2024-09-15,1798.96
T105069,A105069,Chemotherapy,2024-09-17,19833.66
T105070,A105070,Diagnostic Test,2024-05-14,3952.31
T105071,A105071,Diagnostic Test,2025-04-08,4906.46
T105072,A105072,Diagnostic Test,2025-05-03,1619.38
T105073,A105073,Radiology,2025-10-04,9629.78
T105074,A105074,Diagnostic Test,2024-03-24,3267.77
T105075,A105075,Medication,2025-01-01,2847.02
T105076,A105076,Radiology,2024-02-29,1788.85
T105077,A105077,Diagnostic Test,2024-03-16,2075.79
T105078,A105078,Consultation,2024-08-27,1604.86
T105079,A105079,Consultation,2024-05-09,1613.55
T105080,A105080,Medication,2025-02-16,2692.05
T105081,A105081,Medication,2024-11-10,3321.43
T105082,A105082,Chemotherapy,2025-01-10,43915.28
T105083,A105083,Surgery,2025-03-12,96356.33
T105084,A105084,Chemotherapy,2024-05-20,15388.56
T105085,A105085,Medication,2025-03-30,8091.27
T105086,A105086,Medication,2025-09-07,11021.03
T105087,A105087,Medication,2024-01-09,711.99
T105088,A105088,Diagnostic Test,2024-08-20,3871.95
T105089,A105089,Radiology,2025-09-04,6327.42
T105090,A105090,Chemotherapy,2026-01-01,21788.64
T105091,A105091,Radiology,2025-02-03,8457.9
T105092,A105092,Consultation,2025-11-12,811.14
T105093,A105093,Physiotherapy,2025-07-29,7503.99
T105094,A105094,Surgery,2024-11-15,77801.19
T105095,A105095,Consultation,2025-05-22,1634.68
T105096,A105096,Consultation,2025-06-07,2058.23
T105097,A105097,Physiotherapy,2024-03-30,7595.38
T105098,A105098,Surgery,2025-12-16,101295.14
T105099,A105099,Surgery,2024-11-16,74616.65
T105100,A105100,Diagnostic Test,2024-11-30,1193.3
T105101,A105101,Medication,2024-12-26,4753.88
T105102,A105102,Consultation,2024-08-30,2284.23
T105103,A105103,Consultation,2024-02-27,2247.06
T105104,A105104,Consultation,2024-04-19,1513.53
T105105,A105105,Diagnostic Test,2024-02-19,3102.15
T105106,A105106,Physiotherapy,2024-01-18,5790.05
T105107,A105107,Medication,2024-03-14,5440.03
T105108,A105108,Diagnostic Test,2024-07-20,992.18
T105109,A105109,Consultation,2024-04-03,2040.21
T105110,A105110,Diagnostic Test,2025-10-10,4074.91
T105111,A105111,Chemotherapy,2024-02-04,19933.37
T105112,A105112,Diagnostic Test,2025-08-24,4915.34
T105113,A105113,Consultation,2025-02-22,2188.14
T105114,A105114,Chemotherapy,2024-07-22,22352.76
T105115,A105115,Diagnostic Test,2025-07-07,1277.65
T105116,A105116,Radiology,2025-09-18,2927.14
T105117,A105117,Diagnostic Test,2025-12-22,3212.63
T105118,A105118,Chemotherapy,2024-11-09,25966.38
T105119,A105119,Consultation,2025-04-16,1944.75
T105120,A105120,Diagnostic Test,2025-01-29,3366.89
T105121,A105121,Physiotherapy,2024-07-31,5698.2
T105122,A105122,Surgery,2025-07-25,38184.74
T105123,A105123,Medication,2024-06-06,7216.68
T105124,A105124,Diagnostic Test,2025-09-25,5357.55
T105125,A105125,Diagnostic Test,2025-09-24,3710.2
T105126,A105126,Medication,2024-11-20,8359.33
T105127,A105127,Radiology,2025-03-13,9562.17
T105128,A105128,Chemotherapy,2025-07-27,54323.37
T105129,A105129,Diagnostic Test,2025-11-01,1737.26
T105130,A105130,Medication,2024-02-09,9850.49
T105131,A105131,Medication,2024-02-09,11766.33
T105132,A105132,Physiotherapy,2025-03-30,6521.28
T105133,A105133,Medication,2024-07-11,1805.63
T105134,A105134,Medication,2024-01-18,7556.52
T105135,A105135,Surgery,2024-05-04,83541.73
T105136,A105136,Diagnostic Test,2024-10-08,1310.8
T105137,A105137,Surgery,2024-02-18,73281.92
T105138,A105138,Radiology,2024-07-07,9323.86
T105139,A105139,Diagnostic Test,2024-10-31,2124.81
T105140,A105140,Chemotherapy,2025-07-14,50371.55
T105141,A105141,Consultation,2025-11-29,1893.92
T105142,A105142,Medication,2024-04-16,8192.09
T105143,A105143,Consultation,2025-01-04,1309.19
T105144,A105144,Surgery,2025-05-18,94488.6
T105145,A105145,Emergency Care,2025-04-04,17007.27
T105146,A105146,Medication,2024-09-06,6431.9
T105147,A105147,Consultation,2024-09-23,1633.91
T105148,A105148,Radiology,2024-07-26,3900.79
T105149,A105149,Medication,2025-05-22,2665.03
T105150,A105150,Physiotherapy,2025-06-13,6369.67
T105151,A105151,Physiotherapy,2024-12-31,2396.42
T105152,A105152,Consultation,2024-12-07,1084.54
T105153,A105153,Surgery,2025-02-10,104374.45
T105154,A105154,Diagnostic Test,2025-03-29,939.76
T105155,A105155,Consultation,2025-07-31,1060.72
T105156,A105156,Medication,2024-05-29,1365.42
T105157,A105157,Diagnostic Test,2024-07-14,5770.02
T105158,A105158,Diagnostic Test,2024-05-26,1076.6
T105159,A105159,Medication,2025-02-12,370.08
T105160,A105160,Surgery,2024-07-02,79303.52
T105161,A105161,Diagnostic Test,2024-04-16,4424.21
T105162,A105162,Surgery,2024-08-24,33655.79
T105163,A105163,Medication,2025-09-29,4381.02
T105164,A105164,Medication,2024-06-30,3924.66
T105165,A105165,Chemotherapy,2025-03-09,46193.1
T105166,A105166,Emergency Care,2025-02-06,11670.31
T105167,A105167,Diagnostic Test,2025-06-09,3407.21
T105168,A105168,Medication,2025-06-25,9384.12
T105169,A105169,Surgery,2024-11-20,66792.5
T105170,A105170,Radiology,2024-09-18,7585.33
T105171,A105171,Consultation,2025-09-04,1763.22
T105172,A105172,Diagnostic Test,2025-11-30,4419.9
T105173,A105173,Consultation,2025-02-02,954.2
T105174,A105174,Physiotherapy,2024-12-05,7847.53
T105175,A105175,Diagnostic Test,2024-10-27,978.31
T105176,A105176,Surgery,2024-04-30,81791.25
T105177,A105177,Diagnostic Test,2025-07-13,627.23
T105178,A105178,Emergency Care,2025-02-19,14376.61
T105179,A105179,Physiotherapy,2025-08-04,1672.15
T105180,A105180,Diagnostic Test,2025-01-21,994.96
T105181,A105181,Consultation,2025-04-25,1284.36
T105182,A105182,Surgery,2024-10-31,40371.23
T105183,A105183,Consultation,2025-11-15,1032.59
T105184,A105184,Consultation,2024-07-14,1784.64
T105185,A105185,Diagnostic Test,2024-11-28,5369.71
T105186,A105186,Emergency Care,2024-01-23,23183.43
T105187,A105187,Surgery,2025-09-16,45491.9
T105188,A105188,Diagnostic Test,2025-10-19,5255.15
T105189,A105189,Diagnostic Test,2025-12-04,5821.33
T105190,A105190,Surgery,2025-03-08,47777.41
T105191,A105191,Consultation,2025-03-01,2393.23
T105192,A105192,Diagnostic Test,2024-08-19,2843.16
T105193,A105193,Consultation,2025-06-10,1588.88
T105194,A105194,Consultation,2024-08-07,1616.67
T105195,A105195,Chemotherapy,2025-08-14,46556.7
T105196,A105196,Diagnostic Test,2025-01-12,1933.47
T105197,A105197,Diagnostic Test,2024-02-05,1821.93
T105198,A105198,Physiotherapy,2024-01-30,5406.66
T105199,A105199,Consultation,2025-01-06,1747.92
T105200,A105200,Emergency Care,2024-03-27,4562.96
T105201,A105201,Emergency Care,2024-07-08,22855.35
T105202,A105202,Radiology,2024-11-03,3757.84
T105203,A105203,Emergency Care,2025-02-25,19521.29
T105204,A105204,Diagnostic Test,2024-03-21,3681.3
T105205,A105205,Diagnostic Test,2024-07-05,3647.27
T105206,A105206,Chemotherapy,2024-01-06,52936.38
T105207,A105207,Medication,2025-07-14,10601.27
T105208,A105208,Physiotherapy,2025-05-12,4921.18
T105209,A105209,Consultation,2025-05-25,1528.31
T105210,A105210,Surgery,2025-09-08,80107.15
T105211,A105211,Diagnostic Test,2024-01-04,1158.14
T105212,A105212,Consultation,2024-08-05,1514.04
T105213,A105213,Medication,2025-06-23,8044.93
T105214,A105214,Diagnostic Test,2024-09-15,4696.61
T105215,A105215,Medication,2025-03-31,8739.19
T105216,A105216,Consultation,2025-03-02,1096.85
T105217,A105217,Radiology,2024-11-21,6581.59
T105218,A105218,Emergency Care,2025-05-14,4987.23
T105219,A105219,Medication,2025-08-05,7273.15
T105220,A105220,Consultation,2024-07-18,2068.09
T105221,A105221,Physiotherapy,2025-05-19,5419.7
T105222,A105222,Chemotherapy,2024-10-01,41245.71
T105223,A105223,Diagnostic Test,2025-11-26,4092.25
T105224,A105224,Medication,2024-01-18,5191.24
T105225,A105225,Consultation,2024-04-16,1454.48
T105226,A105226,Medication,2025-06-12,5505.92
T105227,A105227,Consultation,2024-05-06,1159.24
T105228,A105228,Diagnostic Test,2025-04-30,2996.07
T105229,A105229,Diagnostic Test,2025-08-19,5475.2
T105230,A105230,Consultation,2024-01-04,1294.25
T105231,A105231,Radiology,2025-09-20,4993.43
T105232,A105232,Medication,2024-12-16,7858.19
T105233,A105233,Physiotherapy,2024-12-16,6370.39
T105234,A105234,Medication,2025-10-11,406.24
T105235,A105235,Physiotherapy,2024-08-15,5648.54
T105236,A105236,Diagnostic Test,2024-01-18,1288.7
T105237,A105237,Surgery,2025-03-03,93110.53
T105238,A105238,Consultation,2025-04-08,1031.1
T105239,A105239,Diagnostic Test,2025-12-26,4625.54
T105240,A105240,Consultation,2024-09-05,2407.77
T105241,A105241,Medication,2024-06-26,2915.46
T105242,A105242,Emergency Care,2025-06-28,3192.04
T105243,A105243,Radiology,2025-05-24,2176.05
T105244,A105244,Surgery,2025-07-16,111528.4
T105245,A105245,Diagnostic Test,2025-10-17,3087.06
T105246,A105246,Diagnostic Test,2025-07-18,3457.14
T105247,A105247,Surgery,2024-08-20,31073.85
T105248,A105248,Diagnostic Test,2025-11-10,5928.98
T105249,A105249,Diagnostic Test,2024-02-10,1503.69
T105250,A105250,Medication,2025-05-05,7346.36
T105251,A105251,Radiology,2025-03-22,6210.88
T105252,A105252,Consultation,2024-01-23,911.19
T105253,A105253,Surgery,2025-09-05,119626.18
T105254,A105254,Consultation,2025-12-30,1735.1
T105255,A105255,Medication,2025-07-12,2120.16
T105256,A105256,Medication,2024-04-21,9131.21
T105257,A105257,Medication,2025-05-01,4891.47
T105258,A105258,Medication,2024-04-01,8140.18
T105259,A105259,Physiotherapy,2024-11-15,2564.02
T105260,A105260,Consultation,2024-04-30,2367.85
T105261,A105261,Consultation,2025-03-12,869.6
T105262,A105262,Physiotherapy,2024-08-27,1141.65
T105263,A105263,Consultation,2024-03-14,2270.22
T105264,A105264,Physiotherapy,2025-02-05,4809.38
T105265,A105265,Consultation,2025-02-07,1380.55
T105266,A105266,Emergency Care,2025-11-06,6105.18
T105267,A105267,Consultation,2024-09-09,901.69
T105268,A105268,Radiology,2024-07-15,3800.36
T105269,A105269,Diagnostic Test,2025-07-26,4960.82
T105270,A105270,Diagnostic Test,2025-09-03,1558.72
T105271,A105271,Emergency Care,2025-08-09,24548.51
T105272,A105272,Diagnostic Test,2024-08-09,4853.82
T105273,A105273,Diagnostic Test,2025-09-25,564.91
T105274,A105274,Consultation,2024-07-02,1734.45
T105275,A105275,Consultation,2025-12-30,1472.96
T105276,A105276,Consultation,2024-09-12,1554.84
T105277,A105277,Medication,2024-03-31,5489.56
T105278,A105278,Consultation,2025-05-07,2246.95
T105279,A105279,Diagnostic Test,2024-12-02,4270.96
T105280,A105280,Surgery,2025-06-24,45522.86
T105281,A105281,Consultation,2025-02-12,1676.56
T105282,A105282,Physiotherapy,2025-09-26,4408.86
T105283,A105283,Emergency Care,2024-10-18,9316.29
T105284,A105284,Chemotherapy,2024-12-27,41024.49
T105285,A105285,Emergency Care,2025-03-19,16896.61
T105286,A105286,Medication,2024-01-31,1555.81
T105287,A105287,Consultation,2025-12-14,951.58
T105288,A105288,Physiotherapy,2025-07-02,1207.65
T105289,A105289,Consultation,2025-09-29,1806.93
T105290,A105290,Surgery,2024-08-10,119568.63
T105291,A105291,Radiology,2024-05-06,9196.34
T105292,A105292,Radiology,2025-11-14,5256.59
T105293,A105293,Diagnostic Test,2025-11-24,2253.85
T105294,A105294,Diagnostic Test,2024-08-05,4532.94
T105295,A105295,Physiotherapy,2024-04-29,3347.05
T105296,A105296,Consultation,2024-08-16,859.04
T105297,A105297,Emergency Care,2025-03-22,14381.71
T105298,A105298,Diagnostic Test,2025-07-05,2263.89
T105299,A105299,Physiotherapy,2025-09-02,1309.67
T105300,A105300,Physiotherapy,2025-09-25,6318.0
T105301,A105301,Diagnostic Test,2025-03-13,3652.27
T105302,A105302,Surgery,2024-01-12,51643.46
T105303,A105303,Radiology,2024-05-01,4867.79
T105304,A105304,Diagnostic Test,2025-06-30,930.32
T105305,A105305,Consultation,2025-05-03,1010.1
T105306,A105306,Consultation,2024-09-10,1512.42
T105307,A105307,Physiotherapy,2025-08-03,2059.0
T105308,A105308,Diagnostic Test,2025-04-27,1544.83
T105309,A105309,Medication,2025-07-06,4614.03
T105310,A105310,Surgery,2024-10-08,70019.73
T105311,A105311,Chemotherapy,2024-12-02,37876.73
T105312,A105312,Medication,2024-06-16,6027.48
T105313,A105313,Consultation,2024-11-23,924.02
T105314,A105314,Radiology,2024-09-05,1902.59
T105315,A105315,Consultation,2025-08-16,1149.66
T105316,A105316,Radiology,2025-09-19,8908.91
T105317,A105317,Consultation,2024-10-28,989.63
T105318,A105318,Consultation,2026-01-01,2027.64
T105319,A105319,Physiotherapy,2024-07-18,6735.7
T105320,A105320,Medication,2025-05-15,1528.07
T105321,A105321,Diagnostic Test,2024-01-14,3781.85
T105322,A105322,Emergency Care,2025-01-02,19919.9
T105323,A105323,Medication,2025-12-21,9697.32
T105324,A105324,Diagnostic Test,2024-04-07,659.5
T105325,A105325,Surgery,2024-03-12,71195.83
T105326,A105326,Emergency Care,2024-12-24,7100.12
T105327,A105327,Diagnostic Test,2025-06-30,5391.18
T105328,A105328,Emergency Care,2024-09-07,13226.52
T105329,A105329,Diagnostic Test,2024-09-11,2786.53
T105330,A105330,Consultation,2024-07-01,1151.57
T105331,A105331,Diagnostic Test,2024-06-14,1579.2
T105332,A105332,Consultation,2024-01-04,2485.12
T105333,A105333,Diagnostic Test,2025-04-10,871.97
T105334,A105334,Diagnostic Test,2024-05-26,731.37
T105335,A105335,Surgery,2024-06-16,42920.63
T105336,A105336,Diagnostic Test,2024-12-12,2515.88
T105337,A105337,Physiotherapy,2024-04-17,3717.58
T105338,A105338,Emergency Care,2025-07-01,7218.57
T105339,A105339,Consultation,2024-11-11,2396.47
T105340,A105340,Medication,2024-06-19,10854.83
T105341,A105341,Diagnostic Test,2025-06-06,3234.94
T105342,A105342,Surgery,2025-08-23,94130.38
T105343,A105343,Physiotherapy,2025-03-12,2573.38
T105344,A105344,Chemotherapy,2025-09-02,52740.7
T105345,A105345,Chemotherapy,2025-05-26,30596.53
T105346,A105346,Consultation,2025-02-12,1027.01
T105347,A105347,Medication,2025-03-14,9579.27
T105348,A105348,Diagnostic Test,2024-11-12,3144.07
T105349,A105349,Medication,2025-06-25,7402.49
T105350,A105350,Emergency Care,2025-09-05,23165.91
T105351,A105351,Consultation,2025-08-02,1772.96
T105352,A105352,Medication,2024-03-04,3414.33
T105353,A105353,Diagnostic Test,2024-02-04,2386.04
T105354,A105354,Chemotherapy,2025-08-23,52821.77
T105355,A105355,Diagnostic Test,2024-07-29,4971.14
T105356,A105356,Diagnostic Test,2025-04-09,4567.91
T105357,A105357,Consultation,2025-07-16,1019.21
T105358,A105358,Surgery,2025-07-31,35405.22
T105359,A105359,Medication,2024-03-22,8524.97
T105360,A105360,Consultation,2024-12-08,1272.71
T105361,A105361,Medication,2024-08-21,8622.73
T105362,A105362,Physiotherapy,2025-09-05,5854.17
T105363,A105363,Consultation,2024-05-10,1800.67
T105364,A105364,Physiotherapy,2024-01-22,7918.28
T105365,A105365,Emergency Care,2024-12-22,22237.36
T105366,A105366,Diagnostic Test,2025-02-22,1163.53
T105367,A105367,Consultation,2025-08-30,2046.63
T105368,A105368,Diagnostic Test,2024-03-24,5167.29
T105369,A105369,Consultation,2025-09-08,2282.27
T105370,A105370,Radiology,2025-10-30,5725.73
T105371,A105371,Consultation,2024-04-30,2257.96
T105372,A105372,Consultation,2025-05-08,2252.41
T105373,A105373,Diagnostic Test,2025-05-07,3546.65
T105374,A105374,Radiology,2024-08-14,5962.45
T105375,A105375,Physiotherapy,2025-02-22,5306.87
T105376,A105376,Medication,2024-05-18,2139.85
T105377,A105377,Surgery,2024-08-14,92584.82
T105378,A105378,Physiotherapy,2024-11-29,7232.78
T105379,A105379,Medication,2024-08-19,6851.87
T105380,A105380,Radiology,2024-11-21,7684.24
T105381,A105381,Chemotherapy,2024-04-17,36115.22
T105382,A105382,Consultation,2025-03-20,1755.27
T105383,A105383,Diagnostic Test,2024-01-10,3673.9
T105384,A105384,Medication,2024-05-10,3290.89
T105385,A105385,Chemotherapy,2024-12-20,48265.96
T105386,A105386,Emergency Care,2024-09-23,12170.74
T105387,A105387,Consultation,2025-11-15,901.9
T105388,A105388,Diagnostic Test,2024-08-01,3165.93
T105389,A105389,Radiology,2024-09-03,2293.93
T105390,A105390,Emergency Care,2025-09-09,20582.9
T105391,A105391,Consultation,2025-08-20,1091.5
T105392,A105392,Surgery,2025-01-10,109814.85
T105393,A105393,Medication,2025-02-27,10693.06
T105394,A105394,Consultation,2025-12-16,2310.23
T105395,A105395,Radiology,2024-02-11,3988.99
T105396,A105396,Consultation,2025-12-20,1338.83
T105397,A105397,Radiology,2024-12-14,4387.46
T105398,A105398,Consultation,2025-07-17,2297.31
T105399,A105399,Emergency Care,2024-05-22,11391.21
T105400,A105400,Medication,2024-05-23,6923.44
T105401,A105401,Diagnostic Test,2025-07-21,5841.11
T105402,A105402,Medication,2024-04-18,8469.05
T105403,A105403,Diagnostic Test,2024-02-03,4881.34
T105404,A105404,Consultation,2024-07-21,1580.47
T105405,A105405,Diagnostic Test,2024-04-30,4665.85
T105406,A105406,Radiology,2024-08-16,8228.21
T105407,A105407,Diagnostic Test,2025-09-21,4257.22
T105408,A105408,Surgery,2025-11-20,119926.98
T105409,A105409,Medication,2024-07-03,1222.97
T105410,A105410,Chemotherapy,2024-08-03,51610.39
T105411,A105411,Consultation,2024-05-11,1168.75
T105412,A105412,Chemotherapy,2024-09-29,41360.82
T105413,A105413,Physiotherapy,2025-09-29,6720.06
T105414,A105414,Surgery,2024-01-09,83205.01
T105415,A105415,Emergency Care,2025-02-06,9019.46
T105416,A105416,Consultation,2025-08-02,1321.5
T105417,A105417,Physiotherapy,2025-09-19,5200.92
T105418,A105418,Physiotherapy,2025-01-06,7337.92
T105419,A105419,Emergency Care,2025-09-11,17453.85
T105420,A105420,Radiology,2025-06-20,4934.31
T105421,A105421,Medication,2024-02-24,10418.44
T105422,A105422,Diagnostic Test,2024-09-03,2142.68
T105423,A105423,Medication,2024-12-03,6462.58
T105424,A105424,Consultation,2024-10-07,1326.11
T105425,A105425,Medication,2024-02-04,9484.66
T105426,A105426,Consultation,2025-07-04,1141.03
T105427,A105427,Emergency Care,2024-12-11,17428.5
T105428,A105428,Surgery,2024-08-27,84272.47
T105429,A105429,Consultation,2025-05-06,2382.91
T105430,A105430,Consultation,2025-12-29,1550.03
T105431,A105431,Diagnostic Test,2024-06-28,3229.82
T105432,A105432,Consultation,2024-02-16,1817.82
T105433,A105433,Surgery,2024-10-30,28325.85
T105434,A105434,Consultation,2025-10-31,1573.61
T105435,A105435,Radiology,2024-09-28,2520.93
T105436,A105436,Surgery,2025-11-16,97718.86
T105437,A105437,Radiology,2025-02-03,4077.23
T105438,A105438,Diagnostic Test,2025-08-27,2902.8
T105439,A105439,Radiology,2025-03-06,3691.53
T105440,A105440,Surgery,2025-02-24,42002.8
T105441,A105441,Physiotherapy,2024-05-10,7912.79
T105442,A105442,Physiotherapy,2025-02-16,6830.53
T105443,A105443,Medication,2024-08-14,5554.88
T105444,A105444,Consultation,2024-05-23,2208.31
T105445,A105445,Diagnostic Test,2025-08-03,4221.55
T105446,A105446,Radiology,2025-06-25,4801.79
T105447,A105447,Emergency Care,2024-05-05,3616.03
T105448,A105448,Physiotherapy,2024-07-31,7394.67
T105449,A105449,Emergency Care,2025-03-05,7990.5
T105450,A105450,Diagnostic Test,2025-03-15,4486.05
T105451,A105451,Consultation,2025-08-14,2186.2
T105452,A105452,Diagnostic Test,2024-08-27,3727.24
T105453,A105453,Physiotherapy,2025-10-05,5597.43
T105454,A105454,Surgery,2024-11-26,22219.8
T105455,A105455,Physiotherapy,2024-05-01,4922.94
T105456,A105456,Physiotherapy,2024-02-18,3075.91
T105457,A105457,Medication,2024-03-25,6944.12
T105458,A105458,Radiology,2024-12-20,6516.88
T105459,A105459,Diagnostic Test,2024-01-14,903.2
T105460,A105460,Consultation,2025-09-29,1543.16
T105461,A105461,Consultation,2024-06-20,2239.9
T105462,A105462,Emergency Care,2024-08-22,5662.11
T105463,A105463,Physiotherapy,2024-06-30,6244.33
T105464,A105464,Diagnostic Test,2024-02-23,3535.56
T105465,A105465,Surgery,2025-11-12,79493.33
T105466,A105466,Consultation,2025-02-01,837.05
T105467,A105467,Physiotherapy,2025-03-07,7046.65
T105468,A105468,Emergency Care,2024-10-01,22858.82
T105469,A105469,Physiotherapy,2024-07-25,5364.89
T105470,A105470,Medication,2024-05-28,11860.81
T105471,A105471,Emergency Care,2024-10-26,9643.7
T105472,A105472,Medication,2025-03-28,2743.01
T105473,A105473,Physiotherapy,2025-07-02,2027.87
T105474,A105474,Emergency Care,2025-11-05,6975.35
T105475,A105475,Physiotherapy,2025-01-19,1239.93
T105476,A105476,Medication,2025-09-10,8530.13
T105477,A105477,Medication,2025-06-20,9346.22
T105478,A105478,Radiology,2024-08-21,1303.32
T105479,A105479,Consultation,2025-09-28,1197.29
T105480,A105480,Diagnostic Test,2024-05-10,1699.72
T105481,A105481,Consultation,2026-01-01,1877.75
T105482,A105482,Radiology,2025-10-21,8133.14
T105483,A105483,Emergency Care,2025-07-23,18807.86
T105484,A105484,Surgery,2024-08-25,95012.32
T105485,A105485,Diagnostic Test,2025-08-04,4419.63
T105486,A105486,Consultation,2025-12-01,2092.77
T105487,A105487,Consultation,2025-07-29,1755.2
T105488,A105488,Medication,2025-04-30,6688.05
T105489,A105489,Diagnostic Test,2024-08-31,5022.64
T105490,A105490,Emergency Care,2025-11-28,16468.37
T105491,A105491,Radiology,2024-08-11,2483.88
T105492,A105492,Surgery,2024-04-09,105918.64
T105493,A105493,Consultation,2025-07-12,1619.03
T105494,A105494,Surgery,2024-09-30,41469.98
T105495,A105495,Consultation,2025-02-03,1438.46
T105496,A105496,Medication,2025-06-03,6966.92
T105497,A105497,Chemotherapy,2025-03-08,29689.21
T105498,A105498,Surgery,2025-06-07,77193.84
T105499,A105499,Medication,2024-12-14,6863.48
T105500,A105500,Emergency Care,2025-07-04,15142.37
T105501,A105501,Diagnostic Test,2025-03-28,3610.95
T105502,A105502,Consultation,2024-02-11,1342.6
T105503,A105503,Consultation,2025-12-18,2265.31
T105504,A105504,Radiology,2024-04-05,5884.11
T105505,A105505,Diagnostic Test,2025-05-01,751.65
T105506,A105506,Emergency Care,2025-05-31,9479.56
T105507,A105507,Emergency Care,2025-07-19,18775.64
T105508,A105508,Radiology,2024-05-29,7057.12
T105509,A105509,Medication,2025-12-19,2577.69
T105510,A105510,Medication,2025-05-15,11979.31
T105511,A105511,Emergency Care,2025-01-07,16770.22
T105512,A105512,Diagnostic Test,2025-12-02,2299.14
T105513,A105513,Medication,2025-05-02,4893.43
T105514,A105514,Surgery,2025-10-26,111560.58
T105515,A105515,Diagnostic Test,2025-01-17,2871.18
T105516,A105516,Chemotherapy,2025-09-19,22054.8
T105517,A105517,Physiotherapy,2025-10-22,3405.8
T105518,A105518,Emergency Care,2024-07-11,14663.94
T105519,A105519,Consultation,2024-08-11,1068.09
T105520,A105520,Radiology,2024-02-17,1648.61
T105521,A105521,Diagnostic Test,2024-05-07,2720.1
T105522,A105522,Medication,2025-12-30,10786.16
T105523,A105523,Physiotherapy,2024-01-10,7489.73
T105524,A105524,Consultation,2025-11-26,2214.94
T105525,A105525,Physiotherapy,2024-04-26,2192.91
T105526,A105526,Diagnostic Test,2025-07-20,768.29
T105527,A105527,Diagnostic Test,2025-01-03,3403.36
T105528,A105528,Surgery,2024-02-16,86064.42
T105529,A105529,Radiology,2025-01-28,6972.24
T105530,A105530,Surgery,2024-01-23,43409.14
T105531,A105531,Medication,2024-05-13,4256.22
T105532,A105532,Diagnostic Test,2024-05-07,5821.75
T105533,A105533,Diagnostic Test,2025-03-21,2847.12
T105534,A105534,Emergency Care,2024-11-05,17261.47
T105535,A105535,Emergency Care,2025-12-10,14014.67
T105536,A105536,Chemotherapy,2025-03-08,52738.89
T105537,A105537,Surgery,2025-04-20,102957.29
T105538,A105538,Consultation,2024-02-19,1903.16
T105539,A105539,Emergency Care,2024-03-25,23497.83
T105540,A105540,Surgery,2024-04-20,36812.72
T105541,A105541,Radiology,2024-09-22,5921.66
T105542,A105542,Medication,2024-01-31,3043.28
T105543,A105543,Chemotherapy,2024-12-26,15125.48
T105544,A105544,Consultation,2025-07-23,2112.47
T105545,A105545,Radiology,2025-04-26,6591.78
T105546,A105546,Chemotherapy,2024-07-10,15196.13
T105547,A105547,Diagnostic Test,2024-01-08,5938.6
T105548,A105548,Medication,2024-10-15,1279.6
T105549,A105549,Consultation,2025-10-21,1968.37
T105550,A105550,Diagnostic Test,2025-01-29,3822.25
T105551,A105551,Diagnostic Test,2025-03-31,2778.11
T105552,A105552,Consultation,2025-12-11,2263.5
T105553,A105553,Surgery,2025-03-02,51698.1
T105554,A105554,Physiotherapy,2024-01-30,6760.59
T105555,A105555,Physiotherapy,2024-05-06,5153.43
T105556,A105556,Surgery,2024-05-16,56214.24
T105557,A105557,Consultation,2025-06-18,1384.57
T105558,A105558,Consultation,2024-11-28,1243.79
T105559,A105559,Radiology,2025-09-20,1351.31
T105560,A105560,Medication,2025-01-28,7563.06
T105561,A105561,Physiotherapy,2024-01-10,4181.16
T105562,A105562,Consultation,2025-09-06,1373.25
T105563,A105563,Surgery,2024-09-18,33427.73
T105564,A105564,Chemotherapy,2024-07-18,10047.26
T105565,A105565,Physiotherapy,2025-08-22,5730.14
T105566,A105566,Radiology,2025-01-23,8765.57
T105567,A105567,Surgery,2025-04-18,51913.27
T105568,A105568,Physiotherapy,2024-06-29,4788.26
T105569,A105569,Physiotherapy,2025-03-28,5187.09
T105570,A105570,Consultation,2024-08-28,1220.2
T105571,A105571,Consultation,2025-06-09,1629.54
T105572,A105572,Consultation,2024-07-04,1931.79
T105573,A105573,Consultation,2024-12-26,2289.68
T105574,A105574,Medication,2025-01-13,9739.11
T105575,A105575,Emergency Care,2025-12-05,22125.27
T105576,A105576,Radiology,2025-12-27,9972.63
T105577,A105577,Physiotherapy,2025-06-23,2835.82
T105578,A105578,Radiology,2024-03-23,7593.66
T105579,A105579,Chemotherapy,2024-12-24,38066.14
T105580,A105580,Diagnostic Test,2024-07-03,3722.91
T105581,A105581,Consultation,2024-10-17,1292.18
T105582,A105582,Physiotherapy,2024-03-02,6941.59
T105583,A105583,Surgery,2025-05-24,97866.92
T105584,A105584,Emergency Care,2025-04-06,21071.04
T105585,A105585,Emergency Care,2024-01-31,24933.48
T105586,A105586,Emergency Care,2024-02-03,9796.7
T105587,A105587,Radiology,2024-10-21,9777.56
T105588,A105588,Medication,2024-06-23,2751.99
T105589,A105589,Radiology,2025-09-05,1997.77
T105590,A105590,Diagnostic Test,2024-05-10,556.4
T105591,A105591,Consultation,2024-03-29,1198.3
T105592,A105592,Surgery,2024-11-10,47819.42
T105593,A105593,Medication,2024-01-31,3917.2
T105594,A105594,Radiology,2024-05-02,9383.4
T105595,A105595,Consultation,2024-09-07,1332.22
T105596,A105596,Consultation,2025-07-26,1920.76
T105597,A105597,Emergency Care,2025-02-07,24677.95
T105598,A105598,Diagnostic Test,2025-11-15,2116.69
T105599,A105599,Physiotherapy,2025-03-20,7827.21
T105600,A105600,Consultation,2024-09-30,2096.51
T105601,A105601,Chemotherapy,2024-04-25,50625.2
T105602,A105602,Physiotherapy,2025-12-09,4980.82
T105603,A105603,Consultation,2025-01-28,2121.96
T105604,A105604,Diagnostic Test,2024-01-20,3855.03
T105605,A105605,Emergency Care,2025-08-30,13665.09
T105606,A105606,Radiology,2025-12-29,8716.81
T105607,A105607,Consultation,2025-04-10,2195.26
T105608,A105608,Diagnostic Test,2025-11-22,2677.77
T105609,A105609,Diagnostic Test,2024-07-11,728.13
T105610,A105610,Surgery,2025-05-09,112235.3
T105611,A105611,Diagnostic Test,2024-06-12,4802.91
T105612,A105612,Radiology,2025-09-03,8748.56
T105613,A105613,Surgery,2025-12-02,17488.53
T105614,A105614,Consultation,2024-10-22,2285.92
T105615,A105615,Surgery,2025-08-04,64233.17
T105616,A105616,Medication,2024-03-14,10951.32
T105617,A105617,Physiotherapy,2025-12-03,5844.9
T105618,A105618,Consultation,2025-07-18,1523.61
T105619,A105619,Medication,2024-11-06,1747.5
T105620,A105620,Surgery,2024-10-31,73551.77
T105621,A105621,Consultation,2024-11-03,2005.17
T105622,A105622,Consultation,2024-05-06,2336.9
T105623,A105623,Emergency Care,2025-11-01,22476.82
T105624,A105624,Surgery,2024-09-20,42157.84
T105625,A105625,Physiotherapy,2024-07-14,1525.45
T105626,A105626,Diagnostic Test,2024-12-16,3083.58
T105627,A105627,Emergency Care,2025-05-03,9081.46
T105628,A105628,Emergency Care,2024-07-18,9983.33
T105629,A105629,Radiology,2025-05-22,7073.27
T105630,A105630,Surgery,2025-08-04,93393.39
T105631,A105631,Surgery,2025-03-23,92020.52
T105632,A105632,Chemotherapy,2024-03-20,50861.15
T105633,A105633,Chemotherapy,2025-11-30,12173.11
T105634,A105634,Emergency Care,2025-09-10,24238.55
T105635,A105635,Diagnostic Test,2025-04-16,2361.59
T105636,A105636,Physiotherapy,2025-03-20,3569.71
T105637,A105637,Physiotherapy,2025-10-17,5424.33
T105638,A105638,Diagnostic Test,2024-10-01,1739.68
T105639,A105639,Consultation,2024-12-09,1952.32
T105640,A105640,Consultation,2024-05-06,1246.17
T105641,A105641,Radiology,2024-08-11,7375.85
T105642,A105642,Diagnostic Test,2025-05-04,4997.9
T105643,A105643,Chemotherapy,2025-11-18,55010.96
T105644,A105644,Diagnostic Test,2025-12-03,2745.2
T105645,A105645,Diagnostic Test,2025-10-13,4938.77
T105646,A105646,Surgery,2024-10-24,63832.79
T105647,A105647,Physiotherapy,2024-05-01,2721.18
T105648,A105648,Medication,2024-03-18,8859.11
T105649,A105649,Consultation,2025-09-15,1300.67
T105650,A105650,Emergency Care,2025-09-24,6755.95
T105651,A105651,Emergency Care,2024-09-17,5666.26
T105652,A105652,Diagnostic Test,2025-06-16,2687.44
T105653,A105653,Medication,2025-09-25,9028.51
T105654,A105654,Diagnostic Test,2024-12-17,4976.46
T105655,A105655,Emergency Care,2025-10-10,21361.77
T105656,A105656,Diagnostic Test,2024-10-05,2854.02
T105657,A105657,Chemotherapy,2024-09-14,11889.48
T105658,A105658,Surgery,2024-09-23,33728.89
T105659,A105659,Physiotherapy,2025-11-12,2367.29
T105660,A105660,Chemotherapy,2025-11-09,35189.74
T105661,A105661,Medication,2024-01-31,11015.53
T105662,A105662,Diagnostic Test,2025-04-13,1216.56
T105663,A105663,Radiology,2024-02-05,1496.29
T105664,A105664,Chemotherapy,2024-10-23,10021.43
T105665,A105665,Consultation,2025-08-26,2331.0
T105666,A105666,Diagnostic Test,2024-07-21,5021.72
T105667,A105667,Emergency Care,2024-03-11,24185.8
T105668,A105668,Physiotherapy,2024-05-12,5902.32
T105669,A105669,Consultation,2024-04-22,1838.15
T105670,A105670,Radiology,2025-06-07,2284.04
T105671,A105671,Surgery,2024-10-16,75445.68
T105672,A105672,Chemotherapy,2025-11-20,49540.47
T105673,A105673,Radiology,2025-10-28,8850.15
T105674,A105674,Physiotherapy,2024-02-12,7090.7
T105675,A105675,Diagnostic Test,2025-12-18,2169.23
T105676,A105676,Medication,2025-11-17,2522.58
T105677,A105677,Radiology,2024-10-22,2506.3
T105678,A105678,Radiology,2024-10-13,6867.74
T105679,A105679,Consultation,2025-07-18,919.03
T105680,A105680,Surgery,2025-09-20,106413.22
T105681,A105681,Surgery,2024-01-22,99819.72
T105682,A105682,Medication,2025-05-21,381.15
T105683,A105683,Surgery,2025-07-01,76687.63
T105684,A105684,Consultation,2024-02-18,1876.38
T105685,A105685,Chemotherapy,2024-08-09,55305.5
T105686,A105686,Radiology,2025-09-16,5906.53
T105687,A105687,Surgery,2024-07-06,20430.19
T105688,A105688,Emergency Care,2024-02-03,18035.3
T105689,A105689,Medication,2024-09-16,4389.16
T105690,A105690,Consultation,2025-11-08,1666.25
T105691,A105691,Surgery,2024-12-10,40125.07
T105692,A105692,Diagnostic Test,2024-11-04,5232.5
T105693,A105693,Emergency Care,2024-03-13,15938.05
T105694,A105694,Consultation,2024-11-05,2066.84
T105695,A105695,Diagnostic Test,2025-07-23,1327.24
T105696,A105696,Physiotherapy,2024-04-11,4955.4
T105697,A105697,Diagnostic Test,2024-01-22,2158.44
T105698,A105698,Consultation,2025-09-14,843.42
T105699,A105699,Surgery,2025-07-20,91501.9
T105700,A105700,Chemotherapy,2024-01-06,58956.52
T105701,A105701,Medication,2024-08-21,8815.95
T105702,A105702,Physiotherapy,2024-03-23,1588.37
T105703,A105703,Diagnostic Test,2024-08-04,3964.98
T105704,A105704,Chemotherapy,2024-12-01,51436.95
T105705,A105705,Medication,2025-07-12,2187.26
T105706,A105706,Diagnostic Test,2025-11-23,5894.84
T105707,A105707,Physiotherapy,2025-08-19,5365.33
T105708,A105708,Surgery,2025-12-07,118116.21
T105709,A105709,Diagnostic Test,2025-10-17,3965.9
T105710,A105710,Radiology,2025-07-06,7084.55
T105711,A105711,Consultation,2025-04-05,2091.3
T105712,A105712,Physiotherapy,2024-03-28,6626.72
T105713,A105713,Medication,2025-05-30,10577.4
T105714,A105714,Medication,2025-12-24,9099.32
T105715,A105715,Diagnostic Test,2025-05-29,3026.97
T105716,A105716,Diagnostic Test,2025-08-09,1896.21
T105717,A105717,Physiotherapy,2025-04-23,3779.96
T105718,A105718,Radiology,2025-05-15,9294.8
T105719,A105719,Surgery,2025-03-24,105621.29
T105720,A105720,Consultation,2025-08-11,1415.92
T105721,A105721,Consultation,2024-09-19,1519.54
T105722,A105722,Medication,2025-06-20,3742.64
T105723,A105723,Diagnostic Test,2024-07-19,3921.2
T105724,A105724,Surgery,2025-04-10,52804.29
T105725,A105725,Medication,2024-04-05,9700.65
T105726,A105726,Physiotherapy,2024-12-20,4332.31
T105727,A105727,Surgery,2024-04-19,38112.85
T105728,A105728,Physiotherapy,2024-12-20,4120.31
T105729,A105729,Emergency Care,2025-04-13,19174.35
T105730,A105730,Diagnostic Test,2024-04-04,2995.59
T105731,A105731,Physiotherapy,2024-04-02,5004.51
T105732,A105732,Diagnostic Test,2024-02-15,5527.35
T105733,A105733,Consultation,2025-04-03,2012.14
T105734,A105734,Consultation,2025-01-19,2494.62
T105735,A105735,Physiotherapy,2024-01-25,1535.99
T105736,A105736,Consultation,2025-12-02,2075.66
T105737,A105737,Emergency Care,2024-01-25,19119.3
T105738,A105738,Medication,2024-08-22,1573.77
T105739,A105739,Diagnostic Test,2025-12-01,5812.66
T105740,A105740,Medication,2024-11-07,10189.27
T105741,A105741,Consultation,2025-02-20,1669.84
T105742,A105742,Consultation,2024-11-28,1174.76
T105743,A105743,Medication,2025-07-30,2481.17
T105744,A105744,Consultation,2024-04-12,1016.99
T105745,A105745,Consultation,2025-05-16,1128.94
T105746,A105746,Medication,2025-04-27,11119.11
T105747,A105747,Surgery,2024-07-07,81664.73
T105748,A105748,Medication,2025-04-07,1758.82
T105749,A105749,Radiology,2024-07-07,9310.46
T105750,A105750,Physiotherapy,2024-12-17,1376.51
T105751,A105751,Radiology,2025-08-03,4799.94
T105752,A105752,Consultation,2024-04-23,2062.46
T105753,A105753,Consultation,2024-04-13,2197.38
T105754,A105754,Medication,2025-09-14,10164.28
T105755,A105755,Emergency Care,2025-05-22,23794.01
T105756,A105756,Physiotherapy,2024-12-13,2875.17
T105757,A105757,Physiotherapy,2024-01-21,3677.38
T105758,A105758,Diagnostic Test,2025-01-23,3986.51
T105759,A105759,Medication,2024-07-28,10556.43
T105760,A105760,Physiotherapy,2025-11-14,5206.77
T105761,A105761,Medication,2025-04-29,3483.42
T105762,A105762,Diagnostic Test,2025-04-17,4911.1
T105763,A105763,Physiotherapy,2025-12-08,7313.93
T105764,A105764,Medication,2025-01-27,397.77
T105765,A105765,Diagnostic Test,2025-09-28,527.87
T105766,A105766,Medication,2025-11-21,11461.8
T105767,A105767,Diagnostic Test,2025-06-01,3560.77
T105768,A105768,Consultation,2024-07-06,950.07
T105769,A105769,Surgery,2024-12-14,52427.35
T105770,A105770,Emergency Care,2024-12-18,15479.77
T105771,A105771,Diagnostic Test,2025-06-25,3938.74
T105772,A105772,Surgery,2025-08-21,32132.36
T105773,A105773,Radiology,2024-02-17,8592.45
T105774,A105774,Emergency Care,2024-03-17,14987.77
T105775,A105775,Consultation,2024-12-10,1692.82
T105776,A105776,Physiotherapy,2024-07-12,4786.36
T105777,A105777,Diagnostic Test,2025-06-29,842.41
T105778,A105778,Consultation,2025-11-11,2078.66
T105779,A105779,Physiotherapy,2024-02-08,1563.93
T105780,A105780,Surgery,2025-02-28,63641.27
T105781,A105781,Diagnostic Test,2024-12-16,3739.85
T105782,A105782,Physiotherapy,2024-07-06,2480.36
T105783,A105783,Diagnostic Test,2025-06-10,3151.87
T105784,A105784,Medication,2024-11-30,3651.39
T105785,A105785,Diagnostic Test,2025-04-29,4402.9
T105786,A105786,Diagnostic Test,2024-08-05,3434.99
T105787,A105787,Consultation,2024-06-08,957.45
T105788,A105788,Consultation,2025-10-28,1819.78
T105789,A105789,Emergency Care,2024-08-30,5997.76
T105790,A105790,Surgery,2024-10-24,15288.73
T105791,A105791,Radiology,2025-04-07,2487.1
T105792,A105792,Radiology,2024-02-14,1237.81
T105793,A105793,Physiotherapy,2025-05-12,7915.75
T105794,A105794,Physiotherapy,2024-06-23,5436.61
T105795,A105795,Consultation,2024-12-12,1863.37
T105796,A105796,Diagnostic Test,2024-02-27,5632.72
T105797,A105797,Radiology,2025-07-20,2322.34
T105798,A105798,Physiotherapy,2024-12-07,1193.45
T105799,A105799,Radiology,2024-04-20,7206.83
T105800,A105800,Physiotherapy,2025-12-10,5324.84
T105801,A105801,Radiology,2024-08-04,9161.24
T105802,A105802,Medication,2025-05-13,4081.47
T105803,A105803,Radiology,2025-02-03,6062.02
T105804,A105804,Diagnostic Test,2025-07-05,3605.46
T105805,A105805,Consultation,2025-05-14,1236.21
T105806,A105806,Diagnostic Test,2024-06-24,2480.23
T105807,A105807,Consultation,2024-04-17,1392.33
T105808,A105808,Surgery,2025-07-06,103668.22
T105809,A105809,Chemotherapy,2025-04-25,28776.04
T105810,A105810,Diagnostic Test,2025-02-04,3927.15
T105811,A105811,Medication,2025-03-10,4674.45
T105812,A105812,Radiology,2025-10-04,1946.94
T105813,A105813,Chemotherapy,2025-11-24,56289.0
T105814,A105814,Diagnostic Test,2024-07-13,932.81
T105815,A105815,Medication,2025-04-11,417.79
T105816,A105816,Diagnostic Test,2024-12-08,1991.15
T105817,A105817,Surgery,2024-03-02,44151.66
T105818,A105818,Surgery,2025-06-24,45477.34
T105819,A105819,Consultation,2025-04-25,2162.7
T105820,A105820,Consultation,2024-04-12,1287.73
T105821,A105821,Medication,2025-06-19,7683.37
T105822,A105822,Consultation,2025-08-16,812.67
T105823,A105823,Consultation,2025-12-12,2317.16
T105824,A105824,Diagnostic Test,2024-11-17,1929.74
T105825,A105825,Diagnostic Test,2025-07-02,3456.52
T105826,A105826,Physiotherapy,2024-01-14,4978.23
T105827,A105827,Physiotherapy,2025-04-02,2679.39
T105828,A105828,Emergency Care,2024-08-08,16001.72
T105829,A105829,Surgery,2025-01-25,106025.69
T105830,A105830,Consultation,2025-11-09,1362.94
T105831,A105831,Radiology,2024-06-23,9416.55
T105832,A105832,Consultation,2025-10-25,1198.83
T105833,A105833,Diagnostic Test,2025-11-14,1148.47
T105834,A105834,Medication,2024-03-21,4391.17
T105835,A105835,Surgery,2024-12-04,108721.79
T105836,A105836,Physiotherapy,2024-08-15,2129.62
T105837,A105837,Consultation,2024-02-06,1506.95
T105838,A105838,Medication,2024-07-06,7604.06
T105839,A105839,Surgery,2024-08-13,100645.86
T105840,A105840,Medication,2025-10-06,10889.48
T105841,A105841,Chemotherapy,2025-05-08,59592.86
T105842,A105842,Medication,2024-11-07,10189.67
T105843,A105843,Physiotherapy,2025-06-05,1066.51
T105844,A105844,Physiotherapy,2025-08-04,3750.36
T105845,A105845,Physiotherapy,2025-06-24,6979.79
T105846,A105846,Medication,2025-01-05,11720.05
T105847,A105847,Consultation,2025-04-20,901.18
T105848,A105848,Consultation,2024-02-01,1377.76
T105849,A105849,Medication,2024-08-21,7915.29
T105850,A105850,Consultation,2025-05-12,1494.84
T105851,A105851,Consultation,2025-07-19,1066.44
T105852,A105852,Consultation,2024-06-24,2329.1
T105853,A105853,Diagnostic Test,2024-10-25,2173.31
T105854,A105854,Emergency Care,2024-12-31,8626.85
T105855,A105855,Consultation,2024-03-26,1771.75
T105856,A105856,Diagnostic Test,2025-07-30,5145.83
T105857,A105857,Physiotherapy,2024-03-29,4336.56
T105858,A105858,Physiotherapy,2024-02-23,1785.07
T105859,A105859,Chemotherapy,2025-09-23,32398.27
T105860,A105860,Medication,2024-12-27,1458.33
T105861,A105861,Diagnostic Test,2025-04-21,1456.25
T105862,A105862,Diagnostic Test,2024-08-19,2899.79
T105863,A105863,Radiology,2025-06-17,2206.94
T105864,A105864,Consultation,2025-01-07,1939.15
T105865,A105865,Medication,2025-04-14,6663.19
T105866,A105866,Medication,2025-02-24,4316.03
T105867,A105867,Physiotherapy,2025-06-16,2113.44
T105868,A105868,Emergency Care,2025-02-03,14286.39
T105869,A105869,Medication,2024-07-02,9640.83
T105870,A105870,Radiology,2025-07-17,7793.67
T105871,A105871,Radiology,2024-04-02,9757.55
T105872,A105872,Consultation,2025-09-09,1650.6
T105873,A105873,Medication,2025-12-08,7688.63
T105874,A105874,Chemotherapy,2025-01-19,22178.54
T105875,A105875,Physiotherapy,2025-01-04,6403.29
T105876,A105876,Radiology,2024-03-16,5600.5
T105877,A105877,Radiology,2024-09-27,5359.07
T105878,A105878,Consultation,2024-01-18,1307.97
T105879,A105879,Emergency Care,2024-11-26,10001.74
T105880,A105880,Chemotherapy,2025-01-28,20375.33
T105881,A105881,Medication,2025-12-10,11362.48
T105882,A105882,Diagnostic Test,2025-03-09,1808.79
T105883,A105883,Diagnostic Test,2024-12-12,712.25
T105884,A105884,Medication,2024-07-14,5244.25
T105885,A105885,Diagnostic Test,2024-02-08,5826.95
T105886,A105886,Medication,2024-07-23,655.15
T105887,A105887,Medication,2025-10-13,3321.61
T105888,A105888,Physiotherapy,2024-02-28,2754.0
T105889,A105889,Consultation,2024-04-21,1705.26
T105890,A105890,Consultation,2025-11-18,2086.03
T105891,A105891,Emergency Care,2025-05-13,12110.03
T105892,A105892,Physiotherapy,2025-12-20,3301.55
T105893,A105893,Diagnostic Test,2024-08-12,2067.2
T105894,A105894,Consultation,2025-01-20,2359.88
T105895,A105895,Medication,2024-03-04,11305.32
T105896,A105896,Diagnostic Test,2024-12-18,3688.5
T105897,A105897,Consultation,2025-04-08,2297.29
T105898,A105898,Physiotherapy,2024-11-18,7913.89
T105899,A105899,Emergency Care,2024-12-25,15447.33
T105900,A105900,Physiotherapy,2024-04-05,3084.16
T105901,A105901,Consultation,2025-11-26,1371.27
T105902,A105902,Diagnostic Test,2024-10-27,3867.93
T105903,A105903,Diagnostic Test,2025-12-28,2596.02
T105904,A105904,Diagnostic Test,2025-05-10,3304.59
T105905,A105905,Medication,2025-10-15,2987.64
T105906,A105906,Medication,2025-08-20,11925.52
T105907,A105907,Diagnostic Test,2025-01-25,1555.84
T105908,A105908,Physiotherapy,2025-09-05,7398.17
T105909,A105909,Physiotherapy,2025-03-09,7082.38
T105910,A105910,Emergency Care,2024-04-12,20828.62
T105911,A105911,Medication,2025-01-14,11263.48
T105912,A105912,Diagnostic Test,2025-08-07,4931.5
T105913,A105913,Radiology,2024-12-05,4302.28
T105914,A105914,Consultation,2025-05-09,1088.28
T105915,A105915,Surgery,2025-10-05,67899.19
T105916,A105916,Medication,2024-02-29,363.82
T105917,A105917,Consultation,2025-05-24,2413.16
T105918,A105918,Consultation,2025-01-27,2255.48
T105919,A105919,Surgery,2024-04-28,101211.56
T105920,A105920,Diagnostic Test,2025-04-15,2465.19
T105921,A105921,Physiotherapy,2024-11-25,1803.74
T105922,A105922,Medication,2024-01-22,8620.08
T105923,A105923,Consultation,2024-04-08,1901.82
T105924,A105924,Emergency Care,2025-05-30,21111.91
T105925,A105925,Chemotherapy,2025-12-17,35472.22
T105926,A105926,Consultation,2025-10-03,1057.34
T105927,A105927,Diagnostic Test,2024-12-18,4997.64
T105928,A105928,Medication,2024-05-12,8516.88
T105929,A105929,Consultation,2025-07-02,2428.51
T105930,A105930,Emergency Care,2025-08-23,4975.04
T105931,A105931,Surgery,2024-02-03,76611.28
T105932,A105932,Physiotherapy,2024-09-17,5455.35
T105933,A105933,Medication,2025-04-22,11998.81
T105934,A105934,Diagnostic Test,2024-02-02,5078.51
T105935,A105935,Physiotherapy,2025-01-22,3187.92
T105936,A105936,Surgery,2025-07-16,64643.29
T105937,A105937,Medication,2025-04-02,4482.81
T105938,A105938,Surgery,2025-08-18,111374.47
T105939,A105939,Emergency Care,2024-05-25,14530.72
T105940,A105940,Diagnostic Test,2025-08-28,5459.87
T105941,A105941,Consultation,2024-08-13,1415.3
T105942,A105942,Consultation,2024-08-06,1105.58
T105943,A105943,Chemotherapy,2024-06-05,37075.92
T105944,A105944,Consultation,2025-06-04,2478.14
T105945,A105945,Diagnostic Test,2024-02-05,3956.62
T105946,A105946,Diagnostic Test,2025-09-27,802.62
T105947,A105947,Emergency Care,2024-01-11,3742.72
T105948,A105948,Radiology,2024-02-10,4980.97
T105949,A105949,Physiotherapy,2025-04-16,1261.38
T105950,A105950,Surgery,2024-06-29,25979.07
T105951,A105951,Consultation,2025-10-03,2080.85
T105952,A105952,Emergency Care,2025-05-18,19681.78
T105953,A105953,Diagnostic Test,2025-01-10,1515.83
T105954,A105954,Consultation,2024-03-09,2246.89
T105955,A105955,Surgery,2025-10-29,33435.11
T105956,A105956,Diagnostic Test,2025-02-28,4703.34
T105957,A105957,Emergency Care,2025-06-01,16253.12
T105958,A105958,Consultation,2025-01-01,2256.02
T105959,A105959,Emergency Care,2025-03-26,19574.8
T105960,A105960,Medication,2025-06-01,303.87
T105961,A105961,Diagnostic Test,2024-11-27,834.08
T105962,A105962,Chemotherapy,2025-01-05,11608.69
T105963,A105963,Surgery,2025-08-21,102520.93
T105964,A105964,Medication,2025-01-22,7272.41
T105965,A105965,Consultation,2025-07-03,2445.6
T105966,A105966,Chemotherapy,2024-04-25,29424.39
T105967,A105967,Chemotherapy,2025-07-24,18943.18
T105968,A105968,Physiotherapy,2024-02-10,3380.26
T105969,A105969,Physiotherapy,2025-06-29,2894.86
T105970,A105970,Diagnostic Test,2025-01-11,5167.06
T105971,A105971,Surgery,2025-02-03,42930.44
T105972,A105972,Consultation,2024-07-23,1026.83
T105973,A105973,Medication,2024-07-21,4196.04
T105974,A105974,Diagnostic Test,2024-04-10,4887.52
T105975,A105975,Diagnostic Test,2025-02-02,2703.79
T105976,A105976,Radiology,2025-03-27,6613.33
T105977,A105977,Emergency Care,2024-04-28,7520.45
T105978,A105978,Diagnostic Test,2025-02-24,914.5
T105979,A105979,Radiology,2024-09-02,3259.4
T105980,A105980,Consultation,2025-06-24,2193.7
T105981,A105981,Medication,2024-08-15,8349.87
T105982,A105982,Medication,2025-05-17,1261.29
T105983,A105983,Chemotherapy,2024-08-03,20736.99
T105984,A105984,Diagnostic Test,2025-12-02,1773.48
T105985,A105985,Consultation,2024-04-23,1279.09
T105986,A105986,Diagnostic Test,2025-01-09,4129.66
T105987,A105987,Physiotherapy,2024-10-25,2155.53
T105988,A105988,Consultation,2025-11-04,1000.76
T105989,A105989,Consultation,2024-01-20,1671.06
T105990,A105990,Consultation,2025-11-02,1355.91
T105991,A105991,Medication,2024-01-11,2897.45
T105992,A105992,Radiology,2024-01-11,2732.02
T105993,A105993,Diagnostic Test,2024-06-01,1936.49
T105994,A105994,Consultation,2025-09-16,865.4
T105995,A105995,Consultation,2025-10-23,1330.52
T105996,A105996,Consultation,2025-07-06,1451.5
T105997,A105997,Medication,2024-05-15,2941.04
T105998,A105998,Medication,2025-01-09,7849.56
T105999,A105999,Diagnostic Test,2025-04-06,5223.5
T106000,A106000,Radiology,2024-08-24,7701.74
T106001,A106001,Surgery,2024-09-13,35849.19
T106002,A106002,Emergency Care,2025-08-08,5874.71
T106003,A106003,Diagnostic Test,2024-11-25,5584.07
T106004,A106004,Medication,2024-12-29,5616.61
T106005,A106005,Radiology,2025-01-11,8804.37
T106006,A106006,Consultation,2024-07-30,1907.92
T106007,A106007,Radiology,2024-09-25,7625.73
T106008,A106008,Chemotherapy,2025-10-20,19742.7
T106009,A106009,Physiotherapy,2025-07-09,6551.62
T106010,A106010,Chemotherapy,2025-05-23,30164.39
T106011,A106011,Surgery,2025-07-20,53817.87
T106012,A106012,Surgery,2025-02-26,79680.68
T106013,A106013,Consultation,2024-11-04,1270.8
T106014,A106014,Radiology,2024-05-18,3573.24
T106015,A106015,Consultation,2025-02-24,933.38
T106016,A106016,Diagnostic Test,2024-07-14,2679.68
T106017,A106017,Medication,2024-04-07,7438.54
T106018,A106018,Medication,2025-05-04,3389.4
T106019,A106019,Medication,2024-09-14,10769.85
T106020,A106020,Medication,2024-01-25,11710.9
T106021,A106021,Diagnostic Test,2024-08-20,1300.12
T106022,A106022,Diagnostic Test,2024-11-29,3388.65
T106023,A106023,Diagnostic Test,2025-08-30,2159.69
T106024,A106024,Diagnostic Test,2024-08-09,2664.5
T106025,A106025,Surgery,2024-10-24,61559.77
T106026,A106026,Physiotherapy,2024-07-22,4155.17
T106027,A106027,Diagnostic Test,2024-12-11,2576.13
T106028,A106028,Diagnostic Test,2025-08-15,2463.79
T106029,A106029,Physiotherapy,2024-07-26,1539.66
T106030,A106030,Emergency Care,2024-03-20,11545.68
T106031,A106031,Diagnostic Test,2025-07-03,5936.72
T106032,A106032,Physiotherapy,2025-12-07,4209.17
T106033,A106033,Medication,2024-02-12,4631.51
T106034,A106034,Medication,2025-03-30,9206.11
T106035,A106035,Consultation,2024-07-01,2313.3
T106036,A106036,Surgery,2024-07-13,84552.71
T106037,A106037,Diagnostic Test,2025-08-14,2480.87
T106038,A106038,Consultation,2025-01-25,1486.88
T106039,A106039,Diagnostic Test,2025-09-29,2801.83
T106040,A106040,Physiotherapy,2024-05-22,1723.14
T106041,A106041,Medication,2024-01-28,6585.71
T106042,A106042,Surgery,2024-11-10,34468.63
T106043,A106043,Consultation,2024-11-18,1935.75
T106044,A106044,Radiology,2025-03-23,7872.27
T106045,A106045,Medication,2024-10-22,7178.28
T106046,A106046,Physiotherapy,2024-08-26,2949.42
T106047,A106047,Consultation,2025-12-16,2194.63
T106048,A106048,Chemotherapy,2025-04-03,20094.62
T106049,A106049,Medication,2025-10-16,2857.87
T106050,A106050,Diagnostic Test,2025-08-31,1252.64
T106051,A106051,Radiology,2025-10-28,7884.46
T106052,A106052,Radiology,2024-03-07,5992.33
T106053,A106053,Diagnostic Test,2024-06-27,1103.44
T106054,A106054,Diagnostic Test,2025-05-27,3749.97
T106055,A106055,Medication,2025-09-07,10342.03
T106056,A106056,Emergency Care,2024-03-31,12940.55
T106057,A106057,Radiology,2025-12-06,8508.4
T106058,A106058,Consultation,2024-06-17,2391.17
T106059,A106059,Physiotherapy,2025-08-25,2866.15
T106060,A106060,Medication,2025-03-14,6902.63
T106061,A106061,Consultation,2024-02-20,2315.2
T106062,A106062,Surgery,2025-11-11,79022.68
T106063,A106063,Diagnostic Test,2025-11-17,2896.06
T106064,A106064,Consultation,2024-09-23,1813.69
T106065,A106065,Medication,2025-06-06,9038.83
T106066,A106066,Emergency Care,2024-03-28,9042.24
T106067,A106067,Chemotherapy,2025-08-30,17149.49
T106068,A106068,Medication,2024-02-24,2518.57
T106069,A106069,Diagnostic Test,2024-06-28,4500.12
T106070,A106070,Consultation,2024-10-06,989.05
T106071,A106071,Physiotherapy,2024-08-27,3264.11
T106072,A106072,Surgery,2025-08-07,102543.53
T106073,A106073,Medication,2024-12-07,10656.33
T106074,A106074,Radiology,2024-03-13,9718.25
T106075,A106075,Medication,2025-01-11,7417.3
T106076,A106076,Consultation,2025-08-02,1206.2
T106077,A106077,Emergency Care,2025-06-03,17634.74
T106078,A106078,Consultation,2024-08-28,1121.42
T106079,A106079,Emergency Care,2025-04-13,8292.77
T106080,A106080,Medication,2024-05-03,11166.17
T106081,A106081,Radiology,2025-02-19,1285.8
T106082,A106082,Consultation,2025-12-25,1733.96
T106083,A106083,Chemotherapy,2025-07-25,12916.56
T106084,A106084,Consultation,2024-02-15,1178.7
T106085,A106085,Chemotherapy,2025-05-19,27697.04
T106086,A106086,Surgery,2024-07-17,26398.23
T106087,A106087,Chemotherapy,2024-03-15,11728.88
T106088,A106088,Diagnostic Test,2024-04-03,2455.35
T106089,A106089,Physiotherapy,2025-07-03,4583.12
T106090,A106090,Radiology,2025-05-07,8299.72
T106091,A106091,Medication,2025-01-19,4254.26
T106092,A106092,Chemotherapy,2025-04-10,25547.74
T106093,A106093,Physiotherapy,2024-06-03,1079.72
T106094,A106094,Diagnostic Test,2024-06-19,3893.34
T106095,A106095,Emergency Care,2024-09-29,19843.82
T106096,A106096,Diagnostic Test,2024-04-20,519.81
T106097,A106097,Physiotherapy,2024-05-31,1039.71
T106098,A106098,Physiotherapy,2025-03-07,7062.22
T106099,A106099,Consultation,2025-03-27,1271.83
T106100,A106100,Surgery,2025-10-07,70224.35
T106101,A106101,Medication,2024-01-23,8009.91
T106102,A106102,Consultation,2025-01-01,1895.98
T106103,A106103,Consultation,2025-10-14,1750.78
T106104,A106104,Medication,2024-08-29,2647.19
T106105,A106105,Consultation,2025-03-10,2087.67
T106106,A106106,Radiology,2025-12-07,6206.02
T106107,A106107,Radiology,2024-05-06,4034.06
T106108,A106108,Consultation,2025-06-25,1976.96
T106109,A106109,Physiotherapy,2025-09-27,2057.89
T106110,A106110,Physiotherapy,2024-07-18,3567.53
T106111,A106111,Consultation,2025-11-19,1136.84
T106112,A106112,Medication,2025-10-18,4518.6
T106113,A106113,Medication,2025-04-27,6782.11
T106114,A106114,Medication,2024-06-28,5667.16
T106115,A106115,Physiotherapy,2025-06-09,4996.87
T106116,A106116,Diagnostic Test,2025-10-15,2166.16
T106117,A106117,Diagnostic Test,2025-03-15,995.11
T106118,A106118,Emergency Care,2024-11-10,5519.97
T106119,A106119,Physiotherapy,2024-01-19,3541.71
T106120,A106120,Surgery,2024-06-11,59064.4
T106121,A106121,Physiotherapy,2024-05-01,6046.08
T106122,A106122,Physiotherapy,2024-03-13,3042.79
T106123,A106123,Diagnostic Test,2024-02-25,4405.79
T106124,A106124,Medication,2025-04-05,7420.14
T106125,A106125,Consultation,2024-06-18,1283.69
T106126,A106126,Medication,2025-09-04,11716.43
T106127,A106127,Physiotherapy,2025-08-05,2870.91
T106128,A106128,Physiotherapy,2024-05-31,4709.89
T106129,A106129,Emergency Care,2025-09-20,21506.95
T106130,A106130,Consultation,2024-01-27,1169.23
T106131,A106131,Consultation,2024-09-05,915.37
T106132,A106132,Emergency Care,2025-12-23,13760.05
T106133,A106133,Physiotherapy,2024-08-15,5325.15
T106134,A106134,Medication,2025-09-20,1765.93
T106135,A106135,Surgery,2025-12-09,26260.48
T106136,A106136,Surgery,2025-04-30,23593.05
T106137,A106137,Diagnostic Test,2024-01-11,4115.94
T106138,A106138,Medication,2024-04-07,11228.28
T106139,A106139,Consultation,2024-04-30,2371.88
T106140,A106140,Medication,2024-05-08,9759.53
T106141,A106141,Consultation,2025-07-04,1436.13
T106142,A106142,Physiotherapy,2024-03-12,4999.32
T106143,A106143,Emergency Care,2024-10-26,24997.23
T106144,A106144,Consultation,2025-11-17,2216.58
T106145,A106145,Diagnostic Test,2025-05-16,976.56
T106146,A106146,Medication,2024-02-17,325.26
T106147,A106147,Medication,2025-09-26,4798.25
T106148,A106148,Radiology,2025-01-16,1437.14
T106149,A106149,Consultation,2024-01-27,2094.28
T106150,A106150,Medication,2025-12-06,7421.6
T106151,A106151,Emergency Care,2025-05-14,17569.99
T106152,A106152,Physiotherapy,2024-05-18,7466.84
T106153,A106153,Diagnostic Test,2025-12-10,5918.73
T106154,A106154,Consultation,2024-02-18,1348.29
T106155,A106155,Surgery,2025-08-30,29656.69
T106156,A106156,Surgery,2025-05-23,17773.35
T106157,A106157,Consultation,2024-05-02,2280.71
T106158,A106158,Medication,2024-08-05,3682.17
T106159,A106159,Physiotherapy,2025-09-17,1236.06
T106160,A106160,Surgery,2025-06-12,77690.54
T106161,A106161,Diagnostic Test,2025-07-27,2705.63
T106162,A106162,Emergency Care,2024-02-13,22158.03
T106163,A106163,Consultation,2024-04-05,973.35
T106164,A106164,Medication,2024-01-27,7264.9
T106165,A106165,Physiotherapy,2024-08-31,6527.93
T106166,A106166,Diagnostic Test,2025-05-04,5263.09
T106167,A106167,Diagnostic Test,2024-08-27,893.64
T106168,A106168,Surgery,2024-10-30,97186.21
T106169,A106169,Physiotherapy,2024-03-08,6569.31
T106170,A106170,Medication,2024-10-07,3363.46
T106171,A106171,Consultation,2024-07-11,1311.78
T106172,A106172,Chemotherapy,2024-04-29,56029.7
T106173,A106173,Diagnostic Test,2024-06-01,3951.91
T106174,A106174,Surgery,2025-01-29,18198.97
T106175,A106175,Radiology,2024-08-18,8399.2
T106176,A106176,Medication,2024-12-16,11658.57
T106177,A106177,Diagnostic Test,2025-07-25,2758.84
T106178,A106178,Emergency Care,2025-06-14,19547.59
T106179,A106179,Radiology,2024-06-19,7567.8
T106180,A106180,Medication,2024-05-13,5000.58
T106181,A106181,Medication,2024-12-23,5605.5
T106182,A106182,Physiotherapy,2025-10-11,5346.03
T106183,A106183,Diagnostic Test,2024-02-12,1457.57
T106184,A106184,Physiotherapy,2024-11-03,4546.33
T106185,A106185,Consultation,2024-01-09,1370.83
T106186,A106186,Surgery,2024-11-24,23842.16
T106187,A106187,Medication,2024-06-19,2645.92
T106188,A106188,Medication,2024-12-05,6167.78
T106189,A106189,Consultation,2025-12-30,2343.01
T106190,A106190,Physiotherapy,2024-03-11,7024.57
T106191,A106191,Consultation,2025-06-25,2360.07
T106192,A106192,Physiotherapy,2025-05-21,2711.28
T106193,A106193,Emergency Care,2025-05-01,21189.69
T106194,A106194,Emergency Care,2025-03-21,10556.55
T106195,A106195,Medication,2024-02-23,11558.61
T106196,A106196,Physiotherapy,2024-05-29,2824.02
T106197,A106197,Diagnostic Test,2025-08-09,2324.68
T106198,A106198,Diagnostic Test,2024-04-02,550.71
T106199,A106199,Consultation,2025-01-03,2368.23
T106200,A106200,Radiology,2025-08-02,6601.53
T106201,A106201,Physiotherapy,2025-10-20,3185.21
T106202,A106202,Diagnostic Test,2024-03-19,1291.85
T106203,A106203,Medication,2024-03-29,7854.86
T106204,A106204,Physiotherapy,2024-08-17,1671.55
T106205,A106205,Physiotherapy,2024-12-30,2016.33
T106206,A106206,Diagnostic Test,2025-07-22,3283.69
T106207,A106207,Diagnostic Test,2025-08-17,1226.84
T106208,A106208,Consultation,2024-01-25,954.38
T106209,A106209,Consultation,2024-01-31,1979.57
T106210,A106210,Surgery,2024-04-30,63421.91
T106211,A106211,Surgery,2025-05-07,20216.26
T106212,A106212,Emergency Care,2025-08-28,4056.26
T106213,A106213,Medication,2025-09-18,11537.35
T106214,A106214,Consultation,2024-12-12,892.09
T106215,A106215,Consultation,2024-02-02,1555.56
T106216,A106216,Diagnostic Test,2025-10-19,2641.13
T106217,A106217,Emergency Care,2024-08-17,14065.19
T106218,A106218,Radiology,2024-09-06,8947.84
T106219,A106219,Medication,2024-02-19,8209.23
T106220,A106220,Emergency Care,2025-12-27,20123.1
T106221,A106221,Diagnostic Test,2025-01-24,2857.59
T106222,A106222,Surgery,2024-10-14,74320.15
T106223,A106223,Consultation,2025-12-10,916.02
T106224,A106224,Chemotherapy,2025-08-16,13606.38
T106225,A106225,Consultation,2025-04-20,2278.27
T106226,A106226,Emergency Care,2025-08-25,14154.67
T106227,A106227,Medication,2024-01-09,1574.84
T106228,A106228,Emergency Care,2025-02-17,4647.85
T106229,A106229,Medication,2025-10-26,11058.59
T106230,A106230,Surgery,2024-11-21,32911.57
T106231,A106231,Surgery,2025-02-04,60320.01
T106232,A106232,Radiology,2024-10-09,8087.39
T106233,A106233,Diagnostic Test,2024-07-12,5269.52
T106234,A106234,Radiology,2025-08-07,8806.02
T106235,A106235,Chemotherapy,2025-05-17,54170.6
T106236,A106236,Diagnostic Test,2025-08-04,1326.81
T106237,A106237,Emergency Care,2025-03-12,12422.27
T106238,A106238,Consultation,2024-03-04,1922.06
T106239,A106239,Radiology,2025-03-28,9130.72
T106240,A106240,Consultation,2025-05-08,1528.16
T106241,A106241,Physiotherapy,2025-10-10,5348.28
T106242,A106242,Emergency Care,2025-03-19,24116.3
T106243,A106243,Consultation,2024-11-02,2439.12
T106244,A106244,Consultation,2024-05-05,1933.06
T106245,A106245,Diagnostic Test,2024-09-22,3267.34
T106246,A106246,Diagnostic Test,2024-01-10,3648.6
T106247,A106247,Consultation,2025-02-16,2332.08
T106248,A106248,Medication,2024-07-24,8410.89
T106249,A106249,Radiology,2024-06-30,3322.49
T106250,A106250,Radiology,2025-04-15,2914.2
T106251,A106251,Surgery,2025-05-11,32550.0
T106252,A106252,Diagnostic Test,2025-11-25,3781.98
T106253,A106253,Diagnostic Test,2025-03-21,3996.04
T106254,A106254,Physiotherapy,2024-08-17,1555.91
T106255,A106255,Consultation,2024-05-28,2069.51
T106256,A106256,Medication,2025-07-26,6751.74
T106257,A106257,Medication,2024-10-24,3800.11
T106258,A106258,Consultation,2024-08-29,2425.93
T106259,A106259,Surgery,2024-10-15,66908.27
T106260,A106260,Diagnostic Test,2025-11-08,3125.71
T106261,A106261,Consultation,2024-01-29,1551.5
T106262,A106262,Consultation,2025-03-29,1751.52
T106263,A106263,Consultation,2024-04-17,881.28
T106264,A106264,Physiotherapy,2024-08-27,1329.6
T106265,A106265,Physiotherapy,2025-02-23,4235.02
T106266,A106266,Diagnostic Test,2024-11-29,4709.06
T106267,A106267,Medication,2024-02-14,6376.92
T106268,A106268,Diagnostic Test,2025-10-06,5570.56
T106269,A106269,Medication,2025-07-11,7752.71
T106270,A106270,Diagnostic Test,2024-02-04,546.73
T106271,A106271,Consultation,2024-12-12,1560.67
T106272,A106272,Diagnostic Test,2025-01-20,3535.78
T106273,A106273,Consultation,2025-05-29,827.98
T106274,A106274,Physiotherapy,2024-10-17,1746.84
T106275,A106275,Physiotherapy,2024-02-02,7990.08
T106276,A106276,Consultation,2024-04-07,1948.47
T106277,A106277,Surgery,2024-07-25,85943.63
T106278,A106278,Consultation,2025-09-12,1768.48
T106279,A106279,Physiotherapy,2024-01-30,7272.28
T106280,A106280,Consultation,2024-09-23,1290.44
T106281,A106281,Surgery,2024-01-25,104575.91
T106282,A106282,Consultation,2025-09-01,964.38
T106283,A106283,Physiotherapy,2024-02-09,7824.22
T106284,A106284,Diagnostic Test,2024-06-21,4996.53
T106285,A106285,Surgery,2025-02-19,15252.19
T106286,A106286,Consultation,2025-02-17,901.41
T106287,A106287,Emergency Care,2025-11-05,4865.72
T106288,A106288,Physiotherapy,2025-11-24,5786.38
T106289,A106289,Consultation,2025-09-09,1963.58
T106290,A106290,Surgery,2024-07-28,23529.18
T106291,A106291,Medication,2024-01-23,5545.47
T106292,A106292,Diagnostic Test,2024-01-07,1807.13
T106293,A106293,Consultation,2025-10-12,1478.34
T106294,A106294,Medication,2024-08-02,3099.57
T106295,A106295,Radiology,2025-11-04,4860.45
T106296,A106296,Medication,2024-05-20,7814.76
T106297,A106297,Medication,2025-10-20,2099.98
T106298,A106298,Medication,2025-11-02,2854.3
T106299,A106299,Surgery,2025-08-19,52511.75
T106300,A106300,Consultation,2025-10-29,2465.74
T106301,A106301,Diagnostic Test,2024-11-14,3999.24
T106302,A106302,Diagnostic Test,2025-07-31,5535.23
T106303,A106303,Diagnostic Test,2025-12-05,5209.08
T106304,A106304,Medication,2024-06-06,6838.15
T106305,A106305,Surgery,2025-02-28,43976.43
T106306,A106306,Medication,2025-05-14,3312.73
T106307,A106307,Radiology,2024-03-31,6207.79
T106308,A106308,Consultation,2025-10-17,1747.02
T106309,A106309,Surgery,2024-02-11,73763.11
T106310,A106310,Diagnostic Test,2024-10-21,2517.67
T106311,A106311,Emergency Care,2024-12-05,18568.56
T106312,A106312,Medication,2024-01-03,5075.69
T106313,A106313,Chemotherapy,2024-04-19,27562.87
T106314,A106314,Physiotherapy,2024-05-05,4537.49
T106315,A106315,Consultation,2024-03-05,2321.21
T106316,A106316,Radiology,2024-07-25,7414.52
T106317,A106317,Diagnostic Test,2025-02-21,4977.32
T106318,A106318,Physiotherapy,2024-09-01,4740.91
T106319,A106319,Medication,2025-08-15,6663.8
T106320,A106320,Physiotherapy,2025-09-16,7021.28
T106321,A106321,Medication,2025-10-15,2008.62
T106322,A106322,Emergency Care,2024-08-06,24157.18
T106323,A106323,Medication,2025-06-14,6387.52
T106324,A106324,Consultation,2025-07-20,1353.8
T106325,A106325,Surgery,2025-10-14,48042.95
T106326,A106326,Emergency Care,2025-01-15,3924.56
T106327,A106327,Radiology,2024-03-21,3738.26
T106328,A106328,Medication,2025-02-20,5306.18
T106329,A106329,Consultation,2025-03-28,1990.94
T106330,A106330,Consultation,2024-05-31,1274.41
T106331,A106331,Physiotherapy,2025-09-30,5603.64
T106332,A106332,Physiotherapy,2025-10-31,5204.85
T106333,A106333,Diagnostic Test,2024-02-10,2956.53
T106334,A106334,Emergency Care,2024-06-05,3213.76
T106335,A106335,Physiotherapy,2024-11-30,5120.59
T106336,A106336,Chemotherapy,2024-10-14,15509.4
T106337,A106337,Consultation,2024-04-22,822.03
T106338,A106338,Medication,2025-12-04,1465.15
T106339,A106339,Physiotherapy,2025-09-12,2346.66
T106340,A106340,Radiology,2024-04-03,5473.04
T106341,A106341,Physiotherapy,2024-02-19,6273.24
T106342,A106342,Medication,2024-06-12,11343.92
T106343,A106343,Physiotherapy,2025-06-02,2996.61
T106344,A106344,Consultation,2025-02-07,1750.8
T106345,A106345,Physiotherapy,2025-12-12,7968.47
T106346,A106346,Diagnostic Test,2024-11-16,3731.0
T106347,A106347,Radiology,2024-12-31,6389.48
T106348,A106348,Radiology,2025-03-17,2632.79
T106349,A106349,Diagnostic Test,2025-04-20,2223.32
T106350,A106350,Physiotherapy,2025-08-26,2331.99
T106351,A106351,Diagnostic Test,2024-11-10,5594.17
T106352,A106352,Physiotherapy,2025-06-18,4249.11
T106353,A106353,Consultation,2025-08-14,1408.24
T106354,A106354,Consultation,2024-08-10,2046.55
T106355,A106355,Medication,2025-11-06,4359.0
T106356,A106356,Consultation,2025-05-12,2275.66
T106357,A106357,Chemotherapy,2024-12-09,43783.89
T106358,A106358,Consultation,2025-09-18,874.74
T106359,A106359,Medication,2024-04-03,6850.29
T106360,A106360,Physiotherapy,2024-05-15,6756.9
T106361,A106361,Consultation,2025-05-15,2399.55
T106362,A106362,Chemotherapy,2024-06-20,25137.28
T106363,A106363,Physiotherapy,2025-09-17,3042.18
T106364,A106364,Radiology,2024-01-10,6001.59
T106365,A106365,Consultation,2025-11-13,828.2
T106366,A106366,Diagnostic Test,2024-11-17,2122.89
T106367,A106367,Physiotherapy,2024-04-08,6365.07
T106368,A106368,Diagnostic Test,2024-06-20,5247.4
T106369,A106369,Radiology,2024-11-09,4656.97
T106370,A106370,Surgery,2025-12-30,111206.19
T106371,A106371,Radiology,2024-12-10,3689.71
T106372,A106372,Chemotherapy,2025-03-05,11936.46
T106373,A106373,Surgery,2025-07-10,32368.23
T106374,A106374,Diagnostic Test,2025-05-15,5267.98
T106375,A106375,Surgery,2024-10-11,116658.33
T106376,A106376,Medication,2025-10-02,7405.23
T106377,A106377,Surgery,2024-09-18,91633.5
T106378,A106378,Consultation,2025-05-11,2218.91
T106379,A106379,Consultation,2024-12-23,1124.39
T106380,A106380,Surgery,2024-08-01,72731.06
T106381,A106381,Surgery,2024-07-19,113506.54
T106382,A106382,Chemotherapy,2024-08-26,27794.26
T106383,A106383,Diagnostic Test,2024-05-17,5947.99
T106384,A106384,Emergency Care,2025-09-22,18523.35
T106385,A106385,Emergency Care,2025-10-30,17785.6
T106386,A106386,Consultation,2025-02-26,849.93
T106387,A106387,Consultation,2024-12-06,817.51
T106388,A106388,Consultation,2024-12-07,1068.9
T106389,A106389,Surgery,2025-06-16,112972.19
T106390,A106390,Diagnostic Test,2025-01-22,4857.84
T106391,A106391,Surgery,2024-01-07,69218.68
T106392,A106392,Physiotherapy,2025-11-08,4440.13
T106393,A106393,Medication,2025-10-02,1798.52
T106394,A106394,Diagnostic Test,2025-02-05,2627.23
T106395,A106395,Physiotherapy,2025-02-26,2049.35
T106396,A106396,Diagnostic Test,2025-02-16,1998.32
T106397,A106397,Diagnostic Test,2024-08-03,535.21
T106398,A106398,Diagnostic Test,2025-07-15,2601.36
T106399,A106399,Diagnostic Test,2025-07-11,4188.18
T106400,A106400,Physiotherapy,2025-07-12,5810.85
T106401,A106401,Consultation,2024-02-17,1507.99
T106402,A106402,Radiology,2024-07-07,7619.23
T106403,A106403,Emergency Care,2025-05-18,12334.29
T106404,A106404,Diagnostic Test,2025-09-23,5465.16
T106405,A106405,Physiotherapy,2025-10-06,3214.55
T106406,A106406,Medication,2025-06-15,7350.02
T106407,A106407,Diagnostic Test,2025-04-20,1061.68
T106408,A106408,Diagnostic Test,2024-02-11,3250.75
T106409,A106409,Emergency Care,2025-08-26,11327.26
T106410,A106410,Physiotherapy,2024-09-19,2799.1
T106411,A106411,Physiotherapy,2024-02-20,3220.11
T106412,A106412,Emergency Care,2025-08-09,10005.98
T106413,A106413,Diagnostic Test,2025-12-28,3162.83
T106414,A106414,Diagnostic Test,2025-03-23,5138.21
T106415,A106415,Diagnostic Test,2024-08-08,3179.26
T106416,A106416,Consultation,2025-09-14,1154.12
T106417,A106417,Emergency Care,2025-10-09,4520.79
T106418,A106418,Physiotherapy,2024-12-10,3446.97
T106419,A106419,Medication,2024-08-28,2140.19
T106420,A106420,Radiology,2024-06-03,8554.67
T106421,A106421,Medication,2024-02-25,11941.25
T106422,A106422,Consultation,2025-01-22,2242.57
T106423,A106423,Consultation,2025-12-13,1453.97
T106424,A106424,Medication,2024-11-11,1248.28
T106425,A106425,Radiology,2024-02-10,7442.78
T106426,A106426,Diagnostic Test,2024-12-06,4174.52
T106427,A106427,Physiotherapy,2025-12-29,1470.59
T106428,A106428,Diagnostic Test,2024-08-19,4838.29
T106429,A106429,Surgery,2025-03-30,101576.02
T106430,A106430,Consultation,2024-12-07,2020.23
T106431,A106431,Medication,2025-03-29,8813.79
T106432,A106432,Consultation,2024-09-15,1972.62
T106433,A106433,Radiology,2025-03-12,5038.14
T106434,A106434,Emergency Care,2024-07-27,16558.75
T106435,A106435,Consultation,2024-07-20,1848.55
T106436,A106436,Medication,2024-05-16,6591.72
T106437,A106437,Physiotherapy,2025-10-01,5227.36
T106438,A106438,Consultation,2025-07-20,1479.06
T106439,A106439,Medication,2025-01-29,8236.04
T106440,A106440,Emergency Care,2025-08-20,7994.07
T106441,A106441,Medication,2025-12-23,10283.47
T106442,A106442,Medication,2024-02-08,10255.9
T106443,A106443,Diagnostic Test,2024-08-05,3238.24
T106444,A106444,Medication,2024-01-29,6110.14
T106445,A106445,Chemotherapy,2025-10-22,29952.38
T106446,A106446,Diagnostic Test,2024-01-21,751.58
T106447,A106447,Radiology,2025-09-23,2460.73
T106448,A106448,Medication,2024-05-16,8659.51
T106449,A106449,Diagnostic Test,2025-08-02,1285.08
T106450,A106450,Surgery,2024-02-02,58264.73
T106451,A106451,Diagnostic Test,2024-03-15,2448.24
T106452,A106452,Surgery,2024-05-02,38050.26
T106453,A106453,Consultation,2024-08-16,1699.03
T106454,A106454,Consultation,2024-12-04,1417.22
T106455,A106455,Diagnostic Test,2024-09-29,4677.43
T106456,A106456,Medication,2025-03-14,7775.97
T106457,A106457,Medication,2024-02-08,5922.29
T106458,A106458,Emergency Care,2025-11-13,15660.51
T106459,A106459,Medication,2025-03-04,5344.8
T106460,A106460,Physiotherapy,2024-11-13,6483.72
T106461,A106461,Medication,2025-09-07,11536.84
T106462,A106462,Medication,2025-05-24,9272.01
T106463,A106463,Medication,2024-06-08,10381.95
T106464,A106464,Medication,2024-09-15,9468.87
T106465,A106465,Diagnostic Test,2025-09-28,2741.86
T106466,A106466,Emergency Care,2025-03-31,21791.47
T106467,A106467,Medication,2024-02-18,744.01
T106468,A106468,Diagnostic Test,2024-11-29,5370.55
T106469,A106469,Radiology,2024-01-10,5336.13
T106470,A106470,Consultation,2024-05-25,1360.99
T106471,A106471,Emergency Care,2025-03-06,14553.57
T106472,A106472,Radiology,2024-06-01,7254.04
T106473,A106473,Consultation,2025-05-04,1846.0
T106474,A106474,Radiology,2024-05-16,6639.28
T106475,A106475,Diagnostic Test,2025-08-12,1049.76
T106476,A106476,Medication,2024-01-29,8829.24
T106477,A106477,Consultation,2024-01-10,2009.87
T106478,A106478,Physiotherapy,2025-08-13,1810.3
T106479,A106479,Physiotherapy,2024-01-18,1305.13
T106480,A106480,Radiology,2025-03-09,9848.64
T106481,A106481,Medication,2025-02-04,9031.03
T106482,A106482,Medication,2024-07-26,7387.58
T106483,A106483,Diagnostic Test,2025-08-25,2239.37
T106484,A106484,Medication,2025-09-02,3525.19
T106485,A106485,Medication,2024-08-03,1883.86
T106486,A106486,Radiology,2025-05-16,6555.18
T106487,A106487,Physiotherapy,2025-04-04,5031.88
T106488,A106488,Physiotherapy,2024-09-17,7548.52
T106489,A106489,Consultation,2024-11-26,1867.29
T106490,A106490,Medication,2025-03-31,5582.07
T106491,A106491,Emergency Care,2025-01-09,22740.44
T106492,A106492,Physiotherapy,2025-04-08,5298.39
T106493,A106493,Radiology,2024-03-15,7485.43
T106494,A106494,Medication,2024-08-30,7632.01
T106495,A106495,Radiology,2024-01-20,2691.06
T106496,A106496,Radiology,2025-11-21,2289.88
T106497,A106497,Medication,2024-09-18,7607.52
T106498,A106498,Medication,2024-05-05,10993.88
T106499,A106499,Consultation,2024-11-06,2438.22
T106500,A106500,Radiology,2024-04-22,9959.68
T106501,A106501,Consultation,2024-09-12,2234.8
T106502,A106502,Diagnostic Test,2024-08-24,2501.38
T106503,A106503,Physiotherapy,2025-05-13,5294.63
T106504,A106504,Diagnostic Test,2024-02-10,3849.8
T106505,A106505,Medication,2024-05-02,6589.36
T106506,A106506,Consultation,2025-03-28,2061.51
T106507,A106507,Diagnostic Test,2025-12-30,1434.92
T106508,A106508,Physiotherapy,2025-06-03,2320.83
T106509,A106509,Surgery,2024-04-01,114190.4
T106510,A106510,Medication,2024-12-28,10126.35
T106511,A106511,Diagnostic Test,2024-05-04,5001.86
T106512,A106512,Emergency Care,2024-12-05,13628.36
T106513,A106513,Radiology,2025-08-30,6196.36
T106514,A106514,Consultation,2025-05-29,1862.33
T106515,A106515,Emergency Care,2025-08-25,9467.44
T106516,A106516,Radiology,2025-03-05,3793.47
T106517,A106517,Consultation,2025-03-09,1105.79
T106518,A106518,Consultation,2024-01-10,1752.33
T106519,A106519,Chemotherapy,2024-05-02,18175.81
T106520,A106520,Physiotherapy,2025-01-23,2408.02
T106521,A106521,Diagnostic Test,2024-12-17,5463.93
T106522,A106522,Emergency Care,2025-10-04,14571.14
T106523,A106523,Chemotherapy,2025-11-21,40953.48
T106524,A106524,Diagnostic Test,2024-04-09,1238.62
T106525,A106525,Surgery,2024-02-12,36636.67
T106526,A106526,Consultation,2024-07-03,967.0
T106527,A106527,Diagnostic Test,2025-11-29,1993.34
T106528,A106528,Medication,2025-07-21,10614.13
T106529,A106529,Consultation,2025-11-03,2310.7
T106530,A106530,Diagnostic Test,2024-08-23,4204.74
T106531,A106531,Consultation,2025-03-22,2288.66
T106532,A106532,Emergency Care,2024-07-19,7200.72
T106533,A106533,Radiology,2025-05-30,2502.34
T106534,A106534,Radiology,2025-06-09,7936.43
T106535,A106535,Radiology,2024-08-01,9908.91
T106536,A106536,Consultation,2025-01-12,2020.0
T106537,A106537,Medication,2025-06-29,733.21
T106538,A106538,Medication,2025-05-02,2451.34
T106539,A106539,Emergency Care,2024-12-29,8445.11
T106540,A106540,Medication,2024-06-17,5246.25
T106541,A106541,Physiotherapy,2025-11-13,2546.61
T106542,A106542,Surgery,2025-08-19,21366.03
T106543,A106543,Medication,2025-02-10,3322.44
T106544,A106544,Surgery,2024-05-18,51852.36
T106545,A106545,Emergency Care,2024-08-20,9239.43
T106546,A106546,Diagnostic Test,2024-04-26,652.92
T106547,A106547,Consultation,2024-09-10,2376.94
T106548,A106548,Emergency Care,2025-05-08,14910.58
T106549,A106549,Emergency Care,2024-10-16,21668.09
T106550,A106550,Medication,2024-02-18,480.55
T106551,A106551,Radiology,2025-03-27,8214.23
T106552,A106552,Consultation,2025-06-01,1997.56
T106553,A106553,Radiology,2025-11-21,9798.46
T106554,A106554,Surgery,2024-09-30,27040.24
T106555,A106555,Radiology,2025-03-09,6855.33
T106556,A106556,Medication,2024-01-26,547.85
T106557,A106557,Physiotherapy,2024-03-10,3498.93
T106558,A106558,Diagnostic Test,2024-10-20,3996.68
T106559,A106559,Physiotherapy,2025-02-10,7524.61
T106560,A106560,Diagnostic Test,2024-08-23,955.99
T106561,A106561,Emergency Care,2024-08-18,13763.51
T106562,A106562,Physiotherapy,2024-09-20,2668.69
T106563,A106563,Surgery,2025-08-11,37705.2
T106564,A106564,Medication,2024-04-30,8353.18
T106565,A106565,Medication,2025-04-10,619.06
T106566,A106566,Radiology,2025-06-03,6759.53
T106567,A106567,Medication,2024-01-26,2199.83
T106568,A106568,Medication,2025-12-07,472.52
T106569,A106569,Medication,2025-11-10,6661.48
T106570,A106570,Radiology,2025-01-14,2189.06
T106571,A106571,Medication,2025-05-14,6869.38
T106572,A106572,Diagnostic Test,2025-03-13,2042.65
T106573,A106573,Surgery,2025-12-25,44275.96
T106574,A106574,Diagnostic Test,2025-10-07,4929.54
T106575,A106575,Consultation,2025-05-16,2010.07
T106576,A106576,Radiology,2024-06-25,8484.02
T106577,A106577,Radiology,2025-10-26,4939.98
T106578,A106578,Diagnostic Test,2025-08-24,1117.92
T106579,A106579,Diagnostic Test,2025-05-23,4699.32
T106580,A106580,Diagnostic Test,2024-11-05,5269.42
T106581,A106581,Medication,2024-03-11,7178.53
T106582,A106582,Surgery,2024-07-25,38143.8
T106583,A106583,Chemotherapy,2024-12-08,48339.66
T106584,A106584,Medication,2024-02-02,817.49
T106585,A106585,Consultation,2024-02-15,1384.56
T106586,A106586,Physiotherapy,2024-04-30,3735.68
T106587,A106587,Chemotherapy,2024-01-17,26577.41
T106588,A106588,Medication,2024-11-17,11354.6
T106589,A106589,Radiology,2025-09-20,8523.74
T106590,A106590,Diagnostic Test,2024-12-02,3417.21
T106591,A106591,Chemotherapy,2025-06-15,56757.29
T106592,A106592,Consultation,2025-11-22,1065.31
T106593,A106593,Chemotherapy,2025-08-14,14820.19
T106594,A106594,Diagnostic Test,2025-01-15,2615.76
T106595,A106595,Consultation,2025-05-25,2484.55
T106596,A106596,Consultation,2024-04-29,2336.29
T106597,A106597,Emergency Care,2024-01-26,7882.05
T106598,A106598,Diagnostic Test,2025-06-20,5615.07
T106599,A106599,Radiology,2025-12-14,6753.76
T106600,A106600,Surgery,2024-03-05,47461.85
T106601,A106601,Medication,2025-04-06,9862.05
T106602,A106602,Medication,2025-12-29,10323.52
T106603,A106603,Medication,2024-11-09,305.91
T106604,A106604,Emergency Care,2025-08-12,5963.42
T106605,A106605,Medication,2024-08-03,9068.1
T106606,A106606,Medication,2025-03-31,7461.71
T106607,A106607,Diagnostic Test,2025-06-26,1937.36
T106608,A106608,Diagnostic Test,2025-12-14,2010.53
T106609,A106609,Surgery,2025-08-01,26661.35
T106610,A106610,Medication,2025-04-17,5299.68
T106611,A106611,Diagnostic Test,2024-12-26,837.54
T106612,A106612,Medication,2024-05-08,8299.22
T106613,A106613,Radiology,2025-12-08,3359.22
T106614,A106614,Surgery,2025-11-18,107522.01
T106615,A106615,Medication,2024-03-28,1410.82
T106616,A106616,Emergency Care,2024-12-10,18224.84
T106617,A106617,Medication,2025-01-29,10486.06
T106618,A106618,Diagnostic Test,2025-04-29,4372.37
T106619,A106619,Medication,2025-10-28,11136.5
T106620,A106620,Chemotherapy,2025-04-01,26427.64
T106621,A106621,Consultation,2025-04-23,1029.84
T106622,A106622,Radiology,2024-07-29,4276.33
T106623,A106623,Consultation,2025-06-08,1813.46
T106624,A106624,Emergency Care,2025-11-06,23806.91
T106625,A106625,Consultation,2025-07-29,1302.39
T106626,A106626,Surgery,2024-11-04,86966.69
T106627,A106627,Emergency Care,2024-03-16,5213.13
T106628,A106628,Diagnostic Test,2024-01-23,1974.73
T106629,A106629,Physiotherapy,2024-02-29,2118.44
T106630,A106630,Physiotherapy,2025-01-20,4350.39
T106631,A106631,Consultation,2024-02-27,2392.54
T106632,A106632,Medication,2024-06-17,11006.99
T106633,A106633,Radiology,2025-02-17,4958.73
T106634,A106634,Emergency Care,2025-12-17,21867.76
T106635,A106635,Consultation,2024-07-11,1533.51
T106636,A106636,Chemotherapy,2025-04-29,30452.65
T106637,A106637,Medication,2025-07-23,10648.69
T106638,A106638,Physiotherapy,2025-02-21,1214.13
T106639,A106639,Physiotherapy,2024-12-06,7165.0
T106640,A106640,Physiotherapy,2024-09-16,6842.74
T106641,A106641,Emergency Care,2024-12-16,7420.16
T106642,A106642,Consultation,2025-08-24,1490.81
T106643,A106643,Diagnostic Test,2025-03-14,5182.47
T106644,A106644,Chemotherapy,2024-08-09,37903.23
T106645,A106645,Surgery,2025-02-18,91487.82
T106646,A106646,Surgery,2024-12-16,31397.06
T106647,A106647,Medication,2025-04-27,5844.69
T106648,A106648,Diagnostic Test,2025-08-24,3311.17
T106649,A106649,Medication,2024-03-02,1410.01
T106650,A106650,Chemotherapy,2024-06-01,26245.41
T106651,A106651,Surgery,2025-06-25,92068.8
T106652,A106652,Diagnostic Test,2024-08-14,1435.24
T106653,A106653,Consultation,2024-11-13,1856.41
T106654,A106654,Physiotherapy,2025-07-19,1524.46
T106655,A106655,Consultation,2024-10-06,931.51
T106656,A106656,Consultation,2025-07-13,1980.97
T106657,A106657,Emergency Care,2025-04-18,24837.16
T106658,A106658,Physiotherapy,2025-09-09,3545.22
T106659,A106659,Consultation,2024-01-27,1846.72
T106660,A106660,Medication,2025-06-02,7544.44
T106661,A106661,Medication,2025-01-02,2355.03
T106662,A106662,Radiology,2024-12-01,9475.93
T106663,A106663,Surgery,2025-03-11,70412.71
T106664,A106664,Consultation,2024-01-03,1464.4
T106665,A106665,Surgery,2024-09-17,29150.02
T106666,A106666,Physiotherapy,2024-09-20,4936.27
T106667,A106667,Emergency Care,2024-04-30,22855.96
T106668,A106668,Radiology,2025-12-20,5690.93
T106669,A106669,Consultation,2024-01-23,1009.6
T106670,A106670,Diagnostic Test,2024-05-20,2026.4
T106671,A106671,Medication,2025-04-22,11855.09
T106672,A106672,Consultation,2024-10-15,1482.29
T106673,A106673,Medication,2024-07-25,11825.74
T106674,A106674,Surgery,2024-02-14,72302.31
T106675,A106675,Physiotherapy,2024-04-27,5971.02
T106676,A106676,Diagnostic Test,2024-01-07,1712.79
T106677,A106677,Consultation,2024-07-28,2478.36
T106678,A106678,Emergency Care,2025-09-26,3189.09
T106679,A106679,Diagnostic Test,2024-12-13,5211.58
T106680,A106680,Emergency Care,2024-05-22,18148.21
T106681,A106681,Consultation,2025-01-06,1920.65
T106682,A106682,Physiotherapy,2024-08-22,3206.98
T106683,A106683,Diagnostic Test,2024-06-12,1523.3
T106684,A106684,Physiotherapy,2025-07-03,5366.52
T106685,A106685,Diagnostic Test,2024-12-30,5533.72
T106686,A106686,Diagnostic Test,2024-12-03,1877.76
T106687,A106687,Physiotherapy,2024-01-13,6644.44
T106688,A106688,Consultation,2025-02-12,950.43
T106689,A106689,Diagnostic Test,2024-03-15,1836.62
T106690,A106690,Radiology,2024-10-26,1685.8
T106691,A106691,Diagnostic Test,2025-01-15,2602.02
T106692,A106692,Emergency Care,2025-12-12,18317.71
T106693,A106693,Consultation,2025-09-28,1642.81
T106694,A106694,Physiotherapy,2025-08-11,4764.94
T106695,A106695,Consultation,2024-01-29,1777.43
T106696,A106696,Radiology,2025-04-08,3165.4
T106697,A106697,Diagnostic Test,2025-01-31,2334.29
T106698,A106698,Chemotherapy,2025-11-14,32744.07
T106699,A106699,Medication,2025-01-11,7012.71
T106700,A106700,Chemotherapy,2025-02-27,52353.5
T106701,A106701,Medication,2024-12-30,5703.63
T106702,A106702,Radiology,2024-08-04,7966.72
T106703,A106703,Chemotherapy,2024-04-13,15890.13
T106704,A106704,Surgery,2024-04-05,28626.67
T106705,A106705,Physiotherapy,2025-07-29,3017.28
T106706,A106706,Consultation,2024-09-23,1340.93
T106707,A106707,Medication,2024-07-24,7627.29
T106708,A106708,Diagnostic Test,2024-03-21,1706.27
T106709,A106709,Consultation,2024-02-06,1040.27
T106710,A106710,Emergency Care,2024-01-14,17210.16
T106711,A106711,Emergency Care,2025-09-19,24940.77
T106712,A106712,Diagnostic Test,2024-03-31,5956.31
T106713,A106713,Chemotherapy,2024-01-19,56101.81
T106714,A106714,Chemotherapy,2025-07-18,13103.46
T106715,A106715,Emergency Care,2025-01-10,19814.22
T106716,A106716,Surgery,2024-04-04,55337.84
T106717,A106717,Emergency Care,2024-02-01,21088.76
T106718,A106718,Radiology,2025-10-24,1625.71
T106719,A106719,Physiotherapy,2024-05-19,6858.59
T106720,A106720,Diagnostic Test,2025-07-26,3908.96
T106721,A106721,Medication,2024-01-22,1238.25
T106722,A106722,Radiology,2024-05-30,9634.29
T106723,A106723,Radiology,2024-08-10,8877.99
T106724,A106724,Consultation,2024-08-09,1971.41
T106725,A106725,Diagnostic Test,2025-06-25,2530.59
T106726,A106726,Consultation,2025-07-12,1666.47
T106727,A106727,Consultation,2024-03-01,846.4
T106728,A106728,Diagnostic Test,2025-02-28,4195.22
T106729,A106729,Chemotherapy,2024-10-03,57769.24
T106730,A106730,Diagnostic Test,2024-05-20,1702.47
T106731,A106731,Medication,2024-01-25,5068.03
T106732,A106732,Consultation,2025-01-15,2265.19
T106733,A106733,Physiotherapy,2025-01-08,1463.02
T106734,A106734,Diagnostic Test,2024-03-05,2259.93
T106735,A106735,Physiotherapy,2025-07-17,7590.47
T106736,A106736,Consultation,2024-12-09,2107.3
T106737,A106737,Diagnostic Test,2024-06-16,945.06
T106738,A106738,Medication,2024-06-02,5734.17
T106739,A106739,Medication,2025-06-06,6296.68
T106740,A106740,Consultation,2025-08-31,2058.72
T106741,A106741,Surgery,2025-08-09,37509.85
T106742,A106742,Consultation,2025-05-17,1200.47
T106743,A106743,Consultation,2025-07-15,2249.56
T106744,A106744,Diagnostic Test,2024-12-14,1734.34
T106745,A106745,Emergency Care,2024-10-01,12846.36
T106746,A106746,Chemotherapy,2025-03-06,44756.19
T106747,A106747,Medication,2025-08-31,6441.19
T106748,A106748,Medication,2024-08-22,11009.67
T106749,A106749,Diagnostic Test,2025-07-15,3311.33
T106750,A106750,Physiotherapy,2024-07-26,2452.67
T106751,A106751,Diagnostic Test,2025-03-31,5074.02
T106752,A106752,Consultation,2025-05-18,2123.98
T106753,A106753,Emergency Care,2025-08-14,7449.16
T106754,A106754,Surgery,2024-08-06,95971.56
T106755,A106755,Medication,2024-03-23,4070.47
T106756,A106756,Consultation,2025-07-05,1761.0
T106757,A106757,Medication,2025-09-05,11659.43
T106758,A106758,Chemotherapy,2025-12-03,12214.34
T106759,A106759,Chemotherapy,2025-06-25,18534.33
T106760,A106760,Medication,2024-09-07,7391.38
T106761,A106761,Radiology,2025-08-30,1640.76
T106762,A106762,Diagnostic Test,2025-02-18,1104.87
T106763,A106763,Consultation,2024-03-26,1842.08
T106764,A106764,Surgery,2025-09-14,103353.79
T106765,A106765,Radiology,2024-08-04,6002.48
T106766,A106766,Physiotherapy,2024-07-14,2307.33
T106767,A106767,Surgery,2024-10-25,28795.84
T106768,A106768,Diagnostic Test,2024-02-16,5013.48
T106769,A106769,Emergency Care,2025-01-27,22860.42
T106770,A106770,Diagnostic Test,2025-03-21,4650.78
T106771,A106771,Diagnostic Test,2024-03-31,1707.32
T106772,A106772,Diagnostic Test,2024-06-04,2436.21
T106773,A106773,Radiology,2025-04-23,4990.66
T106774,A106774,Radiology,2025-09-15,2293.26
T106775,A106775,Diagnostic Test,2024-03-02,1893.75
T106776,A106776,Surgery,2024-04-21,91295.86
T106777,A106777,Chemotherapy,2025-04-26,49119.19
T106778,A106778,Diagnostic Test,2025-09-09,1503.41
T106779,A106779,Surgery,2025-08-16,49295.12
T106780,A106780,Medication,2024-02-21,6083.85
T106781,A106781,Physiotherapy,2025-01-11,2225.57
T106782,A106782,Diagnostic Test,2024-02-02,5247.33
T106783,A106783,Medication,2025-05-01,3839.9
T106784,A106784,Physiotherapy,2025-08-24,2735.24
T106785,A106785,Consultation,2025-06-16,2319.05
T106786,A106786,Emergency Care,2024-01-06,17819.87
T106787,A106787,Emergency Care,2025-01-15,14274.39
T106788,A106788,Consultation,2025-07-26,982.33
T106789,A106789,Diagnostic Test,2024-08-30,1299.22
T106790,A106790,Diagnostic Test,2025-06-26,1731.07
T106791,A106791,Consultation,2025-08-11,1171.52
T106792,A106792,Medication,2025-08-07,10678.1
T106793,A106793,Consultation,2025-08-20,2401.14
T106794,A106794,Consultation,2024-12-25,1508.72
T106795,A106795,Diagnostic Test,2025-11-18,1603.37
T106796,A106796,Physiotherapy,2024-07-17,2915.87
T106797,A106797,Consultation,2025-02-22,839.83
T106798,A106798,Medication,2025-10-21,2816.46
T106799,A106799,Diagnostic Test,2024-09-29,585.29
T106800,A106800,Consultation,2025-05-17,2435.0
T106801,A106801,Emergency Care,2024-02-06,16720.09
T106802,A106802,Physiotherapy,2025-09-16,5718.84
T106803,A106803,Diagnostic Test,2025-04-06,952.91
T106804,A106804,Medication,2025-12-21,5693.76
T106805,A106805,Surgery,2025-11-02,60328.33
T106806,A106806,Consultation,2024-09-12,2222.22
T106807,A106807,Emergency Care,2025-09-26,20147.06
T106808,A106808,Radiology,2025-05-28,4855.8
T106809,A106809,Diagnostic Test,2024-02-19,4502.4
T106810,A106810,Radiology,2024-07-04,1963.59
T106811,A106811,Consultation,2025-05-05,1231.13
T106812,A106812,Consultation,2024-10-01,1089.36
T106813,A106813,Medication,2025-09-05,8787.79
T106814,A106814,Surgery,2025-06-12,107722.18
T106815,A106815,Consultation,2024-05-09,1851.76
T106816,A106816,Medication,2024-07-28,8080.94
T106817,A106817,Radiology,2025-09-15,6400.69
T106818,A106818,Medication,2024-05-23,7209.48
T106819,A106819,Consultation,2024-06-22,1160.17
T106820,A106820,Diagnostic Test,2025-11-09,600.94
T106821,A106821,Diagnostic Test,2025-03-22,1557.46
T106822,A106822,Consultation,2024-05-01,1342.38
T106823,A106823,Medication,2025-12-17,4983.11
T106824,A106824,Consultation,2024-01-12,2026.28
T106825,A106825,Consultation,2024-10-31,826.46
T106826,A106826,Radiology,2024-06-05,6300.7
T106827,A106827,Surgery,2024-11-19,45917.92
T106828,A106828,Physiotherapy,2025-06-23,2260.8
T106829,A106829,Diagnostic Test,2025-03-21,2061.92
T106830,A106830,Diagnostic Test,2024-12-10,2516.92
T106831,A106831,Surgery,2024-08-09,104275.73
T106832,A106832,Diagnostic Test,2024-04-21,1879.19
T106833,A106833,Medication,2025-02-15,6474.56
T106834,A106834,Consultation,2025-02-23,2052.31
T106835,A106835,Medication,2025-08-25,11147.83
T106836,A106836,Physiotherapy,2025-05-22,1231.86
T106837,A106837,Emergency Care,2024-02-11,20078.62
T106838,A106838,Medication,2025-05-23,3168.45
T106839,A106839,Physiotherapy,2025-04-05,6875.59
T106840,A106840,Medication,2024-09-20,2026.99
T106841,A106841,Emergency Care,2025-11-02,17725.21
T106842,A106842,Radiology,2024-04-30,7703.67
T106843,A106843,Medication,2025-03-28,6384.74
T106844,A106844,Diagnostic Test,2025-02-20,2394.49
T106845,A106845,Diagnostic Test,2025-12-08,1365.59
T106846,A106846,Physiotherapy,2025-06-09,1734.56
T106847,A106847,Emergency Care,2025-04-06,19624.22
T106848,A106848,Emergency Care,2024-04-29,4321.64
T106849,A106849,Diagnostic Test,2024-08-07,3704.38
T106850,A106850,Medication,2025-12-17,638.37
T106851,A106851,Physiotherapy,2024-03-18,4226.27
T106852,A106852,Surgery,2025-02-24,29525.95
T106853,A106853,Consultation,2024-06-23,1906.15
T106854,A106854,Diagnostic Test,2025-01-27,1847.85
T106855,A106855,Medication,2024-01-29,4399.91
T106856,A106856,Consultation,2024-05-08,2092.34
T106857,A106857,Diagnostic Test,2025-01-11,3820.13
T106858,A106858,Diagnostic Test,2025-10-15,4477.67
T106859,A106859,Diagnostic Test,2024-01-27,4330.38
T106860,A106860,Physiotherapy,2025-04-15,7230.95
T106861,A106861,Surgery,2025-03-01,96954.31
T106862,A106862,Diagnostic Test,2024-06-27,4523.84
T106863,A106863,Diagnostic Test,2025-06-23,872.88
T106864,A106864,Physiotherapy,2024-09-23,1808.84
T106865,A106865,Physiotherapy,2025-09-20,4800.11
T106866,A106866,Surgery,2025-07-23,49834.84
T106867,A106867,Diagnostic Test,2024-09-28,3310.47
T106868,A106868,Radiology,2024-11-26,7614.12
T106869,A106869,Radiology,2025-03-31,4061.54
T106870,A106870,Radiology,2024-10-24,8793.52
T106871,A106871,Surgery,2024-05-01,60073.91
T106872,A106872,Diagnostic Test,2024-06-08,2319.5
T106873,A106873,Radiology,2024-06-28,5708.31
T106874,A106874,Emergency Care,2025-10-18,14275.39
T106875,A106875,Consultation,2024-11-24,2259.52
T106876,A106876,Medication,2024-11-03,2536.44
T106877,A106877,Diagnostic Test,2024-03-29,3353.22
T106878,A106878,Medication,2024-02-08,9793.44
T106879,A106879,Medication,2025-08-14,8116.54
T106880,A106880,Medication,2024-12-14,6811.58
T106881,A106881,Radiology,2024-09-10,8677.37
T106882,A106882,Emergency Care,2024-05-28,20012.8
T106883,A106883,Consultation,2024-01-19,907.2
T106884,A106884,Physiotherapy,2025-01-04,4137.5
T106885,A106885,Medication,2024-04-29,8538.84
T106886,A106886,Surgery,2025-12-07,82169.22
T106887,A106887,Physiotherapy,2024-11-14,3365.19
T106888,A106888,Chemotherapy,2024-10-17,31942.82
T106889,A106889,Medication,2024-12-16,6237.26
T106890,A106890,Radiology,2024-10-25,4970.31
T106891,A106891,Diagnostic Test,2024-07-14,4579.44
T106892,A106892,Surgery,2025-01-28,66668.55
T106893,A106893,Consultation,2025-03-21,2156.03
T106894,A106894,Medication,2024-10-10,5599.76
T106895,A106895,Physiotherapy,2024-10-29,1292.45
T106896,A106896,Medication,2025-03-01,10352.9
T106897,A106897,Emergency Care,2024-09-06,19140.95
T106898,A106898,Radiology,2025-05-30,2714.34
T106899,A106899,Surgery,2025-11-18,50853.88
T106900,A106900,Medication,2025-02-10,1056.4
T106901,A106901,Physiotherapy,2025-09-10,4365.85
T106902,A106902,Radiology,2024-09-01,5220.34
T106903,A106903,Consultation,2025-01-03,1107.58
T106904,A106904,Radiology,2024-04-29,2830.98
T106905,A106905,Consultation,2025-03-16,1216.27
T106906,A106906,Physiotherapy,2025-05-21,5964.39
T106907,A106907,Surgery,2025-08-06,49369.99
T106908,A106908,Diagnostic Test,2025-03-09,3690.04
T106909,A106909,Physiotherapy,2024-07-04,2678.28
T106910,A106910,Chemotherapy,2025-04-06,53018.7
T106911,A106911,Radiology,2024-04-28,7309.5
T106912,A106912,Consultation,2024-01-31,2479.79
T106913,A106913,Medication,2024-05-29,10456.13
T106914,A106914,Physiotherapy,2025-06-13,1944.25
T106915,A106915,Consultation,2024-09-29,2000.84
T106916,A106916,Diagnostic Test,2025-01-21,2069.65
T106917,A106917,Consultation,2024-04-13,1810.91
T106918,A106918,Surgery,2024-03-14,82984.45
T106919,A106919,Physiotherapy,2025-12-06,6271.81
T106920,A106920,Radiology,2025-09-14,5674.22
T106921,A106921,Radiology,2025-02-14,4487.58
T106922,A106922,Diagnostic Test,2024-12-13,5698.89
T106923,A106923,Consultation,2025-01-03,1369.81
T106924,A106924,Chemotherapy,2025-09-10,24654.84
T106925,A106925,Physiotherapy,2025-07-05,3192.63
T106926,A106926,Physiotherapy,2024-10-18,6771.23
T106927,A106927,Diagnostic Test,2025-02-28,3991.27
T106928,A106928,Medication,2024-06-29,2455.51
T106929,A106929,Chemotherapy,2025-10-18,19757.59
T106930,A106930,Radiology,2024-04-26,2184.43
T106931,A106931,Diagnostic Test,2024-08-27,2807.41
T106932,A106932,Emergency Care,2024-04-05,13485.42
T106933,A106933,Diagnostic Test,2024-09-17,2428.91
T106934,A106934,Medication,2024-04-19,4899.41
T106935,A106935,Physiotherapy,2024-09-01,5272.14
T106936,A106936,Diagnostic Test,2025-02-26,3509.63
T106937,A106937,Surgery,2024-11-30,61070.03
T106938,A106938,Emergency Care,2024-01-26,13920.17
T106939,A106939,Consultation,2024-09-29,2147.49
T106940,A106940,Consultation,2024-05-20,1677.33
T106941,A106941,Emergency Care,2025-04-13,24070.94
T106942,A106942,Chemotherapy,2025-04-01,37625.22
T106943,A106943,Radiology,2025-01-19,4078.64
T106944,A106944,Diagnostic Test,2025-08-18,5689.75
T106945,A106945,Diagnostic Test,2025-01-11,1039.46
T106946,A106946,Chemotherapy,2025-03-16,53667.12
T106947,A106947,Emergency Care,2025-02-28,5687.41
T106948,A106948,Consultation,2024-06-04,1891.91
T106949,A106949,Surgery,2024-11-30,108301.26
T106950,A106950,Surgery,2025-06-15,26153.05
T106951,A106951,Physiotherapy,2025-08-04,7996.83
T106952,A106952,Medication,2024-05-13,5938.1
T106953,A106953,Consultation,2025-12-21,1633.81
T106954,A106954,Consultation,2025-05-15,1382.86
T106955,A106955,Diagnostic Test,2025-06-05,2672.68
T106956,A106956,Radiology,2024-05-19,5205.86
T106957,A106957,Radiology,2024-05-16,2777.09
T106958,A106958,Radiology,2025-02-12,5478.38
T106959,A106959,Radiology,2024-04-05,6452.43
T106960,A106960,Surgery,2024-08-29,17681.86
T106961,A106961,Medication,2024-06-16,9015.44
T106962,A106962,Consultation,2024-11-20,1754.0
T106963,A106963,Diagnostic Test,2025-10-22,1103.02
T106964,A106964,Diagnostic Test,2024-08-07,5134.77
T106965,A106965,Medication,2025-09-13,6112.24
T106966,A106966,Consultation,2024-08-19,1523.23
T106967,A106967,Chemotherapy,2025-08-05,29157.8
T106968,A106968,Medication,2025-08-09,9481.69
T106969,A106969,Medication,2024-06-28,1247.43
T106970,A106970,Consultation,2024-03-23,1999.25
T106971,A106971,Medication,2024-12-21,7754.39
T106972,A106972,Emergency Care,2025-11-04,12314.45
T106973,A106973,Diagnostic Test,2025-11-12,5732.55
T106974,A106974,Diagnostic Test,2024-06-10,3528.96
T106975,A106975,Emergency Care,2025-03-03,16107.16
T106976,A106976,Radiology,2025-02-07,7915.38
T106977,A106977,Physiotherapy,2024-02-04,5377.31
T106978,A106978,Physiotherapy,2024-05-01,6900.18
T106979,A106979,Consultation,2025-12-29,1189.2
T106980,A106980,Radiology,2025-05-30,8114.58
T106981,A106981,Physiotherapy,2025-01-21,1445.08
T106982,A106982,Consultation,2025-03-02,1961.52
T106983,A106983,Radiology,2025-04-20,9871.46
T106984,A106984,Physiotherapy,2025-07-13,5811.74
T106985,A106985,Medication,2024-06-17,4156.54
T106986,A106986,Medication,2025-01-25,6226.42
T106987,A106987,Medication,2024-11-30,11915.98
T106988,A106988,Diagnostic Test,2025-06-07,3133.99
T106989,A106989,Consultation,2025-04-18,2139.23
T106990,A106990,Emergency Care,2025-12-06,7011.03
T106991,A106991,Surgery,2025-06-10,103289.57
T106992,A106992,Consultation,2024-02-25,1099.79
T106993,A106993,Diagnostic Test,2025-07-23,5965.04
T106994,A106994,Diagnostic Test,2024-01-21,1092.9
T106995,A106995,Chemotherapy,2024-01-22,29081.64
T106996,A106996,Diagnostic Test,2025-04-02,4363.07
T106997,A106997,Chemotherapy,2024-11-19,47256.85
T106998,A106998,Surgery,2025-03-08,47163.61
T106999,A106999,Consultation,2024-02-29,1816.78
T107000,A107000,Diagnostic Test,2024-06-01,967.79
T107001,A107001,Radiology,2025-03-15,1514.91
T107002,A107002,Consultation,2024-02-28,1033.66
T107003,A107003,Medication,2025-12-31,4943.55
T107004,A107004,Physiotherapy,2025-07-28,4420.93
T107005,A107005,Diagnostic Test,2025-10-22,1044.98
T107006,A107006,Radiology,2024-10-19,5069.13
T107007,A107007,Diagnostic Test,2024-06-30,5507.93
T107008,A107008,Diagnostic Test,2025-08-31,3768.51
T107009,A107009,Consultation,2024-03-18,1323.56
T107010,A107010,Medication,2025-10-18,2501.18
T107011,A107011,Medication,2024-04-14,6295.71
T107012,A107012,Physiotherapy,2024-09-20,2679.74
T107013,A107013,Surgery,2025-09-01,113971.14
T107014,A107014,Diagnostic Test,2024-08-13,2300.94
T107015,A107015,Consultation,2025-05-01,876.67
T107016,A107016,Medication,2025-12-03,9467.96
T107017,A107017,Medication,2024-05-11,9559.54
T107018,A107018,Emergency Care,2024-11-14,22583.74
T107019,A107019,Medication,2025-12-10,9884.67
T107020,A107020,Emergency Care,2025-05-24,9535.33
T107021,A107021,Medication,2024-01-23,9215.2
T107022,A107022,Consultation,2024-08-24,2259.06
T107023,A107023,Consultation,2025-08-19,2237.34
T107024,A107024,Emergency Care,2025-08-31,13002.05
T107025,A107025,Diagnostic Test,2025-07-10,4364.44
T107026,A107026,Diagnostic Test,2024-12-15,5612.84
T107027,A107027,Consultation,2025-03-30,1863.46
T107028,A107028,Diagnostic Test,2025-08-08,2268.84
T107029,A107029,Emergency Care,2025-05-23,4776.73
T107030,A107030,Consultation,2025-09-18,990.15
T107031,A107031,Chemotherapy,2025-02-26,34020.1
T107032,A107032,Consultation,2024-07-08,1828.32
T107033,A107033,Physiotherapy,2024-05-04,2253.84
T107034,A107034,Medication,2024-01-07,2495.27
T107035,A107035,Physiotherapy,2025-04-02,1813.1
T107036,A107036,Radiology,2025-07-07,4001.66
T107037,A107037,Physiotherapy,2025-07-25,5053.44
T107038,A107038,Consultation,2025-06-05,1965.65
T107039,A107039,Medication,2024-04-01,10955.85
T107040,A107040,Medication,2024-04-23,7280.87
T107041,A107041,Radiology,2025-07-06,3233.8
T107042,A107042,Consultation,2025-02-02,2036.54
T107043,A107043,Medication,2025-11-11,10750.2
T107044,A107044,Diagnostic Test,2024-01-13,1653.86
T107045,A107045,Physiotherapy,2025-09-14,6414.65
T107046,A107046,Medication,2025-05-14,9740.75
T107047,A107047,Consultation,2024-01-17,1320.85
T107048,A107048,Consultation,2024-02-02,1650.26
T107049,A107049,Physiotherapy,2025-05-05,3906.39
T107050,A107050,Radiology,2024-07-07,3403.85
T107051,A107051,Diagnostic Test,2025-07-25,3335.01
T107052,A107052,Medication,2025-04-05,10531.82
T107053,A107053,Radiology,2024-02-21,1826.52
T107054,A107054,Physiotherapy,2024-09-27,7380.11
T107055,A107055,Physiotherapy,2025-04-08,1387.02
T107056,A107056,Medication,2024-02-15,5519.78
T107057,A107057,Consultation,2025-06-25,845.25
T107058,A107058,Emergency Care,2025-07-24,18903.46
T107059,A107059,Diagnostic Test,2024-05-03,1121.13
T107060,A107060,Consultation,2025-09-17,2219.92
T107061,A107061,Chemotherapy,2024-11-11,54913.36
T107062,A107062,Chemotherapy,2024-04-26,30159.65
T107063,A107063,Chemotherapy,2025-09-12,59296.39
T107064,A107064,Medication,2025-03-31,4949.27
T107065,A107065,Diagnostic Test,2025-11-17,3015.58
T107066,A107066,Radiology,2025-09-18,4891.22
T107067,A107067,Emergency Care,2025-09-05,14982.28
T107068,A107068,Consultation,2025-06-03,2363.38
T107069,A107069,Chemotherapy,2025-10-11,15393.68
T107070,A107070,Diagnostic Test,2024-12-02,2669.5
T107071,A107071,Radiology,2024-08-29,4338.89
T107072,A107072,Radiology,2025-01-22,2079.2
T107073,A107073,Medication,2024-05-27,9377.45
T107074,A107074,Surgery,2025-01-13,29543.47
T107075,A107075,Diagnostic Test,2024-01-07,757.32
T107076,A107076,Diagnostic Test,2024-11-24,5854.8
T107077,A107077,Medication,2024-07-15,8458.17
T107078,A107078,Consultation,2025-01-23,2040.54
T107079,A107079,Physiotherapy,2025-10-04,5025.3
T107080,A107080,Consultation,2024-09-18,1091.28
T107081,A107081,Consultation,2025-08-25,1707.83
T107082,A107082,Medication,2024-04-05,9387.71
T107083,A107083,Diagnostic Test,2024-09-16,4396.67
T107084,A107084,Surgery,2024-05-17,82389.14
T107085,A107085,Medication,2025-06-09,1262.7
T107086,A107086,Diagnostic Test,2025-12-13,4061.69
T107087,A107087,Chemotherapy,2025-05-12,13358.91
T107088,A107088,Medication,2024-06-29,11036.96
T107089,A107089,Radiology,2024-04-21,8717.18
T107090,A107090,Chemotherapy,2024-09-21,11168.44
T107091,A107091,Chemotherapy,2025-02-19,20691.75
T107092,A107092,Consultation,2025-01-06,1767.7
T107093,A107093,Consultation,2025-08-15,876.32
T107094,A107094,Medication,2025-01-12,10943.8
T107095,A107095,Surgery,2025-08-11,109363.93
T107096,A107096,Radiology,2025-01-19,2687.83
T107097,A107097,Emergency Care,2025-11-06,23251.76
T107098,A107098,Consultation,2025-05-25,1995.2
T107099,A107099,Medication,2025-12-15,5704.5
T107100,A107100,Medication,2025-01-13,5674.02
T107101,A107101,Chemotherapy,2025-06-28,25743.17
T107102,A107102,Diagnostic Test,2024-03-13,3721.63
T107103,A107103,Medication,2025-05-21,7339.64
T107104,A107104,Emergency Care,2024-12-19,6743.64
T107105,A107105,Emergency Care,2025-12-10,13644.95
T107106,A107106,Medication,2024-11-22,1591.22
T107107,A107107,Diagnostic Test,2025-01-22,4751.77
T107108,A107108,Radiology,2024-08-30,8197.55
T107109,A107109,Diagnostic Test,2024-03-15,5205.66
T107110,A107110,Emergency Care,2024-01-31,3996.15
T107111,A107111,Radiology,2025-04-25,7063.3
T107112,A107112,Emergency Care,2024-01-17,22268.77
T107113,A107113,Diagnostic Test,2025-12-19,2344.15
T107114,A107114,Surgery,2024-11-13,98190.45
T107115,A107115,Diagnostic Test,2024-03-09,531.42
T107116,A107116,Emergency Care,2025-10-03,17636.17
T107117,A107117,Physiotherapy,2025-06-21,2684.8
T107118,A107118,Consultation,2025-11-26,932.92
T107119,A107119,Diagnostic Test,2025-10-12,3251.18
T107120,A107120,Physiotherapy,2024-10-17,3565.94
T107121,A107121,Physiotherapy,2025-09-11,5176.48
T107122,A107122,Consultation,2024-01-25,2255.49
T107123,A107123,Surgery,2025-02-20,56164.39
T107124,A107124,Radiology,2025-12-09,9355.22
T107125,A107125,Diagnostic Test,2025-11-12,1976.68
T107126,A107126,Diagnostic Test,2024-02-08,4778.57
T107127,A107127,Physiotherapy,2024-04-12,5484.54
T107128,A107128,Physiotherapy,2025-07-02,4606.62
T107129,A107129,Consultation,2024-02-09,1563.81
T107130,A107130,Chemotherapy,2024-08-01,55680.74
T107131,A107131,Medication,2025-08-15,7885.96
T107132,A107132,Radiology,2024-06-23,4378.04
T107133,A107133,Surgery,2025-03-20,72982.48
T107134,A107134,Diagnostic Test,2024-03-02,3531.86
T107135,A107135,Consultation,2025-02-16,2290.89
T107136,A107136,Radiology,2025-06-18,1565.85
T107137,A107137,Consultation,2025-01-02,1549.35
T107138,A107138,Diagnostic Test,2025-01-01,3305.7
T107139,A107139,Consultation,2024-12-09,1058.33
T107140,A107140,Physiotherapy,2024-10-22,1005.48
T107141,A107141,Physiotherapy,2024-12-09,1014.95
T107142,A107142,Diagnostic Test,2025-08-29,5914.0
T107143,A107143,Physiotherapy,2025-06-06,1531.32
T107144,A107144,Diagnostic Test,2025-09-20,996.25
T107145,A107145,Diagnostic Test,2024-09-24,1183.48
T107146,A107146,Radiology,2025-06-07,9901.02
T107147,A107147,Physiotherapy,2025-10-30,6212.5
T107148,A107148,Radiology,2024-02-07,4796.32
T107149,A107149,Consultation,2024-05-12,2477.97
T107150,A107150,Consultation,2025-01-17,1752.63
T107151,A107151,Diagnostic Test,2024-08-15,4938.6
T107152,A107152,Consultation,2024-05-25,928.5
T107153,A107153,Medication,2025-03-08,11290.11
T107154,A107154,Medication,2025-01-24,11444.49
T107155,A107155,Diagnostic Test,2024-02-26,5249.48
T107156,A107156,Surgery,2024-01-27,31909.39
T107157,A107157,Consultation,2025-01-31,805.59
T107158,A107158,Physiotherapy,2025-09-24,7289.38
T107159,A107159,Diagnostic Test,2024-04-28,2189.16
T107160,A107160,Radiology,2025-11-06,4394.57
T107161,A107161,Radiology,2025-08-10,5338.82
T107162,A107162,Medication,2024-07-05,4016.45
T107163,A107163,Surgery,2024-07-13,77452.8
T107164,A107164,Diagnostic Test,2025-05-01,2718.83
T107165,A107165,Emergency Care,2025-09-27,19098.35
T107166,A107166,Chemotherapy,2025-12-21,11595.29
T107167,A107167,Physiotherapy,2025-01-20,2435.41
T107168,A107168,Emergency Care,2024-12-12,23123.08
T107169,A107169,Chemotherapy,2025-04-19,12262.77
T107170,A107170,Medication,2025-11-08,5886.42
T107171,A107171,Diagnostic Test,2024-01-06,1497.72
T107172,A107172,Diagnostic Test,2024-02-21,4783.92
T107173,A107173,Medication,2025-05-20,6380.63
T107174,A107174,Physiotherapy,2024-08-01,6030.96
T107175,A107175,Surgery,2025-06-13,102096.11
T107176,A107176,Surgery,2025-11-13,93864.45
T107177,A107177,Consultation,2024-10-09,1495.56
T107178,A107178,Radiology,2025-01-15,5204.96
T107179,A107179,Consultation,2024-11-21,1913.51
T107180,A107180,Chemotherapy,2024-10-24,47408.02
T107181,A107181,Consultation,2025-11-29,1432.64
T107182,A107182,Physiotherapy,2024-05-19,6447.4
T107183,A107183,Physiotherapy,2024-05-06,1034.52
T107184,A107184,Chemotherapy,2025-01-27,55604.52
T107185,A107185,Medication,2025-02-06,7270.41
T107186,A107186,Surgery,2025-04-27,74389.57
T107187,A107187,Consultation,2025-02-04,1754.0
T107188,A107188,Radiology,2025-07-25,1551.26
T107189,A107189,Surgery,2024-12-27,114688.91
T107190,A107190,Emergency Care,2024-03-08,19810.57
T107191,A107191,Diagnostic Test,2025-03-05,4436.74
T107192,A107192,Surgery,2025-12-17,88617.59
T107193,A107193,Surgery,2025-06-06,72082.35
T107194,A107194,Surgery,2025-03-07,80381.4
T107195,A107195,Diagnostic Test,2024-04-15,5584.26
T107196,A107196,Diagnostic Test,2024-03-29,2482.9
T107197,A107197,Surgery,2025-08-23,77756.23
T107198,A107198,Radiology,2024-01-07,4635.35
T107199,A107199,Physiotherapy,2024-06-09,1831.18
T107200,A107200,Consultation,2025-01-15,1045.67
T107201,A107201,Medication,2024-11-25,1056.3
T107202,A107202,Medication,2024-04-15,4862.47
T107203,A107203,Medication,2024-08-12,4385.64
T107204,A107204,Diagnostic Test,2025-02-07,1180.73
T107205,A107205,Physiotherapy,2025-11-16,4143.64
T107206,A107206,Diagnostic Test,2025-07-01,1671.7
T107207,A107207,Diagnostic Test,2025-05-24,1056.63
T107208,A107208,Consultation,2025-11-23,1347.27
T107209,A107209,Consultation,2024-07-03,1946.24
T107210,A107210,Chemotherapy,2024-03-27,11862.42
T107211,A107211,Surgery,2025-08-04,87041.6
T107212,A107212,Physiotherapy,2025-01-16,1998.99
T107213,A107213,Physiotherapy,2025-06-24,7360.58
T107214,A107214,Medication,2025-02-17,1441.39
T107215,A107215,Radiology,2025-06-04,2884.21
T107216,A107216,Consultation,2025-11-26,1186.96
T107217,A107217,Consultation,2024-10-21,1927.94
T107218,A107218,Radiology,2024-09-16,8337.85
T107219,A107219,Emergency Care,2025-01-19,14649.89
T107220,A107220,Medication,2024-10-31,9006.66
T107221,A107221,Physiotherapy,2024-11-14,7212.25
T107222,A107222,Consultation,2025-12-21,1838.07
T107223,A107223,Physiotherapy,2024-03-17,3173.14
T107224,A107224,Physiotherapy,2025-11-12,2071.73
T107225,A107225,Consultation,2025-01-16,1800.81
T107226,A107226,Radiology,2025-04-06,8560.65
T107227,A107227,Consultation,2024-02-26,1123.62
T107228,A107228,Emergency Care,2024-03-24,24988.52
T107229,A107229,Emergency Care,2025-11-12,5796.12
T107230,A107230,Radiology,2024-06-25,1544.01
T107231,A107231,Medication,2025-01-18,8325.43
T107232,A107232,Diagnostic Test,2024-05-28,2507.81
T107233,A107233,Diagnostic Test,2024-10-09,4187.39
T107234,A107234,Consultation,2024-12-10,1107.7
T107235,A107235,Physiotherapy,2025-02-12,2307.49
T107236,A107236,Emergency Care,2025-12-18,14051.59
T107237,A107237,Diagnostic Test,2024-02-02,5698.99
T107238,A107238,Emergency Care,2025-12-31,11258.82
T107239,A107239,Surgery,2025-02-26,22654.74
T107240,A107240,Consultation,2024-08-20,2053.23
T107241,A107241,Radiology,2024-12-24,9315.58
T107242,A107242,Radiology,2024-06-11,4396.2
T107243,A107243,Diagnostic Test,2025-12-29,3013.88
T107244,A107244,Emergency Care,2024-08-15,23932.16
T107245,A107245,Medication,2024-08-08,9052.09
T107246,A107246,Consultation,2024-03-14,1937.52
T107247,A107247,Diagnostic Test,2025-02-02,1206.64
T107248,A107248,Radiology,2024-04-06,6315.58
T107249,A107249,Consultation,2025-04-20,2262.1
T107250,A107250,Consultation,2024-04-06,2035.08
T107251,A107251,Medication,2024-05-04,1659.08
T107252,A107252,Diagnostic Test,2025-05-14,4192.19
T107253,A107253,Medication,2025-09-15,9716.14
T107254,A107254,Diagnostic Test,2024-02-17,2599.12
T107255,A107255,Radiology,2024-04-07,7836.03
T107256,A107256,Surgery,2025-04-21,89786.29
T107257,A107257,Emergency Care,2024-02-03,10314.5
T107258,A107258,Diagnostic Test,2024-04-29,4582.58
T107259,A107259,Consultation,2025-10-07,1887.37
T107260,A107260,Medication,2024-09-10,3950.57
T107261,A107261,Physiotherapy,2024-10-29,4752.76
T107262,A107262,Diagnostic Test,2024-05-03,3012.88
T107263,A107263,Physiotherapy,2024-08-07,1353.86
T107264,A107264,Diagnostic Test,2024-02-24,4256.42
T107265,A107265,Consultation,2024-05-05,1031.83
T107266,A107266,Consultation,2024-06-08,1211.85
T107267,A107267,Surgery,2025-11-01,115615.94
T107268,A107268,Emergency Care,2025-08-23,8076.5
T107269,A107269,Medication,2024-06-27,4884.78
T107270,A107270,Medication,2024-10-20,11530.98
T107271,A107271,Chemotherapy,2024-06-07,47514.6
T107272,A107272,Emergency Care,2025-05-07,17971.45
T107273,A107273,Consultation,2024-12-22,2195.43
T107274,A107274,Consultation,2025-09-25,900.96
T107275,A107275,Physiotherapy,2024-08-25,7209.98
T107276,A107276,Medication,2025-03-05,3251.19
T107277,A107277,Diagnostic Test,2024-05-04,1344.72
T107278,A107278,Chemotherapy,2024-11-13,51475.53
T107279,A107279,Medication,2024-10-05,3580.51
T107280,A107280,Consultation,2025-08-27,1205.55
T107281,A107281,Surgery,2024-04-16,98041.33
T107282,A107282,Chemotherapy,2024-02-11,12786.26
T107283,A107283,Consultation,2025-02-03,929.48
T107284,A107284,Radiology,2025-10-05,8354.32
T107285,A107285,Emergency Care,2025-04-06,12215.21
T107286,A107286,Diagnostic Test,2025-05-05,5155.05
T107287,A107287,Diagnostic Test,2025-07-21,4841.4
T107288,A107288,Consultation,2024-06-18,1747.93
T107289,A107289,Consultation,2025-08-27,2074.24
T107290,A107290,Physiotherapy,2024-06-24,2002.39
T107291,A107291,Consultation,2025-01-09,1123.65
T107292,A107292,Chemotherapy,2025-08-24,52131.48
T107293,A107293,Surgery,2024-06-01,50833.68
T107294,A107294,Emergency Care,2024-09-05,3108.99
T107295,A107295,Emergency Care,2025-09-19,23973.7
T107296,A107296,Radiology,2024-06-28,7464.04
T107297,A107297,Surgery,2024-04-30,103765.17
T107298,A107298,Surgery,2024-01-29,110838.39
T107299,A107299,Emergency Care,2024-04-26,16887.14
T107300,A107300,Physiotherapy,2025-12-03,4521.59
T107301,A107301,Surgery,2025-10-21,30836.3
T107302,A107302,Chemotherapy,2024-09-19,19425.91
T107303,A107303,Diagnostic Test,2025-10-15,2978.4
T107304,A107304,Emergency Care,2025-09-17,4467.28
T107305,A107305,Diagnostic Test,2024-02-08,4827.1
T107306,A107306,Physiotherapy,2024-07-15,4909.0
T107307,A107307,Physiotherapy,2025-06-11,7482.27
T107308,A107308,Medication,2025-09-15,7609.28
T107309,A107309,Surgery,2025-03-14,117079.86
T107310,A107310,Medication,2025-10-11,3561.36
T107311,A107311,Physiotherapy,2025-11-16,3449.39
T107312,A107312,Medication,2025-10-02,5252.87
T107313,A107313,Diagnostic Test,2025-02-13,2124.36
T107314,A107314,Diagnostic Test,2024-12-01,4876.1
T107315,A107315,Physiotherapy,2025-06-15,4734.68
T107316,A107316,Consultation,2025-04-10,1573.7
T107317,A107317,Emergency Care,2025-12-20,13039.93
T107318,A107318,Radiology,2024-06-08,8367.04
T107319,A107319,Surgery,2024-06-09,40307.65
T107320,A107320,Medication,2024-12-01,4054.8
T107321,A107321,Diagnostic Test,2025-01-10,5612.54
T107322,A107322,Consultation,2024-03-22,1475.34
T107323,A107323,Medication,2024-07-15,11949.12
T107324,A107324,Emergency Care,2024-05-01,12621.8
T107325,A107325,Consultation,2025-10-14,1518.37
T107326,A107326,Medication,2024-08-14,7243.2
T107327,A107327,Emergency Care,2025-08-18,21626.95
T107328,A107328,Emergency Care,2025-02-13,18824.17
T107329,A107329,Medication,2025-06-23,9211.3
T107330,A107330,Consultation,2025-10-03,2460.71
T107331,A107331,Diagnostic Test,2024-12-04,4879.85
T107332,A107332,Physiotherapy,2025-07-11,4270.67
T107333,A107333,Consultation,2025-08-20,1916.36
T107334,A107334,Medication,2025-06-23,10016.59
T107335,A107335,Surgery,2024-08-10,32794.72
T107336,A107336,Consultation,2024-10-21,1390.94
T107337,A107337,Consultation,2024-07-22,1828.12
T107338,A107338,Physiotherapy,2025-12-07,3660.4
T107339,A107339,Consultation,2025-05-29,891.96
T107340,A107340,Medication,2024-07-21,11301.65
T107341,A107341,Medication,2024-02-01,6616.28
T107342,A107342,Physiotherapy,2024-03-29,5442.92
T107343,A107343,Surgery,2024-07-23,90541.47
T107344,A107344,Emergency Care,2025-11-21,3800.31
T107345,A107345,Radiology,2025-12-07,2799.96
T107346,A107346,Radiology,2025-11-04,9150.77
T107347,A107347,Diagnostic Test,2024-10-19,4829.74
T107348,A107348,Emergency Care,2025-12-18,4453.67
T107349,A107349,Medication,2024-04-25,9515.88
T107350,A107350,Emergency Care,2025-12-24,22795.02
T107351,A107351,Radiology,2024-08-12,2670.02
T107352,A107352,Chemotherapy,2024-07-02,13132.06
T107353,A107353,Physiotherapy,2025-04-14,7041.21
T107354,A107354,Consultation,2025-03-01,1821.34
T107355,A107355,Emergency Care,2025-07-08,24779.91
T107356,A107356,Surgery,2024-03-03,89052.37
T107357,A107357,Emergency Care,2025-05-02,14243.98
T107358,A107358,Chemotherapy,2024-01-13,22279.15
T107359,A107359,Radiology,2025-09-25,7358.0
T107360,A107360,Consultation,2025-01-21,930.69
T107361,A107361,Medication,2025-02-16,5163.24
T107362,A107362,Diagnostic Test,2024-02-13,2406.63
T107363,A107363,Chemotherapy,2025-12-05,40146.39
T107364,A107364,Physiotherapy,2024-05-05,2553.67
T107365,A107365,Physiotherapy,2025-12-03,2140.51
T107366,A107366,Chemotherapy,2024-09-08,17477.87
T107367,A107367,Diagnostic Test,2025-08-29,2207.92
T107368,A107368,Consultation,2025-04-30,2267.9
T107369,A107369,Diagnostic Test,2024-08-01,2684.73
T107370,A107370,Consultation,2025-12-14,2315.17
T107371,A107371,Diagnostic Test,2024-09-25,4610.56
T107372,A107372,Medication,2025-10-30,8670.28
T107373,A107373,Surgery,2025-12-07,95637.61
T107374,A107374,Emergency Care,2025-06-25,14083.81
T107375,A107375,Surgery,2025-12-07,43252.02
T107376,A107376,Consultation,2025-09-11,1103.69
T107377,A107377,Chemotherapy,2025-10-24,34845.91
T107378,A107378,Diagnostic Test,2024-05-16,2565.59
T107379,A107379,Consultation,2025-05-12,1918.32
T107380,A107380,Physiotherapy,2025-08-29,3443.75
T107381,A107381,Diagnostic Test,2024-05-07,814.31
T107382,A107382,Consultation,2024-12-24,1444.68
T107383,A107383,Physiotherapy,2025-05-20,7191.27
T107384,A107384,Consultation,2024-11-13,2000.75
T107385,A107385,Consultation,2024-01-15,1456.16
T107386,A107386,Physiotherapy,2025-04-21,2473.42
T107387,A107387,Surgery,2024-10-21,74450.99
T107388,A107388,Radiology,2025-03-16,9430.2
T107389,A107389,Consultation,2025-06-01,1786.25
T107390,A107390,Medication,2025-01-25,10705.8
T107391,A107391,Consultation,2024-11-13,1999.58
T107392,A107392,Surgery,2025-11-11,27619.8
T107393,A107393,Diagnostic Test,2024-01-08,4365.99
T107394,A107394,Medication,2025-05-25,7392.67
T107395,A107395,Medication,2024-05-03,4517.67
T107396,A107396,Diagnostic Test,2025-01-07,5744.51
T107397,A107397,Consultation,2024-11-09,1360.59
T107398,A107398,Consultation,2024-07-03,943.16
T107399,A107399,Emergency Care,2025-07-02,8448.12
T107400,A107400,Physiotherapy,2025-08-09,4054.38
T107401,A107401,Emergency Care,2025-06-09,22576.29
T107402,A107402,Medication,2024-02-10,635.95
T107403,A107403,Chemotherapy,2024-03-26,49869.22
T107404,A107404,Radiology,2024-01-21,3635.25
T107405,A107405,Diagnostic Test,2024-09-11,3813.53
T107406,A107406,Physiotherapy,2024-10-31,3649.66
T107407,A107407,Medication,2024-09-14,3386.7
T107408,A107408,Consultation,2025-06-27,1662.62
T107409,A107409,Consultation,2025-10-03,1436.61
T107410,A107410,Diagnostic Test,2025-07-08,2662.87
T107411,A107411,Medication,2025-04-06,2184.17
T107412,A107412,Medication,2025-08-31,1963.41
T107413,A107413,Medication,2024-08-13,3356.03
T107414,A107414,Surgery,2024-04-03,76784.93
T107415,A107415,Consultation,2024-10-08,1196.12
T107416,A107416,Consultation,2024-06-20,2114.67
T107417,A107417,Surgery,2025-09-20,100534.82
T107418,A107418,Medication,2024-09-06,2189.69
T107419,A107419,Physiotherapy,2024-12-27,7832.59
T107420,A107420,Physiotherapy,2024-12-15,2864.92
T107421,A107421,Emergency Care,2025-03-12,4600.82
T107422,A107422,Surgery,2025-02-11,61030.63
T107423,A107423,Consultation,2025-08-23,1108.68
T107424,A107424,Diagnostic Test,2024-03-21,4814.24
T107425,A107425,Radiology,2025-04-02,2211.83
T107426,A107426,Diagnostic Test,2025-08-08,3159.85
T107427,A107427,Radiology,2025-01-27,1936.34
T107428,A107428,Radiology,2024-01-15,9108.67
T107429,A107429,Surgery,2024-02-17,47403.17
T107430,A107430,Physiotherapy,2024-02-09,5317.53
T107431,A107431,Radiology,2025-02-22,7619.03
T107432,A107432,Physiotherapy,2024-09-03,1224.63
T107433,A107433,Diagnostic Test,2024-03-03,2598.32
T107434,A107434,Consultation,2025-05-08,1281.55
T107435,A107435,Consultation,2025-09-01,1728.38
T107436,A107436,Emergency Care,2024-11-19,19961.37
T107437,A107437,Consultation,2024-09-11,1022.0
T107438,A107438,Surgery,2025-04-15,64892.53
T107439,A107439,Consultation,2024-03-04,1021.56
T107440,A107440,Radiology,2024-04-30,8151.76
T107441,A107441,Medication,2024-03-27,9484.68
T107442,A107442,Consultation,2025-08-20,1362.22
T107443,A107443,Emergency Care,2024-03-22,10217.1
T107444,A107444,Radiology,2024-08-15,6473.3
T107445,A107445,Consultation,2025-04-27,2495.38
T107446,A107446,Radiology,2025-09-17,9828.58
T107447,A107447,Radiology,2024-11-06,3977.91
T107448,A107448,Radiology,2025-08-06,8500.34
T107449,A107449,Diagnostic Test,2025-05-02,2235.15
T107450,A107450,Diagnostic Test,2024-01-25,3313.0
T107451,A107451,Medication,2024-07-23,671.06
T107452,A107452,Surgery,2024-08-12,113743.95
T107453,A107453,Medication,2025-05-25,8896.52
T107454,A107454,Surgery,2025-09-23,105863.29
T107455,A107455,Diagnostic Test,2025-08-03,3568.6
T107456,A107456,Medication,2025-07-13,1065.85
T107457,A107457,Medication,2025-11-21,5438.19
T107458,A107458,Chemotherapy,2025-06-03,28367.7
T107459,A107459,Medication,2024-07-02,6329.2
T107460,A107460,Radiology,2024-03-17,3049.98
T107461,A107461,Surgery,2025-03-01,62423.12
T107462,A107462,Radiology,2024-03-09,1458.88
T107463,A107463,Diagnostic Test,2025-10-22,1320.07
T107464,A107464,Emergency Care,2025-05-09,22171.96
T107465,A107465,Radiology,2025-11-18,4525.85
T107466,A107466,Consultation,2025-07-03,1529.36
T107467,A107467,Radiology,2024-03-19,4343.71
T107468,A107468,Medication,2025-11-28,7561.88
T107469,A107469,Medication,2024-02-26,357.71
T107470,A107470,Emergency Care,2025-08-31,23864.67
T107471,A107471,Physiotherapy,2025-04-18,4879.47
T107472,A107472,Consultation,2025-10-18,1447.64
T107473,A107473,Physiotherapy,2024-09-03,7043.24
T107474,A107474,Consultation,2025-03-16,1644.24
T107475,A107475,Emergency Care,2025-12-13,5044.15
T107476,A107476,Diagnostic Test,2024-11-12,5520.63
T107477,A107477,Surgery,2024-11-18,55591.99
T107478,A107478,Radiology,2024-08-08,6233.0
T107479,A107479,Emergency Care,2025-01-07,23776.71
T107480,A107480,Consultation,2024-08-03,1301.69
T107481,A107481,Consultation,2024-02-19,1102.6
T107482,A107482,Radiology,2025-04-08,8815.29
T107483,A107483,Chemotherapy,2024-04-28,36101.25
T107484,A107484,Medication,2024-03-22,8433.28
T107485,A107485,Consultation,2024-09-19,988.09
T107486,A107486,Consultation,2025-08-14,1983.6
T107487,A107487,Surgery,2025-12-25,75278.37
T107488,A107488,Consultation,2025-05-11,1357.25
T107489,A107489,Diagnostic Test,2025-09-25,5172.88
T107490,A107490,Radiology,2025-08-25,5252.9
T107491,A107491,Consultation,2025-11-05,1494.91
T107492,A107492,Diagnostic Test,2024-06-26,1508.71
T107493,A107493,Surgery,2024-04-01,41737.2
T107494,A107494,Diagnostic Test,2025-10-02,2002.88
T107495,A107495,Physiotherapy,2024-12-26,3840.58
T107496,A107496,Surgery,2024-10-12,67588.23
T107497,A107497,Emergency Care,2024-10-26,24786.45
T107498,A107498,Diagnostic Test,2024-09-19,3497.55
T107499,A107499,Emergency Care,2025-04-21,13277.16
T107500,A107500,Medication,2025-09-16,7784.82
T107501,A107501,Medication,2025-06-19,9140.16
T107502,A107502,Diagnostic Test,2025-07-16,5886.67
T107503,A107503,Emergency Care,2024-02-07,24958.1
T107504,A107504,Diagnostic Test,2024-06-29,5234.91
T107505,A107505,Medication,2024-01-28,797.75
T107506,A107506,Emergency Care,2024-12-16,3922.37
T107507,A107507,Radiology,2025-10-01,4043.38
T107508,A107508,Diagnostic Test,2025-06-28,5273.29
T107509,A107509,Radiology,2024-08-14,7899.85
T107510,A107510,Physiotherapy,2024-12-14,5405.34
T107511,A107511,Consultation,2024-02-09,1127.76
T107512,A107512,Medication,2025-01-18,11666.17
T107513,A107513,Surgery,2025-07-26,109354.05
T107514,A107514,Physiotherapy,2024-08-24,7393.18
T107515,A107515,Physiotherapy,2024-07-02,4554.23
T107516,A107516,Physiotherapy,2024-04-23,3575.17
T107517,A107517,Surgery,2024-11-04,81899.08
T107518,A107518,Emergency Care,2024-05-13,17438.58
T107519,A107519,Consultation,2024-12-13,2376.51
T107520,A107520,Physiotherapy,2024-07-01,5000.55
T107521,A107521,Surgery,2025-02-21,107271.0
T107522,A107522,Diagnostic Test,2025-08-14,2235.02
T107523,A107523,Consultation,2025-10-16,872.24
T107524,A107524,Surgery,2025-01-22,60817.93
T107525,A107525,Diagnostic Test,2025-05-26,1599.38
T107526,A107526,Diagnostic Test,2024-02-14,4779.27
T107527,A107527,Consultation,2025-04-24,2168.12
T107528,A107528,Diagnostic Test,2024-04-27,4806.76
T107529,A107529,Emergency Care,2025-07-27,13182.09
T107530,A107530,Medication,2024-03-01,10746.57
T107531,A107531,Diagnostic Test,2025-07-08,2950.64
T107532,A107532,Emergency Care,2024-07-07,16198.38
T107533,A107533,Physiotherapy,2025-03-31,2494.22
T107534,A107534,Medication,2024-07-08,579.25
T107535,A107535,Emergency Care,2025-04-11,16297.91
T107536,A107536,Radiology,2024-06-14,6947.23
T107537,A107537,Medication,2025-02-28,11169.83
T107538,A107538,Consultation,2024-04-14,2236.18
T107539,A107539,Surgery,2024-09-23,96483.28
T107540,A107540,Radiology,2025-09-30,7362.64
T107541,A107541,Diagnostic Test,2024-06-02,2875.16
T107542,A107542,Consultation,2025-03-04,1630.83
T107543,A107543,Medication,2025-11-24,9418.36
T107544,A107544,Chemotherapy,2025-03-04,17941.09
T107545,A107545,Emergency Care,2025-07-31,18784.52
T107546,A107546,Consultation,2025-09-03,1862.41
T107547,A107547,Emergency Care,2025-06-20,7936.4
T107548,A107548,Surgery,2024-11-28,61777.58
T107549,A107549,Physiotherapy,2025-11-10,6475.78
T107550,A107550,Diagnostic Test,2025-03-16,1136.06
T107551,A107551,Physiotherapy,2025-08-31,5368.72
T107552,A107552,Physiotherapy,2024-05-05,3946.25
T107553,A107553,Diagnostic Test,2024-10-29,1878.09
T107554,A107554,Surgery,2025-10-29,108598.81
T107555,A107555,Surgery,2024-12-14,65141.53
T107556,A107556,Physiotherapy,2024-09-06,7914.97
T107557,A107557,Emergency Care,2024-09-27,16972.6
T107558,A107558,Medication,2025-03-04,4167.94
T107559,A107559,Medication,2025-07-23,3802.59
T107560,A107560,Diagnostic Test,2025-12-07,4315.49
T107561,A107561,Physiotherapy,2025-12-13,3439.13
T107562,A107562,Radiology,2025-08-08,6281.5
T107563,A107563,Consultation,2024-09-03,1762.37
T107564,A107564,Diagnostic Test,2025-04-25,585.33
T107565,A107565,Medication,2024-04-09,8407.43
T107566,A107566,Consultation,2024-11-25,1764.09
T107567,A107567,Diagnostic Test,2025-08-15,4956.8
T107568,A107568,Surgery,2025-02-28,113603.11
T107569,A107569,Radiology,2025-07-30,5498.38
T107570,A107570,Medication,2025-03-02,9377.71
T107571,A107571,Surgery,2024-01-07,64234.27
T107572,A107572,Consultation,2025-04-03,1297.01
T107573,A107573,Diagnostic Test,2025-08-18,5454.96
T107574,A107574,Medication,2025-05-14,7515.04
T107575,A107575,Radiology,2024-03-27,1733.16
T107576,A107576,Surgery,2025-02-08,113119.3
T107577,A107577,Diagnostic Test,2024-10-22,2794.72
T107578,A107578,Diagnostic Test,2024-10-10,4176.26
T107579,A107579,Consultation,2024-07-16,2430.75
T107580,A107580,Medication,2024-03-25,6547.96
T107581,A107581,Consultation,2024-01-28,1816.79
T107582,A107582,Radiology,2025-11-26,2859.22
T107583,A107583,Radiology,2024-05-17,8046.45
T107584,A107584,Physiotherapy,2024-04-01,4651.44
T107585,A107585,Emergency Care,2024-07-26,13709.15
T107586,A107586,Chemotherapy,2024-01-29,18877.94
T107587,A107587,Consultation,2025-01-15,1549.93
T107588,A107588,Radiology,2025-07-25,9549.18
T107589,A107589,Medication,2025-08-06,4834.59
T107590,A107590,Surgery,2025-02-19,38291.12
T107591,A107591,Diagnostic Test,2024-08-14,3792.13
T107592,A107592,Consultation,2025-08-26,1663.69
T107593,A107593,Chemotherapy,2024-03-09,33986.52
T107594,A107594,Diagnostic Test,2024-12-29,1397.92
T107595,A107595,Surgery,2024-09-18,110410.83
T107596,A107596,Physiotherapy,2025-10-21,5255.06
T107597,A107597,Radiology,2024-03-06,6668.47
T107598,A107598,Medication,2025-11-25,1687.93
T107599,A107599,Surgery,2025-09-15,62842.05
T107600,A107600,Consultation,2025-12-05,1791.19
T107601,A107601,Medication,2025-01-28,11105.83
T107602,A107602,Radiology,2024-09-05,6306.85
T107603,A107603,Consultation,2024-10-05,2429.52
T107604,A107604,Diagnostic Test,2024-12-15,4305.49
T107605,A107605,Diagnostic Test,2025-01-07,1358.9
T107606,A107606,Medication,2024-05-02,1060.87
T107607,A107607,Consultation,2024-02-28,1732.22
T107608,A107608,Chemotherapy,2024-06-10,57216.59
T107609,A107609,Radiology,2024-05-08,4008.17
T107610,A107610,Consultation,2025-08-29,2303.12
T107611,A107611,Chemotherapy,2024-11-08,17303.59
T107612,A107612,Radiology,2025-06-02,7722.15
T107613,A107613,Emergency Care,2024-09-21,12155.07
T107614,A107614,Diagnostic Test,2024-10-14,571.17
T107615,A107615,Radiology,2025-02-24,3746.99
T107616,A107616,Consultation,2025-06-14,1481.22
T107617,A107617,Physiotherapy,2024-05-22,4063.88
T107618,A107618,Consultation,2025-12-09,1091.67
T107619,A107619,Physiotherapy,2025-11-30,5316.01
T107620,A107620,Consultation,2025-04-20,2239.05
T107621,A107621,Physiotherapy,2025-10-01,5819.34
T107622,A107622,Surgery,2025-06-13,98901.79
T107623,A107623,Consultation,2025-01-25,1391.95
T107624,A107624,Medication,2025-05-26,10177.42
T107625,A107625,Consultation,2025-06-22,809.66
T107626,A107626,Diagnostic Test,2024-08-02,5052.87
T107627,A107627,Diagnostic Test,2025-05-27,651.84
T107628,A107628,Emergency Care,2024-09-22,17213.99
T107629,A107629,Radiology,2024-12-10,3013.43
T107630,A107630,Diagnostic Test,2024-02-10,3214.47
T107631,A107631,Diagnostic Test,2024-08-23,2723.26
T107632,A107632,Surgery,2024-09-18,115557.53
T107633,A107633,Radiology,2024-11-06,4043.54
T107634,A107634,Physiotherapy,2025-02-08,5651.73
T107635,A107635,Medication,2024-09-20,6349.83
T107636,A107636,Surgery,2025-04-23,54784.9
T107637,A107637,Diagnostic Test,2024-04-15,4081.02
T107638,A107638,Surgery,2024-09-06,29677.15
T107639,A107639,Radiology,2024-10-31,7648.0
T107640,A107640,Surgery,2024-12-09,76571.62
T107641,A107641,Medication,2025-03-22,9312.7
T107642,A107642,Diagnostic Test,2024-02-09,4648.85
T107643,A107643,Medication,2024-02-18,5871.46
T107644,A107644,Physiotherapy,2025-12-22,3927.75
T107645,A107645,Emergency Care,2025-08-27,21827.46
T107646,A107646,Medication,2024-08-08,10971.93
T107647,A107647,Consultation,2024-09-13,1513.03
T107648,A107648,Radiology,2024-05-19,9378.24
T107649,A107649,Physiotherapy,2024-08-20,7449.26
T107650,A107650,Physiotherapy,2025-12-15,1907.54
T107651,A107651,Medication,2025-07-31,5731.64
T107652,A107652,Diagnostic Test,2024-02-07,4929.74
T107653,A107653,Physiotherapy,2024-06-06,2048.28
T107654,A107654,Emergency Care,2025-05-20,8288.96
T107655,A107655,Surgery,2024-04-17,73094.56
T107656,A107656,Consultation,2024-09-13,1007.25
T107657,A107657,Diagnostic Test,2025-02-07,2351.06
T107658,A107658,Diagnostic Test,2025-05-05,3330.93
T107659,A107659,Medication,2025-04-02,9560.11
T107660,A107660,Radiology,2025-06-11,2587.7
T107661,A107661,Diagnostic Test,2025-08-16,4468.75
T107662,A107662,Physiotherapy,2025-06-10,7634.99
T107663,A107663,Consultation,2025-01-07,1151.93
T107664,A107664,Chemotherapy,2024-04-13,21358.01
T107665,A107665,Consultation,2025-10-28,2133.64
T107666,A107666,Radiology,2025-11-23,2383.2
T107667,A107667,Physiotherapy,2025-08-22,4291.79
T107668,A107668,Physiotherapy,2025-08-25,3894.15
T107669,A107669,Consultation,2025-06-25,1669.19
T107670,A107670,Medication,2025-05-26,6372.7
T107671,A107671,Consultation,2025-01-23,1748.19
T107672,A107672,Surgery,2024-12-29,100893.4
T107673,A107673,Consultation,2025-09-03,1528.01
T107674,A107674,Consultation,2024-04-25,1166.47
T107675,A107675,Medication,2025-12-25,9493.69
T107676,A107676,Diagnostic Test,2024-12-09,5886.09
T107677,A107677,Radiology,2024-03-17,2307.29
T107678,A107678,Diagnostic Test,2024-05-16,1932.52
T107679,A107679,Diagnostic Test,2025-08-15,5875.57
T107680,A107680,Medication,2025-01-15,2891.84
T107681,A107681,Consultation,2025-05-06,1517.99
T107682,A107682,Radiology,2024-05-06,1936.15
T107683,A107683,Consultation,2024-02-10,1318.66
T107684,A107684,Consultation,2024-11-07,1240.63
T107685,A107685,Radiology,2024-04-18,9627.54
T107686,A107686,Radiology,2025-07-11,2437.13
T107687,A107687,Medication,2024-08-14,3926.95
T107688,A107688,Radiology,2024-08-30,1901.12
T107689,A107689,Emergency Care,2025-01-31,17783.6
T107690,A107690,Diagnostic Test,2024-06-02,5924.54
T107691,A107691,Surgery,2025-06-21,31084.21
T107692,A107692,Surgery,2025-09-27,80854.38
T107693,A107693,Consultation,2025-02-08,1060.64
T107694,A107694,Diagnostic Test,2024-05-27,1745.68
T107695,A107695,Surgery,2024-07-10,71929.38
T107696,A107696,Consultation,2025-11-08,2414.52
T107697,A107697,Physiotherapy,2025-08-07,4325.85
T107698,A107698,Medication,2024-07-21,5570.99
T107699,A107699,Emergency Care,2024-01-13,6013.33
T107700,A107700,Consultation,2024-02-21,1757.99
T107701,A107701,Physiotherapy,2024-10-30,4237.14
T107702,A107702,Radiology,2024-10-27,4144.46
T107703,A107703,Medication,2025-06-06,8848.63
T107704,A107704,Emergency Care,2024-05-22,9554.18
T107705,A107705,Consultation,2024-04-09,2334.9
T107706,A107706,Medication,2025-04-29,10510.98
T107707,A107707,Diagnostic Test,2024-05-19,3176.32
T107708,A107708,Emergency Care,2024-12-31,22975.67
T107709,A107709,Emergency Care,2025-06-19,24154.21
T107710,A107710,Consultation,2025-05-24,861.86
T107711,A107711,Surgery,2025-10-19,104506.29
T107712,A107712,Diagnostic Test,2024-06-12,2713.71
T107713,A107713,Radiology,2024-06-25,9957.76
T107714,A107714,Emergency Care,2024-03-31,10544.12
T107715,A107715,Chemotherapy,2025-02-05,51659.34
T107716,A107716,Diagnostic Test,2025-04-26,1711.8
T107717,A107717,Diagnostic Test,2025-06-30,5616.12
T107718,A107718,Physiotherapy,2025-04-21,6198.67
T107719,A107719,Emergency Care,2024-10-09,9244.29
T107720,A107720,Consultation,2025-03-29,1968.42
T107721,A107721,Consultation,2025-09-18,1540.17
T107722,A107722,Surgery,2024-03-24,105240.92
T107723,A107723,Surgery,2024-08-02,15623.73
T107724,A107724,Medication,2025-06-06,6423.09
T107725,A107725,Medication,2024-05-14,8270.75
T107726,A107726,Surgery,2025-03-24,56668.6
T107727,A107727,Radiology,2024-04-27,5364.94
T107728,A107728,Radiology,2025-08-18,3311.74
T107729,A107729,Physiotherapy,2024-09-02,3922.13
T107730,A107730,Diagnostic Test,2024-06-01,5566.06
T107731,A107731,Consultation,2025-06-17,1453.83
T107732,A107732,Radiology,2025-10-08,9898.26
T107733,A107733,Emergency Care,2025-01-16,13241.14
T107734,A107734,Medication,2025-08-31,7559.42
T107735,A107735,Consultation,2025-06-08,807.88
T107736,A107736,Consultation,2025-05-27,1117.89
T107737,A107737,Radiology,2025-10-25,4330.25
T107738,A107738,Physiotherapy,2024-04-28,3295.9
T107739,A107739,Diagnostic Test,2025-10-25,4456.06
T107740,A107740,Consultation,2025-07-30,1732.56
T107741,A107741,Diagnostic Test,2025-10-23,1692.07
T107742,A107742,Diagnostic Test,2024-11-12,3830.91
T107743,A107743,Radiology,2024-01-13,2353.87
T107744,A107744,Chemotherapy,2024-03-30,53371.18
T107745,A107745,Diagnostic Test,2025-01-22,4623.25
T107746,A107746,Consultation,2024-03-24,1388.14
T107747,A107747,Medication,2025-01-30,865.8
T107748,A107748,Medication,2025-06-30,9458.4
T107749,A107749,Diagnostic Test,2025-10-22,1838.81
T107750,A107750,Radiology,2025-10-02,3478.92
T107751,A107751,Emergency Care,2024-04-10,12493.78
T107752,A107752,Consultation,2025-04-04,1834.56
T107753,A107753,Physiotherapy,2024-11-26,1240.65
T107754,A107754,Medication,2025-12-26,9960.53
T107755,A107755,Consultation,2024-03-15,858.03
T107756,A107756,Surgery,2024-04-06,33363.51
T107757,A107757,Medication,2024-04-04,2953.51
T107758,A107758,Medication,2024-11-25,10238.09
T107759,A107759,Consultation,2024-06-26,2068.03
T107760,A107760,Physiotherapy,2024-11-12,5274.15
T107761,A107761,Medication,2025-11-20,4466.98
T107762,A107762,Medication,2025-07-21,6768.76
T107763,A107763,Radiology,2025-05-11,1648.22
T107764,A107764,Medication,2024-09-27,10433.25
T107765,A107765,Chemotherapy,2025-03-06,44599.95
T107766,A107766,Radiology,2024-02-05,7067.98
T107767,A107767,Medication,2024-04-30,11816.06
T107768,A107768,Medication,2025-01-06,6539.0
T107769,A107769,Surgery,2025-07-22,22671.88
T107770,A107770,Chemotherapy,2025-03-26,21404.5
T107771,A107771,Surgery,2024-11-04,31861.11
T107772,A107772,Consultation,2024-12-25,2400.08
T107773,A107773,Consultation,2025-01-10,1016.92
T107774,A107774,Emergency Care,2024-04-15,3495.87
T107775,A107775,Consultation,2025-01-26,1313.73
T107776,A107776,Radiology,2024-06-26,2273.58
T107777,A107777,Radiology,2024-04-16,6658.67
T107778,A107778,Medication,2025-08-14,2917.81
T107779,A107779,Radiology,2024-06-12,8616.02
T107780,A107780,Consultation,2024-09-25,1043.3
T107781,A107781,Emergency Care,2025-07-19,6354.0
T107782,A107782,Medication,2024-10-05,7409.97
T107783,A107783,Radiology,2024-10-31,1920.83
T107784,A107784,Diagnostic Test,2025-08-11,778.25
T107785,A107785,Diagnostic Test,2024-05-06,1511.46
T107786,A107786,Consultation,2024-09-02,1695.41
T107787,A107787,Physiotherapy,2024-08-24,4834.46
T107788,A107788,Consultation,2025-10-31,1454.03
T107789,A107789,Consultation,2025-08-09,1594.02
T107790,A107790,Consultation,2025-03-17,1573.3
T107791,A107791,Physiotherapy,2024-05-16,4202.79
T107792,A107792,Physiotherapy,2025-07-09,2863.83
T107793,A107793,Medication,2024-05-29,2283.1
T107794,A107794,Surgery,2024-02-26,56106.79
T107795,A107795,Emergency Care,2025-11-19,13196.27
T107796,A107796,Emergency Care,2024-12-21,23975.01
T107797,A107797,Diagnostic Test,2024-09-14,4616.49
T107798,A107798,Medication,2024-03-05,10378.8
T107799,A107799,Physiotherapy,2024-03-04,3703.82
T107800,A107800,Diagnostic Test,2024-02-01,3649.37
T107801,A107801,Radiology,2025-07-07,7732.49
T107802,A107802,Radiology,2025-10-22,2814.63
T107803,A107803,Medication,2025-08-23,5673.11
T107804,A107804,Surgery,2025-07-22,51571.41
T107805,A107805,Physiotherapy,2024-10-26,4834.56
T107806,A107806,Consultation,2025-12-05,1296.62
T107807,A107807,Radiology,2025-09-04,4321.09
T107808,A107808,Chemotherapy,2024-08-04,51613.23
T107809,A107809,Medication,2024-05-21,9396.63
T107810,A107810,Consultation,2025-05-21,1492.1
T107811,A107811,Diagnostic Test,2025-07-14,1038.5
T107812,A107812,Surgery,2025-05-16,45001.19
T107813,A107813,Radiology,2025-09-20,7641.0
T107814,A107814,Consultation,2025-05-16,2084.61
T107815,A107815,Medication,2025-08-12,4097.48
T107816,A107816,Surgery,2024-07-10,113668.7
T107817,A107817,Diagnostic Test,2025-12-13,3259.58
T107818,A107818,Diagnostic Test,2025-11-06,5330.95
T107819,A107819,Medication,2025-10-15,6498.7
T107820,A107820,Emergency Care,2024-02-21,3265.9
T107821,A107821,Radiology,2024-12-30,2075.74
T107822,A107822,Medication,2025-09-21,1531.34
T107823,A107823,Medication,2025-11-12,8696.65
T107824,A107824,Medication,2025-05-11,10364.62
T107825,A107825,Physiotherapy,2024-10-03,4679.97
T107826,A107826,Diagnostic Test,2024-02-16,5198.48
T107827,A107827,Physiotherapy,2024-08-05,3602.82
T107828,A107828,Diagnostic Test,2024-08-19,1060.44
T107829,A107829,Radiology,2025-10-03,3479.1
T107830,A107830,Emergency Care,2024-11-18,5596.5
T107831,A107831,Medication,2025-02-26,10663.36
T107832,A107832,Consultation,2024-08-12,1206.54
T107833,A107833,Physiotherapy,2025-10-23,6254.68
T107834,A107834,Emergency Care,2024-10-14,4569.37
T107835,A107835,Emergency Care,2024-02-16,20051.06
T107836,A107836,Emergency Care,2024-01-14,4871.44
T107837,A107837,Medication,2025-09-24,11387.91
T107838,A107838,Emergency Care,2025-01-12,17093.75
T107839,A107839,Diagnostic Test,2025-12-04,4219.88
T107840,A107840,Consultation,2024-11-28,1957.65
T107841,A107841,Surgery,2024-06-14,43846.15
T107842,A107842,Consultation,2025-05-23,1553.03
T107843,A107843,Consultation,2024-04-27,2339.07
T107844,A107844,Medication,2025-09-30,2720.71
T107845,A107845,Physiotherapy,2025-07-22,4693.61
T107846,A107846,Consultation,2025-03-15,1348.98
T107847,A107847,Diagnostic Test,2024-10-31,4699.71
T107848,A107848,Radiology,2025-04-03,5214.86
T107849,A107849,Diagnostic Test,2024-09-28,2385.11
T107850,A107850,Chemotherapy,2025-12-12,39649.33
T107851,A107851,Medication,2024-08-04,1540.64
T107852,A107852,Medication,2024-04-25,6851.51
T107853,A107853,Consultation,2024-01-16,2131.94
T107854,A107854,Consultation,2024-08-05,2437.06
T107855,A107855,Diagnostic Test,2025-03-05,5148.57
T107856,A107856,Consultation,2024-05-14,1847.77
T107857,A107857,Consultation,2024-02-13,1719.07
T107858,A107858,Emergency Care,2024-10-12,10230.92
T107859,A107859,Consultation,2024-04-07,1612.44
T107860,A107860,Surgery,2024-03-03,79941.04
T107861,A107861,Physiotherapy,2024-08-19,1908.62
T107862,A107862,Diagnostic Test,2025-10-07,4478.3
T107863,A107863,Medication,2025-01-20,3166.6
T107864,A107864,Diagnostic Test,2024-06-09,1134.42
T107865,A107865,Physiotherapy,2025-04-18,1685.9
T107866,A107866,Medication,2025-08-19,4040.13
T107867,A107867,Diagnostic Test,2024-07-28,2262.15
T107868,A107868,Medication,2024-06-23,6996.24
T107869,A107869,Consultation,2024-03-24,1578.66
T107870,A107870,Physiotherapy,2024-01-21,6249.59
T107871,A107871,Radiology,2025-12-09,1368.61
T107872,A107872,Consultation,2024-10-19,954.55
T107873,A107873,Physiotherapy,2024-12-28,2735.64
T107874,A107874,Medication,2024-10-05,755.74
T107875,A107875,Diagnostic Test,2025-02-01,1401.7
T107876,A107876,Consultation,2024-05-24,2036.45
T107877,A107877,Emergency Care,2025-11-10,20562.57
T107878,A107878,Medication,2025-06-01,7233.13
T107879,A107879,Surgery,2024-09-08,74949.66
T107880,A107880,Radiology,2025-10-23,6716.51
T107881,A107881,Surgery,2025-06-24,99127.96
T107882,A107882,Radiology,2024-08-24,8616.77
T107883,A107883,Medication,2024-05-12,4266.52
T107884,A107884,Diagnostic Test,2024-11-03,2790.19
T107885,A107885,Diagnostic Test,2024-12-25,4947.89
T107886,A107886,Consultation,2024-10-12,1158.16
T107887,A107887,Surgery,2024-10-22,113983.74
T107888,A107888,Emergency Care,2024-06-14,21441.29
T107889,A107889,Medication,2025-02-23,5458.21
T107890,A107890,Medication,2025-04-14,6310.49
T107891,A107891,Chemotherapy,2025-10-03,31872.89
T107892,A107892,Consultation,2025-07-26,1189.38
T107893,A107893,Radiology,2025-05-21,3311.82
T107894,A107894,Physiotherapy,2025-10-20,3119.35
T107895,A107895,Medication,2025-04-22,5076.75
T107896,A107896,Surgery,2024-12-27,108846.38
T107897,A107897,Consultation,2024-11-08,1409.55
T107898,A107898,Medication,2025-09-26,6881.13
T107899,A107899,Medication,2025-12-04,1335.47
T107900,A107900,Diagnostic Test,2024-09-03,2613.81
T107901,A107901,Diagnostic Test,2025-04-21,2852.47
T107902,A107902,Diagnostic Test,2025-09-09,3265.59
T107903,A107903,Surgery,2025-03-13,63493.06
T107904,A107904,Physiotherapy,2024-09-06,5626.03
T107905,A107905,Medication,2024-01-25,10245.61
T107906,A107906,Consultation,2025-04-23,1874.23
T107907,A107907,Chemotherapy,2025-07-28,29368.01
T107908,A107908,Surgery,2025-05-26,96140.25
T107909,A107909,Chemotherapy,2024-12-01,44222.84
T107910,A107910,Medication,2025-10-08,8378.52
T107911,A107911,Medication,2024-12-09,9505.92
T107912,A107912,Diagnostic Test,2024-12-06,1109.86
T107913,A107913,Emergency Care,2025-04-27,10958.67
T107914,A107914,Emergency Care,2024-02-12,6700.54
T107915,A107915,Diagnostic Test,2024-03-15,4748.89
T107916,A107916,Radiology,2024-01-24,6186.82
T107917,A107917,Diagnostic Test,2024-08-09,5942.29
T107918,A107918,Medication,2024-03-19,8240.06
T107919,A107919,Physiotherapy,2024-08-24,1534.95
T107920,A107920,Emergency Care,2024-06-07,9338.31
T107921,A107921,Diagnostic Test,2024-11-24,5589.79
T107922,A107922,Physiotherapy,2024-04-25,7869.5
T107923,A107923,Diagnostic Test,2025-08-31,1728.75
T107924,A107924,Consultation,2025-10-04,1639.87
T107925,A107925,Diagnostic Test,2025-09-15,2535.07
T107926,A107926,Radiology,2025-08-11,3045.04
T107927,A107927,Emergency Care,2024-10-02,11098.73
T107928,A107928,Consultation,2025-01-15,1527.94
T107929,A107929,Consultation,2024-01-23,1933.57
T107930,A107930,Diagnostic Test,2025-11-04,3264.37
T107931,A107931,Surgery,2024-07-29,102153.93
T107932,A107932,Emergency Care,2025-08-30,23730.54
T107933,A107933,Consultation,2025-08-19,1450.54
T107934,A107934,Radiology,2025-09-08,5609.95
T107935,A107935,Medication,2024-06-11,8808.77
T107936,A107936,Diagnostic Test,2025-07-26,5044.17
T107937,A107937,Consultation,2024-02-10,1174.89
T107938,A107938,Consultation,2024-04-30,1918.57
T107939,A107939,Diagnostic Test,2025-01-24,5005.26
T107940,A107940,Emergency Care,2025-11-12,19283.64
T107941,A107941,Radiology,2025-01-11,7341.5
T107942,A107942,Emergency Care,2025-01-12,23771.99
T107943,A107943,Consultation,2025-08-05,2067.6
T107944,A107944,Medication,2025-08-17,6023.05
T107945,A107945,Emergency Care,2024-02-13,22126.24
T107946,A107946,Physiotherapy,2025-09-03,4058.84
T107947,A107947,Consultation,2025-04-15,2155.02
T107948,A107948,Consultation,2025-04-05,1862.05
T107949,A107949,Surgery,2024-05-10,78585.85
T107950,A107950,Surgery,2024-01-31,92568.11
T107951,A107951,Chemotherapy,2025-09-21,44972.48
T107952,A107952,Radiology,2024-11-22,5896.96
T107953,A107953,Consultation,2025-05-24,2305.28
T107954,A107954,Consultation,2025-09-11,2026.92
T107955,A107955,Chemotherapy,2024-11-22,39030.77
T107956,A107956,Surgery,2024-06-11,88907.72
T107957,A107957,Consultation,2025-06-02,1384.55
T107958,A107958,Chemotherapy,2025-10-24,59975.24
T107959,A107959,Physiotherapy,2024-09-11,4285.14
T107960,A107960,Consultation,2024-09-04,1607.37
T107961,A107961,Medication,2024-12-18,4873.19
T107962,A107962,Surgery,2025-02-01,48758.1
T107963,A107963,Diagnostic Test,2025-08-07,5798.38
T107964,A107964,Medication,2024-07-23,11647.01
T107965,A107965,Surgery,2024-10-28,114532.98
T107966,A107966,Medication,2024-05-28,4076.49
T107967,A107967,Diagnostic Test,2024-08-11,3905.48
T107968,A107968,Physiotherapy,2025-11-28,2291.18
T107969,A107969,Surgery,2025-07-16,90764.55
T107970,A107970,Radiology,2024-09-21,3596.73
T107971,A107971,Medication,2024-10-22,8328.66
T107972,A107972,Diagnostic Test,2024-11-10,4441.07
T107973,A107973,Diagnostic Test,2024-10-19,5981.46
T107974,A107974,Diagnostic Test,2025-11-17,4823.16
T107975,A107975,Diagnostic Test,2024-01-31,3675.66
T107976,A107976,Consultation,2025-11-13,1634.08
T107977,A107977,Surgery,2024-02-15,20926.25
T107978,A107978,Consultation,2025-07-08,2406.73
T107979,A107979,Diagnostic Test,2024-05-15,1507.08
T107980,A107980,Surgery,2024-12-16,19314.54
T107981,A107981,Radiology,2024-08-08,4276.85
T107982,A107982,Chemotherapy,2025-03-26,21486.71
T107983,A107983,Radiology,2025-05-18,5467.18
T107984,A107984,Consultation,2024-03-28,2371.17
T107985,A107985,Physiotherapy,2024-09-09,7693.72
T107986,A107986,Radiology,2024-09-21,3716.9
T107987,A107987,Medication,2025-06-08,10941.1
T107988,A107988,Emergency Care,2024-03-21,22823.38
T107989,A107989,Chemotherapy,2025-09-15,31933.01
T107990,A107990,Chemotherapy,2025-04-08,37110.92
T107991,A107991,Emergency Care,2025-09-23,4079.98
T107992,A107992,Radiology,2024-09-08,1382.95
T107993,A107993,Physiotherapy,2024-01-18,2078.79
T107994,A107994,Physiotherapy,2024-09-12,4662.44
T107995,A107995,Diagnostic Test,2024-09-04,3093.6
T107996,A107996,Consultation,2024-06-03,821.48
T107997,A107997,Consultation,2025-08-31,989.33
T107998,A107998,Radiology,2025-05-16,4890.68
T107999,A107999,Surgery,2025-04-03,99728.95
T108000,A108000,Diagnostic Test,2025-12-01,3476.17
T108001,A108001,Medication,2025-06-27,8347.66
T108002,A108002,Consultation,2024-04-25,1573.5
T108003,A108003,Medication,2025-03-25,4739.51
T108004,A108004,Radiology,2024-12-18,9196.99
T108005,A108005,Surgery,2025-09-17,102072.17
T108006,A108006,Medication,2025-06-27,2632.55
T108007,A108007,Consultation,2024-11-19,2184.4
T108008,A108008,Physiotherapy,2025-04-06,2763.17
T108009,A108009,Medication,2024-08-16,757.57
T108010,A108010,Medication,2024-12-27,9511.88
T108011,A108011,Diagnostic Test,2025-06-15,1344.79
T108012,A108012,Emergency Care,2024-04-21,9219.06
T108013,A108013,Diagnostic Test,2024-07-31,4716.55
T108014,A108014,Emergency Care,2024-08-22,13671.77
T108015,A108015,Diagnostic Test,2024-06-08,4307.49
T108016,A108016,Chemotherapy,2025-07-27,11467.31
T108017,A108017,Medication,2024-11-21,4227.91
T108018,A108018,Consultation,2024-04-05,1403.41
T108019,A108019,Emergency Care,2024-09-05,8383.1
T108020,A108020,Diagnostic Test,2025-11-02,2563.97
T108021,A108021,Radiology,2024-05-23,4410.95
T108022,A108022,Medication,2025-02-10,11345.9
T108023,A108023,Diagnostic Test,2025-02-09,5170.15
T108024,A108024,Consultation,2025-08-24,2196.15
T108025,A108025,Diagnostic Test,2025-10-28,517.93
T108026,A108026,Medication,2025-02-19,4576.71
T108027,A108027,Medication,2025-03-15,2125.97
T108028,A108028,Diagnostic Test,2024-08-21,2184.25
T108029,A108029,Consultation,2024-07-11,1086.75
T108030,A108030,Diagnostic Test,2024-04-11,902.72
T108031,A108031,Consultation,2024-04-22,1740.5
T108032,A108032,Medication,2025-09-10,9189.3
T108033,A108033,Surgery,2025-06-21,66675.48
T108034,A108034,Surgery,2024-10-07,45128.32
T108035,A108035,Diagnostic Test,2025-12-18,1055.98
T108036,A108036,Consultation,2025-06-08,2263.07
T108037,A108037,Medication,2024-12-17,7773.59
T108038,A108038,Emergency Care,2024-11-13,6340.14
T108039,A108039,Physiotherapy,2025-12-18,3079.02
T108040,A108040,Chemotherapy,2025-05-14,49173.06
T108041,A108041,Consultation,2025-06-22,2092.79
T108042,A108042,Consultation,2025-10-16,1928.58
T108043,A108043,Radiology,2025-09-28,2020.24
T108044,A108044,Surgery,2025-03-13,82707.07
T108045,A108045,Radiology,2025-06-06,6570.93
T108046,A108046,Medication,2025-08-18,7435.68
T108047,A108047,Consultation,2025-03-22,2198.68
T108048,A108048,Surgery,2025-09-13,27446.05
T108049,A108049,Physiotherapy,2024-07-26,1184.1
T108050,A108050,Medication,2024-10-05,3003.67
T108051,A108051,Diagnostic Test,2025-05-13,1104.67
T108052,A108052,Emergency Care,2024-10-23,19795.5
T108053,A108053,Physiotherapy,2025-01-11,1548.56
T108054,A108054,Medication,2025-07-28,4551.05
T108055,A108055,Surgery,2024-07-02,109338.82
T108056,A108056,Medication,2024-02-02,10799.87
T108057,A108057,Surgery,2024-10-11,52611.78
T108058,A108058,Diagnostic Test,2025-03-08,3827.06
T108059,A108059,Surgery,2025-06-05,35674.56
T108060,A108060,Consultation,2025-11-19,931.6
T108061,A108061,Radiology,2025-04-07,7928.59
T108062,A108062,Radiology,2025-01-02,1263.94
T108063,A108063,Physiotherapy,2025-10-22,6801.9
T108064,A108064,Surgery,2024-09-10,50358.97
T108065,A108065,Diagnostic Test,2024-06-16,1227.63
T108066,A108066,Emergency Care,2025-09-08,14124.96
T108067,A108067,Radiology,2025-12-08,9758.97
T108068,A108068,Radiology,2025-06-15,7674.3
T108069,A108069,Medication,2025-08-26,9193.12
T108070,A108070,Diagnostic Test,2025-01-06,2738.61
T108071,A108071,Consultation,2025-08-23,1565.06
T108072,A108072,Consultation,2024-04-14,2234.15
T108073,A108073,Medication,2025-08-18,1283.78
T108074,A108074,Consultation,2024-05-08,893.19
T108075,A108075,Diagnostic Test,2024-02-08,4291.17
T108076,A108076,Radiology,2024-12-15,3598.74
T108077,A108077,Diagnostic Test,2024-08-03,5996.21
T108078,A108078,Diagnostic Test,2024-11-16,5968.99
T108079,A108079,Physiotherapy,2025-03-01,5499.26
T108080,A108080,Medication,2024-09-05,5715.64
T108081,A108081,Medication,2025-10-09,391.48
T108082,A108082,Consultation,2024-10-13,1823.25
T108083,A108083,Diagnostic Test,2024-08-18,991.93
T108084,A108084,Diagnostic Test,2024-11-16,5472.28
T108085,A108085,Emergency Care,2025-05-28,5522.47
T108086,A108086,Consultation,2025-06-04,968.82
T108087,A108087,Radiology,2024-08-12,7536.57
T108088,A108088,Consultation,2025-05-20,1059.93
T108089,A108089,Emergency Care,2024-04-17,15893.86
T108090,A108090,Consultation,2025-12-02,2152.61
T108091,A108091,Diagnostic Test,2025-08-29,512.36
T108092,A108092,Radiology,2025-12-09,2541.1
T108093,A108093,Diagnostic Test,2024-11-28,1479.49
T108094,A108094,Physiotherapy,2024-01-08,4878.44
T108095,A108095,Medication,2025-04-15,9641.08
T108096,A108096,Physiotherapy,2025-05-30,7022.37
T108097,A108097,Radiology,2024-06-13,1752.69
T108098,A108098,Diagnostic Test,2025-10-15,3296.61
T108099,A108099,Chemotherapy,2025-06-14,53482.34
T108100,A108100,Emergency Care,2024-03-22,4564.66
T108101,A108101,Physiotherapy,2025-04-27,1181.53
T108102,A108102,Medication,2025-05-31,850.08
T108103,A108103,Emergency Care,2025-10-01,23491.54
T108104,A108104,Consultation,2024-07-05,1478.64
T108105,A108105,Surgery,2024-05-27,21325.81
T108106,A108106,Diagnostic Test,2024-06-03,5978.15
T108107,A108107,Consultation,2024-12-29,2422.36
T108108,A108108,Chemotherapy,2024-04-05,30893.5
T108109,A108109,Diagnostic Test,2024-02-01,1067.61
T108110,A108110,Consultation,2025-06-25,2063.85
T108111,A108111,Surgery,2025-10-13,21296.58
T108112,A108112,Diagnostic Test,2025-08-27,3952.51
T108113,A108113,Consultation,2024-02-20,2094.77
T108114,A108114,Medication,2024-09-15,2786.27
T108115,A108115,Consultation,2025-06-02,2403.82
T108116,A108116,Diagnostic Test,2025-06-27,5976.83
T108117,A108117,Physiotherapy,2025-02-14,3511.59
T108118,A108118,Diagnostic Test,2024-06-04,5800.2
T108119,A108119,Physiotherapy,2025-07-01,2621.67
T108120,A108120,Diagnostic Test,2025-03-18,4911.29
T108121,A108121,Medication,2024-08-25,8968.0
T108122,A108122,Consultation,2025-10-14,870.27
T108123,A108123,Consultation,2025-01-05,1240.7
T108124,A108124,Medication,2024-02-27,4800.5
T108125,A108125,Radiology,2024-06-24,1328.74
T108126,A108126,Physiotherapy,2024-08-03,7632.9
T108127,A108127,Radiology,2024-01-27,3071.0
T108128,A108128,Medication,2024-05-01,11124.95
T108129,A108129,Physiotherapy,2024-05-29,4079.36
T108130,A108130,Consultation,2024-09-21,1016.58
T108131,A108131,Radiology,2025-02-08,4968.48
T108132,A108132,Diagnostic Test,2024-09-14,3872.04
T108133,A108133,Chemotherapy,2024-07-08,33732.55
T108134,A108134,Medication,2025-05-14,4018.92
T108135,A108135,Consultation,2025-12-13,2184.57
T108136,A108136,Surgery,2024-08-27,115373.04
T108137,A108137,Radiology,2024-11-22,2038.29
T108138,A108138,Diagnostic Test,2024-03-10,3521.43
T108139,A108139,Consultation,2025-12-08,1341.17
T108140,A108140,Consultation,2024-01-27,2069.52
T108141,A108141,Physiotherapy,2025-08-06,5443.72
T108142,A108142,Diagnostic Test,2024-06-07,652.26
T108143,A108143,Consultation,2025-10-20,1879.75
T108144,A108144,Medication,2024-08-09,8774.65
T108145,A108145,Consultation,2025-07-16,2110.08
T108146,A108146,Physiotherapy,2025-01-15,7236.63
T108147,A108147,Medication,2024-07-15,11360.26
T108148,A108148,Diagnostic Test,2024-02-09,1967.55
T108149,A108149,Chemotherapy,2025-08-22,43072.39
T108150,A108150,Medication,2024-12-09,6815.97
T108151,A108151,Consultation,2025-05-20,2196.3
T108152,A108152,Physiotherapy,2025-03-27,1266.66
T108153,A108153,Diagnostic Test,2024-12-03,2753.33
T108154,A108154,Radiology,2024-01-04,4214.91
T108155,A108155,Surgery,2025-06-03,83550.68
T108156,A108156,Consultation,2025-05-12,1510.6
T108157,A108157,Medication,2024-08-13,4905.85
T108158,A108158,Diagnostic Test,2024-05-29,2565.18
T108159,A108159,Emergency Care,2024-08-28,21166.87
T108160,A108160,Radiology,2025-10-22,5453.66
T108161,A108161,Diagnostic Test,2024-04-14,2697.29
T108162,A108162,Consultation,2024-06-23,2271.86
T108163,A108163,Medication,2025-04-06,321.14
T108164,A108164,Physiotherapy,2024-02-03,3231.3
T108165,A108165,Physiotherapy,2025-11-16,5716.89
T108166,A108166,Diagnostic Test,2025-06-03,1074.93
T108167,A108167,Consultation,2025-03-15,1785.2
T108168,A108168,Medication,2024-10-14,5555.58
T108169,A108169,Medication,2024-08-14,8128.1
T108170,A108170,Emergency Care,2025-07-18,14677.25
T108171,A108171,Medication,2024-09-13,2578.4
T108172,A108172,Consultation,2024-03-02,1025.65
T108173,A108173,Diagnostic Test,2024-09-03,2185.56
T108174,A108174,Medication,2025-06-03,11328.95
T108175,A108175,Radiology,2024-08-01,3048.55
T108176,A108176,Medication,2025-08-12,5696.55
T108177,A108177,Radiology,2025-12-01,9560.94
T108178,A108178,Consultation,2024-08-03,1143.43
T108179,A108179,Surgery,2025-02-06,40680.49
T108180,A108180,Medication,2024-10-12,5894.77
T108181,A108181,Consultation,2025-07-29,978.57
T108182,A108182,Physiotherapy,2025-07-27,1560.85
T108183,A108183,Radiology,2024-08-02,3862.08
T108184,A108184,Diagnostic Test,2025-01-17,1286.22
T108185,A108185,Emergency Care,2024-02-16,12386.29
T108186,A108186,Physiotherapy,2024-06-20,1759.04
T108187,A108187,Radiology,2024-08-09,6369.35
T108188,A108188,Physiotherapy,2025-01-22,4448.43
T108189,A108189,Radiology,2024-04-05,6414.16
T108190,A108190,Emergency Care,2024-02-15,22819.16
T108191,A108191,Radiology,2024-08-17,4237.88
T108192,A108192,Surgery,2025-07-29,43181.02
T108193,A108193,Medication,2024-11-15,7018.59
T108194,A108194,Medication,2025-12-31,3189.95
T108195,A108195,Medication,2024-11-30,1078.34
T108196,A108196,Radiology,2025-08-26,1717.01
T108197,A108197,Surgery,2025-09-15,21955.2
T108198,A108198,Diagnostic Test,2025-12-21,1805.88
T108199,A108199,Consultation,2025-04-12,2040.65
T108200,A108200,Consultation,2025-12-18,1061.74
T108201,A108201,Diagnostic Test,2024-10-24,1917.73
T108202,A108202,Consultation,2025-06-30,2261.67
T108203,A108203,Consultation,2025-05-06,1542.67
T108204,A108204,Physiotherapy,2024-08-05,1289.22
T108205,A108205,Radiology,2025-06-10,3377.17
T108206,A108206,Diagnostic Test,2024-01-02,2155.83
T108207,A108207,Emergency Care,2025-10-23,7072.88
T108208,A108208,Medication,2025-10-16,11613.12
T108209,A108209,Consultation,2024-07-26,1491.07
T108210,A108210,Diagnostic Test,2024-12-07,2675.83
T108211,A108211,Medication,2025-12-04,11738.53
T108212,A108212,Emergency Care,2025-02-10,15076.71
T108213,A108213,Physiotherapy,2024-11-01,1577.61
T108214,A108214,Consultation,2025-05-22,1553.94
T108215,A108215,Physiotherapy,2025-04-13,5580.42
T108216,A108216,Physiotherapy,2025-12-17,4991.51
T108217,A108217,Chemotherapy,2025-07-11,52258.71
T108218,A108218,Consultation,2025-05-10,2436.82
T108219,A108219,Radiology,2024-09-19,1716.95
T108220,A108220,Chemotherapy,2025-07-31,22763.89
T108221,A108221,Radiology,2025-10-25,9117.31
T108222,A108222,Surgery,2025-08-07,106570.65
T108223,A108223,Physiotherapy,2024-12-29,1112.78
T108224,A108224,Radiology,2025-05-30,6283.24
T108225,A108225,Emergency Care,2025-06-26,10029.37
T108226,A108226,Diagnostic Test,2025-07-28,3418.01
T108227,A108227,Diagnostic Test,2025-09-06,1709.87
T108228,A108228,Physiotherapy,2025-03-30,5940.24
T108229,A108229,Consultation,2024-05-26,1363.31
T108230,A108230,Medication,2024-07-11,7812.47
T108231,A108231,Chemotherapy,2024-12-19,13765.67
T108232,A108232,Diagnostic Test,2024-10-26,5795.9
T108233,A108233,Surgery,2025-04-07,41602.27
T108234,A108234,Radiology,2025-03-02,4787.58
T108235,A108235,Medication,2025-12-17,4756.83
T108236,A108236,Consultation,2024-02-03,1813.14
T108237,A108237,Consultation,2024-11-27,980.36
T108238,A108238,Medication,2025-02-15,4205.41
T108239,A108239,Consultation,2024-02-23,2297.19
T108240,A108240,Diagnostic Test,2025-01-21,2687.7
T108241,A108241,Medication,2024-09-01,3079.98
T108242,A108242,Consultation,2025-11-19,2335.24
T108243,A108243,Chemotherapy,2025-09-05,39202.88
T108244,A108244,Emergency Care,2025-02-23,12159.61
T108245,A108245,Surgery,2025-04-22,113500.46
T108246,A108246,Consultation,2025-01-26,1986.95
T108247,A108247,Diagnostic Test,2025-01-25,4182.65
T108248,A108248,Physiotherapy,2025-07-29,3293.05
T108249,A108249,Consultation,2025-12-02,1751.55
T108250,A108250,Radiology,2025-04-14,5332.42
T108251,A108251,Radiology,2025-02-11,4712.52
T108252,A108252,Surgery,2025-06-05,15689.53
T108253,A108253,Radiology,2024-07-08,3787.26
T108254,A108254,Consultation,2025-08-19,2465.01
T108255,A108255,Emergency Care,2024-12-18,20167.15
T108256,A108256,Medication,2024-10-10,7494.62
T108257,A108257,Emergency Care,2025-09-30,12170.66
T108258,A108258,Medication,2024-06-05,1199.9
T108259,A108259,Physiotherapy,2025-08-21,5266.17
T108260,A108260,Radiology,2024-05-28,3596.82
T108261,A108261,Radiology,2024-03-11,6270.13
T108262,A108262,Physiotherapy,2025-01-04,7628.92
T108263,A108263,Consultation,2025-08-12,2136.18
T108264,A108264,Surgery,2025-09-19,115858.5
T108265,A108265,Medication,2025-05-29,10101.33
T108266,A108266,Physiotherapy,2024-08-22,1613.36
T108267,A108267,Surgery,2025-11-11,25173.0
T108268,A108268,Medication,2025-09-05,8222.95
T108269,A108269,Surgery,2025-09-27,83920.34
T108270,A108270,Physiotherapy,2025-04-14,3659.25
T108271,A108271,Consultation,2025-07-12,891.15
T108272,A108272,Physiotherapy,2024-10-16,5996.39
T108273,A108273,Radiology,2025-09-12,2123.37
T108274,A108274,Consultation,2024-10-21,1880.2
T108275,A108275,Medication,2025-04-27,862.75
T108276,A108276,Diagnostic Test,2024-05-16,1500.39
T108277,A108277,Surgery,2024-01-11,73434.12
T108278,A108278,Physiotherapy,2024-01-28,5180.99
T108279,A108279,Radiology,2025-06-04,7113.82
T108280,A108280,Surgery,2024-11-05,26625.6
T108281,A108281,Consultation,2025-10-07,1555.81
T108282,A108282,Medication,2025-06-26,1865.9
T108283,A108283,Diagnostic Test,2025-09-21,5649.89
T108284,A108284,Consultation,2025-05-11,2218.39
T108285,A108285,Diagnostic Test,2024-02-03,3606.22
T108286,A108286,Medication,2024-01-07,5339.59
T108287,A108287,Chemotherapy,2024-02-12,26238.55
T108288,A108288,Diagnostic Test,2024-11-28,4821.56
T108289,A108289,Radiology,2024-03-05,5685.96
T108290,A108290,Chemotherapy,2024-03-29,10606.63
T108291,A108291,Consultation,2025-12-28,1769.58
T108292,A108292,Consultation,2024-04-27,2256.96
T108293,A108293,Emergency Care,2025-08-01,16343.96
T108294,A108294,Consultation,2024-10-25,919.9
T108295,A108295,Consultation,2025-01-16,1803.75
T108296,A108296,Surgery,2025-11-15,93737.8
T108297,A108297,Diagnostic Test,2025-09-20,4561.78
T108298,A108298,Emergency Care,2024-11-19,14914.68
T108299,A108299,Radiology,2025-09-21,7826.01
T108300,A108300,Physiotherapy,2025-01-30,1825.17
T108301,A108301,Consultation,2024-12-23,1244.59
T108302,A108302,Diagnostic Test,2025-07-17,1748.7
T108303,A108303,Consultation,2025-02-24,1392.71
T108304,A108304,Diagnostic Test,2025-04-24,4001.93
T108305,A108305,Emergency Care,2024-12-01,14307.72
T108306,A108306,Surgery,2025-08-15,64038.66
T108307,A108307,Chemotherapy,2024-01-22,38191.27
T108308,A108308,Surgery,2025-02-17,57085.82
T108309,A108309,Physiotherapy,2025-07-03,7753.45
T108310,A108310,Emergency Care,2024-09-15,3293.51
T108311,A108311,Medication,2025-08-29,3908.93
T108312,A108312,Diagnostic Test,2025-12-01,5920.66
T108313,A108313,Surgery,2024-12-24,111994.1
T108314,A108314,Surgery,2024-07-20,102494.81
T108315,A108315,Radiology,2025-02-16,2564.31
T108316,A108316,Diagnostic Test,2024-10-16,4937.24
T108317,A108317,Consultation,2024-02-20,956.78
T108318,A108318,Physiotherapy,2025-07-14,1546.13
T108319,A108319,Radiology,2025-01-05,1912.57
T108320,A108320,Medication,2024-08-19,7114.26
T108321,A108321,Consultation,2024-04-05,1972.87
T108322,A108322,Consultation,2024-10-30,1235.3
T108323,A108323,Chemotherapy,2024-08-06,42649.66
T108324,A108324,Consultation,2025-07-08,1578.86
T108325,A108325,Medication,2025-01-24,11690.44
T108326,A108326,Diagnostic Test,2025-12-16,2392.71
T108327,A108327,Diagnostic Test,2025-09-20,4257.55
T108328,A108328,Consultation,2024-04-03,1017.45
T108329,A108329,Diagnostic Test,2024-03-01,823.1
T108330,A108330,Physiotherapy,2025-03-12,5381.53
T108331,A108331,Medication,2025-06-08,3266.69
T108332,A108332,Consultation,2025-04-28,2355.35
T108333,A108333,Physiotherapy,2025-01-04,1110.25
T108334,A108334,Diagnostic Test,2025-02-11,5678.69
T108335,A108335,Diagnostic Test,2025-06-03,612.56
T108336,A108336,Radiology,2024-11-29,6898.73
T108337,A108337,Medication,2025-11-30,10175.25
T108338,A108338,Physiotherapy,2024-08-24,4009.67
T108339,A108339,Diagnostic Test,2025-02-17,4130.51
T108340,A108340,Physiotherapy,2024-07-02,3056.04
T108341,A108341,Diagnostic Test,2024-10-16,3056.04
T108342,A108342,Physiotherapy,2024-05-04,2211.67
T108343,A108343,Diagnostic Test,2024-06-07,1759.14
T108344,A108344,Medication,2024-11-21,10763.21
T108345,A108345,Surgery,2024-01-16,89575.64
T108346,A108346,Consultation,2025-07-22,2231.51
T108347,A108347,Medication,2025-07-11,5069.07
T108348,A108348,Consultation,2025-09-12,1016.94
T108349,A108349,Physiotherapy,2025-11-08,7388.98
T108350,A108350,Emergency Care,2025-09-12,24248.77
T108351,A108351,Chemotherapy,2025-07-17,52598.83
T108352,A108352,Emergency Care,2024-07-23,15386.79
T108353,A108353,Surgery,2024-10-30,67615.72
T108354,A108354,Radiology,2024-02-14,9074.75
T108355,A108355,Consultation,2025-08-20,1500.04
T108356,A108356,Consultation,2025-12-29,1797.88
T108357,A108357,Consultation,2025-11-02,1504.16
T108358,A108358,Surgery,2025-05-22,23246.4
T108359,A108359,Consultation,2025-09-30,2306.4
T108360,A108360,Surgery,2024-07-09,90829.98
T108361,A108361,Diagnostic Test,2024-03-02,3053.51
T108362,A108362,Diagnostic Test,2025-04-11,1392.94
T108363,A108363,Emergency Care,2025-01-13,6893.46
T108364,A108364,Medication,2025-03-06,8069.5
T108365,A108365,Physiotherapy,2024-03-03,7560.3
T108366,A108366,Surgery,2024-10-29,59993.67
T108367,A108367,Consultation,2025-09-30,1556.11
T108368,A108368,Physiotherapy,2024-06-23,5799.73
T108369,A108369,Surgery,2025-05-21,104780.37
T108370,A108370,Radiology,2024-03-06,8273.08
T108371,A108371,Consultation,2024-01-19,2014.94
T108372,A108372,Surgery,2025-11-23,42204.95
T108373,A108373,Consultation,2024-04-13,1091.73
T108374,A108374,Physiotherapy,2024-06-24,1050.31
T108375,A108375,Diagnostic Test,2024-07-11,5832.58
T108376,A108376,Surgery,2024-09-30,60523.47
T108377,A108377,Diagnostic Test,2025-04-12,1593.98
T108378,A108378,Radiology,2024-06-25,2277.34
T108379,A108379,Medication,2024-08-23,2049.51
T108380,A108380,Physiotherapy,2024-08-03,3346.01
T108381,A108381,Physiotherapy,2025-05-05,7010.35
T108382,A108382,Physiotherapy,2025-02-22,7792.07
T108383,A108383,Emergency Care,2025-06-17,14157.85
T108384,A108384,Physiotherapy,2025-03-29,3229.24
T108385,A108385,Physiotherapy,2024-10-07,2228.23
T108386,A108386,Radiology,2024-08-31,3729.29
T108387,A108387,Consultation,2025-11-05,1852.36
T108388,A108388,Consultation,2024-05-26,2406.94
T108389,A108389,Diagnostic Test,2024-03-09,3201.16
T108390,A108390,Consultation,2024-04-13,1037.69
T108391,A108391,Consultation,2024-11-06,2408.51
T108392,A108392,Medication,2025-09-29,11565.48
T108393,A108393,Consultation,2024-04-26,2321.77
T108394,A108394,Emergency Care,2025-04-17,21901.51
T108395,A108395,Consultation,2024-11-17,2121.62
T108396,A108396,Consultation,2025-03-11,1014.47
T108397,A108397,Medication,2025-01-05,4128.45
T108398,A108398,Consultation,2025-12-02,2082.06
T108399,A108399,Physiotherapy,2024-07-08,7063.82
T108400,A108400,Radiology,2025-08-12,3201.56
T108401,A108401,Surgery,2025-04-16,80193.56
T108402,A108402,Diagnostic Test,2025-10-22,824.7
T108403,A108403,Physiotherapy,2025-12-10,6991.42
T108404,A108404,Radiology,2025-04-18,4257.61
T108405,A108405,Diagnostic Test,2025-07-11,1581.31
T108406,A108406,Radiology,2025-03-29,8571.24
T108407,A108407,Radiology,2025-03-22,2700.68
T108408,A108408,Medication,2025-11-13,5690.06
T108409,A108409,Surgery,2024-04-04,25034.36
T108410,A108410,Consultation,2024-02-08,1556.49
T108411,A108411,Consultation,2025-04-29,2371.05
T108412,A108412,Physiotherapy,2024-04-22,5855.31
T108413,A108413,Medication,2025-02-15,11817.0
T108414,A108414,Medication,2024-06-17,5541.87
T108415,A108415,Consultation,2025-07-20,2311.66
T108416,A108416,Consultation,2025-01-31,2349.14
T108417,A108417,Emergency Care,2024-05-08,4989.89
T108418,A108418,Physiotherapy,2024-02-14,7853.23
T108419,A108419,Surgery,2024-02-11,108681.05
T108420,A108420,Physiotherapy,2025-07-15,5384.8
T108421,A108421,Diagnostic Test,2025-05-01,3450.35
T108422,A108422,Surgery,2025-11-02,55443.76
T108423,A108423,Surgery,2025-02-04,76558.44
T108424,A108424,Consultation,2024-07-03,2052.25
T108425,A108425,Emergency Care,2024-07-02,18588.74
T108426,A108426,Surgery,2025-11-08,46532.6
T108427,A108427,Emergency Care,2025-12-18,17777.66
T108428,A108428,Physiotherapy,2025-04-08,1032.57
T108429,A108429,Emergency Care,2024-02-19,6736.47
T108430,A108430,Consultation,2025-02-11,1058.18
T108431,A108431,Emergency Care,2025-02-07,19302.52
T108432,A108432,Surgery,2024-05-28,109182.45
T108433,A108433,Consultation,2024-10-25,946.78
T108434,A108434,Physiotherapy,2024-05-24,7382.82
T108435,A108435,Radiology,2024-01-18,3898.21
T108436,A108436,Physiotherapy,2024-03-27,5358.74
T108437,A108437,Medication,2024-08-06,2218.0
T108438,A108438,Radiology,2025-04-26,4744.6
T108439,A108439,Physiotherapy,2024-02-21,4233.67
T108440,A108440,Medication,2025-07-01,4682.51
T108441,A108441,Diagnostic Test,2024-04-17,5021.72
T108442,A108442,Chemotherapy,2024-08-06,39179.17
T108443,A108443,Physiotherapy,2024-12-05,4472.95
T108444,A108444,Chemotherapy,2025-01-06,49198.43
T108445,A108445,Medication,2024-09-13,8599.45
T108446,A108446,Radiology,2025-02-11,2122.76
T108447,A108447,Chemotherapy,2025-08-05,35892.21
T108448,A108448,Medication,2025-12-02,9635.3
T108449,A108449,Physiotherapy,2025-09-30,5466.04
T108450,A108450,Medication,2024-01-30,8640.15
T108451,A108451,Physiotherapy,2024-07-04,5013.38
T108452,A108452,Medication,2024-10-18,11158.1
T108453,A108453,Radiology,2024-12-25,5727.33
T108454,A108454,Radiology,2025-04-18,6160.91
T108455,A108455,Consultation,2025-07-18,2294.64
T108456,A108456,Diagnostic Test,2025-02-03,3881.16
T108457,A108457,Consultation,2025-11-19,1543.9
T108458,A108458,Diagnostic Test,2024-05-15,1894.64
T108459,A108459,Surgery,2025-05-17,116377.08
T108460,A108460,Physiotherapy,2025-05-17,6397.13
T108461,A108461,Diagnostic Test,2024-03-19,955.29
T108462,A108462,Physiotherapy,2024-12-17,1877.19
T108463,A108463,Chemotherapy,2024-03-03,20267.92
T108464,A108464,Surgery,2025-03-30,39881.17
T108465,A108465,Physiotherapy,2025-04-10,5515.56
T108466,A108466,Radiology,2024-11-08,5890.33
T108467,A108467,Physiotherapy,2024-04-03,2650.67
T108468,A108468,Consultation,2024-10-25,1054.32
T108469,A108469,Consultation,2024-11-23,1976.05
T108470,A108470,Consultation,2024-10-09,889.37
T108471,A108471,Diagnostic Test,2025-12-11,1705.84
T108472,A108472,Consultation,2024-04-30,1302.73
T108473,A108473,Medication,2025-11-28,2421.08
T108474,A108474,Consultation,2025-07-20,1775.95
T108475,A108475,Surgery,2024-09-27,90297.73
T108476,A108476,Medication,2025-06-02,5066.24
T108477,A108477,Physiotherapy,2024-04-13,2166.36
T108478,A108478,Diagnostic Test,2025-01-22,2707.69
T108479,A108479,Chemotherapy,2024-10-13,33294.3
T108480,A108480,Medication,2024-02-23,10593.12
T108481,A108481,Physiotherapy,2025-12-31,4721.07
T108482,A108482,Diagnostic Test,2024-08-30,814.79
T108483,A108483,Diagnostic Test,2024-08-01,5880.01
T108484,A108484,Medication,2025-09-08,2508.33
T108485,A108485,Chemotherapy,2024-12-28,36418.66
T108486,A108486,Physiotherapy,2024-12-31,3389.6
T108487,A108487,Physiotherapy,2025-12-02,5887.16
T108488,A108488,Medication,2024-11-24,2532.67
T108489,A108489,Consultation,2025-04-21,1671.15
T108490,A108490,Chemotherapy,2025-09-04,35710.23
T108491,A108491,Diagnostic Test,2024-04-09,4080.79
T108492,A108492,Surgery,2024-11-24,76114.02
T108493,A108493,Consultation,2024-03-13,1014.08
T108494,A108494,Radiology,2024-09-13,7309.37
T108495,A108495,Consultation,2024-06-21,1587.19
T108496,A108496,Physiotherapy,2024-11-29,2312.43
T108497,A108497,Consultation,2024-06-07,1480.19
T108498,A108498,Emergency Care,2025-02-24,11125.37
T108499,A108499,Consultation,2025-04-05,1553.82
T108500,A108500,Chemotherapy,2024-04-08,54732.42
T108501,A108501,Diagnostic Test,2024-09-01,5293.62
T108502,A108502,Physiotherapy,2025-04-21,1168.37
T108503,A108503,Medication,2025-03-18,6302.87
T108504,A108504,Radiology,2024-07-14,1845.61
T108505,A108505,Surgery,2025-01-09,18816.93
T108506,A108506,Medication,2025-10-25,2771.42
T108507,A108507,Surgery,2025-01-04,116387.18
T108508,A108508,Physiotherapy,2024-06-05,7516.15
T108509,A108509,Diagnostic Test,2025-05-16,4422.94
T108510,A108510,Physiotherapy,2025-06-18,3160.62
T108511,A108511,Physiotherapy,2025-04-04,2479.74
T108512,A108512,Consultation,2025-09-20,1091.31
T108513,A108513,Diagnostic Test,2024-04-24,617.74
T108514,A108514,Consultation,2025-12-24,1548.61
T108515,A108515,Consultation,2024-01-27,1830.66
T108516,A108516,Consultation,2024-10-12,1810.25
T108517,A108517,Physiotherapy,2024-10-21,5910.88
T108518,A108518,Emergency Care,2024-12-30,14234.38
T108519,A108519,Medication,2025-02-05,6544.17
T108520,A108520,Diagnostic Test,2025-07-24,5776.63
T108521,A108521,Radiology,2024-09-23,6167.92
T108522,A108522,Medication,2024-02-24,10524.33
T108523,A108523,Consultation,2025-09-14,1011.68
T108524,A108524,Chemotherapy,2025-12-17,51315.21
T108525,A108525,Consultation,2025-12-15,1970.4
T108526,A108526,Emergency Care,2025-02-28,3127.25
T108527,A108527,Diagnostic Test,2025-04-18,1657.77
T108528,A108528,Physiotherapy,2025-12-31,2507.01
T108529,A108529,Emergency Care,2024-09-01,11740.88
T108530,A108530,Medication,2024-12-19,4881.91
T108531,A108531,Emergency Care,2025-01-24,10683.48
T108532,A108532,Consultation,2024-06-29,1538.73
T108533,A108533,Consultation,2025-04-22,2205.99
T108534,A108534,Physiotherapy,2025-07-29,1353.61
T108535,A108535,Consultation,2025-02-10,2240.53
T108536,A108536,Medication,2024-02-05,11046.89
T108537,A108537,Radiology,2024-12-24,2665.33
T108538,A108538,Radiology,2025-07-11,4422.19
T108539,A108539,Medication,2025-08-31,7918.28
T108540,A108540,Surgery,2024-11-25,117749.93
T108541,A108541,Consultation,2024-02-13,2272.49
T108542,A108542,Physiotherapy,2024-11-16,6186.5
T108543,A108543,Physiotherapy,2025-10-20,7575.59
T108544,A108544,Surgery,2025-04-16,118150.69
T108545,A108545,Medication,2024-09-28,10808.11
T108546,A108546,Diagnostic Test,2025-06-10,1524.85
T108547,A108547,Surgery,2024-01-26,89956.69
T108548,A108548,Medication,2025-10-02,4971.42
T108549,A108549,Physiotherapy,2025-07-06,6721.54
T108550,A108550,Consultation,2024-06-05,894.39
T108551,A108551,Medication,2024-07-06,9999.76
T108552,A108552,Consultation,2024-06-25,1300.57
T108553,A108553,Chemotherapy,2025-01-29,48534.92
T108554,A108554,Physiotherapy,2024-07-07,2177.48
T108555,A108555,Medication,2024-10-09,870.94
T108556,A108556,Consultation,2025-08-08,1905.07
T108557,A108557,Medication,2024-10-24,5496.28
T108558,A108558,Medication,2025-06-13,10207.59
T108559,A108559,Surgery,2024-07-09,110852.56
T108560,A108560,Diagnostic Test,2025-02-17,2733.74
T108561,A108561,Emergency Care,2025-11-16,16569.31
T108562,A108562,Diagnostic Test,2024-07-07,2037.79
T108563,A108563,Emergency Care,2025-06-30,8701.83
T108564,A108564,Consultation,2025-07-28,2260.42
T108565,A108565,Medication,2024-10-27,2001.87
T108566,A108566,Diagnostic Test,2024-11-06,2948.08
T108567,A108567,Diagnostic Test,2024-07-10,2997.33
T108568,A108568,Diagnostic Test,2025-02-17,3714.3
T108569,A108569,Medication,2025-06-24,7685.0
T108570,A108570,Surgery,2025-01-21,60417.55
T108571,A108571,Consultation,2025-07-06,1550.92
T108572,A108572,Medication,2024-07-14,7572.78
T108573,A108573,Emergency Care,2024-06-14,18451.19
T108574,A108574,Emergency Care,2024-02-22,20457.31
T108575,A108575,Radiology,2025-04-21,7218.49
T108576,A108576,Consultation,2024-06-25,812.81
T108577,A108577,Diagnostic Test,2024-07-15,1771.53
T108578,A108578,Consultation,2024-08-01,1029.47
T108579,A108579,Radiology,2025-12-02,8342.84
T108580,A108580,Consultation,2025-01-24,1617.63
T108581,A108581,Emergency Care,2024-11-06,11433.68
T108582,A108582,Surgery,2025-04-02,93744.52
T108583,A108583,Consultation,2024-11-27,930.01
T108584,A108584,Physiotherapy,2025-12-29,5926.13
T108585,A108585,Consultation,2025-05-11,1688.09
T108586,A108586,Physiotherapy,2024-11-27,3958.69
T108587,A108587,Physiotherapy,2024-01-30,5620.86
T108588,A108588,Consultation,2025-11-14,835.75
T108589,A108589,Chemotherapy,2024-05-04,15132.71
T108590,A108590,Surgery,2025-04-04,56774.73
T108591,A108591,Diagnostic Test,2025-02-22,1011.98
T108592,A108592,Physiotherapy,2024-06-09,4379.72
T108593,A108593,Emergency Care,2025-08-21,16094.09
T108594,A108594,Emergency Care,2025-05-30,17180.29
T108595,A108595,Radiology,2024-01-04,3283.26
T108596,A108596,Radiology,2025-10-06,7925.08
T108597,A108597,Medication,2024-10-31,1366.4
T108598,A108598,Medication,2024-03-19,11166.15
T108599,A108599,Medication,2025-10-22,1895.12
T108600,A108600,Emergency Care,2025-11-11,12552.06
T108601,A108601,Consultation,2024-11-11,865.47
T108602,A108602,Surgery,2024-11-25,65816.58
T108603,A108603,Diagnostic Test,2024-10-05,5596.08
T108604,A108604,Medication,2025-12-17,2809.47
T108605,A108605,Medication,2025-03-29,10903.82
T108606,A108606,Emergency Care,2025-07-20,14093.48
T108607,A108607,Diagnostic Test,2025-05-03,1093.7
T108608,A108608,Radiology,2024-04-16,7991.03
T108609,A108609,Physiotherapy,2025-07-23,4060.49
T108610,A108610,Surgery,2024-09-04,65337.74
T108611,A108611,Medication,2024-06-15,7472.22
T108612,A108612,Surgery,2025-06-13,102108.87
T108613,A108613,Emergency Care,2024-01-04,12019.55
T108614,A108614,Consultation,2024-05-19,2078.35
T108615,A108615,Medication,2024-05-30,2182.16
T108616,A108616,Surgery,2024-07-01,20036.7
T108617,A108617,Consultation,2025-05-01,880.29
T108618,A108618,Diagnostic Test,2025-12-03,730.64
T108619,A108619,Medication,2024-01-18,6456.51
T108620,A108620,Physiotherapy,2024-08-15,3731.58
T108621,A108621,Medication,2024-04-14,9494.42
T108622,A108622,Medication,2025-12-20,336.29
T108623,A108623,Physiotherapy,2025-12-01,5699.37
T108624,A108624,Consultation,2024-03-05,1436.05
T108625,A108625,Consultation,2024-11-29,1600.17
T108626,A108626,Emergency Care,2025-01-07,5969.47
T108627,A108627,Emergency Care,2024-07-25,19851.96
T108628,A108628,Radiology,2024-08-17,8855.34
T108629,A108629,Radiology,2025-08-04,1510.54
T108630,A108630,Consultation,2024-05-22,1374.66
T108631,A108631,Diagnostic Test,2025-12-18,2787.91
T108632,A108632,Surgery,2025-11-17,104895.14
T108633,A108633,Consultation,2025-12-11,2151.84
T108634,A108634,Consultation,2024-11-28,1732.69
T108635,A108635,Diagnostic Test,2025-12-12,1490.27
T108636,A108636,Emergency Care,2024-09-28,15188.99
T108637,A108637,Emergency Care,2025-12-13,12699.06
T108638,A108638,Diagnostic Test,2024-11-22,5467.26
T108639,A108639,Emergency Care,2025-06-12,8892.93
T108640,A108640,Diagnostic Test,2025-12-28,4874.53
T108641,A108641,Physiotherapy,2025-06-30,4956.75
T108642,A108642,Diagnostic Test,2024-03-12,683.07
T108643,A108643,Consultation,2024-07-31,1225.29
T108644,A108644,Emergency Care,2025-07-13,5873.48
T108645,A108645,Diagnostic Test,2025-01-18,3075.97
T108646,A108646,Consultation,2025-02-23,2146.91
T108647,A108647,Emergency Care,2025-08-22,15911.93
T108648,A108648,Physiotherapy,2024-02-17,3287.14
T108649,A108649,Surgery,2024-08-21,91312.92
T108650,A108650,Radiology,2025-08-02,6656.86
T108651,A108651,Physiotherapy,2025-04-24,1486.68
T108652,A108652,Surgery,2024-04-01,26345.58
T108653,A108653,Consultation,2026-01-01,972.18
T108654,A108654,Physiotherapy,2024-02-24,3232.29
T108655,A108655,Chemotherapy,2025-06-18,38948.82
T108656,A108656,Medication,2025-02-26,11194.7
T108657,A108657,Medication,2025-09-05,8120.52
T108658,A108658,Radiology,2025-03-21,7435.62
T108659,A108659,Emergency Care,2024-05-10,5132.52
T108660,A108660,Medication,2025-08-25,1532.69
T108661,A108661,Consultation,2025-10-12,1035.09
T108662,A108662,Consultation,2025-01-10,1790.56
T108663,A108663,Emergency Care,2025-07-07,19351.26
T108664,A108664,Radiology,2025-06-13,8163.79
T108665,A108665,Medication,2024-04-14,2762.98
T108666,A108666,Surgery,2025-01-23,90865.08
T108667,A108667,Surgery,2025-10-21,48911.45
T108668,A108668,Consultation,2024-12-03,1748.13
T108669,A108669,Chemotherapy,2024-04-28,35512.91
T108670,A108670,Diagnostic Test,2024-01-01,901.6
T108671,A108671,Medication,2025-09-22,10138.92
T108672,A108672,Medication,2025-06-23,8893.94
T108673,A108673,Radiology,2025-03-13,7156.67
T108674,A108674,Consultation,2025-05-13,1378.15
T108675,A108675,Surgery,2024-01-15,119144.75
T108676,A108676,Emergency Care,2024-10-20,4382.17
T108677,A108677,Physiotherapy,2025-05-24,3116.75
T108678,A108678,Surgery,2025-11-12,28822.56
T108679,A108679,Medication,2025-07-20,3055.58
T108680,A108680,Medication,2024-05-07,5521.22
T108681,A108681,Medication,2024-03-18,7470.46
T108682,A108682,Medication,2024-09-27,1446.69
T108683,A108683,Physiotherapy,2024-05-27,5066.97
T108684,A108684,Chemotherapy,2025-02-08,48922.65
T108685,A108685,Surgery,2025-05-13,111577.28
T108686,A108686,Emergency Care,2025-07-16,7590.2
T108687,A108687,Surgery,2024-07-20,108678.87
T108688,A108688,Physiotherapy,2025-08-08,7097.38
T108689,A108689,Diagnostic Test,2025-05-17,2049.91
T108690,A108690,Physiotherapy,2025-08-28,5812.31
T108691,A108691,Surgery,2025-02-09,87821.84
T108692,A108692,Surgery,2024-07-29,114479.89
T108693,A108693,Diagnostic Test,2024-12-07,1771.38
T108694,A108694,Consultation,2024-02-18,957.49
T108695,A108695,Diagnostic Test,2025-06-26,3577.61
T108696,A108696,Medication,2024-06-26,3308.96
T108697,A108697,Consultation,2025-05-25,1200.91
T108698,A108698,Consultation,2024-01-21,2369.32
T108699,A108699,Diagnostic Test,2025-05-10,4477.18
T108700,A108700,Consultation,2024-12-21,1938.64
T108701,A108701,Consultation,2025-07-15,2418.75
T108702,A108702,Consultation,2024-12-13,917.37
T108703,A108703,Emergency Care,2024-02-29,15916.87
T108704,A108704,Radiology,2025-11-19,5489.69
T108705,A108705,Emergency Care,2024-08-19,9647.27
T108706,A108706,Chemotherapy,2024-05-27,39331.79
T108707,A108707,Surgery,2024-10-27,99028.72
T108708,A108708,Diagnostic Test,2024-11-28,3587.6
T108709,A108709,Radiology,2024-11-30,2730.39
T108710,A108710,Chemotherapy,2025-03-11,38185.8
T108711,A108711,Physiotherapy,2025-02-05,2375.19
T108712,A108712,Medication,2025-12-02,2068.08
T108713,A108713,Medication,2024-12-03,6697.52
T108714,A108714,Surgery,2024-07-27,26137.8
T108715,A108715,Surgery,2025-02-16,54498.9
T108716,A108716,Consultation,2025-08-09,1904.82
T108717,A108717,Diagnostic Test,2025-11-25,3707.31
T108718,A108718,Consultation,2025-08-24,1622.4
T108719,A108719,Surgery,2024-09-27,40514.21
T108720,A108720,Diagnostic Test,2024-06-30,2152.19
T108721,A108721,Diagnostic Test,2025-02-21,1709.39
T108722,A108722,Emergency Care,2024-12-13,14558.65
T108723,A108723,Radiology,2025-06-02,9011.97
T108724,A108724,Consultation,2025-03-14,2232.83
T108725,A108725,Radiology,2024-01-15,8238.74
T108726,A108726,Surgery,2025-02-07,44802.81
T108727,A108727,Radiology,2025-01-16,5347.18
T108728,A108728,Physiotherapy,2025-11-23,3741.55
T108729,A108729,Medication,2025-02-27,6463.95
T108730,A108730,Physiotherapy,2024-06-30,4115.22
T108731,A108731,Emergency Care,2025-09-29,13050.99
T108732,A108732,Medication,2024-10-10,1098.84
T108733,A108733,Consultation,2025-02-22,1142.11
T108734,A108734,Medication,2024-12-24,4696.83
T108735,A108735,Consultation,2025-12-04,1197.27
T108736,A108736,Surgery,2024-01-16,106915.46
T108737,A108737,Diagnostic Test,2024-11-11,5460.43
T108738,A108738,Physiotherapy,2025-06-17,5837.0
T108739,A108739,Surgery,2024-01-16,115115.98
T108740,A108740,Medication,2025-04-09,1581.64
T108741,A108741,Chemotherapy,2025-04-10,27330.09
T108742,A108742,Surgery,2025-07-01,118371.42
T108743,A108743,Emergency Care,2025-11-27,17338.27
T108744,A108744,Consultation,2024-03-12,2423.73
T108745,A108745,Radiology,2025-02-15,3060.43
T108746,A108746,Diagnostic Test,2024-02-21,2987.66
T108747,A108747,Radiology,2024-03-06,3469.74
T108748,A108748,Medication,2025-04-11,10897.95
T108749,A108749,Medication,2024-09-28,7789.3
T108750,A108750,Medication,2025-03-15,8250.49
T108751,A108751,Diagnostic Test,2025-06-14,3822.57
T108752,A108752,Consultation,2026-01-02,2147.89
T108753,A108753,Physiotherapy,2024-09-30,4565.93
T108754,A108754,Consultation,2025-04-03,2275.17
T108755,A108755,Physiotherapy,2024-06-24,1290.68
T108756,A108756,Diagnostic Test,2025-07-23,4893.54
T108757,A108757,Surgery,2025-06-04,16856.0
T108758,A108758,Physiotherapy,2025-05-14,3310.04
T108759,A108759,Consultation,2025-06-20,1569.23
T108760,A108760,Physiotherapy,2024-03-15,4873.92
T108761,A108761,Medication,2024-06-21,10873.31
T108762,A108762,Surgery,2025-09-27,109480.04
T108763,A108763,Medication,2025-08-26,9909.38
T108764,A108764,Diagnostic Test,2024-10-20,5910.23
T108765,A108765,Diagnostic Test,2024-09-10,2140.19
T108766,A108766,Consultation,2025-02-15,2056.5
T108767,A108767,Medication,2025-01-03,1043.48
T108768,A108768,Emergency Care,2024-09-14,10028.85
T108769,A108769,Radiology,2025-06-08,4050.23
T108770,A108770,Consultation,2025-03-16,1244.17
T108771,A108771,Diagnostic Test,2024-11-30,5870.04
T108772,A108772,Physiotherapy,2025-09-21,7612.19
T108773,A108773,Consultation,2025-03-12,1468.36
T108774,A108774,Medication,2025-11-23,4645.3
T108775,A108775,Emergency Care,2025-04-08,13722.19
T108776,A108776,Diagnostic Test,2024-11-03,2851.44
T108777,A108777,Chemotherapy,2025-11-03,25100.48
T108778,A108778,Consultation,2024-04-04,1247.71
T108779,A108779,Consultation,2025-02-14,2382.05
T108780,A108780,Diagnostic Test,2024-06-16,1603.3
T108781,A108781,Medication,2024-03-28,4953.03
T108782,A108782,Radiology,2024-01-03,7285.24
T108783,A108783,Consultation,2025-01-06,2454.39
T108784,A108784,Diagnostic Test,2025-06-11,4403.14
T108785,A108785,Surgery,2025-10-04,72087.58
T108786,A108786,Diagnostic Test,2024-01-25,3049.65
T108787,A108787,Consultation,2024-04-08,1896.22
T108788,A108788,Diagnostic Test,2025-11-01,4275.32
T108789,A108789,Diagnostic Test,2025-06-06,5960.82
T108790,A108790,Medication,2024-11-19,4387.26
T108791,A108791,Consultation,2025-06-17,1161.14
T108792,A108792,Physiotherapy,2025-01-02,3976.33
T108793,A108793,Diagnostic Test,2024-07-04,1854.27
T108794,A108794,Diagnostic Test,2025-02-20,753.79
T108795,A108795,Diagnostic Test,2026-01-01,5820.13
T108796,A108796,Surgery,2024-08-04,21414.58
T108797,A108797,Chemotherapy,2025-11-03,34072.8
T108798,A108798,Physiotherapy,2024-07-31,4345.6
T108799,A108799,Consultation,2024-05-15,1115.16
T108800,A108800,Physiotherapy,2024-02-22,5042.6
T108801,A108801,Consultation,2025-11-28,2201.5
T108802,A108802,Diagnostic Test,2024-01-23,5320.01
T108803,A108803,Surgery,2024-04-16,53415.07
T108804,A108804,Medication,2025-08-28,2572.02
T108805,A108805,Surgery,2025-09-25,68231.11
T108806,A108806,Medication,2025-04-06,1724.62
T108807,A108807,Physiotherapy,2025-10-11,6951.84
T108808,A108808,Emergency Care,2025-04-26,13126.14
T108809,A108809,Chemotherapy,2024-05-02,54486.12
T108810,A108810,Medication,2025-11-05,740.77
T108811,A108811,Physiotherapy,2024-07-28,6921.39
T108812,A108812,Surgery,2024-11-14,42259.02
T108813,A108813,Emergency Care,2024-12-05,24021.01
T108814,A108814,Consultation,2024-06-03,931.16
T108815,A108815,Diagnostic Test,2024-06-04,5112.0
T108816,A108816,Diagnostic Test,2025-01-31,3436.24
T108817,A108817,Diagnostic Test,2025-05-21,1567.5
T108818,A108818,Diagnostic Test,2024-11-11,2871.6
T108819,A108819,Medication,2024-09-18,3851.17
T108820,A108820,Chemotherapy,2024-06-06,21913.85
T108821,A108821,Consultation,2024-01-15,1856.74
T108822,A108822,Radiology,2024-03-19,7143.56
T108823,A108823,Diagnostic Test,2024-12-04,1085.55
T108824,A108824,Medication,2025-02-14,8785.65
T108825,A108825,Physiotherapy,2025-01-29,4381.06
T108826,A108826,Medication,2024-08-07,6502.04
T108827,A108827,Consultation,2025-03-11,2064.32
T108828,A108828,Medication,2025-03-30,5352.22
T108829,A108829,Consultation,2025-10-17,1809.03
T108830,A108830,Consultation,2024-05-20,1672.17
T108831,A108831,Diagnostic Test,2025-05-12,1153.07
T108832,A108832,Diagnostic Test,2025-10-16,2852.37
T108833,A108833,Physiotherapy,2025-10-03,6852.98
T108834,A108834,Surgery,2025-06-13,18149.27
T108835,A108835,Medication,2025-11-08,693.13
T108836,A108836,Medication,2024-04-05,11171.76
T108837,A108837,Consultation,2024-01-28,2194.26
T108838,A108838,Diagnostic Test,2024-08-19,519.44
T108839,A108839,Surgery,2025-02-21,113127.17
T108840,A108840,Diagnostic Test,2025-04-01,2137.6
T108841,A108841,Diagnostic Test,2024-01-26,2977.66
T108842,A108842,Medication,2025-11-18,3053.85
T108843,A108843,Medication,2025-02-08,2369.41
T108844,A108844,Diagnostic Test,2025-11-06,1175.41
T108845,A108845,Physiotherapy,2025-06-26,5878.06
T108846,A108846,Chemotherapy,2024-06-14,10702.79
T108847,A108847,Consultation,2024-07-28,1461.12
T108848,A108848,Diagnostic Test,2025-09-08,2999.6
T108849,A108849,Diagnostic Test,2025-01-07,2111.05
T108850,A108850,Consultation,2025-09-12,1225.46
T108851,A108851,Medication,2024-03-10,7490.14
T108852,A108852,Diagnostic Test,2025-06-06,5055.53
T108853,A108853,Chemotherapy,2025-09-29,35281.3
T108854,A108854,Consultation,2024-12-20,2010.03
T108855,A108855,Physiotherapy,2024-04-10,6118.13
T108856,A108856,Physiotherapy,2024-01-02,7351.43
T108857,A108857,Surgery,2024-12-18,92025.0
T108858,A108858,Medication,2024-01-10,3469.68
T108859,A108859,Consultation,2024-11-15,1122.72
T108860,A108860,Consultation,2025-09-17,2343.77
T108861,A108861,Emergency Care,2025-05-26,19865.53
T108862,A108862,Consultation,2024-07-04,1863.08
T108863,A108863,Medication,2025-12-31,11394.22
T108864,A108864,Radiology,2025-04-09,7123.33
T108865,A108865,Consultation,2024-12-08,1879.96
T108866,A108866,Surgery,2025-09-28,106234.06
T108867,A108867,Diagnostic Test,2025-12-14,4835.35
T108868,A108868,Diagnostic Test,2024-01-09,2129.21
T108869,A108869,Consultation,2025-07-31,1649.05
T108870,A108870,Diagnostic Test,2024-05-15,4117.48
T108871,A108871,Consultation,2025-01-19,1200.92
T108872,A108872,Consultation,2024-07-05,1886.72
T108873,A108873,Medication,2025-10-02,8928.2
T108874,A108874,Diagnostic Test,2025-01-08,1956.06
T108875,A108875,Consultation,2025-07-15,1258.61
T108876,A108876,Chemotherapy,2024-06-16,59668.43
T108877,A108877,Surgery,2025-09-30,53405.74
T108878,A108878,Radiology,2024-11-17,1450.62
T108879,A108879,Consultation,2025-11-20,1089.04
T108880,A108880,Medication,2025-12-16,9121.65
T108881,A108881,Radiology,2024-06-07,7129.26
T108882,A108882,Physiotherapy,2026-01-01,6843.77
T108883,A108883,Radiology,2024-10-11,6992.47
T108884,A108884,Consultation,2024-01-31,1833.06
T108885,A108885,Consultation,2024-12-18,2017.33
T108886,A108886,Consultation,2024-03-25,2331.89
T108887,A108887,Medication,2025-09-15,8734.09
T108888,A108888,Emergency Care,2025-10-27,5358.31
T108889,A108889,Surgery,2025-01-05,98554.09
T108890,A108890,Emergency Care,2025-06-26,24626.98
T108891,A108891,Chemotherapy,2025-01-30,10140.43
T108892,A108892,Radiology,2025-04-26,5527.35
T108893,A108893,Surgery,2024-08-03,18814.56
T108894,A108894,Diagnostic Test,2025-09-07,5753.34
T108895,A108895,Consultation,2024-12-25,2429.45
T108896,A108896,Surgery,2024-08-02,81147.55
T108897,A108897,Chemotherapy,2024-11-01,35318.84
T108898,A108898,Medication,2024-06-04,693.12
T108899,A108899,Consultation,2025-01-16,2442.92
T108900,A108900,Radiology,2024-07-19,9746.5
T108901,A108901,Consultation,2025-11-12,2063.49
T108902,A108902,Consultation,2024-08-26,849.16
T108903,A108903,Diagnostic Test,2025-11-04,4878.47
T108904,A108904,Consultation,2025-12-08,1755.32
T108905,A108905,Physiotherapy,2024-06-16,7801.02
T108906,A108906,Emergency Care,2024-08-13,18005.93
T108907,A108907,Consultation,2024-09-08,2425.05
T108908,A108908,Surgery,2024-10-09,25942.13
T108909,A108909,Medication,2025-04-20,9143.4
T108910,A108910,Surgery,2025-05-12,107686.06
T108911,A108911,Diagnostic Test,2025-06-19,3997.75
T108912,A108912,Diagnostic Test,2025-12-04,3476.97
T108913,A108913,Medication,2025-02-16,9368.4
T108914,A108914,Medication,2025-03-04,10302.93
T108915,A108915,Emergency Care,2025-06-23,16713.01
T108916,A108916,Surgery,2025-03-21,92179.95
T108917,A108917,Chemotherapy,2024-07-31,29995.27
T108918,A108918,Emergency Care,2025-07-01,10655.84
T108919,A108919,Diagnostic Test,2025-12-11,1622.19
T108920,A108920,Diagnostic Test,2025-05-07,3938.15
T108921,A108921,Emergency Care,2025-04-15,20992.79
T108922,A108922,Medication,2025-11-19,8062.9
T108923,A108923,Consultation,2025-12-30,1467.12
T108924,A108924,Diagnostic Test,2025-07-23,5929.75
T108925,A108925,Consultation,2025-10-25,810.49
T108926,A108926,Diagnostic Test,2025-04-09,2204.39
T108927,A108927,Medication,2025-07-04,11627.74
T108928,A108928,Diagnostic Test,2025-04-21,2619.6
T108929,A108929,Diagnostic Test,2024-07-18,3910.83
T108930,A108930,Consultation,2025-06-04,1207.47
T108931,A108931,Radiology,2025-05-15,7272.09
T108932,A108932,Physiotherapy,2025-05-28,5541.09
T108933,A108933,Chemotherapy,2025-11-23,40856.42
T108934,A108934,Consultation,2024-11-20,1439.26
T108935,A108935,Emergency Care,2025-11-19,24039.28
T108936,A108936,Medication,2025-04-11,7830.23
T108937,A108937,Consultation,2025-08-18,957.85
T108938,A108938,Diagnostic Test,2024-05-20,4550.21
T108939,A108939,Consultation,2024-09-01,1343.24
T108940,A108940,Diagnostic Test,2024-11-14,2315.81
T108941,A108941,Diagnostic Test,2025-10-28,1741.97
T108942,A108942,Medication,2024-05-17,7881.28
T108943,A108943,Diagnostic Test,2024-07-06,5756.98
T108944,A108944,Medication,2025-11-22,9878.07
T108945,A108945,Physiotherapy,2025-08-03,7468.71
T108946,A108946,Radiology,2024-03-09,9390.59
T108947,A108947,Chemotherapy,2025-03-16,10077.29
T108948,A108948,Consultation,2024-03-20,1861.35
T108949,A108949,Physiotherapy,2025-02-05,7510.62
T108950,A108950,Consultation,2025-01-11,1737.4
T108951,A108951,Diagnostic Test,2024-01-15,4241.02
T108952,A108952,Medication,2025-05-03,5409.78
T108953,A108953,Emergency Care,2025-02-21,21740.76
T108954,A108954,Medication,2024-07-27,2210.88
T108955,A108955,Chemotherapy,2024-12-09,14605.95
T108956,A108956,Physiotherapy,2025-09-13,3608.41
T108957,A108957,Physiotherapy,2025-12-21,1552.2
T108958,A108958,Diagnostic Test,2024-11-08,1278.74
T108959,A108959,Medication,2024-11-05,2142.64
T108960,A108960,Radiology,2024-10-21,1243.56
T108961,A108961,Physiotherapy,2025-09-18,6698.7
T108962,A108962,Consultation,2025-01-11,2317.24
T108963,A108963,Physiotherapy,2025-06-12,1280.57
T108964,A108964,Consultation,2024-12-08,1196.15
T108965,A108965,Emergency Care,2024-03-23,10503.93
T108966,A108966,Emergency Care,2025-08-02,20561.24
T108967,A108967,Radiology,2025-03-28,3252.7
T108968,A108968,Consultation,2024-01-04,1478.7
T108969,A108969,Consultation,2025-04-02,2455.39
T108970,A108970,Chemotherapy,2024-08-26,51387.5
T108971,A108971,Medication,2025-01-23,1466.06
T108972,A108972,Chemotherapy,2025-01-28,25977.03
T108973,A108973,Radiology,2025-10-05,6277.22
T108974,A108974,Radiology,2024-02-02,7209.39
T108975,A108975,Diagnostic Test,2025-08-08,4045.54
T108976,A108976,Physiotherapy,2024-05-29,1590.79
T108977,A108977,Emergency Care,2025-08-29,24850.65
T108978,A108978,Diagnostic Test,2024-10-11,1506.25
T108979,A108979,Physiotherapy,2025-12-29,2230.46
T108980,A108980,Diagnostic Test,2024-08-26,1830.39
T108981,A108981,Diagnostic Test,2026-01-01,2758.93
T108982,A108982,Radiology,2024-11-16,4023.56
T108983,A108983,Consultation,2024-12-04,1670.44
T108984,A108984,Consultation,2024-02-03,2348.24
T108985,A108985,Diagnostic Test,2025-09-18,722.63
T108986,A108986,Surgery,2025-09-07,55627.7
T108987,A108987,Radiology,2025-08-30,9875.37
T108988,A108988,Diagnostic Test,2024-07-27,1863.8
T108989,A108989,Chemotherapy,2024-08-16,50925.66
T108990,A108990,Medication,2025-08-06,4886.27
T108991,A108991,Physiotherapy,2024-12-07,7371.77
T108992,A108992,Diagnostic Test,2025-04-06,4003.25
T108993,A108993,Radiology,2024-05-17,9060.82
T108994,A108994,Consultation,2024-10-11,1878.99
T108995,A108995,Diagnostic Test,2024-12-16,5396.53
T108996,A108996,Radiology,2024-01-20,9156.12
T108997,A108997,Consultation,2024-08-05,1309.29
T108998,A108998,Medication,2025-01-31,10114.07
T108999,A108999,Physiotherapy,2025-02-03,6880.3
T109000,A109000,Medication,2025-02-20,8549.34
T109001,A109001,Consultation,2024-09-02,1209.95
T109002,A109002,Medication,2024-04-07,1561.85
T109003,A109003,Medication,2025-09-24,7530.93
T109004,A109004,Medication,2024-01-06,7950.86
T109005,A109005,Diagnostic Test,2024-03-28,5836.22
T109006,A109006,Diagnostic Test,2024-07-08,2689.87
T109007,A109007,Consultation,2025-09-08,2028.63
T109008,A109008,Consultation,2025-09-07,2294.57
T109009,A109009,Radiology,2025-02-25,8229.62
T109010,A109010,Medication,2024-03-07,5030.06
T109011,A109011,Consultation,2025-09-12,1207.09
T109012,A109012,Consultation,2024-09-07,854.38
T109013,A109013,Consultation,2024-07-25,2088.75
T109014,A109014,Consultation,2024-07-25,1454.13
T109015,A109015,Consultation,2024-11-16,1653.16
T109016,A109016,Radiology,2024-03-25,9844.13
T109017,A109017,Diagnostic Test,2025-03-02,526.3
T109018,A109018,Diagnostic Test,2024-03-25,2015.32
T109019,A109019,Surgery,2025-07-02,118015.49
T109020,A109020,Diagnostic Test,2025-12-25,3183.79
T109021,A109021,Physiotherapy,2025-05-02,7563.62
T109022,A109022,Diagnostic Test,2024-05-15,5182.71
T109023,A109023,Medication,2024-04-27,8626.33
T109024,A109024,Diagnostic Test,2025-01-11,4425.61
T109025,A109025,Surgery,2024-07-30,15486.86
T109026,A109026,Radiology,2024-05-11,3815.35
T109027,A109027,Medication,2025-01-11,5458.1
T109028,A109028,Surgery,2024-06-03,69579.5
T109029,A109029,Diagnostic Test,2025-02-26,2941.16
T109030,A109030,Physiotherapy,2025-01-03,4055.39
T109031,A109031,Medication,2025-11-26,10392.57
T109032,A109032,Consultation,2024-05-28,2448.33
T109033,A109033,Physiotherapy,2024-05-08,6929.24
T109034,A109034,Surgery,2024-11-06,87571.08
T109035,A109035,Emergency Care,2025-12-16,19198.42
T109036,A109036,Surgery,2024-04-30,92419.66
T109037,A109037,Emergency Care,2025-07-29,20593.49
T109038,A109038,Radiology,2024-08-19,1692.05
T109039,A109039,Emergency Care,2025-03-29,4645.25
T109040,A109040,Diagnostic Test,2025-05-17,1035.57
T109041,A109041,Diagnostic Test,2025-10-25,5511.51
T109042,A109042,Medication,2024-05-26,7575.0
T109043,A109043,Consultation,2025-09-14,1574.05
T109044,A109044,Physiotherapy,2025-11-10,6391.64
T109045,A109045,Diagnostic Test,2025-12-02,1710.6
T109046,A109046,Consultation,2024-02-19,2168.52
T109047,A109047,Consultation,2024-04-19,1387.96
T109048,A109048,Surgery,2024-04-02,81619.6
T109049,A109049,Consultation,2025-09-28,2478.67
T109050,A109050,Medication,2024-05-22,1140.98
T109051,A109051,Surgery,2024-11-10,115536.5
T109052,A109052,Chemotherapy,2024-01-14,48389.72
T109053,A109053,Consultation,2025-03-25,1557.23
T109054,A109054,Radiology,2025-01-31,2102.27
T109055,A109055,Physiotherapy,2025-05-22,1781.89
T109056,A109056,Physiotherapy,2025-01-13,5077.02
T109057,A109057,Emergency Care,2024-12-28,14559.88
T109058,A109058,Consultation,2025-11-13,1710.17
T109059,A109059,Medication,2025-07-03,3551.97
T109060,A109060,Physiotherapy,2025-10-06,1642.4
T109061,A109061,Medication,2025-07-27,9653.45
T109062,A109062,Diagnostic Test,2025-07-15,1719.71
T109063,A109063,Consultation,2025-02-01,1897.16
T109064,A109064,Physiotherapy,2024-07-06,3553.88
T109065,A109065,Chemotherapy,2024-08-10,41701.46
T109066,A109066,Physiotherapy,2025-06-03,6385.88
T109067,A109067,Consultation,2024-10-27,1129.77
T109068,A109068,Physiotherapy,2024-06-25,1096.08
T109069,A109069,Physiotherapy,2025-01-06,2953.75
T109070,A109070,Physiotherapy,2025-05-24,7728.96
T109071,A109071,Medication,2024-07-23,2442.37
T109072,A109072,Physiotherapy,2025-09-02,4313.37
T109073,A109073,Medication,2024-10-10,4668.7
T109074,A109074,Surgery,2025-10-10,47501.36
T109075,A109075,Medication,2025-02-20,8851.78
T109076,A109076,Consultation,2024-02-05,2026.85
T109077,A109077,Medication,2024-03-25,9427.55
T109078,A109078,Physiotherapy,2025-04-29,3374.22
T109079,A109079,Medication,2024-05-29,4502.73
T109080,A109080,Medication,2025-08-31,6702.79
T109081,A109081,Radiology,2025-05-12,1233.36
T109082,A109082,Consultation,2024-06-21,2421.51
T109083,A109083,Physiotherapy,2025-12-25,2641.14
T109084,A109084,Diagnostic Test,2025-12-06,1448.01
T109085,A109085,Radiology,2024-01-10,6808.93
T109086,A109086,Diagnostic Test,2025-01-16,5164.57
T109087,A109087,Radiology,2025-03-09,6849.14
T109088,A109088,Radiology,2024-02-03,6737.0
T109089,A109089,Diagnostic Test,2025-07-19,3186.14
T109090,A109090,Radiology,2025-09-26,9038.05
T109091,A109091,Consultation,2024-05-17,2444.27
T109092,A109092,Radiology,2025-01-04,6438.33
T109093,A109093,Consultation,2024-04-17,934.09
T109094,A109094,Emergency Care,2024-02-03,5219.45
T109095,A109095,Medication,2025-09-27,5205.0
T109096,A109096,Radiology,2025-11-12,5531.65
T109097,A109097,Medication,2025-06-07,7794.71
T109098,A109098,Medication,2024-06-19,11922.25
T109099,A109099,Medication,2024-03-19,8581.48
T109100,A109100,Consultation,2025-07-01,2284.65
T109101,A109101,Diagnostic Test,2024-07-28,5685.21
T109102,A109102,Emergency Care,2025-02-14,7304.78
T109103,A109103,Diagnostic Test,2024-01-11,2335.12
T109104,A109104,Consultation,2024-08-15,1969.56
T109105,A109105,Radiology,2024-06-26,6945.92
T109106,A109106,Physiotherapy,2024-03-21,3962.6
T109107,A109107,Diagnostic Test,2024-02-27,5197.46
T109108,A109108,Diagnostic Test,2024-05-16,5895.19
T109109,A109109,Medication,2024-08-26,4961.26
T109110,A109110,Consultation,2025-04-18,1390.61
T109111,A109111,Emergency Care,2024-08-04,9340.05
T109112,A109112,Diagnostic Test,2024-01-27,3586.95
T109113,A109113,Radiology,2024-07-07,6587.65
T109114,A109114,Radiology,2025-09-24,2801.9
T109115,A109115,Diagnostic Test,2025-12-11,2051.07
T109116,A109116,Consultation,2024-04-27,1005.19
T109117,A109117,Surgery,2025-09-06,109961.64
T109118,A109118,Diagnostic Test,2024-06-11,4066.56
T109119,A109119,Diagnostic Test,2025-02-19,3558.13
T109120,A109120,Emergency Care,2024-06-29,23323.47
T109121,A109121,Medication,2024-10-09,11797.65
T109122,A109122,Surgery,2024-08-01,17610.03
T109123,A109123,Medication,2024-02-24,9545.12
T109124,A109124,Consultation,2024-03-09,1716.01
T109125,A109125,Radiology,2025-06-30,1221.66
T109126,A109126,Medication,2025-06-05,5326.7
T109127,A109127,Emergency Care,2025-05-14,20024.9
T109128,A109128,Surgery,2025-03-06,92994.58
T109129,A109129,Consultation,2025-12-28,2376.59
T109130,A109130,Consultation,2024-02-16,1856.45
T109131,A109131,Radiology,2025-08-15,3191.0
T109132,A109132,Surgery,2024-02-05,91249.2
T109133,A109133,Diagnostic Test,2024-07-09,5896.8
T109134,A109134,Radiology,2024-03-29,8990.65
T109135,A109135,Physiotherapy,2024-12-02,1014.83
T109136,A109136,Emergency Care,2024-05-15,12497.79
T109137,A109137,Chemotherapy,2025-07-01,20401.61
T109138,A109138,Consultation,2024-04-24,1638.93
T109139,A109139,Consultation,2024-06-21,1466.06
T109140,A109140,Surgery,2024-12-05,74021.61
T109141,A109141,Chemotherapy,2025-07-10,51296.21
T109142,A109142,Physiotherapy,2025-06-09,5499.16
T109143,A109143,Consultation,2024-06-22,1408.44
T109144,A109144,Consultation,2025-09-29,1374.74
T109145,A109145,Surgery,2024-11-29,37047.99
T109146,A109146,Physiotherapy,2024-07-27,4608.36
T109147,A109147,Consultation,2024-12-10,2178.62
T109148,A109148,Consultation,2024-04-15,801.72
T109149,A109149,Consultation,2025-10-03,2004.54
T109150,A109150,Consultation,2024-02-11,1661.99
T109151,A109151,Surgery,2024-01-24,105304.33
T109152,A109152,Chemotherapy,2024-09-10,35545.23
T109153,A109153,Consultation,2024-10-18,2293.96
T109154,A109154,Physiotherapy,2024-07-21,6175.34
T109155,A109155,Consultation,2024-06-03,1625.46
T109156,A109156,Medication,2025-07-21,3792.17
T109157,A109157,Diagnostic Test,2024-04-15,5859.26
T109158,A109158,Radiology,2024-09-19,3039.63
T109159,A109159,Physiotherapy,2024-07-20,6449.93
T109160,A109160,Diagnostic Test,2024-08-07,4263.21
T109161,A109161,Medication,2025-02-14,5103.81
T109162,A109162,Physiotherapy,2025-07-14,6028.52
T109163,A109163,Chemotherapy,2024-04-29,16483.13
T109164,A109164,Medication,2025-03-02,3120.3
T109165,A109165,Medication,2024-08-02,8714.37
T109166,A109166,Consultation,2024-06-03,1017.46
T109167,A109167,Medication,2024-09-21,10901.58
T109168,A109168,Radiology,2025-05-22,6458.61
T109169,A109169,Physiotherapy,2024-06-02,1497.67
T109170,A109170,Consultation,2024-08-01,2106.83
T109171,A109171,Physiotherapy,2024-07-13,4062.78
T109172,A109172,Surgery,2024-04-09,46114.1
T109173,A109173,Physiotherapy,2025-06-26,4719.47
T109174,A109174,Radiology,2025-12-03,7809.91
T109175,A109175,Consultation,2024-06-20,2348.58
T109176,A109176,Chemotherapy,2025-01-05,26020.77
T109177,A109177,Consultation,2025-12-10,1980.41
T109178,A109178,Diagnostic Test,2024-06-03,2376.79
T109179,A109179,Physiotherapy,2024-05-22,1093.63
T109180,A109180,Physiotherapy,2024-09-13,7739.15
T109181,A109181,Surgery,2025-11-08,46295.74
T109182,A109182,Consultation,2025-10-07,1589.6
T109183,A109183,Emergency Care,2025-02-20,17280.82
T109184,A109184,Diagnostic Test,2024-11-26,4238.72
T109185,A109185,Emergency Care,2025-01-13,21098.2
T109186,A109186,Radiology,2024-09-25,4560.76
T109187,A109187,Diagnostic Test,2025-06-25,4391.69
T109188,A109188,Physiotherapy,2024-05-19,5306.67
T109189,A109189,Diagnostic Test,2025-08-22,5918.8
T109190,A109190,Consultation,2025-05-26,2057.38
T109191,A109191,Diagnostic Test,2024-09-08,5696.09
T109192,A109192,Consultation,2024-11-03,1281.93
T109193,A109193,Diagnostic Test,2025-07-29,3008.29
T109194,A109194,Surgery,2024-08-07,70575.19
T109195,A109195,Consultation,2025-08-07,2241.94
T109196,A109196,Consultation,2024-10-20,1521.99
T109197,A109197,Medication,2025-02-16,6817.97
T109198,A109198,Diagnostic Test,2024-07-17,1254.87
T109199,A109199,Surgery,2024-03-21,35209.04
T109200,A109200,Emergency Care,2025-01-22,11597.96
T109201,A109201,Diagnostic Test,2024-05-19,777.74
T109202,A109202,Medication,2024-07-31,1193.45
T109203,A109203,Medication,2025-09-13,8539.66
T109204,A109204,Physiotherapy,2024-07-26,1496.75
T109205,A109205,Emergency Care,2025-10-28,3041.03
T109206,A109206,Medication,2024-05-15,1032.54
T109207,A109207,Diagnostic Test,2024-06-17,4013.32
T109208,A109208,Consultation,2025-05-20,1755.59
T109209,A109209,Radiology,2025-03-06,8370.17
T109210,A109210,Consultation,2024-07-01,1149.54
T109211,A109211,Medication,2024-05-03,7194.65
T109212,A109212,Radiology,2024-06-25,8300.96
T109213,A109213,Consultation,2024-11-29,2021.73
T109214,A109214,Medication,2024-03-09,4021.52
T109215,A109215,Surgery,2025-11-30,79876.09
T109216,A109216,Diagnostic Test,2024-05-19,4524.72
T109217,A109217,Chemotherapy,2024-11-06,50953.1
T109218,A109218,Medication,2024-11-28,11866.31
T109219,A109219,Radiology,2024-08-26,4716.07
T109220,A109220,Radiology,2025-06-15,1466.66
T109221,A109221,Emergency Care,2024-03-18,14515.98
T109222,A109222,Emergency Care,2024-05-31,10075.83
T109223,A109223,Physiotherapy,2025-09-14,3114.18
T109224,A109224,Physiotherapy,2025-10-27,5783.52
T109225,A109225,Consultation,2024-11-13,873.8
T109226,A109226,Surgery,2024-02-09,71860.42
T109227,A109227,Medication,2025-10-20,7727.56
T109228,A109228,Consultation,2024-05-07,2034.62
T109229,A109229,Consultation,2025-09-13,2436.39
T109230,A109230,Physiotherapy,2024-10-15,1061.73
T109231,A109231,Consultation,2024-08-27,1690.01
T109232,A109232,Diagnostic Test,2025-09-06,5306.81
T109233,A109233,Consultation,2024-08-09,1146.64
T109234,A109234,Consultation,2024-01-09,2459.38
T109235,A109235,Medication,2024-08-04,2525.72
T109236,A109236,Physiotherapy,2025-11-13,5459.62
T109237,A109237,Consultation,2025-08-11,926.98
T109238,A109238,Diagnostic Test,2024-10-20,3355.37
T109239,A109239,Surgery,2025-06-25,41302.65
T109240,A109240,Physiotherapy,2025-04-28,3177.93
T109241,A109241,Consultation,2024-02-13,1429.11
T109242,A109242,Surgery,2024-11-02,39511.36
T109243,A109243,Physiotherapy,2024-04-03,7068.4
T109244,A109244,Consultation,2025-08-05,1058.63
T109245,A109245,Medication,2024-09-27,5332.21
T109246,A109246,Surgery,2025-09-12,118035.72
T109247,A109247,Surgery,2025-11-24,76723.7
T109248,A109248,Emergency Care,2024-08-05,16888.38
T109249,A109249,Surgery,2024-04-25,91565.66
T109250,A109250,Surgery,2024-07-06,106053.12
T109251,A109251,Consultation,2024-05-06,2194.52
T109252,A109252,Diagnostic Test,2024-04-15,2502.55
T109253,A109253,Medication,2024-08-27,10098.93
T109254,A109254,Consultation,2025-10-17,1148.1
T109255,A109255,Consultation,2024-06-07,1487.94
T109256,A109256,Diagnostic Test,2025-04-20,4174.37
T109257,A109257,Physiotherapy,2025-05-21,2712.33
T109258,A109258,Radiology,2024-10-01,4321.37
T109259,A109259,Radiology,2024-04-28,5709.14
T109260,A109260,Medication,2025-07-30,3122.82
T109261,A109261,Radiology,2025-06-21,7894.43
T109262,A109262,Consultation,2024-03-01,2038.4
T109263,A109263,Emergency Care,2025-02-04,23286.19
T109264,A109264,Radiology,2024-06-29,1777.71
T109265,A109265,Medication,2024-08-21,10830.21
T109266,A109266,Medication,2025-04-22,485.28
T109267,A109267,Consultation,2025-10-19,2200.75
T109268,A109268,Radiology,2024-09-03,3460.65
T109269,A109269,Medication,2025-08-17,7936.87
T109270,A109270,Radiology,2025-10-02,7089.45
T109271,A109271,Diagnostic Test,2025-10-12,2622.89
T109272,A109272,Consultation,2025-07-23,1151.58
T109273,A109273,Medication,2024-07-31,726.17
T109274,A109274,Chemotherapy,2025-08-31,38970.38
T109275,A109275,Consultation,2025-04-05,1996.31
T109276,A109276,Surgery,2024-05-10,54339.9
T109277,A109277,Radiology,2024-08-05,2877.87
T109278,A109278,Diagnostic Test,2025-12-11,1392.25
T109279,A109279,Diagnostic Test,2024-01-22,1960.67
T109280,A109280,Medication,2025-07-21,9659.17
T109281,A109281,Chemotherapy,2024-02-29,17565.03
T109282,A109282,Medication,2025-11-06,5383.74
T109283,A109283,Consultation,2025-12-16,1907.91
T109284,A109284,Emergency Care,2024-05-09,21640.85
T109285,A109285,Medication,2025-07-10,6290.3
T109286,A109286,Diagnostic Test,2024-07-16,4241.46
T109287,A109287,Physiotherapy,2025-05-07,4573.98
T109288,A109288,Physiotherapy,2025-11-11,6301.84
T109289,A109289,Diagnostic Test,2025-05-21,4820.48
T109290,A109290,Radiology,2024-09-05,8076.52
T109291,A109291,Consultation,2024-09-19,2050.95
T109292,A109292,Chemotherapy,2024-12-13,50446.66
T109293,A109293,Consultation,2024-07-18,2161.34
T109294,A109294,Consultation,2024-04-16,2268.21
T109295,A109295,Chemotherapy,2025-09-04,33352.65
T109296,A109296,Consultation,2024-06-10,2309.26
T109297,A109297,Emergency Care,2025-02-28,4642.97
T109298,A109298,Consultation,2025-09-01,1407.37
T109299,A109299,Radiology,2024-07-27,9330.14
T109300,A109300,Emergency Care,2024-11-09,12117.96
T109301,A109301,Medication,2025-03-07,10407.97
T109302,A109302,Consultation,2024-08-25,1741.36
T109303,A109303,Consultation,2024-11-25,1238.09
T109304,A109304,Radiology,2025-04-25,2059.64
T109305,A109305,Consultation,2025-03-03,1985.01
T109306,A109306,Physiotherapy,2025-10-30,2567.14
T109307,A109307,Diagnostic Test,2024-04-12,3672.34
T109308,A109308,Emergency Care,2024-08-26,11641.12
T109309,A109309,Medication,2024-04-18,8140.45
T109310,A109310,Diagnostic Test,2025-01-01,3920.38
T109311,A109311,Radiology,2025-10-06,6549.68
T109312,A109312,Emergency Care,2025-05-07,14345.92
T109313,A109313,Physiotherapy,2024-02-12,5822.58
T109314,A109314,Physiotherapy,2025-07-28,5997.45
T109315,A109315,Radiology,2024-03-14,3053.7
T109316,A109316,Consultation,2025-11-28,1813.3
T109317,A109317,Chemotherapy,2025-09-22,10660.27
T109318,A109318,Diagnostic Test,2024-10-31,3341.11
T109319,A109319,Medication,2024-01-08,9590.52
T109320,A109320,Surgery,2025-08-11,21343.3
T109321,A109321,Surgery,2024-12-17,48888.42
T109322,A109322,Surgery,2025-02-05,18818.92
T109323,A109323,Physiotherapy,2025-08-20,4959.43
T109324,A109324,Physiotherapy,2025-03-10,7483.3
T109325,A109325,Diagnostic Test,2025-07-28,2283.2
T109326,A109326,Emergency Care,2024-04-17,11040.52
T109327,A109327,Emergency Care,2024-04-26,7689.47
T109328,A109328,Consultation,2025-01-18,2051.9
T109329,A109329,Physiotherapy,2024-03-24,4542.94
T109330,A109330,Medication,2025-10-15,3534.8
T109331,A109331,Diagnostic Test,2025-02-15,734.78
T109332,A109332,Radiology,2024-03-11,8703.44
T109333,A109333,Diagnostic Test,2025-01-23,4303.68
T109334,A109334,Physiotherapy,2025-06-08,7838.11
T109335,A109335,Physiotherapy,2024-10-23,4931.27
T109336,A109336,Surgery,2025-09-10,115691.26
T109337,A109337,Consultation,2025-12-22,1983.92
T109338,A109338,Diagnostic Test,2024-03-07,2867.91
T109339,A109339,Radiology,2025-07-28,3258.04
T109340,A109340,Physiotherapy,2024-06-26,1416.82
T109341,A109341,Medication,2024-01-08,360.23
T109342,A109342,Physiotherapy,2024-06-10,6816.71
T109343,A109343,Diagnostic Test,2024-01-11,3928.06
T109344,A109344,Emergency Care,2025-02-14,7108.81
T109345,A109345,Radiology,2025-09-01,7235.31
T109346,A109346,Consultation,2024-06-03,2359.08
T109347,A109347,Physiotherapy,2024-07-27,1395.27
T109348,A109348,Diagnostic Test,2024-04-25,4923.04
T109349,A109349,Medication,2025-01-14,10074.62
T109350,A109350,Consultation,2025-08-22,1908.32
T109351,A109351,Physiotherapy,2025-12-11,7553.82
T109352,A109352,Consultation,2024-12-17,2442.79
T109353,A109353,Medication,2024-04-07,9343.09
T109354,A109354,Consultation,2024-01-22,1086.02
T109355,A109355,Diagnostic Test,2024-11-10,956.23
T109356,A109356,Consultation,2025-06-14,1519.44
T109357,A109357,Surgery,2025-07-11,57137.71
T109358,A109358,Medication,2025-10-31,1976.43
T109359,A109359,Physiotherapy,2025-03-21,1280.06
T109360,A109360,Surgery,2024-08-20,41103.17
T109361,A109361,Physiotherapy,2025-11-02,3021.11
T109362,A109362,Radiology,2025-09-19,9326.41
T109363,A109363,Emergency Care,2024-12-25,24559.57
T109364,A109364,Consultation,2025-01-20,2474.92
T109365,A109365,Surgery,2025-05-27,100278.21
T109366,A109366,Diagnostic Test,2024-02-15,4741.84
T109367,A109367,Physiotherapy,2024-12-31,7567.35
T109368,A109368,Medication,2025-09-14,4281.69
T109369,A109369,Consultation,2024-04-23,1715.11
T109370,A109370,Consultation,2024-08-13,1798.79
T109371,A109371,Medication,2025-01-23,7027.12
T109372,A109372,Diagnostic Test,2024-09-23,2875.23
T109373,A109373,Medication,2024-09-30,11714.25
T109374,A109374,Diagnostic Test,2024-08-01,2257.12
T109375,A109375,Surgery,2025-05-12,38255.1
T109376,A109376,Emergency Care,2024-11-09,19241.12
T109377,A109377,Diagnostic Test,2025-01-24,5550.58
T109378,A109378,Consultation,2024-09-04,2445.98
T109379,A109379,Emergency Care,2025-07-23,20679.13
T109380,A109380,Radiology,2024-12-18,4572.02
T109381,A109381,Surgery,2024-03-13,100511.98
T109382,A109382,Medication,2024-10-23,9223.6
T109383,A109383,Diagnostic Test,2024-08-02,2714.62
T109384,A109384,Consultation,2024-10-22,977.82
T109385,A109385,Diagnostic Test,2024-06-19,5197.9
T109386,A109386,Diagnostic Test,2024-09-05,2180.25
T109387,A109387,Medication,2024-05-23,1623.07
T109388,A109388,Diagnostic Test,2025-09-08,5927.15
T109389,A109389,Diagnostic Test,2025-09-09,5592.95
T109390,A109390,Medication,2024-08-28,9154.23
T109391,A109391,Diagnostic Test,2024-11-08,871.24
T109392,A109392,Emergency Care,2025-02-21,18904.81
T109393,A109393,Surgery,2025-02-04,84372.96
T109394,A109394,Radiology,2024-01-24,3368.64
T109395,A109395,Physiotherapy,2024-03-21,4211.45
T109396,A109396,Consultation,2025-04-22,2439.66
T109397,A109397,Radiology,2025-12-09,1355.07
T109398,A109398,Diagnostic Test,2024-12-20,3081.75
T109399,A109399,Chemotherapy,2025-01-05,39193.63
T109400,A109400,Physiotherapy,2024-01-22,7077.58
T109401,A109401,Physiotherapy,2025-05-21,5936.49
T109402,A109402,Diagnostic Test,2024-06-11,1050.83
T109403,A109403,Surgery,2024-12-29,54629.89
T109404,A109404,Physiotherapy,2025-07-11,1872.4
T109405,A109405,Diagnostic Test,2024-10-23,5620.06
T109406,A109406,Surgery,2024-12-18,87588.33
T109407,A109407,Medication,2024-06-30,3225.56
T109408,A109408,Diagnostic Test,2025-04-18,1277.68
T109409,A109409,Radiology,2025-02-01,2288.96
T109410,A109410,Diagnostic Test,2025-09-05,3313.77
T109411,A109411,Consultation,2025-09-21,1245.21
T109412,A109412,Radiology,2024-08-02,9713.78
T109413,A109413,Diagnostic Test,2025-06-13,2659.45
T109414,A109414,Radiology,2025-01-30,9937.32
T109415,A109415,Medication,2024-01-29,10375.51
T109416,A109416,Radiology,2025-03-26,9170.65
T109417,A109417,Surgery,2025-03-16,55830.14
T109418,A109418,Medication,2024-10-12,1720.73
T109419,A109419,Consultation,2025-10-24,2227.18
T109420,A109420,Diagnostic Test,2025-10-10,527.72
T109421,A109421,Chemotherapy,2024-07-09,32414.66
T109422,A109422,Surgery,2025-12-03,30405.38
T109423,A109423,Medication,2024-07-19,10858.13
T109424,A109424,Diagnostic Test,2024-04-14,5276.89
T109425,A109425,Radiology,2025-04-25,2411.19
T109426,A109426,Medication,2025-08-27,6752.77
T109427,A109427,Chemotherapy,2024-08-12,21706.37
T109428,A109428,Diagnostic Test,2025-06-02,3329.85
T109429,A109429,Physiotherapy,2025-06-12,7835.68
T109430,A109430,Consultation,2025-03-16,1191.72
T109431,A109431,Medication,2025-05-31,1063.79
T109432,A109432,Diagnostic Test,2024-08-18,1899.51
T109433,A109433,Consultation,2024-04-23,2473.19
T109434,A109434,Medication,2025-05-31,1255.64
T109435,A109435,Consultation,2024-07-03,863.95
T109436,A109436,Consultation,2025-12-27,1057.45
T109437,A109437,Diagnostic Test,2024-02-03,4935.47
T109438,A109438,Surgery,2024-10-22,64494.53
T109439,A109439,Chemotherapy,2025-03-31,26920.84
T109440,A109440,Diagnostic Test,2025-12-08,4116.68
T109441,A109441,Consultation,2025-05-19,963.86
T109442,A109442,Emergency Care,2025-02-12,18324.36
T109443,A109443,Radiology,2024-05-06,3874.47
T109444,A109444,Diagnostic Test,2024-05-23,5212.08
T109445,A109445,Medication,2025-10-12,8773.54
T109446,A109446,Consultation,2024-05-10,2291.95
T109447,A109447,Emergency Care,2025-11-16,7064.84
T109448,A109448,Medication,2026-01-01,2035.92
T109449,A109449,Surgery,2025-09-19,89696.46
T109450,A109450,Radiology,2024-12-15,9305.75
T109451,A109451,Consultation,2025-06-08,2168.28
T109452,A109452,Diagnostic Test,2025-04-08,5673.14
T109453,A109453,Physiotherapy,2024-08-31,1077.81
T109454,A109454,Medication,2025-07-18,2390.52
T109455,A109455,Consultation,2024-07-05,1851.47
T109456,A109456,Diagnostic Test,2024-08-22,2825.25
T109457,A109457,Chemotherapy,2025-05-28,48265.54
T109458,A109458,Radiology,2024-01-01,1793.01
T109459,A109459,Consultation,2024-08-28,1872.31
T109460,A109460,Emergency Care,2024-02-27,23445.71
T109461,A109461,Medication,2025-05-09,2987.11
T109462,A109462,Surgery,2025-09-09,86496.53
T109463,A109463,Diagnostic Test,2025-02-22,2390.95
T109464,A109464,Diagnostic Test,2025-03-24,2540.93
T109465,A109465,Medication,2024-12-05,6325.24
T109466,A109466,Diagnostic Test,2024-10-03,2168.14
T109467,A109467,Consultation,2024-01-10,2443.29
T109468,A109468,Medication,2024-12-07,810.59
T109469,A109469,Surgery,2024-04-13,92008.32
T109470,A109470,Physiotherapy,2024-12-12,1568.51
T109471,A109471,Medication,2025-01-04,10290.78
T109472,A109472,Surgery,2024-07-19,65075.02
T109473,A109473,Diagnostic Test,2024-01-16,1729.95
T109474,A109474,Medication,2025-11-13,6043.81
T109475,A109475,Diagnostic Test,2024-12-04,5754.81
T109476,A109476,Radiology,2025-06-25,2639.54
T109477,A109477,Radiology,2025-04-02,6525.08
T109478,A109478,Physiotherapy,2025-06-10,4320.99
T109479,A109479,Surgery,2025-03-11,88253.98
T109480,A109480,Medication,2025-01-03,2328.71
T109481,A109481,Medication,2025-02-07,7268.71
T109482,A109482,Physiotherapy,2025-07-30,6956.18
T109483,A109483,Surgery,2025-04-27,17681.55
T109484,A109484,Surgery,2024-04-22,99271.15
T109485,A109485,Emergency Care,2025-02-10,13441.31
T109486,A109486,Consultation,2024-11-07,1125.9
T109487,A109487,Consultation,2024-06-10,1834.04
T109488,A109488,Emergency Care,2024-02-25,9601.1
T109489,A109489,Medication,2024-09-12,11826.5
T109490,A109490,Surgery,2025-06-17,43437.5
T109491,A109491,Consultation,2025-02-28,2014.77
T109492,A109492,Physiotherapy,2025-09-07,4513.24
T109493,A109493,Radiology,2024-09-22,4674.75
T109494,A109494,Medication,2024-08-23,6451.41
T109495,A109495,Consultation,2025-11-11,1318.91
T109496,A109496,Medication,2024-08-23,5701.26
T109497,A109497,Consultation,2025-06-01,1437.7
T109498,A109498,Surgery,2024-02-15,82949.76
T109499,A109499,Diagnostic Test,2025-07-13,4471.6
T109500,A109500,Consultation,2025-11-08,2106.62
T109501,A109501,Consultation,2025-11-13,2136.47
T109502,A109502,Medication,2025-03-11,4436.74
T109503,A109503,Medication,2024-12-03,7500.02
T109504,A109504,Consultation,2025-02-08,1660.69
T109505,A109505,Emergency Care,2024-06-15,17081.64
T109506,A109506,Chemotherapy,2024-09-14,27698.34
T109507,A109507,Diagnostic Test,2024-03-06,1552.46
T109508,A109508,Medication,2024-03-29,8793.81
T109509,A109509,Medication,2024-08-30,4724.75
T109510,A109510,Consultation,2024-11-09,2044.1
T109511,A109511,Surgery,2025-07-25,89280.29
T109512,A109512,Medication,2025-11-15,11921.2
T109513,A109513,Medication,2024-09-16,4577.74
T109514,A109514,Surgery,2025-07-13,86698.35
T109515,A109515,Surgery,2025-05-31,87785.75
T109516,A109516,Physiotherapy,2025-03-11,7570.16
T109517,A109517,Emergency Care,2024-05-10,13974.75
T109518,A109518,Emergency Care,2024-11-23,17626.22
T109519,A109519,Radiology,2024-01-20,7841.65
T109520,A109520,Surgery,2025-11-29,118891.41
T109521,A109521,Emergency Care,2024-12-10,13100.84
T109522,A109522,Consultation,2025-09-19,1236.2
T109523,A109523,Surgery,2024-09-06,78575.43
T109524,A109524,Medication,2025-12-12,5378.32
T109525,A109525,Emergency Care,2024-06-26,5158.49
T109526,A109526,Medication,2024-12-24,5521.34
T109527,A109527,Physiotherapy,2025-05-09,5861.26
T109528,A109528,Diagnostic Test,2024-02-07,3025.0
T109529,A109529,Medication,2025-02-11,6986.32
T109530,A109530,Physiotherapy,2025-10-11,5967.9
T109531,A109531,Diagnostic Test,2024-01-10,3292.96
T109532,A109532,Medication,2025-11-26,1431.35
T109533,A109533,Physiotherapy,2025-12-17,5845.07
T109534,A109534,Diagnostic Test,2025-06-16,1568.0
T109535,A109535,Surgery,2025-06-21,90172.63
T109536,A109536,Radiology,2024-04-05,3899.79
T109537,A109537,Medication,2025-07-30,6581.73
T109538,A109538,Diagnostic Test,2025-03-28,854.08
T109539,A109539,Diagnostic Test,2024-08-10,2072.37
T109540,A109540,Physiotherapy,2024-04-06,7472.73
T109541,A109541,Diagnostic Test,2025-01-16,3387.89
T109542,A109542,Consultation,2025-10-30,2343.14
T109543,A109543,Radiology,2024-07-25,9470.42
T109544,A109544,Consultation,2024-09-04,1270.89
T109545,A109545,Medication,2025-12-12,10899.27
T109546,A109546,Diagnostic Test,2025-05-24,4116.41
T109547,A109547,Radiology,2024-03-25,5988.35
T109548,A109548,Consultation,2024-11-12,1488.91
T109549,A109549,Radiology,2025-10-06,3419.74
T109550,A109550,Medication,2024-04-17,4970.7
T109551,A109551,Consultation,2025-01-04,1911.35
T109552,A109552,Physiotherapy,2025-08-05,3540.51
T109553,A109553,Consultation,2025-11-27,1399.18
T109554,A109554,Medication,2025-09-24,6667.02
T109555,A109555,Physiotherapy,2024-07-01,1316.94
T109556,A109556,Surgery,2025-08-24,79245.16
T109557,A109557,Consultation,2025-08-23,1297.3
T109558,A109558,Consultation,2024-03-26,1636.51
T109559,A109559,Consultation,2025-06-16,2209.68
T109560,A109560,Surgery,2025-09-10,98198.8
T109561,A109561,Consultation,2025-05-16,1295.89
T109562,A109562,Diagnostic Test,2024-12-14,776.66
T109563,A109563,Consultation,2024-09-29,1443.28
T109564,A109564,Consultation,2024-11-28,999.41
T109565,A109565,Emergency Care,2025-09-03,12507.44
T109566,A109566,Consultation,2025-07-22,2207.48
T109567,A109567,Medication,2025-10-22,4089.41
T109568,A109568,Surgery,2025-01-23,100320.29
T109569,A109569,Diagnostic Test,2024-05-16,5829.58
T109570,A109570,Radiology,2024-12-26,7166.2
T109571,A109571,Diagnostic Test,2024-10-11,5173.89
T109572,A109572,Chemotherapy,2024-07-22,52136.01
T109573,A109573,Physiotherapy,2025-06-14,1138.86
T109574,A109574,Physiotherapy,2024-01-16,5635.31
T109575,A109575,Emergency Care,2025-07-24,19959.96
T109576,A109576,Chemotherapy,2024-04-26,32209.57
T109577,A109577,Medication,2024-03-08,10196.46
T109578,A109578,Medication,2025-08-15,8069.69
T109579,A109579,Radiology,2024-02-02,7226.63
T109580,A109580,Diagnostic Test,2025-06-04,2743.22
T109581,A109581,Physiotherapy,2025-10-26,7186.49
T109582,A109582,Diagnostic Test,2024-01-22,2584.07
T109583,A109583,Consultation,2025-03-08,1049.25
T109584,A109584,Emergency Care,2024-01-31,9913.09
T109585,A109585,Physiotherapy,2025-11-11,3809.48
T109586,A109586,Physiotherapy,2025-10-22,6267.83
T109587,A109587,Surgery,2025-02-16,24138.77
T109588,A109588,Consultation,2024-02-20,1919.36
T109589,A109589,Chemotherapy,2024-11-20,35610.0
T109590,A109590,Medication,2025-05-05,4002.28
T109591,A109591,Diagnostic Test,2024-10-27,2672.16
T109592,A109592,Consultation,2024-06-30,1987.11
T109593,A109593,Physiotherapy,2024-05-03,5209.08
T109594,A109594,Consultation,2024-05-04,921.35
T109595,A109595,Diagnostic Test,2025-03-28,1046.05
T109596,A109596,Consultation,2024-09-22,1995.23
T109597,A109597,Physiotherapy,2024-01-31,7158.24
T109598,A109598,Medication,2024-09-17,2183.68
T109599,A109599,Surgery,2024-03-20,77501.48
T109600,A109600,Consultation,2025-03-07,1150.26
T109601,A109601,Medication,2025-12-08,11818.55
T109602,A109602,Physiotherapy,2024-02-04,5397.44
T109603,A109603,Diagnostic Test,2025-03-13,4991.94
T109604,A109604,Diagnostic Test,2024-04-26,2093.6
T109605,A109605,Diagnostic Test,2024-03-05,2361.06
T109606,A109606,Diagnostic Test,2024-02-21,1301.48
T109607,A109607,Diagnostic Test,2024-04-28,4237.64
T109608,A109608,Medication,2024-02-19,11783.7
T109609,A109609,Emergency Care,2025-03-16,13790.1
T109610,A109610,Diagnostic Test,2025-02-16,1030.41
T109611,A109611,Surgery,2024-04-11,16393.2
T109612,A109612,Diagnostic Test,2024-10-05,4396.53
T109613,A109613,Consultation,2024-04-19,1104.65
T109614,A109614,Emergency Care,2024-02-07,23554.88
T109615,A109615,Medication,2024-12-25,8889.19
T109616,A109616,Medication,2024-01-03,2487.42
T109617,A109617,Consultation,2025-05-08,2334.08
T109618,A109618,Radiology,2024-10-01,3148.3
T109619,A109619,Chemotherapy,2024-05-23,57768.38
T109620,A109620,Medication,2025-03-10,3660.33
T109621,A109621,Diagnostic Test,2025-03-28,1188.52
T109622,A109622,Diagnostic Test,2025-08-27,3640.87
T109623,A109623,Consultation,2025-07-20,1812.09
T109624,A109624,Surgery,2024-08-17,80980.25
T109625,A109625,Medication,2025-06-30,3475.9
T109626,A109626,Surgery,2024-08-02,53986.63
T109627,A109627,Medication,2025-10-09,11902.0
T109628,A109628,Chemotherapy,2024-09-06,29968.17
T109629,A109629,Diagnostic Test,2025-02-14,1060.94
T109630,A109630,Medication,2024-02-22,5287.0
T109631,A109631,Consultation,2025-07-30,1123.94
T109632,A109632,Medication,2024-11-10,2038.92
T109633,A109633,Consultation,2025-01-10,1450.19
T109634,A109634,Consultation,2024-02-07,1384.57
T109635,A109635,Consultation,2025-12-24,998.44
T109636,A109636,Medication,2025-06-09,497.51
T109637,A109637,Physiotherapy,2024-03-26,5431.19
T109638,A109638,Consultation,2024-04-04,1207.21
T109639,A109639,Radiology,2025-02-18,8737.55
T109640,A109640,Radiology,2024-12-08,3922.42
T109641,A109641,Diagnostic Test,2025-12-19,3497.7
T109642,A109642,Consultation,2025-07-03,1176.34
T109643,A109643,Medication,2025-02-26,2462.53
T109644,A109644,Chemotherapy,2024-12-16,57239.12
T109645,A109645,Diagnostic Test,2025-12-16,4226.69
T109646,A109646,Emergency Care,2025-08-10,23891.69
T109647,A109647,Emergency Care,2024-05-09,7401.81
T109648,A109648,Consultation,2024-06-01,2072.96
T109649,A109649,Physiotherapy,2025-06-05,2564.79
T109650,A109650,Diagnostic Test,2024-02-07,4620.47
T109651,A109651,Consultation,2025-03-03,2212.0
T109652,A109652,Physiotherapy,2024-04-16,2494.52
T109653,A109653,Physiotherapy,2024-06-13,3567.36
T109654,A109654,Consultation,2025-06-28,1829.33
T109655,A109655,Consultation,2024-07-31,2347.92
T109656,A109656,Consultation,2025-06-09,846.5
T109657,A109657,Medication,2024-05-11,6830.84
T109658,A109658,Diagnostic Test,2024-06-01,1254.86
T109659,A109659,Medication,2024-04-05,5267.35
T109660,A109660,Physiotherapy,2025-05-20,4738.21
T109661,A109661,Diagnostic Test,2025-06-07,4841.57
T109662,A109662,Diagnostic Test,2025-01-08,5989.63
T109663,A109663,Physiotherapy,2024-01-18,4919.38
T109664,A109664,Diagnostic Test,2025-11-11,2868.85
T109665,A109665,Diagnostic Test,2025-08-30,3291.96
T109666,A109666,Medication,2024-01-20,7340.64
T109667,A109667,Consultation,2025-02-13,943.17
T109668,A109668,Diagnostic Test,2024-01-08,895.52
T109669,A109669,Consultation,2025-11-27,1384.6
T109670,A109670,Chemotherapy,2024-09-04,12961.99
T109671,A109671,Diagnostic Test,2025-08-17,3223.93
T109672,A109672,Surgery,2025-10-05,42081.46
T109673,A109673,Consultation,2024-05-08,889.38
T109674,A109674,Medication,2025-03-31,899.11
T109675,A109675,Physiotherapy,2025-08-08,3868.04
T109676,A109676,Consultation,2025-07-27,1362.89
T109677,A109677,Diagnostic Test,2024-03-13,4979.45
T109678,A109678,Medication,2024-06-11,1829.19
T109679,A109679,Emergency Care,2024-03-28,3602.29
T109680,A109680,Radiology,2025-02-06,1730.44
T109681,A109681,Medication,2025-04-08,4185.3
T109682,A109682,Diagnostic Test,2025-06-13,3835.18
T109683,A109683,Emergency Care,2024-03-31,14003.58
T109684,A109684,Diagnostic Test,2025-10-24,3634.99
T109685,A109685,Consultation,2024-01-06,1865.63
T109686,A109686,Surgery,2025-08-21,47494.35
T109687,A109687,Physiotherapy,2024-03-25,7362.07
T109688,A109688,Consultation,2024-09-06,815.17
T109689,A109689,Consultation,2025-10-30,1104.61
T109690,A109690,Medication,2025-02-22,7859.35
T109691,A109691,Consultation,2024-03-15,2454.07
T109692,A109692,Physiotherapy,2025-09-14,2066.15
T109693,A109693,Consultation,2024-04-23,2002.14
T109694,A109694,Diagnostic Test,2024-06-20,1853.35
T109695,A109695,Surgery,2025-12-02,36087.34
T109696,A109696,Physiotherapy,2024-09-29,3134.05
T109697,A109697,Diagnostic Test,2025-06-15,1433.62
T109698,A109698,Consultation,2025-11-12,1691.45
T109699,A109699,Consultation,2024-11-15,2411.11
T109700,A109700,Surgery,2024-03-24,111896.15
T109701,A109701,Medication,2024-03-15,6556.87
T109702,A109702,Emergency Care,2025-03-04,19276.91
T109703,A109703,Medication,2025-04-04,2616.87
T109704,A109704,Physiotherapy,2024-12-14,4894.09
T109705,A109705,Consultation,2024-09-05,2119.7
T109706,A109706,Emergency Care,2025-10-06,10095.04
T109707,A109707,Consultation,2025-01-21,1155.61
T109708,A109708,Medication,2025-12-15,3701.35
T109709,A109709,Emergency Care,2024-12-30,9082.4
T109710,A109710,Surgery,2024-10-23,43451.57
T109711,A109711,Chemotherapy,2024-03-09,13219.8
T109712,A109712,Medication,2025-03-13,6135.48
T109713,A109713,Radiology,2025-06-16,2609.02
T109714,A109714,Physiotherapy,2025-08-28,7292.46
T109715,A109715,Medication,2024-05-15,9674.21
T109716,A109716,Consultation,2024-10-24,2347.73
T109717,A109717,Diagnostic Test,2024-10-24,5299.42
T109718,A109718,Consultation,2025-10-10,1406.37
T109719,A109719,Medication,2024-02-03,9346.2
T109720,A109720,Surgery,2025-01-11,67324.99
T109721,A109721,Surgery,2024-02-04,41839.49
T109722,A109722,Diagnostic Test,2025-07-09,2486.65
T109723,A109723,Radiology,2024-11-01,6232.06
T109724,A109724,Surgery,2024-04-18,103772.2
T109725,A109725,Diagnostic Test,2024-04-06,567.0
T109726,A109726,Diagnostic Test,2024-03-07,2925.27
T109727,A109727,Diagnostic Test,2025-06-07,531.03
T109728,A109728,Radiology,2024-08-20,3729.88
T109729,A109729,Diagnostic Test,2024-12-26,2754.87
T109730,A109730,Diagnostic Test,2025-02-05,3061.81
T109731,A109731,Chemotherapy,2024-04-09,47024.58
T109732,A109732,Chemotherapy,2024-09-29,46610.2
T109733,A109733,Physiotherapy,2024-12-29,3184.01
T109734,A109734,Radiology,2024-06-12,4427.88
T109735,A109735,Radiology,2025-06-12,3481.97
T109736,A109736,Physiotherapy,2024-06-17,3740.19
T109737,A109737,Surgery,2024-01-21,50616.3
T109738,A109738,Emergency Care,2025-06-24,17624.01
T109739,A109739,Diagnostic Test,2025-08-19,1216.01
T109740,A109740,Radiology,2025-02-03,1453.05
T109741,A109741,Diagnostic Test,2024-02-05,608.48
T109742,A109742,Physiotherapy,2025-05-09,7756.69
T109743,A109743,Radiology,2024-11-09,3366.69
T109744,A109744,Physiotherapy,2025-05-04,6125.2
T109745,A109745,Physiotherapy,2024-10-02,6037.15
T109746,A109746,Surgery,2024-08-23,102802.58
T109747,A109747,Chemotherapy,2025-09-09,29400.86
T109748,A109748,Diagnostic Test,2025-03-12,4064.27
T109749,A109749,Chemotherapy,2024-01-08,28142.43
T109750,A109750,Consultation,2025-06-21,1198.61
T109751,A109751,Medication,2025-11-14,11840.19
T109752,A109752,Medication,2025-10-26,10867.29
T109753,A109753,Diagnostic Test,2024-08-31,3053.35
T109754,A109754,Physiotherapy,2024-08-29,5255.42
T109755,A109755,Consultation,2025-07-11,2448.05
T109756,A109756,Surgery,2024-10-02,50979.41
T109757,A109757,Chemotherapy,2024-03-16,52032.2
T109758,A109758,Surgery,2024-10-12,56611.16
T109759,A109759,Radiology,2025-12-10,8882.04
T109760,A109760,Consultation,2025-06-21,1627.36
T109761,A109761,Consultation,2024-03-28,1705.57
T109762,A109762,Consultation,2025-09-26,2085.62
T109763,A109763,Consultation,2024-05-31,2298.28
T109764,A109764,Emergency Care,2024-05-30,8833.38
T109765,A109765,Consultation,2025-08-02,2078.62
T109766,A109766,Consultation,2024-06-09,2413.31
T109767,A109767,Consultation,2025-03-21,838.27
T109768,A109768,Medication,2024-03-23,2134.5
T109769,A109769,Medication,2024-01-10,4447.62
T109770,A109770,Physiotherapy,2024-06-30,6504.55
T109771,A109771,Diagnostic Test,2025-06-12,3718.6
T109772,A109772,Consultation,2025-04-24,2367.44
T109773,A109773,Diagnostic Test,2024-07-04,3046.16
T109774,A109774,Radiology,2024-11-09,5603.74
T109775,A109775,Radiology,2025-07-09,6130.02
T109776,A109776,Physiotherapy,2024-06-25,7348.88
T109777,A109777,Surgery,2024-01-14,21242.6
T109778,A109778,Medication,2024-10-27,6276.84
T109779,A109779,Consultation,2024-03-14,1439.91
T109780,A109780,Diagnostic Test,2025-05-31,2184.07
T109781,A109781,Diagnostic Test,2025-12-24,4439.27
T109782,A109782,Consultation,2025-08-27,1374.44
T109783,A109783,Emergency Care,2024-12-11,3539.98
T109784,A109784,Surgery,2025-02-02,37468.25
T109785,A109785,Chemotherapy,2024-12-01,24579.81
T109786,A109786,Diagnostic Test,2024-12-23,1497.04
T109787,A109787,Radiology,2025-07-14,7920.18
T109788,A109788,Radiology,2024-06-13,6530.76
T109789,A109789,Consultation,2024-04-27,1974.75
T109790,A109790,Consultation,2025-02-08,1720.49
T109791,A109791,Emergency Care,2024-03-22,18011.97
T109792,A109792,Medication,2025-03-24,8668.58
T109793,A109793,Diagnostic Test,2024-01-11,4677.65
T109794,A109794,Consultation,2024-01-24,2122.07
T109795,A109795,Radiology,2025-06-27,3616.76
T109796,A109796,Consultation,2025-02-20,1209.74
T109797,A109797,Radiology,2025-11-13,7560.53
T109798,A109798,Medication,2025-10-04,11798.35
T109799,A109799,Physiotherapy,2025-02-15,6073.46
T109800,A109800,Surgery,2025-11-02,68130.62
T109801,A109801,Consultation,2024-01-25,1318.82
T109802,A109802,Medication,2025-10-01,1845.99
T109803,A109803,Physiotherapy,2025-02-06,5075.1
T109804,A109804,Consultation,2025-11-12,940.96
T109805,A109805,Consultation,2025-11-09,2375.42
T109806,A109806,Chemotherapy,2024-06-08,13212.21
T109807,A109807,Physiotherapy,2024-11-28,1940.39
T109808,A109808,Radiology,2024-01-25,7881.48
T109809,A109809,Consultation,2025-04-18,2310.63
T109810,A109810,Surgery,2024-09-22,34130.9
T109811,A109811,Physiotherapy,2024-10-30,1366.63
T109812,A109812,Consultation,2025-12-26,1030.3
T109813,A109813,Consultation,2025-04-11,2014.1
T109814,A109814,Medication,2024-06-14,10707.32
T109815,A109815,Chemotherapy,2024-05-17,45809.71
T109816,A109816,Diagnostic Test,2024-09-10,2513.56
T109817,A109817,Radiology,2024-07-26,6518.79
T109818,A109818,Consultation,2024-10-29,1665.66
T109819,A109819,Consultation,2024-08-31,1685.3
T109820,A109820,Diagnostic Test,2024-03-04,5041.13
T109821,A109821,Physiotherapy,2025-04-09,7688.83
T109822,A109822,Medication,2024-10-28,10681.92
T109823,A109823,Diagnostic Test,2025-04-18,4671.86
T109824,A109824,Medication,2025-01-28,5656.64
T109825,A109825,Chemotherapy,2025-08-29,21903.61
T109826,A109826,Surgery,2025-10-23,54498.4
T109827,A109827,Physiotherapy,2024-09-16,7050.48
T109828,A109828,Diagnostic Test,2025-06-26,542.27
T109829,A109829,Physiotherapy,2025-06-14,3248.81
T109830,A109830,Chemotherapy,2024-07-07,34434.58
T109831,A109831,Medication,2024-07-30,769.07
T109832,A109832,Surgery,2024-02-05,25982.46
T109833,A109833,Physiotherapy,2024-05-26,5955.83
T109834,A109834,Emergency Care,2024-10-11,23755.37
T109835,A109835,Consultation,2025-07-02,1946.68
T109836,A109836,Medication,2025-08-13,3057.04
T109837,A109837,Consultation,2025-08-07,1306.16
T109838,A109838,Diagnostic Test,2024-09-06,3837.22
T109839,A109839,Medication,2024-02-29,11834.17
T109840,A109840,Emergency Care,2024-10-31,17369.52
T109841,A109841,Radiology,2025-06-05,1932.59
T109842,A109842,Diagnostic Test,2025-12-28,1450.1
T109843,A109843,Consultation,2024-12-29,2012.19
T109844,A109844,Medication,2024-08-25,8994.3
T109845,A109845,Medication,2024-08-22,1202.43
T109846,A109846,Surgery,2024-08-10,75730.55
T109847,A109847,Surgery,2025-09-07,101140.37
T109848,A109848,Medication,2024-11-24,2535.56
T109849,A109849,Surgery,2024-04-10,89074.85
T109850,A109850,Consultation,2024-08-16,1500.21
T109851,A109851,Diagnostic Test,2025-05-06,4107.55
T109852,A109852,Consultation,2025-04-25,1751.76
T109853,A109853,Consultation,2024-12-02,2394.28
T109854,A109854,Chemotherapy,2025-07-11,17874.44
T109855,A109855,Consultation,2025-05-27,1160.89
T109856,A109856,Consultation,2025-01-16,1101.54
T109857,A109857,Radiology,2025-03-01,7365.55
T109858,A109858,Emergency Care,2024-12-16,7060.71
T109859,A109859,Diagnostic Test,2024-06-01,2783.76
T109860,A109860,Physiotherapy,2025-03-27,7200.82
T109861,A109861,Consultation,2024-10-17,1272.75
T109862,A109862,Physiotherapy,2024-04-28,2047.69
T109863,A109863,Physiotherapy,2024-08-02,4732.61
T109864,A109864,Surgery,2025-07-20,83822.67
T109865,A109865,Chemotherapy,2025-03-15,34810.97
T109866,A109866,Consultation,2025-07-18,1729.0
T109867,A109867,Surgery,2025-09-22,35245.49
T109868,A109868,Medication,2025-03-22,3748.58
T109869,A109869,Physiotherapy,2024-02-14,5614.14
T109870,A109870,Consultation,2025-01-30,2171.25
T109871,A109871,Medication,2024-09-05,4520.96
T109872,A109872,Surgery,2024-10-20,89484.5
T109873,A109873,Surgery,2024-09-06,35749.46
T109874,A109874,Diagnostic Test,2025-09-05,2135.58
T109875,A109875,Emergency Care,2025-08-23,3143.35
T109876,A109876,Consultation,2025-03-25,1174.2
T109877,A109877,Physiotherapy,2024-03-27,6332.72
T109878,A109878,Diagnostic Test,2024-08-11,966.76
T109879,A109879,Physiotherapy,2025-10-30,1545.76
T109880,A109880,Emergency Care,2024-02-22,17065.56
T109881,A109881,Surgery,2025-07-03,67530.86
T109882,A109882,Radiology,2024-07-07,8016.15
T109883,A109883,Consultation,2025-06-09,1464.66
T109884,A109884,Medication,2024-08-12,6876.26
T109885,A109885,Surgery,2025-04-10,113783.46
T109886,A109886,Physiotherapy,2025-02-25,7086.84
T109887,A109887,Consultation,2024-03-28,1822.63
T109888,A109888,Surgery,2024-09-15,65348.69
T109889,A109889,Medication,2024-06-30,868.33
T109890,A109890,Radiology,2024-11-07,5841.67
T109891,A109891,Surgery,2024-06-22,64212.24
T109892,A109892,Diagnostic Test,2024-11-20,5615.45
T109893,A109893,Surgery,2025-12-08,57527.4
T109894,A109894,Surgery,2024-12-08,80273.59
T109895,A109895,Diagnostic Test,2025-05-13,5530.75
T109896,A109896,Consultation,2024-09-01,1130.8
T109897,A109897,Emergency Care,2025-05-19,11266.79
T109898,A109898,Radiology,2024-11-26,4408.8
T109899,A109899,Emergency Care,2024-07-16,9237.91
T109900,A109900,Physiotherapy,2024-03-05,7037.49
T109901,A109901,Chemotherapy,2024-01-28,44043.71
T109902,A109902,Surgery,2025-07-17,117388.36
T109903,A109903,Diagnostic Test,2025-07-15,5004.13
T109904,A109904,Emergency Care,2025-01-14,22425.18
T109905,A109905,Consultation,2024-10-22,869.59
T109906,A109906,Diagnostic Test,2024-02-21,598.23
T109907,A109907,Physiotherapy,2024-02-11,5631.39
T109908,A109908,Diagnostic Test,2025-07-27,3861.5
T109909,A109909,Surgery,2025-12-31,17593.28
T109910,A109910,Emergency Care,2025-04-03,4559.62
T109911,A109911,Diagnostic Test,2025-12-09,3122.92
T109912,A109912,Medication,2024-01-05,9659.7
T109913,A109913,Physiotherapy,2025-04-15,6058.44
T109914,A109914,Consultation,2024-04-18,1691.62
T109915,A109915,Consultation,2024-08-03,1559.77
T109916,A109916,Physiotherapy,2025-11-09,6499.24
T109917,A109917,Emergency Care,2025-02-19,9862.16
T109918,A109918,Medication,2024-07-29,8865.45
T109919,A109919,Consultation,2024-02-28,2357.13
T109920,A109920,Surgery,2024-02-12,35476.84
T109921,A109921,Physiotherapy,2024-05-18,3886.78
T109922,A109922,Medication,2025-09-15,5065.26
T109923,A109923,Consultation,2025-05-04,1538.65
T109924,A109924,Consultation,2025-07-16,904.21
T109925,A109925,Chemotherapy,2025-10-01,45888.42
T109926,A109926,Diagnostic Test,2025-04-14,3939.16
T109927,A109927,Emergency Care,2025-12-28,22064.38
T109928,A109928,Consultation,2025-10-02,906.05
T109929,A109929,Consultation,2025-01-23,1701.65
T109930,A109930,Physiotherapy,2024-07-17,2400.03
T109931,A109931,Diagnostic Test,2024-07-22,4234.69
T109932,A109932,Emergency Care,2024-07-12,20237.06
T109933,A109933,Diagnostic Test,2024-04-17,3127.83
T109934,A109934,Medication,2025-12-06,2689.5
T109935,A109935,Surgery,2024-11-22,79111.9
T109936,A109936,Consultation,2025-10-05,1038.76
T109937,A109937,Physiotherapy,2024-12-25,3620.05
T109938,A109938,Radiology,2025-08-17,6616.93
T109939,A109939,Radiology,2025-05-15,9504.26
T109940,A109940,Medication,2024-10-13,8069.48
T109941,A109941,Emergency Care,2025-04-15,16952.34
T109942,A109942,Radiology,2025-05-23,7575.87
T109943,A109943,Surgery,2024-04-15,32829.51
T109944,A109944,Consultation,2024-10-23,2050.39
T109945,A109945,Diagnostic Test,2024-03-07,1835.73
T109946,A109946,Radiology,2024-07-13,7738.11
T109947,A109947,Chemotherapy,2024-07-09,54625.21
T109948,A109948,Physiotherapy,2024-02-18,4599.92
T109949,A109949,Surgery,2024-12-29,16084.71
T109950,A109950,Diagnostic Test,2025-06-22,3798.6
T109951,A109951,Diagnostic Test,2025-08-03,2395.75
T109952,A109952,Medication,2025-05-04,6739.92
T109953,A109953,Physiotherapy,2025-08-01,3925.5
T109954,A109954,Consultation,2025-12-10,1924.79
T109955,A109955,Consultation,2024-09-04,1336.51
T109956,A109956,Consultation,2025-09-04,1440.82
T109957,A109957,Physiotherapy,2024-06-29,1265.75
T109958,A109958,Radiology,2024-04-25,2447.34
T109959,A109959,Surgery,2025-11-13,55077.89
T109960,A109960,Diagnostic Test,2025-09-24,512.44
T109961,A109961,Consultation,2024-06-13,823.29
T109962,A109962,Consultation,2024-08-08,1873.05
T109963,A109963,Physiotherapy,2024-07-18,4126.23
T109964,A109964,Consultation,2025-02-06,801.65
T109965,A109965,Radiology,2025-11-14,3425.19
T109966,A109966,Radiology,2024-03-17,6785.84
T109967,A109967,Radiology,2025-03-01,2950.8
T109968,A109968,Physiotherapy,2024-10-15,6500.52
T109969,A109969,Consultation,2025-06-29,1275.76
T109970,A109970,Surgery,2024-10-28,113896.01
T109971,A109971,Consultation,2025-12-07,1683.67
T109972,A109972,Diagnostic Test,2024-10-22,1466.34
T109973,A109973,Medication,2025-03-22,1636.26
T109974,A109974,Physiotherapy,2025-02-18,2011.76
T109975,A109975,Diagnostic Test,2025-03-06,4367.19
T109976,A109976,Diagnostic Test,2024-08-17,1359.71
T109977,A109977,Diagnostic Test,2024-04-07,5665.54
T109978,A109978,Emergency Care,2025-03-15,9903.34
T109979,A109979,Emergency Care,2024-06-19,4410.94
T109980,A109980,Physiotherapy,2024-11-13,2130.66
T109981,A109981,Radiology,2025-06-30,4190.9
T109982,A109982,Physiotherapy,2025-05-05,1859.55
T109983,A109983,Radiology,2025-01-23,8657.3
T109984,A109984,Emergency Care,2025-07-12,24071.11
T109985,A109985,Emergency Care,2024-03-15,19662.19
T109986,A109986,Medication,2025-06-15,7505.34
T109987,A109987,Emergency Care,2024-08-29,20578.7
T109988,A109988,Surgery,2025-12-12,31212.87
T109989,A109989,Consultation,2025-07-30,1441.33
T109990,A109990,Diagnostic Test,2025-11-30,1671.07
T109991,A109991,Surgery,2024-03-31,63708.3
T109992,A109992,Diagnostic Test,2025-12-15,1466.13
T109993,A109993,Consultation,2025-06-19,2187.67
T109994,A109994,Surgery,2025-10-03,99066.68
T109995,A109995,Medication,2024-06-05,4606.78
T109996,A109996,Emergency Care,2025-08-14,18907.49
T109997,A109997,Medication,2024-07-10,5276.75
T109998,A109998,Radiology,2025-02-21,3706.68
T109999,A109999,Physiotherapy,2024-06-03,2928.63
T110000,A110000,Surgery,2025-09-17,66478.01
